0.000333	0.041501
0.000667	0.041303
0.001000	0.041091
0.001333	0.040456
0.001667	0.039218
0.002000	0.039685
0.002333	0.038555
0.002667	0.038426
0.003000	0.037632
0.003333	0.037989
0.003667	0.037899
0.004000	0.037282
0.004333	0.036768
0.004667	0.036989
0.005000	0.036942
0.005333	0.036910
0.005667	0.038226
0.006000	0.036539
0.006333	0.037540
0.006667	0.037363
0.007000	0.036483
0.007333	0.036447
0.007667	0.035839
0.008000	0.036127
0.008333	0.036309
0.008667	0.036698
0.009000	0.037359
0.009333	0.037750
0.009667	0.037476
0.010000	0.036299
0.010333	0.036173
0.010667	0.036514
0.011000	0.035964
0.011333	0.036215
0.011667	0.035686
0.012000	0.036286
0.012333	0.036297
0.012667	0.035919
0.013000	0.036516
0.013333	0.035090
0.013667	0.035860
0.014000	0.035369
0.014333	0.035941
0.014667	0.036471
0.015000	0.038909
0.015333	0.042722
0.015667	0.048321
0.016000	0.052390
0.016333	0.055749
0.016667	0.055828
0.017000	0.056053
0.017333	0.055655
0.017667	0.054925
0.018000	0.053761
0.018333	0.055348
0.018667	0.056869
0.019000	0.059719
0.019333	0.061498
0.019667	0.061969
0.020000	0.061413
0.020333	0.060498
0.020667	0.058178
0.021000	0.058144
0.021333	0.055606
0.021667	0.054581
0.022000	0.052695
0.022333	0.051299
0.022667	0.050409
0.023000	0.050361
0.023333	0.051183
0.023667	0.052972
0.024000	0.053848
0.024333	0.052664
0.024667	0.051226
0.025000	0.049888
0.025333	0.049293
0.025667	0.049257
0.026000	0.047048
0.026333	0.046707
0.026667	0.045942
0.027000	0.044423
0.027333	0.044905
0.027667	0.043830
0.028000	0.044550
0.028333	0.042701
0.028667	0.042724
0.029000	0.043010
0.029333	0.041371
0.029667	0.040212
0.030000	0.041047
0.030333	0.039139
0.030667	0.039152
0.031000	0.038639
0.031333	0.037034
0.031667	0.038002
0.032000	0.038008
0.032333	0.036800
0.032667	0.036253
0.033000	0.035838
0.033333	0.035432
0.033667	0.035238
0.034000	0.035115
0.034333	0.036578
0.034667	0.038281
0.035000	0.040563
0.035333	0.041296
0.035667	0.046031
0.036000	0.051019
0.036333	0.053532
0.036667	0.053834
0.037000	0.052837
0.037333	0.053028
0.037667	0.052640
0.038000	0.051859
0.038333	0.050653
0.038667	0.049880
0.039000	0.049401
0.039333	0.050156
0.039667	0.051262
0.040000	0.051669
0.040333	0.050783
0.040667	0.051336
0.041000	0.050875
0.041333	0.051146
0.041667	0.049276
0.042000	0.048810
0.042333	0.047768
0.042667	0.048048
0.043000	0.048842
0.043333	0.048235
0.043667	0.047289
0.044000	0.046744
0.044333	0.046202
0.044667	0.045238
0.045000	0.043781
0.045333	0.043576
0.045667	0.042814
0.046000	0.041312
0.046333	0.041492
0.046667	0.041518
0.047000	0.040819
0.047333	0.039766
0.047667	0.040620
0.048000	0.039135
0.048333	0.038458
0.048667	0.038397
0.049000	0.039073
0.049333	0.038311
0.049667	0.037211
0.050000	0.037426
0.050333	0.038272
0.050667	0.036690
0.051000	0.037998
0.051333	0.040233
0.051667	0.043815
0.052000	0.045334
0.052333	0.044271
0.052667	0.043803
0.053000	0.042311
0.053333	0.043381
0.053667	0.042840
0.054000	0.042646
0.054333	0.041310
0.054667	0.040340
0.055000	0.039643
0.055333	0.039700
0.055667	0.039080
0.056000	0.041103
0.056333	0.041144
0.056667	0.040752
0.057000	0.040421
0.057333	0.040040
0.057667	0.038702
0.058000	0.038661
0.058333	0.038906
0.058667	0.037796
0.059000	0.036600
0.059333	0.036763
0.059667	0.036659
0.060000	0.035064
0.060333	0.035098
0.060667	0.034809
0.061000	0.033860
0.061333	0.033977
0.061667	0.033495
0.062000	0.033260
0.062333	0.034080
0.062667	0.032437
0.063000	0.032298
0.063333	0.032432
0.063667	0.032738
0.064000	0.032464
0.064333	0.031805
0.064667	0.031097
0.065000	0.031262
0.065333	0.031964
0.065667	0.031665
0.066000	0.030517
0.066333	0.029900
0.066667	0.028826
0.067000	0.029497
0.067333	0.029349
0.067667	0.028828
0.068000	0.028950
0.068333	0.027936
0.068667	0.027531
0.069000	0.028230
0.069333	0.027651
0.069667	0.027206
0.070000	0.026917
0.070333	0.028028
0.070667	0.028796
0.071000	0.028203
0.071333	0.029838
0.071667	0.034630
0.072000	0.039900
0.072333	0.046204
0.072667	0.047712
0.073000	0.049319
0.073333	0.047917
0.073667	0.049649
0.074000	0.049489
0.074333	0.048894
0.074667	0.047434
0.075000	0.045737
0.075333	0.044887
0.075667	0.044412
0.076000	0.043743
0.076333	0.043998
0.076667	0.044339
0.077000	0.045583
0.077333	0.045507
0.077667	0.044240
0.078000	0.043724
0.078333	0.042994
0.078667	0.041736
0.079000	0.041958
0.079333	0.041135
0.079667	0.039712
0.080000	0.039712
0.080333	0.039298
0.080667	0.038808
0.081000	0.038227
0.081333	0.037663
0.081667	0.037335
0.082000	0.037160
0.082333	0.035798
0.082667	0.034999
0.083000	0.035012
0.083333	0.033885
0.083667	0.034892
0.084000	0.034699
0.084333	0.035687
0.084667	0.036143
0.085000	0.036392
0.085333	0.035670
0.085667	0.035913
0.086000	0.038165
0.086333	0.045820
0.086667	0.047338
0.087000	0.046961
0.087333	0.046550
0.087667	0.045728
0.088000	0.044383
0.088333	0.044060
0.088667	0.043750
0.089000	0.042899
0.089333	0.041900
0.089667	0.041567
0.090000	0.040558
0.090333	0.039966
0.090667	0.038649
0.091000	0.038180
0.091333	0.037307
0.091667	0.036017
0.092000	0.036529
0.092333	0.036660
0.092667	0.035803
0.093000	0.035414
0.093333	0.033757
0.093667	0.034188
0.094000	0.034955
0.094333	0.033080
0.094667	0.033757
0.095000	0.032745
0.095333	0.032777
0.095667	0.031919
0.096000	0.031401
0.096333	0.031275
0.096667	0.030942
0.097000	0.031147
0.097333	0.030303
0.097667	0.030065
0.098000	0.029805
0.098333	0.029642
0.098667	0.028930
0.099000	0.028730
0.099333	0.029032
0.099667	0.028878
0.100000	0.028911
0.100333	0.030431
0.100667	0.035198
0.101000	0.040016
0.101333	0.043030
0.101667	0.044023
0.102000	0.046688
0.102333	0.047232
0.102667	0.047328
0.103000	0.046681
0.103333	0.046245
0.103667	0.046916
0.104000	0.047411
0.104333	0.047633
0.104667	0.047182
0.105000	0.046912
0.105333	0.047070
0.105667	0.046762
0.106000	0.045786
0.106333	0.044713
0.106667	0.043235
0.107000	0.043405
0.107333	0.042433
0.107667	0.040955
0.108000	0.041103
0.108333	0.040795
0.108667	0.041109
0.109000	0.041160
0.109333	0.044014
0.109667	0.047786
0.110000	0.047486
0.110333	0.048139
0.110667	0.046772
0.111000	0.045777
0.111333	0.045425
0.111667	0.044746
0.112000	0.043142
0.112333	0.042395
0.112667	0.042228
0.113000	0.042164
0.113333	0.040885
0.113667	0.039534
0.114000	0.039581
0.114333	0.039794
0.114667	0.038893
0.115000	0.038077
0.115333	0.038159
0.115667	0.037607
0.116000	0.036907
0.116333	0.036524
0.116667	0.036637
0.117000	0.034679
0.117333	0.035325
0.117667	0.035408
0.118000	0.034838
0.118333	0.034818
0.118667	0.034320
0.119000	0.034581
0.119333	0.034109
0.119667	0.033022
0.120000	0.032681
0.120333	0.033294
0.120667	0.032235
0.121000	0.031475
0.121333	0.032113
0.121667	0.032610
0.122000	0.031394
0.122333	0.031060
0.122667	0.030925
0.123000	0.030433
0.123333	0.030955
0.123667	0.030641
0.124000	0.030614
0.124333	0.030961
0.124667	0.030604
0.125000	0.032453
0.125333	0.031490
0.125667	0.031491
0.126000	0.030544
0.126333	0.030760
0.126667	0.030526
0.127000	0.030843
0.127333	0.030107
0.127667	0.030384
0.128000	0.030173
0.128333	0.030099
0.128667	0.028870
0.129000	0.029732
0.129333	0.029062
0.129667	0.028411
0.130000	0.028742
0.130333	0.028886
0.130667	0.028610
0.131000	0.028495
0.131333	0.028545
0.131667	0.027942
0.132000	0.027783
0.132333	0.027720
0.132667	0.028120
0.133000	0.027398
0.133333	0.028216
0.133667	0.032502
0.134000	0.039543
0.134333	0.041397
0.134667	0.044650
0.135000	0.043598
0.135333	0.043852
0.135667	0.047591
0.136000	0.048932
0.136333	0.048816
0.136667	0.048255
0.137000	0.046701
0.137333	0.046158
0.137667	0.044611
0.138000	0.045343
0.138333	0.047477
0.138667	0.049023
0.139000	0.048871
0.139333	0.047886
0.139667	0.047289
0.140000	0.047079
0.140333	0.046085
0.140667	0.045185
0.141000	0.044220
0.141333	0.042774
0.141667	0.041915
0.142000	0.045447
0.142333	0.049086
0.142667	0.049598
0.143000	0.050161
0.143333	0.049823
0.143667	0.049448
0.144000	0.049711
0.144333	0.049212
0.144667	0.049274
0.145000	0.047888
0.145333	0.047060
0.145667	0.047078
0.146000	0.045673
0.146333	0.044577
0.146667	0.043876
0.147000	0.043055
0.147333	0.042205
0.147667	0.041761
0.148000	0.041552
0.148333	0.041873
0.148667	0.041075
0.149000	0.040790
0.149333	0.040707
0.149667	0.041584
0.150000	0.046206
0.150333	0.048826
0.150667	0.050166
0.151000	0.052090
0.151333	0.051118
0.151667	0.050145
0.152000	0.048712
0.152333	0.048266
0.152667	0.047642
0.153000	0.048295
0.153333	0.049063
0.153667	0.047080
0.154000	0.045978
0.154333	0.045995
0.154667	0.045791
0.155000	0.044593
0.155333	0.043621
0.155667	0.042806
0.156000	0.042207
0.156333	0.041817
0.156667	0.040633
0.157000	0.040484
0.157333	0.040461
0.157667	0.039142
0.158000	0.038744
0.158333	0.039042
0.158667	0.038364
0.159000	0.038025
0.159333	0.038170
0.159667	0.037585
0.160000	0.038288
0.160333	0.040431
0.160667	0.044200
0.161000	0.047444
0.161333	0.049368
0.161667	0.051312
0.162000	0.052422
0.162333	0.052440
0.162667	0.050884
0.163000	0.050521
0.163333	0.048373
0.163667	0.047107
0.164000	0.047015
0.164333	0.046026
0.164667	0.044933
0.165000	0.044699
0.165333	0.043836
0.165667	0.043368
0.166000	0.042176
0.166333	0.042554
0.166667	0.042152
0.167000	0.043653
0.167333	0.046726
0.167667	0.050021
0.168000	0.050448
0.168333	0.050054
0.168667	0.050124
0.169000	0.049176
0.169333	0.048078
0.169667	0.050683
0.170000	0.051510
0.170333	0.052764
0.170667	0.054195
0.171000	0.054845
0.171333	0.056319
0.171667	0.054291
0.172000	0.053538
0.172333	0.053292
0.172667	0.053220
0.173000	0.052408
0.173333	0.049992
0.173667	0.049383
0.174000	0.048724
0.174333	0.047832
0.174667	0.047346
0.175000	0.046576
0.175333	0.046150
0.175667	0.045167
0.176000	0.044449
0.176333	0.043773
0.176667	0.043987
0.177000	0.042794
0.177333	0.042478
0.177667	0.042456
0.178000	0.041204
0.178333	0.040506
0.178667	0.039757
0.179000	0.039792
0.179333	0.038336
0.179667	0.038627
0.180000	0.038572
0.180333	0.039150
0.180667	0.039611
0.181000	0.038629
0.181333	0.037793
0.181667	0.037361
0.182000	0.036796
0.182333	0.037532
0.182667	0.037249
0.183000	0.039053
0.183333	0.044067
0.183667	0.048570
0.184000	0.049685
0.184333	0.050072
0.184667	0.050006
0.185000	0.051420
0.185333	0.052550
0.185667	0.053111
0.186000	0.053486
0.186333	0.053102
0.186667	0.052010
0.187000	0.051356
0.187333	0.050569
0.187667	0.052755
0.188000	0.055652
0.188333	0.055870
0.188667	0.054587
0.189000	0.054712
0.189333	0.053493
0.189667	0.052161
0.190000	0.050673
0.190333	0.050953
0.190667	0.049334
0.191000	0.048309
0.191333	0.048407
0.191667	0.047950
0.192000	0.048045
0.192333	0.046849
0.192667	0.046563
0.193000	0.045206
0.193333	0.044842
0.193667	0.044759
0.194000	0.043107
0.194333	0.043649
0.194667	0.043218
0.195000	0.042879
0.195333	0.042357
0.195667	0.042292
0.196000	0.042245
0.196333	0.046629
0.196667	0.050868
0.197000	0.052883
0.197333	0.052289
0.197667	0.051958
0.198000	0.050738
0.198333	0.050400
0.198667	0.049348
0.199000	0.049036
0.199333	0.049145
0.199667	0.049646
0.200000	0.048021
0.200333	0.047735
0.200667	0.048950
0.201000	0.047878
0.201333	0.048617
0.201667	0.053824
0.202000	0.057321
0.202333	0.058936
0.202667	0.058165
0.203000	0.056546
0.203333	0.055415
0.203667	0.054121
0.204000	0.052151
0.204333	0.051405
0.204667	0.050488
0.205000	0.049476
0.205333	0.049011
0.205667	0.049319
0.206000	0.049840
0.206333	0.050563
0.206667	0.050940
0.207000	0.050084
0.207333	0.050408
0.207667	0.050949
0.208000	0.050158
0.208333	0.048957
0.208667	0.048428
0.209000	0.047914
0.209333	0.046725
0.209667	0.046203
0.210000	0.045917
0.210333	0.044972
0.210667	0.045375
0.211000	0.044611
0.211333	0.044968
0.211667	0.044108
0.212000	0.043442
0.212333	0.043164
0.212667	0.042751
0.213000	0.042691
0.213333	0.041707
0.213667	0.042194
0.214000	0.041899
0.214333	0.042511
0.214667	0.042726
0.215000	0.043363
0.215333	0.047654
0.215667	0.050480
0.216000	0.054021
0.216333	0.056766
0.216667	0.057067
0.217000	0.055790
0.217333	0.054153
0.217667	0.053768
0.218000	0.052673
0.218333	0.051630
0.218667	0.051575
0.219000	0.050010
0.219333	0.049238
0.219667	0.049883
0.220000	0.048389
0.220333	0.049897
0.220667	0.050049
0.221000	0.050342
0.221333	0.049437
0.221667	0.049169
0.222000	0.048329
0.222333	0.047885
0.222667	0.047194
0.223000	0.046553
0.223333	0.045090
0.223667	0.045083
0.224000	0.044028
0.224333	0.044080
0.224667	0.042850
0.225000	0.042854
0.225333	0.041660
0.225667	0.042217
0.226000	0.042671
0.226333	0.044009
0.226667	0.047223
0.227000	0.050839
0.227333	0.052207
0.227667	0.052264
0.228000	0.051740
0.228333	0.050791
0.228667	0.050822
0.229000	0.050835
0.229333	0.049592
0.229667	0.050114
0.230000	0.048552
0.230333	0.048889
0.230667	0.051052
0.231000	0.051672
0.231333	0.051474
0.231667	0.050918
0.232000	0.050209
0.232333	0.050008
0.232667	0.048559
0.233000	0.048649
0.233333	0.046937
0.233667	0.045921
0.234000	0.045844
0.234333	0.044888
0.234667	0.044915
0.235000	0.044086
0.235333	0.043904
0.235667	0.043426
0.236000	0.045949
0.236333	0.050534
0.236667	0.050859
0.237000	0.050086
0.237333	0.050335
0.237667	0.050527
0.238000	0.049472
0.238333	0.048974
0.238667	0.048850
0.239000	0.050871
0.239333	0.051211
0.239667	0.051011
0.240000	0.050339
0.240333	0.049708
0.240667	0.049466
0.241000	0.048379
0.241333	0.048071
0.241667	0.048334
0.242000	0.047435
0.242333	0.046248
0.242667	0.046050
0.243000	0.045143
0.243333	0.044220
0.243667	0.044780
0.244000	0.044234
0.244333	0.044262
0.244667	0.044195
0.245000	0.043293
0.245333	0.041916
0.245667	0.041817
0.246000	0.042626
0.246333	0.042061
0.246667	0.042122
0.247000	0.040636
0.247333	0.041152
0.247667	0.039972
0.248000	0.039602
0.248333	0.040293
0.248667	0.040255
0.249000	0.044905
0.249333	0.049726
0.249667	0.050874
0.250000	0.049911
0.250333	0.049274
0.250667	0.047958
0.251000	0.047575
0.251333	0.047423
0.251667	0.047458
0.252000	0.046735
0.252333	0.045984
0.252667	0.046405
0.253000	0.046041
0.253333	0.047186
0.253667	0.047309
0.254000	0.047098
0.254333	0.046856
0.254667	0.048069
0.255000	0.052328
0.255333	0.053047
0.255667	0.052317
0.256000	0.051740
0.256333	0.051120
0.256667	0.052200
0.257000	0.051002
0.257333	0.050938
0.257667	0.049704
0.258000	0.048579
0.258333	0.048514
0.258667	0.049550
0.259000	0.047940
0.259333	0.048878
0.259667	0.049783
0.260000	0.052224
0.260333	0.057082
0.260667	0.058092
0.261000	0.057504
0.261333	0.057568
0.261667	0.056677
0.262000	0.055845
0.262333	0.054893
0.262667	0.054918
0.263000	0.054758
0.263333	0.053983
0.263667	0.054645
0.264000	0.052987
0.264333	0.052969
0.264667	0.052992
0.265000	0.053261
0.265333	0.056259
0.265667	0.058523
0.266000	0.061133
0.266333	0.062294
0.266667	0.061865
0.267000	0.062053
0.267333	0.061527
0.267667	0.060704
0.268000	0.060517
0.268333	0.059827
0.268667	0.059342
0.269000	0.059503
0.269333	0.059177
0.269667	0.059787
0.270000	0.059956
0.270333	0.059472
0.270667	0.059392
0.271000	0.059878
0.271333	0.060331
0.271667	0.058668
0.272000	0.058276
0.272333	0.057858
0.272667	0.059115
0.273000	0.058431
0.273333	0.058142
0.273667	0.058078
0.274000	0.059456
0.274333	0.059225
0.274667	0.057903
0.275000	0.057900
0.275333	0.057419
0.275667	0.059543
0.276000	0.065635
0.276333	0.068692
0.276667	0.069252
0.277000	0.069416
0.277333	0.068710
0.277667	0.067698
0.278000	0.066753
0.278333	0.065787
0.278667	0.066490
0.279000	0.066460
0.279333	0.067346
0.279667	0.066791
0.280000	0.066817
0.280333	0.064905
0.280667	0.064216
0.281000	0.064316
0.281333	0.062316
0.281667	0.062040
0.282000	0.061224
0.282333	0.061208
0.282667	0.061347
0.283000	0.060513
0.283333	0.060613
0.283667	0.060202
0.284000	0.059202
0.284333	0.058178
0.284667	0.057384
0.285000	0.057481
0.285333	0.056370
0.285667	0.056512
0.286000	0.054445
0.286333	0.054772
0.286667	0.054079
0.287000	0.053070
0.287333	0.053383
0.287667	0.052966
0.288000	0.053038
0.288333	0.052446
0.288667	0.053266
0.289000	0.053453
0.289333	0.054255
0.289667	0.054962
0.290000	0.056122
0.290333	0.057469
0.290667	0.061942
0.291000	0.063807
0.291333	0.064539
0.291667	0.064982
0.292000	0.064930
0.292333	0.065127
0.292667	0.065414
0.293000	0.066246
0.293333	0.065351
0.293667	0.064407
0.294000	0.063168
0.294333	0.064093
0.294667	0.064787
0.295000	0.065360
0.295333	0.064742
0.295667	0.063135
0.296000	0.062361
0.296333	0.060349
0.296667	0.059741
0.297000	0.058286
0.297333	0.055972
0.297667	0.054809
0.298000	0.055100
0.298333	0.052256
0.298667	0.052645
0.299000	0.050342
0.299333	0.051013
0.299667	0.050297
0.300000	0.049121
0.300333	0.047689
0.300667	0.047592
0.301000	0.045929
0.301333	0.045654
0.301667	0.045089
0.302000	0.044043
0.302333	0.044030
0.302667	0.042809
0.303000	0.042514
0.303333	0.042361
0.303667	0.042683
0.304000	0.041521
0.304333	0.042252
0.304667	0.043072
0.305000	0.045275
0.305333	0.047156
0.305667	0.048546
0.306000	0.049360
0.306333	0.050497
0.306667	0.050474
0.307000	0.050294
0.307333	0.049071
0.307667	0.047301
0.308000	0.048317
0.308333	0.047117
0.308667	0.046249
0.309000	0.045467
0.309333	0.046501
0.309667	0.047972
0.310000	0.052360
0.310333	0.054845
0.310667	0.055138
0.311000	0.056258
0.311333	0.055675
0.311667	0.054441
0.312000	0.052701
0.312333	0.053257
0.312667	0.052736
0.313000	0.053715
0.313333	0.052501
0.313667	0.053469
0.314000	0.055440
0.314333	0.056210
0.314667	0.055199
0.315000	0.053997
0.315333	0.053277
0.315667	0.053106
0.316000	0.051018
0.316333	0.050445
0.316667	0.049414
0.317000	0.049013
0.317333	0.048157
0.317667	0.047113
0.318000	0.047306
0.318333	0.047647
0.318667	0.047106
0.319000	0.046237
0.319333	0.044620
0.319667	0.044513
0.320000	0.044492
0.320333	0.043328
0.320667	0.042876
0.321000	0.042410
0.321333	0.042992
0.321667	0.042116
0.322000	0.040915
0.322333	0.042291
0.322667	0.041538
0.323000	0.040906
0.323333	0.041243
0.323667	0.040325
0.324000	0.040570
0.324333	0.040268
0.324667	0.040261
0.325000	0.039817
0.325333	0.039604
0.325667	0.040190
0.326000	0.037971
0.326333	0.038188
0.326667	0.039059
0.327000	0.039359
0.327333	0.038639
0.327667	0.038314
0.328000	0.039083
0.328333	0.040060
0.328667	0.040809
0.329000	0.045432
0.329333	0.050889
0.329667	0.052481
0.330000	0.052765
0.330333	0.052456
0.330667	0.053375
0.331000	0.053341
0.331333	0.051914
0.331667	0.051595
0.332000	0.051285
0.332333	0.050436
0.332667	0.052692
0.333000	0.053369
0.333333	0.054524
0.333667	0.053228
0.334000	0.052075
0.334333	0.051420
0.334667	0.050809
0.335000	0.049835
0.335333	0.048915
0.335667	0.047492
0.336000	0.047834
0.336333	0.047952
0.336667	0.048189
0.337000	0.050870
0.337333	0.053192
0.337667	0.052336
0.338000	0.051801
0.338333	0.049908
0.338667	0.049376
0.339000	0.048758
0.339333	0.048424
0.339667	0.047788
0.340000	0.046048
0.340333	0.045595
0.340667	0.043483
0.341000	0.044402
0.341333	0.043483
0.341667	0.043615
0.342000	0.043036
0.342333	0.042300
0.342667	0.042269
0.343000	0.042913
0.343333	0.042222
0.343667	0.041852
0.344000	0.041605
0.344333	0.041208
0.344667	0.041740
0.345000	0.041706
0.345333	0.041743
0.345667	0.042604
0.346000	0.043600
0.346333	0.042802
0.346667	0.043706
0.347000	0.044377
0.347333	0.044650
0.347667	0.045199
0.348000	0.046113
0.348333	0.045407
0.348667	0.044632
0.349000	0.044446
0.349333	0.043559
0.349667	0.042982
0.350000	0.042722
0.350333	0.042932
0.350667	0.041555
0.351000	0.040186
0.351333	0.041154
0.351667	0.041739
0.352000	0.042468
0.352333	0.041434
0.352667	0.041814
0.353000	0.041250
0.353333	0.041796
0.353667	0.043060
0.354000	0.044924
0.354333	0.047532
0.354667	0.050717
0.355000	0.050019
0.355333	0.049643
0.355667	0.049202
0.356000	0.048106
0.356333	0.048706
0.356667	0.048427
0.357000	0.047731
0.357333	0.046796
0.357667	0.047568
0.358000	0.048367
0.358333	0.049878
0.358667	0.052179
0.359000	0.052755
0.359333	0.054489
0.359667	0.054974
0.360000	0.055811
0.360333	0.054870
0.360667	0.055617
0.361000	0.054403
0.361333	0.052190
0.361667	0.051962
0.362000	0.050262
0.362333	0.050139
0.362667	0.048512
0.363000	0.047789
0.363333	0.047365
0.363667	0.046031
0.364000	0.045965
0.364333	0.045231
0.364667	0.044637
0.365000	0.045233
0.365333	0.043565
0.365667	0.043517
0.366000	0.042598
0.366333	0.041657
0.366667	0.041475
0.367000	0.041387
0.367333	0.041081
0.367667	0.041352
0.368000	0.040919
0.368333	0.041895
0.368667	0.043740
0.369000	0.046281
0.369333	0.044971
0.369667	0.047445
0.370000	0.049560
0.370333	0.049532
0.370667	0.048892
0.371000	0.050161
0.371333	0.050833
0.371667	0.051662
0.372000	0.052448
0.372333	0.051537
0.372667	0.050183
0.373000	0.049990
0.373333	0.048795
0.373667	0.048065
0.374000	0.047210
0.374333	0.047165
0.374667	0.045729
0.375000	0.045955
0.375333	0.046566
0.375667	0.044931
0.376000	0.044716
0.376333	0.043177
0.376667	0.043309
0.377000	0.042907
0.377333	0.042347
0.377667	0.041855
0.378000	0.041175
0.378333	0.040623
0.378667	0.040098
0.379000	0.041363
0.379333	0.039332
0.379667	0.039722
0.380000	0.039462
0.380333	0.038779
0.380667	0.039261
0.381000	0.037377
0.381333	0.038163
0.381667	0.038808
0.382000	0.038366
0.382333	0.037510
0.382667	0.036573
0.383000	0.037299
0.383333	0.036953
0.383667	0.037282
0.384000	0.036051
0.384333	0.037202
0.384667	0.036636
0.385000	0.036743
0.385333	0.036595
0.385667	0.035417
0.386000	0.036276
0.386333	0.036208
0.386667	0.035614
0.387000	0.035409
0.387333	0.035761
0.387667	0.035389
0.388000	0.034807
0.388333	0.035298
0.388667	0.035781
0.389000	0.035219
0.389333	0.035946
0.389667	0.034439
0.390000	0.034542
0.390333	0.034716
0.390667	0.033747
0.391000	0.033946
0.391333	0.033925
0.391667	0.033747
0.392000	0.034408
0.392333	0.036275
0.392667	0.042211
0.393000	0.045626
0.393333	0.050249
0.393667	0.051957
0.394000	0.051093
0.394333	0.052248
0.394667	0.052548
0.395000	0.052156
0.395333	0.050359
0.395667	0.049815
0.396000	0.050225
0.396333	0.050518
0.396667	0.050528
0.397000	0.049963
0.397333	0.050780
0.397667	0.056898
0.398000	0.058495
0.398333	0.060081
0.398667	0.062479
0.399000	0.063103
0.399333	0.061366
0.399667	0.061915
0.400000	0.067463
0.400333	0.071068
0.400667	0.072750
0.401000	0.072321
0.401333	0.074197
0.401667	0.080218
0.402000	0.080303
0.402333	0.079265
0.402667	0.078014
0.403000	0.075174
0.403333	0.073331
0.403667	0.071309
0.404000	0.070521
0.404333	0.069494
0.404667	0.067297
0.405000	0.066649
0.405333	0.065448
0.405667	0.063572
0.406000	0.061909
0.406333	0.061133
0.406667	0.060076
0.407000	0.059483
0.407333	0.058845
0.407667	0.057361
0.408000	0.057351
0.408333	0.055795
0.408667	0.055846
0.409000	0.053895
0.409333	0.054172
0.409667	0.052064
0.410000	0.052335
0.410333	0.052011
0.410667	0.051356
0.411000	0.050966
0.411333	0.049513
0.411667	0.049702
0.412000	0.049092
0.412333	0.048570
0.412667	0.047715
0.413000	0.047898
0.413333	0.046954
0.413667	0.046550
0.414000	0.047638
0.414333	0.046017
0.414667	0.046183
0.415000	0.046276
0.415333	0.047991
0.415667	0.049784
0.416000	0.051342
0.416333	0.053409
0.416667	0.055564
0.417000	0.054330
0.417333	0.054062
0.417667	0.053806
0.418000	0.054045
0.418333	0.055198
0.418667	0.054144
0.419000	0.053831
0.419333	0.052318
0.419667	0.050578
0.420000	0.050541
0.420333	0.049585
0.420667	0.048754
0.421000	0.048235
0.421333	0.047072
0.421667	0.047122
0.422000	0.046719
0.422333	0.045432
0.422667	0.045163
0.423000	0.044919
0.423333	0.045175
0.423667	0.044553
0.424000	0.043341
0.424333	0.043234
0.424667	0.042676
0.425000	0.042378
0.425333	0.042063
0.425667	0.041825
0.426000	0.040507
0.426333	0.041240
0.426667	0.041905
0.427000	0.041931
0.427333	0.041326
0.427667	0.040894
0.428000	0.041069
0.428333	0.040771
0.428667	0.041522
0.429000	0.040508
0.429333	0.040327
0.429667	0.040335
0.430000	0.040263
0.430333	0.040445
0.430667	0.039383
0.431000	0.040030
0.431333	0.039171
0.431667	0.040301
0.432000	0.042978
0.432333	0.044765
0.432667	0.049657
0.433000	0.053415
0.433333	0.054564
0.433667	0.053705
0.434000	0.053391
0.434333	0.052786
0.434667	0.052150
0.435000	0.050466
0.435333	0.051347
0.435667	0.053631
0.436000	0.054458
0.436333	0.057743
0.436667	0.057774
0.437000	0.055942
0.437333	0.055296
0.437667	0.054064
0.438000	0.053301
0.438333	0.052391
0.438667	0.052179
0.439000	0.053130
0.439333	0.051391
0.439667	0.050056
0.440000	0.049328
0.440333	0.048997
0.440667	0.048405
0.441000	0.047246
0.441333	0.046997
0.441667	0.047283
0.442000	0.046011
0.442333	0.046482
0.442667	0.045118
0.443000	0.044831
0.443333	0.044502
0.443667	0.044567
0.444000	0.043532
0.444333	0.043078
0.444667	0.042912
0.445000	0.042843
0.445333	0.042180
0.445667	0.042034
0.446000	0.041683
0.446333	0.041166
0.446667	0.041713
0.447000	0.041670
0.447333	0.041121
0.447667	0.041082
0.448000	0.040545
0.448333	0.040873
0.448667	0.039346
0.449000	0.040060
0.449333	0.039298
0.449667	0.038989
0.450000	0.038635
0.450333	0.038846
0.450667	0.038574
0.451000	0.039460
0.451333	0.038966
0.451667	0.040588
0.452000	0.040169
0.452333	0.041718
0.452667	0.043372
0.453000	0.047030
0.453333	0.046071
0.453667	0.047241
0.454000	0.047610
0.454333	0.046373
0.454667	0.045460
0.455000	0.045812
0.455333	0.044576
0.455667	0.045230
0.456000	0.044192
0.456333	0.043263
0.456667	0.043095
0.457000	0.041974
0.457333	0.041646
0.457667	0.041273
0.458000	0.041547
0.458333	0.041306
0.458667	0.040986
0.459000	0.040698
0.459333	0.040946
0.459667	0.041629
0.460000	0.040645
0.460333	0.039719
0.460667	0.039218
0.461000	0.039200
0.461333	0.039807
0.461667	0.038857
0.462000	0.038592
0.462333	0.039194
0.462667	0.038348
0.463000	0.038044
0.463333	0.038978
0.463667	0.040020
0.464000	0.043835
0.464333	0.045600
0.464667	0.046539
0.465000	0.048721
0.465333	0.051912
0.465667	0.052252
0.466000	0.051336
0.466333	0.050884
0.466667	0.051380
0.467000	0.050722
0.467333	0.052459
0.467667	0.052181
0.468000	0.050564
0.468333	0.049531
0.468667	0.049686
0.469000	0.049340
0.469333	0.052092
0.469667	0.053497
0.470000	0.052926
0.470333	0.052860
0.470667	0.051468
0.471000	0.050589
0.471333	0.048766
0.471667	0.048263
0.472000	0.048301
0.472333	0.047308
0.472667	0.046308
0.473000	0.045854
0.473333	0.045478
0.473667	0.044687
0.474000	0.043770
0.474333	0.043880
0.474667	0.042920
0.475000	0.042605
0.475333	0.042290
0.475667	0.042008
0.476000	0.041237
0.476333	0.039967
0.476667	0.039902
0.477000	0.039935
0.477333	0.039666
0.477667	0.039052
0.478000	0.038453
0.478333	0.039187
0.478667	0.039039
0.479000	0.038643
0.479333	0.038586
0.479667	0.038090
0.480000	0.037224
0.480333	0.036772
0.480667	0.036997
0.481000	0.035916
0.481333	0.036662
0.481667	0.037369
0.482000	0.040448
0.482333	0.042036
0.482667	0.042269
0.483000	0.043004
0.483333	0.043470
0.483667	0.043690
0.484000	0.046789
0.484333	0.048565
0.484667	0.050517
0.485000	0.049891
0.485333	0.049219
0.485667	0.049358
0.486000	0.049250
0.486333	0.048087
0.486667	0.046873
0.487000	0.045817
0.487333	0.045337
0.487667	0.045384
0.488000	0.044099
0.488333	0.043591
0.488667	0.042902
0.489000	0.042708
0.489333	0.043249
0.489667	0.041704
0.490000	0.041789
0.490333	0.040494
0.490667	0.040604
0.491000	0.039913
0.491333	0.039419
0.491667	0.038879
0.492000	0.039024
0.492333	0.038971
0.492667	0.037561
0.493000	0.037731
0.493333	0.038060
0.493667	0.038205
0.494000	0.037018
0.494333	0.036272
0.494667	0.036355
0.495000	0.037031
0.495333	0.035929
0.495667	0.036010
0.496000	0.036244
0.496333	0.035651
0.496667	0.035712
0.497000	0.035199
0.497333	0.035028
0.497667	0.035449
0.498000	0.034304
0.498333	0.034647
0.498667	0.035113
0.499000	0.036054
0.499333	0.034929
0.499667	0.034870
0.500000	0.033863
0.500333	0.033548
0.500667	0.034352
0.501000	0.034106
0.501333	0.035690
0.501667	0.036523
0.502000	0.035835
0.502333	0.036604
0.502667	0.036839
0.503000	0.038734
0.503333	0.038682
0.503667	0.038872
0.504000	0.040982
0.504333	0.042494
0.504667	0.047082
0.505000	0.049029
0.505333	0.049557
0.505667	0.049792
0.506000	0.050420
0.506333	0.051432
0.506667	0.050347
0.507000	0.051312
0.507333	0.052303
0.507667	0.051492
0.508000	0.050154
0.508333	0.050133
0.508667	0.049831
0.509000	0.049635
0.509333	0.049692
0.509667	0.048968
0.510000	0.049659
0.510333	0.050018
0.510667	0.049209
0.511000	0.048260
0.511333	0.046597
0.511667	0.045838
0.512000	0.045110
0.512333	0.044592
0.512667	0.043071
0.513000	0.043150
0.513333	0.042612
0.513667	0.041957
0.514000	0.041353
0.514333	0.040824
0.514667	0.041020
0.515000	0.040580
0.515333	0.041031
0.515667	0.040018
0.516000	0.039606
0.516333	0.039054
0.516667	0.038501
0.517000	0.038793
0.517333	0.038226
0.517667	0.037200
0.518000	0.037869
0.518333	0.037026
0.518667	0.036691
0.519000	0.036231
0.519333	0.036418
0.519667	0.036087
0.520000	0.035137
0.520333	0.037365
0.520667	0.037863
0.521000	0.039109
0.521333	0.039296
0.521667	0.040318
0.522000	0.043188
0.522333	0.044003
0.522667	0.043718
0.523000	0.043732
0.523333	0.044509
0.523667	0.045019
0.524000	0.044973
0.524333	0.043925
0.524667	0.043570
0.525000	0.042163
0.525333	0.040852
0.525667	0.040910
0.526000	0.040583
0.526333	0.039995
0.526667	0.039361
0.527000	0.038236
0.527333	0.038418
0.527667	0.037583
0.528000	0.038145
0.528333	0.036971
0.528667	0.036040
0.529000	0.036903
0.529333	0.037570
0.529667	0.036539
0.530000	0.035444
0.530333	0.035915
0.530667	0.034873
0.531000	0.035473
0.531333	0.035282
0.531667	0.034371
0.532000	0.034163
0.532333	0.035586
0.532667	0.034742
0.533000	0.034147
0.533333	0.033931
0.533667	0.032696
0.534000	0.032945
0.534333	0.033721
0.534667	0.033722
0.535000	0.035406
0.535333	0.036387
0.535667	0.037105
0.536000	0.038678
0.536333	0.041183
0.536667	0.042113
0.537000	0.040485
0.537333	0.040210
0.537667	0.040045
0.538000	0.039518
0.538333	0.039421
0.538667	0.039253
0.539000	0.040375
0.539333	0.043303
0.539667	0.044011
0.540000	0.042999
0.540333	0.043872
0.540667	0.043493
0.541000	0.043686
0.541333	0.045524
0.541667	0.044716
0.542000	0.043346
0.542333	0.044014
0.542667	0.043099
0.543000	0.042430
0.543333	0.042161
0.543667	0.040918
0.544000	0.040491
0.544333	0.039797
0.544667	0.039497
0.545000	0.038083
0.545333	0.039220
0.545667	0.037857
0.546000	0.036805
0.546333	0.036341
0.546667	0.036987
0.547000	0.037751
0.547333	0.036566
0.547667	0.037276
0.548000	0.036103
0.548333	0.036682
0.548667	0.036490
0.549000	0.035909
0.549333	0.035520
0.549667	0.034880
0.550000	0.035386
0.550333	0.034684
0.550667	0.035044
0.551000	0.034191
0.551333	0.034452
0.551667	0.034700
0.552000	0.033922
0.552333	0.034536
0.552667	0.033306
0.553000	0.033232
0.553333	0.033431
0.553667	0.033557
0.554000	0.034146
0.554333	0.034681
0.554667	0.035312
0.555000	0.038185
0.555333	0.040403
0.555667	0.042081
0.556000	0.044960
0.556333	0.043971
0.556667	0.045442
0.557000	0.046825
0.557333	0.046300
0.557667	0.046452
0.558000	0.046498
0.558333	0.044550
0.558667	0.042914
0.559000	0.043594
0.559333	0.044110
0.559667	0.043503
0.560000	0.044395
0.560333	0.043106
0.560667	0.042981
0.561000	0.041920
0.561333	0.040727
0.561667	0.040810
0.562000	0.039291
0.562333	0.039576
0.562667	0.039075
0.563000	0.038294
0.563333	0.037530
0.563667	0.037345
0.564000	0.037638
0.564333	0.037249
0.564667	0.037081
0.565000	0.036103
0.565333	0.036577
0.565667	0.035864
0.566000	0.037008
0.566333	0.035760
0.566667	0.035733
0.567000	0.035704
0.567333	0.036199
0.567667	0.035298
0.568000	0.035007
0.568333	0.035020
0.568667	0.034303
0.569000	0.034683
0.569333	0.034451
0.569667	0.034720
0.570000	0.035735
0.570333	0.036850
0.570667	0.039412
0.571000	0.041294
0.571333	0.043386
0.571667	0.043702
0.572000	0.044748
0.572333	0.047884
0.572667	0.047422
0.573000	0.048104
0.573333	0.046820
0.573667	0.046201
0.574000	0.045527
0.574333	0.044206
0.574667	0.045139
0.575000	0.045560
0.575333	0.046836
0.575667	0.045823
0.576000	0.046223
0.576333	0.044023
0.576667	0.045059
0.577000	0.043308
0.577333	0.042219
0.577667	0.042634
0.578000	0.041675
0.578333	0.043425
0.578667	0.042218
0.579000	0.041398
0.579333	0.040393
0.579667	0.039766
0.580000	0.040636
0.580333	0.040535
0.580667	0.039287
0.581000	0.039688
0.581333	0.038831
0.581667	0.038651
0.582000	0.038259
0.582333	0.038003
0.582667	0.036915
0.583000	0.039188
0.583333	0.041307
0.583667	0.043310
0.584000	0.047118
0.584333	0.049302
0.584667	0.051430
0.585000	0.049496
0.585333	0.048814
0.585667	0.048788
0.586000	0.048227
0.586333	0.048505
0.586667	0.046159
0.587000	0.044914
0.587333	0.044290
0.587667	0.043775
0.588000	0.043361
0.588333	0.042682
0.588667	0.042517
0.589000	0.041282
0.589333	0.041408
0.589667	0.041125
0.590000	0.040436
0.590333	0.039587
0.590667	0.040561
0.591000	0.040375
0.591333	0.039541
0.591667	0.038962
0.592000	0.037995
0.592333	0.038245
0.592667	0.038215
0.593000	0.037689
0.593333	0.037066
0.593667	0.037351
0.594000	0.036876
0.594333	0.037426
0.594667	0.037227
0.595000	0.036684
0.595333	0.036869
0.595667	0.036137
0.596000	0.036733
0.596333	0.035168
0.596667	0.035775
0.597000	0.035661
0.597333	0.034900
0.597667	0.034783
0.598000	0.034995
0.598333	0.034604
0.598667	0.034434
0.599000	0.034940
0.599333	0.035069
0.599667	0.034147
0.600000	0.034512
0.600333	0.035068
0.600667	0.037449
0.601000	0.039387
0.601333	0.040940
0.601667	0.043739
0.602000	0.043960
0.602333	0.044130
0.602667	0.043989
0.603000	0.043473
0.603333	0.042490
0.603667	0.040886
0.604000	0.040188
0.604333	0.040077
0.604667	0.040287
0.605000	0.038941
0.605333	0.038472
0.605667	0.038527
0.606000	0.039022
0.606333	0.038483
0.606667	0.037929
0.607000	0.037990
0.607333	0.037112
0.607667	0.036847
0.608000	0.036333
0.608333	0.036816
0.608667	0.036870
0.609000	0.035790
0.609333	0.035423
0.609667	0.035386
0.610000	0.034907
0.610333	0.035955
0.610667	0.035550
0.611000	0.035996
0.611333	0.035945
0.611667	0.037531
0.612000	0.040147
0.612333	0.042119
0.612667	0.046196
0.613000	0.045702
0.613333	0.046035
0.613667	0.047919
0.614000	0.047710
0.614333	0.048290
0.614667	0.047337
0.615000	0.047083
0.615333	0.046834
0.615667	0.045390
0.616000	0.044896
0.616333	0.044328
0.616667	0.043945
0.617000	0.043512
0.617333	0.042483
0.617667	0.043244
0.618000	0.044985
0.618333	0.044819
0.618667	0.044491
0.619000	0.046163
0.619333	0.047231
0.619667	0.046895
0.620000	0.046632
0.620333	0.045781
0.620667	0.044802
0.621000	0.045047
0.621333	0.044589
0.621667	0.043404
0.622000	0.043286
0.622333	0.042124
0.622667	0.041516
0.623000	0.040349
0.623333	0.041416
0.623667	0.041182
0.624000	0.040637
0.624333	0.039636
0.624667	0.039514
0.625000	0.039283
0.625333	0.038971
0.625667	0.038431
0.626000	0.037731
0.626333	0.037425
0.626667	0.037194
0.627000	0.037134
0.627333	0.037389
0.627667	0.036555
0.628000	0.036283
0.628333	0.036748
0.628667	0.036874
0.629000	0.037616
0.629333	0.038542
0.629667	0.040092
0.630000	0.042252
0.630333	0.043019
0.630667	0.044236
0.631000	0.044116
0.631333	0.043533
0.631667	0.042346
0.632000	0.042260
0.632333	0.040724
0.632667	0.041034
0.633000	0.040415
0.633333	0.039427
0.633667	0.040873
0.634000	0.038963
0.634333	0.038950
0.634667	0.038565
0.635000	0.037357
0.635333	0.037893
0.635667	0.036696
0.636000	0.037222
0.636333	0.036311
0.636667	0.036349
0.637000	0.036226
0.637333	0.036149
0.637667	0.036532
0.638000	0.036396
0.638333	0.035573
0.638667	0.036434
0.639000	0.037619
0.639333	0.038660
0.639667	0.039934
0.640000	0.039345
0.640333	0.039197
0.640667	0.038844
0.641000	0.039319
0.641333	0.039356
0.641667	0.039668
0.642000	0.039150
0.642333	0.038851
0.642667	0.038037
0.643000	0.037815
0.643333	0.038689
0.643667	0.039249
0.644000	0.038872
0.644333	0.037340
0.644667	0.037566
0.645000	0.038223
0.645333	0.037308
0.645667	0.036914
0.646000	0.036730
0.646333	0.035909
0.646667	0.035749
0.647000	0.035597
0.647333	0.035040
0.647667	0.035670
0.648000	0.034966
0.648333	0.035345
0.648667	0.034889
0.649000	0.035163
0.649333	0.034175
0.649667	0.033988
0.650000	0.035018
0.650333	0.034612
0.650667	0.033906
0.651000	0.034441
0.651333	0.033825
0.651667	0.033702
0.652000	0.033825
0.652333	0.034576
0.652667	0.034142
0.653000	0.033783
0.653333	0.034418
0.653667	0.034944
0.654000	0.038776
0.654333	0.043401
0.654667	0.046910
0.655000	0.047564
0.655333	0.047579
0.655667	0.049477
0.656000	0.047636
0.656333	0.048302
0.656667	0.047380
0.657000	0.048036
0.657333	0.048062
0.657667	0.047583
0.658000	0.046469
0.658333	0.045954
0.658667	0.045010
0.659000	0.044401
0.659333	0.043281
0.659667	0.043067
0.660000	0.042663
0.660333	0.041173
0.660667	0.040232
0.661000	0.039552
0.661333	0.040761
0.661667	0.040210
0.662000	0.039714
0.662333	0.038521
0.662667	0.038253
0.663000	0.038608
0.663333	0.038214
0.663667	0.037059
0.664000	0.037147
0.664333	0.036567
0.664667	0.036127
0.665000	0.036313
0.665333	0.035509
0.665667	0.035860
0.666000	0.036117
0.666333	0.035493
0.666667	0.034596
0.667000	0.034609
0.667333	0.034897
0.667667	0.034362
0.668000	0.034286
0.668333	0.034080
0.668667	0.034625
0.669000	0.034061
0.669333	0.034298
0.669667	0.033131
0.670000	0.033330
0.670333	0.033056
0.670667	0.032451
0.671000	0.033099
0.671333	0.032651
0.671667	0.031981
0.672000	0.033188
0.672333	0.032876
0.672667	0.033319
0.673000	0.031257
0.673333	0.032309
0.673667	0.033206
0.674000	0.034111
0.674333	0.034309
0.674667	0.035625
0.675000	0.038397
0.675333	0.042990
0.675667	0.045000
0.676000	0.045534
0.676333	0.046488
0.676667	0.045091
0.677000	0.044987
0.677333	0.045068
0.677667	0.046908
0.678000	0.048594
0.678333	0.048209
0.678667	0.047514
0.679000	0.046371
0.679333	0.044815
0.679667	0.043906
0.680000	0.043083
0.680333	0.042754
0.680667	0.041413
0.681000	0.040797
0.681333	0.040839
0.681667	0.040579
0.682000	0.041330
0.682333	0.041513
0.682667	0.043958
0.683000	0.046751
0.683333	0.048849
0.683667	0.048330
0.684000	0.047369
0.684333	0.047142
0.684667	0.044806
0.685000	0.044225
0.685333	0.044330
0.685667	0.042392
0.686000	0.042029
0.686333	0.042045
0.686667	0.041755
0.687000	0.041417
0.687333	0.040480
0.687667	0.040441
0.688000	0.038444
0.688333	0.039097
0.688667	0.040209
0.689000	0.039894
0.689333	0.039892
0.689667	0.041735
0.690000	0.043155
0.690333	0.045579
0.690667	0.046206
0.691000	0.045425
0.691333	0.044491
0.691667	0.043884
0.692000	0.042531
0.692333	0.043139
0.692667	0.043311
0.693000	0.042472
0.693333	0.042305
0.693667	0.041285
0.694000	0.041023
0.694333	0.040452
0.694667	0.041266
0.695000	0.042216
0.695333	0.043059
0.695667	0.043490
0.696000	0.045162
0.696333	0.044677
0.696667	0.045539
0.697000	0.047411
0.697333	0.047134
0.697667	0.046404
0.698000	0.044853
0.698333	0.045923
0.698667	0.045492
0.699000	0.044001
0.699333	0.044348
0.699667	0.045761
0.700000	0.045771
0.700333	0.045874
0.700667	0.046655
0.701000	0.049938
0.701333	0.052182
0.701667	0.053013
0.702000	0.052928
0.702333	0.052481
0.702667	0.053028
0.703000	0.050698
0.703333	0.050423
0.703667	0.049313
0.704000	0.049458
0.704333	0.048331
0.704667	0.047021
0.705000	0.046678
0.705333	0.045604
0.705667	0.044377
0.706000	0.045624
0.706333	0.044658
0.706667	0.044847
0.707000	0.045590
0.707333	0.043221
0.707667	0.044019
0.708000	0.042941
0.708333	0.041686
0.708667	0.042004
0.709000	0.042061
0.709333	0.042187
0.709667	0.043932
0.710000	0.049205
0.710333	0.053008
0.710667	0.052062
0.711000	0.051957
0.711333	0.052050
0.711667	0.050918
0.712000	0.050182
0.712333	0.049457
0.712667	0.049063
0.713000	0.048040
0.713333	0.047342
0.713667	0.046539
0.714000	0.046421
0.714333	0.045714
0.714667	0.045126
0.715000	0.044130
0.715333	0.043501
0.715667	0.042598
0.716000	0.042297
0.716333	0.041931
0.716667	0.042310
0.717000	0.042197
0.717333	0.041118
0.717667	0.042094
0.718000	0.041075
0.718333	0.041296
0.718667	0.040912
0.719000	0.040446
0.719333	0.040830
0.719667	0.040210
0.720000	0.039624
0.720333	0.040014
0.720667	0.039361
0.721000	0.040247
0.721333	0.039465
0.721667	0.039151
0.722000	0.039207
0.722333	0.039468
0.722667	0.039080
0.723000	0.038925
0.723333	0.038891
0.723667	0.038443
0.724000	0.038552
0.724333	0.038622
0.724667	0.038280
0.725000	0.037896
0.725333	0.038001
0.725667	0.037621
0.726000	0.036821
0.726333	0.036416
0.726667	0.037460
0.727000	0.037394
0.727333	0.038595
0.727667	0.038087
0.728000	0.036864
0.728333	0.039693
0.728667	0.041833
0.729000	0.044227
0.729333	0.050720
0.729667	0.052741
0.730000	0.051692
0.730333	0.051119
0.730667	0.052168
0.731000	0.054270
0.731333	0.053533
0.731667	0.050934
0.732000	0.050788
0.732333	0.050171
0.732667	0.050977
0.733000	0.053683
0.733333	0.053373
0.733667	0.053268
0.734000	0.052846
0.734333	0.051671
0.734667	0.050003
0.735000	0.049511
0.735333	0.049466
0.735667	0.048524
0.736000	0.047399
0.736333	0.047180
0.736667	0.045714
0.737000	0.045894
0.737333	0.045143
0.737667	0.045083
0.738000	0.043949
0.738333	0.043348
0.738667	0.043848
0.739000	0.043878
0.739333	0.043748
0.739667	0.045135
0.740000	0.045939
0.740333	0.046334
0.740667	0.048308
0.741000	0.049287
0.741333	0.049714
0.741667	0.048529
0.742000	0.048561
0.742333	0.047892
0.742667	0.046223
0.743000	0.046021
0.743333	0.046013
0.743667	0.044764
0.744000	0.044377
0.744333	0.044392
0.744667	0.044659
0.745000	0.043054
0.745333	0.041579
0.745667	0.040710
0.746000	0.042167
0.746333	0.043903
0.746667	0.044396
0.747000	0.045407
0.747333	0.044754
0.747667	0.044146
0.748000	0.043249
0.748333	0.042708
0.748667	0.041871
0.749000	0.041762
0.749333	0.040882
0.749667	0.041131
0.750000	0.040406
0.750333	0.039917
0.750667	0.039008
0.751000	0.039773
0.751333	0.039038
0.751667	0.038167
0.752000	0.038426
0.752333	0.037533
0.752667	0.037852
0.753000	0.037422
0.753333	0.037463
0.753667	0.036498
0.754000	0.037164
0.754333	0.036408
0.754667	0.036813
0.755000	0.037160
0.755333	0.035894
0.755667	0.035450
0.756000	0.036342
0.756333	0.036553
0.756667	0.038192
0.757000	0.042238
0.757333	0.043928
0.757667	0.047925
0.758000	0.052034
0.758333	0.051042
0.758667	0.050787
0.759000	0.050428
0.759333	0.050687
0.759667	0.050826
0.760000	0.049873
0.760333	0.049390
0.760667	0.047947
0.761000	0.047066
0.761333	0.046028
0.761667	0.045295
0.762000	0.045244
0.762333	0.044558
0.762667	0.043694
0.763000	0.044206
0.763333	0.042805
0.763667	0.041449
0.764000	0.041919
0.764333	0.041610
0.764667	0.042660
0.765000	0.042867
0.765333	0.044079
0.765667	0.044145
0.766000	0.043822
0.766333	0.042483
0.766667	0.042771
0.767000	0.041701
0.767333	0.040856
0.767667	0.041545
0.768000	0.042320
0.768333	0.040811
0.768667	0.041896
0.769000	0.040660
0.769333	0.040221
0.769667	0.040816
0.770000	0.040523
0.770333	0.038401
0.770667	0.038889
0.771000	0.038876
0.771333	0.038513
0.771667	0.038268
0.772000	0.037999
0.772333	0.038581
0.772667	0.038181
0.773000	0.038199
0.773333	0.036965
0.773667	0.037365
0.774000	0.036765
0.774333	0.036580
0.774667	0.037089
0.775000	0.037728
0.775333	0.037227
0.775667	0.038712
0.776000	0.037662
0.776333	0.036391
0.776667	0.037223
0.777000	0.037379
0.777333	0.035647
0.777667	0.037032
0.778000	0.036238
0.778333	0.035800
0.778667	0.036690
0.779000	0.035944
0.779333	0.035492
0.779667	0.035562
0.780000	0.035659
0.780333	0.036192
0.780667	0.036716
0.781000	0.036371
0.781333	0.035294
0.781667	0.035943
0.782000	0.035615
0.782333	0.035622
0.782667	0.035718
0.783000	0.036143
0.783333	0.035995
0.783667	0.036710
0.784000	0.037837
0.784333	0.040146
0.784667	0.040776
0.785000	0.042056
0.785333	0.043265
0.785667	0.044583
0.786000	0.045169
0.786333	0.043999
0.786667	0.043143
0.787000	0.043305
0.787333	0.042252
0.787667	0.042394
0.788000	0.042655
0.788333	0.042384
0.788667	0.041688
0.789000	0.043740
0.789333	0.045077
0.789667	0.045726
0.790000	0.047474
0.790333	0.047747
0.790667	0.046378
0.791000	0.045241
0.791333	0.043922
0.791667	0.043488
0.792000	0.043119
0.792333	0.042916
0.792667	0.042393
0.793000	0.041826
0.793333	0.041250
0.793667	0.040726
0.794000	0.040489
0.794333	0.040579
0.794667	0.040680
0.795000	0.040198
0.795333	0.040220
0.795667	0.039117
0.796000	0.039367
0.796333	0.038271
0.796667	0.038942
0.797000	0.038571
0.797333	0.037631
0.797667	0.037955
0.798000	0.037960
0.798333	0.037701
0.798667	0.037505
0.799000	0.037410
0.799333	0.037431
0.799667	0.036852
0.800000	0.036731
0.800333	0.036227
0.800667	0.035947
0.801000	0.037220
0.801333	0.037185
0.801667	0.037810
0.802000	0.037163
0.802333	0.036534
0.802667	0.036555
0.803000	0.037224
0.803333	0.036448
0.803667	0.036405
0.804000	0.038484
0.804333	0.038998
0.804667	0.039700
0.805000	0.042752
0.805333	0.043946
0.805667	0.045499
0.806000	0.047650
0.806333	0.048794
0.806667	0.050439
0.807000	0.051011
0.807333	0.051453
0.807667	0.050583
0.808000	0.049519
0.808333	0.049361
0.808667	0.051908
0.809000	0.053350
0.809333	0.054028
0.809667	0.054081
0.810000	0.053410
0.810333	0.053235
0.810667	0.053110
0.811000	0.054040
0.811333	0.055849
0.811667	0.055627
0.812000	0.054580
0.812333	0.053264
0.812667	0.052597
0.813000	0.050991
0.813333	0.050997
0.813667	0.050016
0.814000	0.049061
0.814333	0.048650
0.814667	0.047788
0.815000	0.047262
0.815333	0.046958
0.815667	0.046739
0.816000	0.045967
0.816333	0.045479
0.816667	0.045343
0.817000	0.044472
0.817333	0.044658
0.817667	0.044159
0.818000	0.043968
0.818333	0.043520
0.818667	0.044131
0.819000	0.042050
0.819333	0.042641
0.819667	0.042223
0.820000	0.042011
0.820333	0.041671
0.820667	0.041941
0.821000	0.042206
0.821333	0.041163
0.821667	0.040991
0.822000	0.041468
0.822333	0.040570
0.822667	0.041638
0.823000	0.040514
0.823333	0.040464
0.823667	0.040281
0.824000	0.040173
0.824333	0.041288
0.824667	0.040362
0.825000	0.040209
0.825333	0.039867
0.825667	0.039870
0.826000	0.039825
0.826333	0.039574
0.826667	0.039258
0.827000	0.039464
0.827333	0.038425
0.827667	0.038904
0.828000	0.039517
0.828333	0.039082
0.828667	0.039807
0.829000	0.039254
0.829333	0.039674
0.829667	0.039645
0.830000	0.039418
0.830333	0.039427
0.830667	0.039322
0.831000	0.039442
0.831333	0.038592
0.831667	0.038343
0.832000	0.038199
0.832333	0.038788
0.832667	0.038999
0.833000	0.039781
0.833333	0.038858
0.833667	0.038974
0.834000	0.039112
0.834333	0.038389
0.834667	0.038918
0.835000	0.039367
0.835333	0.040367
0.835667	0.044434
0.836000	0.045378
0.836333	0.045400
0.836667	0.046042
0.837000	0.046527
0.837333	0.045381
0.837667	0.045782
0.838000	0.045851
0.838333	0.045703
0.838667	0.045723
0.839000	0.046363
0.839333	0.047400
0.839667	0.049535
0.840000	0.052263
0.840333	0.053241
0.840667	0.052165
0.841000	0.052065
0.841333	0.051275
0.841667	0.050344
0.842000	0.048974
0.842333	0.048531
0.842667	0.048672
0.843000	0.047603
0.843333	0.046262
0.843667	0.047123
0.844000	0.046189
0.844333	0.045654
0.844667	0.045234
0.845000	0.045657
0.845333	0.044620
0.845667	0.044500
0.846000	0.043848
0.846333	0.044115
0.846667	0.043893
0.847000	0.043446
0.847333	0.042710
0.847667	0.042886
0.848000	0.043665
0.848333	0.043823
0.848667	0.043568
0.849000	0.042153
0.849333	0.042428
0.849667	0.042365
0.850000	0.042206
0.850333	0.042674
0.850667	0.042292
0.851000	0.042437
0.851333	0.042541
0.851667	0.042632
0.852000	0.042836
0.852333	0.043121
0.852667	0.042097
0.853000	0.042489
0.853333	0.041787
0.853667	0.042512
0.854000	0.042029
0.854333	0.041911
0.854667	0.041854
0.855000	0.041810
0.855333	0.041929
0.855667	0.041304
0.856000	0.040930
0.856333	0.041623
0.856667	0.040915
0.857000	0.041391
0.857333	0.040694
0.857667	0.039614
0.858000	0.040388
0.858333	0.040491
0.858667	0.039622
0.859000	0.040361
0.859333	0.040907
0.859667	0.041478
0.860000	0.040440
0.860333	0.040736
0.860667	0.039973
0.861000	0.039132
0.861333	0.040493
0.861667	0.040294
0.862000	0.041100
0.862333	0.040069
0.862667	0.041092
0.863000	0.039720
0.863333	0.039683
0.863667	0.039411
0.864000	0.039352
0.864333	0.039200
0.864667	0.039189
0.865000	0.039038
0.865333	0.039254
0.865667	0.039361
0.866000	0.041590
0.866333	0.046318
0.866667	0.052311
0.867000	0.054767
0.867333	0.055698
0.867667	0.059547
0.868000	0.060717
0.868333	0.061603
0.868667	0.061137
0.869000	0.061835
0.869333	0.061684
0.869667	0.061453
0.870000	0.060467
0.870333	0.059266
0.870667	0.060193
0.871000	0.062354
0.871333	0.063640
0.871667	0.063025
0.872000	0.061929
0.872333	0.060225
0.872667	0.060736
0.873000	0.064045
0.873333	0.065873
0.873667	0.066390
0.874000	0.064699
0.874333	0.064136
0.874667	0.062115
0.875000	0.060753
0.875333	0.060813
0.875667	0.060096
0.876000	0.059316
0.876333	0.058514
0.876667	0.057665
0.877000	0.057107
0.877333	0.055913
0.877667	0.055013
0.878000	0.054157
0.878333	0.054242
0.878667	0.052304
0.879000	0.052628
0.879333	0.051884
0.879667	0.050906
0.880000	0.051562
0.880333	0.049959
0.880667	0.049476
0.881000	0.049077
0.881333	0.048347
0.881667	0.048481
0.882000	0.048077
0.882333	0.047239
0.882667	0.045990
0.883000	0.046653
0.883333	0.046085
0.883667	0.046016
0.884000	0.045081
0.884333	0.044840
0.884667	0.044426
0.885000	0.044754
0.885333	0.044558
0.885667	0.043795
0.886000	0.043600
0.886333	0.043293
0.886667	0.043359
0.887000	0.043733
0.887333	0.043133
0.887667	0.042612
0.888000	0.042591
0.888333	0.042713
0.888667	0.042783
0.889000	0.042884
0.889333	0.042738
0.889667	0.042290
0.890000	0.042862
0.890333	0.042616
0.890667	0.043874
0.891000	0.043641
0.891333	0.046213
0.891667	0.046715
0.892000	0.048034
0.892333	0.051552
0.892667	0.051836
0.893000	0.051865
0.893333	0.051734
0.893667	0.050215
0.894000	0.049436
0.894333	0.048760
0.894667	0.047839
0.895000	0.046899
0.895333	0.047224
0.895667	0.046476
0.896000	0.046416
0.896333	0.045949
0.896667	0.044697
0.897000	0.045497
0.897333	0.044604
0.897667	0.043960
0.898000	0.044051
0.898333	0.044090
0.898667	0.046435
0.899000	0.051166
0.899333	0.055258
0.899667	0.054890
0.900000	0.053950
0.900333	0.053072
0.900667	0.052381
0.901000	0.051396
0.901333	0.050705
0.901667	0.050490
0.902000	0.048694
0.902333	0.048334
0.902667	0.047936
0.903000	0.046917
0.903333	0.047124
0.903667	0.046202
0.904000	0.046049
0.904333	0.045486
0.904667	0.044622
0.905000	0.044242
0.905333	0.043942
0.905667	0.043965
0.906000	0.043112
0.906333	0.043766
0.906667	0.043081
0.907000	0.042129
0.907333	0.042506
0.907667	0.042619
0.908000	0.044577
0.908333	0.045023
0.908667	0.045062
0.909000	0.049132
0.909333	0.051498
0.909667	0.050891
0.910000	0.049779
0.910333	0.048774
0.910667	0.048340
0.911000	0.047986
0.911333	0.047517
0.911667	0.046333
0.912000	0.045429
0.912333	0.045637
0.912667	0.044528
0.913000	0.045433
0.913333	0.044504
0.913667	0.045124
0.914000	0.044667
0.914333	0.044231
0.914667	0.043899
0.915000	0.043640
0.915333	0.043669
0.915667	0.042950
0.916000	0.043091
0.916333	0.042369
0.916667	0.041931
0.917000	0.041912
0.917333	0.042531
0.917667	0.043253
0.918000	0.042445
0.918333	0.042601
0.918667	0.042006
0.919000	0.042336
0.919333	0.042464
0.919667	0.041641
0.920000	0.041388
0.920333	0.041284
0.920667	0.040959
0.921000	0.041984
0.921333	0.041232
0.921667	0.040590
0.922000	0.041167
0.922333	0.040820
0.922667	0.040988
0.923000	0.040128
0.923333	0.039793
0.923667	0.040092
0.924000	0.040055
0.924333	0.039956
0.924667	0.040550
0.925000	0.043271
0.925333	0.045759
0.925667	0.049508
0.926000	0.054203
0.926333	0.057124
0.926667	0.057934
0.927000	0.058090
0.927333	0.057919
0.927667	0.057271
0.928000	0.056105
0.928333	0.054897
0.928667	0.054559
0.929000	0.052680
0.929333	0.052378
0.929667	0.051562
0.930000	0.051630
0.930333	0.052494
0.930667	0.053908
0.931000	0.054219
0.931333	0.053659
0.931667	0.053752
0.932000	0.052822
0.932333	0.051514
0.932667	0.051164
0.933000	0.050060
0.933333	0.049744
0.933667	0.049364
0.934000	0.049044
0.934333	0.049498
0.934667	0.048273
0.935000	0.047704
0.935333	0.046961
0.935667	0.048148
0.936000	0.046555
0.936333	0.046288
0.936667	0.045937
0.937000	0.045687
0.937333	0.045525
0.937667	0.046224
0.938000	0.045369
0.938333	0.045409
0.938667	0.044613
0.939000	0.043946
0.939333	0.043868
0.939667	0.044393
0.940000	0.043836
0.940333	0.044167
0.940667	0.044193
0.941000	0.044141
0.941333	0.044729
0.941667	0.044164
0.942000	0.044683
0.942333	0.043847
0.942667	0.043081
0.943000	0.042858
0.943333	0.042361
0.943667	0.042110
0.944000	0.042300
0.944333	0.042274
0.944667	0.042823
0.945000	0.042324
0.945333	0.042168
0.945667	0.042169
0.946000	0.042143
0.946333	0.041239
0.946667	0.041478
0.947000	0.042531
0.947333	0.041309
0.947667	0.041703
0.948000	0.042045
0.948333	0.041166
0.948667	0.042326
0.949000	0.042047
0.949333	0.041833
0.949667	0.041925
0.950000	0.041103
0.950333	0.041952
0.950667	0.040938
0.951000	0.041831
0.951333	0.041292
0.951667	0.041618
0.952000	0.041467
0.952333	0.042851
0.952667	0.042255
0.953000	0.042258
0.953333	0.041296
0.953667	0.041612
0.954000	0.040909
0.954333	0.041785
0.954667	0.041462
0.955000	0.040894
0.955333	0.040968
0.955667	0.041226
0.956000	0.040542
0.956333	0.041330
0.956667	0.042011
0.957000	0.041304
0.957333	0.041468
0.957667	0.042199
0.958000	0.043170
0.958333	0.043804
0.958667	0.044005
0.959000	0.043723
0.959333	0.043430
0.959667	0.043881
0.960000	0.044581
0.960333	0.047982
0.960667	0.054119
0.961000	0.057382
0.961333	0.056381
0.961667	0.056075
0.962000	0.055740
0.962333	0.056024
0.962667	0.056153
0.963000	0.055705
0.963333	0.055659
0.963667	0.053476
0.964000	0.054201
0.964333	0.055296
0.964667	0.058164
0.965000	0.059362
0.965333	0.058633
0.965667	0.057482
0.966000	0.055860
0.966333	0.055600
0.966667	0.054063
0.967000	0.053032
0.967333	0.052757
0.967667	0.051287
0.968000	0.051028
0.968333	0.050274
0.968667	0.049596
0.969000	0.048667
0.969333	0.048477
0.969667	0.048313
0.970000	0.047038
0.970333	0.047312
0.970667	0.045691
0.971000	0.046282
0.971333	0.045597
0.971667	0.045362
0.972000	0.045072
0.972333	0.044162
0.972667	0.044528
0.973000	0.043674
0.973333	0.043988
0.973667	0.044655
0.974000	0.047041
0.974333	0.048590
0.974667	0.050227
0.975000	0.052386
0.975333	0.054390
0.975667	0.053119
0.976000	0.053076
0.976333	0.052026
0.976667	0.050306
0.977000	0.050593
0.977333	0.049121
0.977667	0.048595
0.978000	0.048215
0.978333	0.046982
0.978667	0.047257
0.979000	0.046394
0.979333	0.045674
0.979667	0.045855
0.980000	0.045424
0.980333	0.044762
0.980667	0.045549
0.981000	0.044224
0.981333	0.043980
0.981667	0.044169
0.982000	0.044343
0.982333	0.043668
0.982667	0.044173
0.983000	0.043111
0.983333	0.042556
0.983667	0.042920
0.984000	0.042057
0.984333	0.041635
0.984667	0.041774
0.985000	0.041994
0.985333	0.042230
0.985667	0.041375
0.986000	0.041890
0.986333	0.040926
0.986667	0.040900
0.987000	0.041305
0.987333	0.040904
0.987667	0.040885
0.988000	0.041247
0.988333	0.040347
0.988667	0.040383
0.989000	0.039894
0.989333	0.040090
0.989667	0.040302
0.990000	0.040224
0.990333	0.039984
0.990667	0.040435
0.991000	0.039542
0.991333	0.039467
0.991667	0.039191
0.992000	0.040410
0.992333	0.039986
0.992667	0.041097
0.993000	0.042990
0.993333	0.045830
0.993667	0.049486
0.994000	0.053743
0.994333	0.052311
0.994667	0.052181
0.995000	0.052501
0.995333	0.051611
0.995667	0.052752
0.996000	0.054064
0.996333	0.054040
0.996667	0.055811
0.997000	0.056562
0.997333	0.057381
0.997667	0.057776
0.998000	0.056939
0.998333	0.056617
0.998667	0.056055
0.999000	0.055257
0.999333	0.053476
0.999667	0.052746
1.000000	0.052724
1.000333	0.041090
1.000667	0.041000
1.001000	0.041139
1.001333	0.041193
1.001667	0.041487
1.002000	0.040432
1.002333	0.040501
1.002667	0.040756
1.003000	0.039518
1.003333	0.040050
1.003667	0.040055
1.004000	0.039981
1.004333	0.039976
1.004667	0.040450
1.005000	0.040749
1.005333	0.040160
1.005667	0.040857
1.006000	0.040783
1.006333	0.040975
1.006667	0.041126
1.007000	0.039920
1.007333	0.039921
1.007667	0.040016
1.008000	0.040095
1.008333	0.039286
1.008667	0.040402
1.009000	0.040239
1.009333	0.040747
1.009667	0.040517
1.010000	0.040705
1.010333	0.040410
1.010667	0.039389
1.011000	0.039688
1.011333	0.040246
1.011667	0.039845
1.012000	0.040716
1.012333	0.040392
1.012667	0.039523
1.013000	0.039917
1.013333	0.039000
1.013667	0.040179
1.014000	0.039752
1.014333	0.038887
1.014667	0.039575
1.015000	0.040005
1.015333	0.039672
1.015667	0.039890
1.016000	0.039796
1.016333	0.039914
1.016667	0.039770
1.017000	0.039278
1.017333	0.039546
1.017667	0.039293
1.018000	0.039787
1.018333	0.040265
1.018667	0.039458
1.019000	0.039356
1.019333	0.039909
1.019667	0.038934
1.020000	0.039737
1.020333	0.039182
1.020667	0.039200
1.021000	0.038893
1.021333	0.039574
1.021667	0.040090
1.022000	0.038383
1.022333	0.040242
1.022667	0.038530
1.023000	0.039678
1.023333	0.039288
1.023667	0.039034
1.024000	0.039115
1.024333	0.038448
1.024667	0.038911
1.025000	0.039151
1.025333	0.039009
1.025667	0.039450
1.026000	0.038755
1.026333	0.039396
1.026667	0.039518
1.027000	0.039285
1.027333	0.040209
1.027667	0.039325
1.028000	0.040427
1.028333	0.041193
1.028667	0.040692
1.029000	0.041193
1.029333	0.041725
1.029667	0.040831
1.030000	0.039841
1.030333	0.040407
1.030667	0.040595
1.031000	0.040114
1.031333	0.039844
1.031667	0.039884
1.032000	0.039769
1.032333	0.039950
1.032667	0.040747
1.033000	0.039472
1.033333	0.039993
1.033667	0.040408
1.034000	0.038514
1.034333	0.039520
1.034667	0.039810
1.035000	0.038922
1.035333	0.038863
1.035667	0.039887
1.036000	0.038492
1.036333	0.038835
1.036667	0.039011
1.037000	0.039143
1.037333	0.038989
1.037667	0.038635
1.038000	0.039607
1.038333	0.039356
1.038667	0.038764
1.039000	0.039170
1.039333	0.038320
1.039667	0.038113
1.040000	0.039116
1.040333	0.038524
1.040667	0.038864
1.041000	0.038941
1.041333	0.038483
1.041667	0.038508
1.042000	0.038535
1.042333	0.038990
1.042667	0.038037
1.043000	0.038066
1.043333	0.039118
1.043667	0.039027
1.044000	0.039510
1.044333	0.038777
1.044667	0.038880
1.045000	0.039409
1.045333	0.038723
1.045667	0.039020
1.046000	0.037661
1.046333	0.037370
1.046667	0.038476
1.047000	0.038415
1.047333	0.038546
1.047667	0.038326
1.048000	0.038338
1.048333	0.038290
1.048667	0.038996
1.049000	0.038926
1.049333	0.039319
1.049667	0.038269
1.050000	0.038373
1.050333	0.039541
1.050667	0.038812
1.051000	0.038902
1.051333	0.039116
1.051667	0.038851
1.052000	0.039615
1.052333	0.039162
1.052667	0.038330
1.053000	0.038852
1.053333	0.038954
1.053667	0.038550
1.054000	0.038351
1.054333	0.039243
1.054667	0.037849
1.055000	0.038325
1.055333	0.038421
1.055667	0.038440
1.056000	0.038183
1.056333	0.037914
1.056667	0.037720
1.057000	0.038234
1.057333	0.038698
1.057667	0.038616
1.058000	0.038839
1.058333	0.038521
1.058667	0.038805
1.059000	0.038265
1.059333	0.039190
1.059667	0.038742
1.060000	0.039083
1.060333	0.039510
1.060667	0.038902
1.061000	0.039729
1.061333	0.038652
1.061667	0.039051
1.062000	0.039239
1.062333	0.038250
1.062667	0.039001
1.063000	0.039602
1.063333	0.038690
1.063667	0.039260
1.064000	0.039408
1.064333	0.039100
1.064667	0.038453
1.065000	0.038504
1.065333	0.039166
1.065667	0.039152
1.066000	0.038839
1.066333	0.038833
1.066667	0.038886
1.067000	0.038253
1.067333	0.037952
1.067667	0.037926
1.068000	0.038601
1.068333	0.038386
1.068667	0.038297
1.069000	0.038214
1.069333	0.038722
1.069667	0.038687
1.070000	0.039140
1.070333	0.038613
1.070667	0.038910
1.071000	0.037900
1.071333	0.039017
1.071667	0.039193
1.072000	0.038963
1.072333	0.039181
1.072667	0.037289
1.073000	0.038479
1.073333	0.038421
1.073667	0.038672
1.074000	0.038642
1.074333	0.037948
1.074667	0.038826
1.075000	0.038041
1.075333	0.037222
1.075667	0.038243
1.076000	0.039641
1.076333	0.038070
1.076667	0.038539
1.077000	0.037937
1.077333	0.038792
1.077667	0.038122
1.078000	0.038313
1.078333	0.037640
1.078667	0.037834
1.079000	0.037954
1.079333	0.038099
1.079667	0.037584
1.080000	0.038620
1.080333	0.037376
1.080667	0.038629
1.081000	0.038150
1.081333	0.038240
1.081667	0.038590
1.082000	0.037953
1.082333	0.037971
1.082667	0.038459
1.083000	0.038250
1.083333	0.037411
1.083667	0.038290
1.084000	0.037253
1.084333	0.038209
1.084667	0.038032
1.085000	0.038479
1.085333	0.038032
1.085667	0.037338
1.086000	0.037400
1.086333	0.037834
1.086667	0.038293
1.087000	0.037452
1.087333	0.037572
1.087667	0.038730
1.088000	0.037498
1.088333	0.037504
1.088667	0.038363
1.089000	0.038074
1.089333	0.037354
1.089667	0.037148
1.090000	0.038435
1.090333	0.037358
1.090667	0.038009
1.091000	0.036388
1.091333	0.037984
1.091667	0.037314
1.092000	0.037704
1.092333	0.037616
1.092667	0.037788
1.093000	0.037310
1.093333	0.037383
1.093667	0.036793
1.094000	0.037544
1.094333	0.037488
1.094667	0.037729
1.095000	0.036396
1.095333	0.037891
1.095667	0.037627
1.096000	0.038443
1.096333	0.038398
1.096667	0.039369
1.097000	0.039158
1.097333	0.038374
1.097667	0.038808
1.098000	0.039177
1.098333	0.038168
1.098667	0.038382
1.099000	0.038405
1.099333	0.038721
1.099667	0.038517
1.100000	0.037854
1.100333	0.037691
1.100667	0.037975
1.101000	0.037414
1.101333	0.038382
1.101667	0.037447
1.102000	0.038256
1.102333	0.038311
1.102667	0.039007
1.103000	0.037468
1.103333	0.037602
1.103667	0.036962
1.104000	0.037432
1.104333	0.037897
1.104667	0.038509
1.105000	0.037348
1.105333	0.038513
1.105667	0.037963
1.106000	0.037735
1.106333	0.038099
1.106667	0.037950
1.107000	0.038216
1.107333	0.037636
1.107667	0.038261
1.108000	0.037364
1.108333	0.038023
1.108667	0.038480
1.109000	0.037704
1.109333	0.037218
1.109667	0.038173
1.110000	0.037671
1.110333	0.037940
1.110667	0.037896
1.111000	0.038532
1.111333	0.038507
1.111667	0.037947
1.112000	0.037926
1.112333	0.037735
1.112667	0.037576
1.113000	0.038408
1.113333	0.037265
1.113667	0.038056
1.114000	0.037918
1.114333	0.037177
1.114667	0.037241
1.115000	0.037672
1.115333	0.037476
1.115667	0.037822
1.116000	0.037117
1.116333	0.038773
1.116667	0.037708
1.117000	0.038392
1.117333	0.037897
1.117667	0.039087
1.118000	0.037831
1.118333	0.038148
1.118667	0.038323
1.119000	0.037801
1.119333	0.038373
1.119667	0.037821
1.120000	0.038128
1.120333	0.038466
1.120667	0.040277
1.121000	0.043184
1.121333	0.047014
1.121667	0.050059
1.122000	0.053183
1.122333	0.054618
1.122667	0.059193
1.123000	0.064486
1.123333	0.067600
1.123667	0.067372
1.124000	0.069780
1.124333	0.076834
1.124667	0.081041
1.125000	0.082379
1.125333	0.083244
1.125667	0.080685
1.126000	0.078967
1.126333	0.076359
1.126667	0.075560
1.127000	0.075313
1.127333	0.074202
1.127667	0.073724
1.128000	0.071832
1.128333	0.069990
1.128667	0.069510
1.129000	0.069566
1.129333	0.072565
1.129667	0.072399
1.130000	0.071175
1.130333	0.069592
1.130667	0.067640
1.131000	0.066811
1.131333	0.064976
1.131667	0.065160
1.132000	0.063440
1.132333	0.062296
1.132667	0.061186
1.133000	0.060604
1.133333	0.060381
1.133667	0.060793
1.134000	0.061474
1.134333	0.062663
1.134667	0.063812
1.135000	0.063428
1.135333	0.063831
1.135667	0.062221
1.136000	0.061278
1.136333	0.060155
1.136667	0.059185
1.137000	0.059316
1.137333	0.058539
1.137667	0.058233
1.138000	0.056346
1.138333	0.057037
1.138667	0.055526
1.139000	0.056093
1.139333	0.055888
1.139667	0.055133
1.140000	0.055496
1.140333	0.055223
1.140667	0.055903
1.141000	0.058173
1.141333	0.062661
1.141667	0.063332
1.142000	0.063229
1.142333	0.064066
1.142667	0.064152
1.143000	0.062947
1.143333	0.061429
1.143667	0.061311
1.144000	0.060246
1.144333	0.059772
1.144667	0.058550
1.145000	0.058525
1.145333	0.058035
1.145667	0.057492
1.146000	0.057390
1.146333	0.057568
1.146667	0.057707
1.147000	0.057938
1.147333	0.057262
1.147667	0.056181
1.148000	0.057245
1.148333	0.057323
1.148667	0.057191
1.149000	0.057017
1.149333	0.056300
1.149667	0.056407
1.150000	0.054736
1.150333	0.054460
1.150667	0.054140
1.151000	0.053683
1.151333	0.053872
1.151667	0.054276
1.152000	0.054248
1.152333	0.054315
1.152667	0.055176
1.153000	0.055786
1.153333	0.055390
1.153667	0.055881
1.154000	0.055101
1.154333	0.054432
1.154667	0.053969
1.155000	0.053022
1.155333	0.052941
1.155667	0.052355
1.156000	0.052191
1.156333	0.052145
1.156667	0.051582
1.157000	0.051301
1.157333	0.050110
1.157667	0.050389
1.158000	0.050654
1.158333	0.049144
1.158667	0.049526
1.159000	0.049445
1.159333	0.048823
1.159667	0.048714
1.160000	0.049008
1.160333	0.048045
1.160667	0.048714
1.161000	0.047284
1.161333	0.047935
1.161667	0.047310
1.162000	0.046844
1.162333	0.047264
1.162667	0.047099
1.163000	0.046576
1.163333	0.046582
1.163667	0.045932
1.164000	0.046835
1.164333	0.046006
1.164667	0.046356
1.165000	0.046133
1.165333	0.045437
1.165667	0.046118
1.166000	0.045937
1.166333	0.046049
1.166667	0.046085
1.167000	0.044963
1.167333	0.045935
1.167667	0.045302
1.168000	0.045084
1.168333	0.044733
1.168667	0.044607
1.169000	0.044517
1.169333	0.044142
1.169667	0.044401
1.170000	0.044300
1.170333	0.044181
1.170667	0.043656
1.171000	0.043957
1.171333	0.043678
1.171667	0.044151
1.172000	0.044826
1.172333	0.044389
1.172667	0.043908
1.173000	0.042980
1.173333	0.044029
1.173667	0.042778
1.174000	0.043564
1.174333	0.043450
1.174667	0.043612
1.175000	0.043404
1.175333	0.043777
1.175667	0.043317
1.176000	0.043045
1.176333	0.042741
1.176667	0.042693
1.177000	0.042951
1.177333	0.042616
1.177667	0.042174
1.178000	0.043033
1.178333	0.043070
1.178667	0.042494
1.179000	0.041576
1.179333	0.042340
1.179667	0.042140
1.180000	0.042294
1.180333	0.042595
1.180667	0.042022
1.181000	0.042066
1.181333	0.041872
1.181667	0.042465
1.182000	0.041627
1.182333	0.042584
1.182667	0.041348
1.183000	0.042489
1.183333	0.040940
1.183667	0.041708
1.184000	0.041347
1.184333	0.041962
1.184667	0.041510
1.185000	0.041759
1.185333	0.042561
1.185667	0.043084
1.186000	0.041309
1.186333	0.042524
1.186667	0.042481
1.187000	0.042637
1.187333	0.041757
1.187667	0.042141
1.188000	0.041058
1.188333	0.040990
1.188667	0.042303
1.189000	0.041041
1.189333	0.042403
1.189667	0.041268
1.190000	0.041706
1.190333	0.042772
1.190667	0.041743
1.191000	0.041269
1.191333	0.041395
1.191667	0.042067
1.192000	0.042291
1.192333	0.041753
1.192667	0.041496
1.193000	0.041661
1.193333	0.041643
1.193667	0.041346
1.194000	0.040745
1.194333	0.041233
1.194667	0.041250
1.195000	0.041403
1.195333	0.042332
1.195667	0.041776
1.196000	0.042422
1.196333	0.040786
1.196667	0.040717
1.197000	0.041824
1.197333	0.041419
1.197667	0.040992
1.198000	0.040686
1.198333	0.040996
1.198667	0.041698
1.199000	0.041250
1.199333	0.041637
1.199667	0.041627
1.200000	0.041796
1.200333	0.042035
1.200667	0.041143
1.201000	0.040871
1.201333	0.041243
1.201667	0.041491
1.202000	0.041849
1.202333	0.041756
1.202667	0.041957
1.203000	0.041576
1.203333	0.041840
1.203667	0.042178
1.204000	0.040771
1.204333	0.040649
1.204667	0.041695
1.205000	0.041331
1.205333	0.041650
1.205667	0.041400
1.206000	0.041751
1.206333	0.040433
1.206667	0.041088
1.207000	0.041922
1.207333	0.042125
1.207667	0.042422
1.208000	0.044182
1.208333	0.047640
1.208667	0.050950
1.209000	0.055158
1.209333	0.053907
1.209667	0.054013
1.210000	0.052235
1.210333	0.052046
1.210667	0.051560
1.211000	0.051637
1.211333	0.050987
1.211667	0.050754
1.212000	0.052628
1.212333	0.056333
1.212667	0.061998
1.213000	0.064755
1.213333	0.067356
1.213667	0.068382
1.214000	0.066916
1.214333	0.067925
1.214667	0.067714
1.215000	0.066559
1.215333	0.066554
1.215667	0.067375
1.216000	0.067587
1.216333	0.066972
1.216667	0.067838
1.217000	0.065777
1.217333	0.065380
1.217667	0.064094
1.218000	0.063186
1.218333	0.063225
1.218667	0.062267
1.219000	0.063302
1.219333	0.066526
1.219667	0.069286
1.220000	0.070162
1.220333	0.068809
1.220667	0.067328
1.221000	0.066393
1.221333	0.065498
1.221667	0.064241
1.222000	0.063138
1.222333	0.061361
1.222667	0.061337
1.223000	0.060792
1.223333	0.060515
1.223667	0.059768
1.224000	0.059512
1.224333	0.059374
1.224667	0.059114
1.225000	0.057966
1.225333	0.058449
1.225667	0.059873
1.226000	0.060434
1.226333	0.060430
1.226667	0.059819
1.227000	0.060178
1.227333	0.058359
1.227667	0.057731
1.228000	0.058063
1.228333	0.057202
1.228667	0.057222
1.229000	0.056318
1.229333	0.055699
1.229667	0.055852
1.230000	0.055724
1.230333	0.055328
1.230667	0.054355
1.231000	0.054729
1.231333	0.054313
1.231667	0.054183
1.232000	0.053818
1.232333	0.054545
1.232667	0.054244
1.233000	0.055041
1.233333	0.056536
1.233667	0.055744
1.234000	0.056841
1.234333	0.056417
1.234667	0.055880
1.235000	0.057130
1.235333	0.056100
1.235667	0.056821
1.236000	0.059773
1.236333	0.062005
1.236667	0.063191
1.237000	0.063738
1.237333	0.063977
1.237667	0.064807
1.238000	0.067308
1.238333	0.067419
1.238667	0.066672
1.239000	0.068110
1.239333	0.070019
1.239667	0.071195
1.240000	0.072066
1.240333	0.071158
1.240667	0.070916
1.241000	0.069331
1.241333	0.068537
1.241667	0.067052
1.242000	0.066876
1.242333	0.065953
1.242667	0.065135
1.243000	0.065948
1.243333	0.064194
1.243667	0.064098
1.244000	0.063228
1.244333	0.062935
1.244667	0.062323
1.245000	0.061958
1.245333	0.061595
1.245667	0.060784
1.246000	0.060370
1.246333	0.060507
1.246667	0.059296
1.247000	0.058700
1.247333	0.058036
1.247667	0.057433
1.248000	0.058188
1.248333	0.058530
1.248667	0.057730
1.249000	0.056669
1.249333	0.056313
1.249667	0.057191
1.250000	0.056324
1.250333	0.055213
1.250667	0.055808
1.251000	0.055364
1.251333	0.054996
1.251667	0.054747
1.252000	0.055543
1.252333	0.054469
1.252667	0.054607
1.253000	0.055088
1.253333	0.054728
1.253667	0.054230
1.254000	0.055519
1.254333	0.054722
1.254667	0.055175
1.255000	0.054978
1.255333	0.054534
1.255667	0.055829
1.256000	0.055229
1.256333	0.055206
1.256667	0.055412
1.257000	0.055605
1.257333	0.056026
1.257667	0.055283
1.258000	0.054545
1.258333	0.054757
1.258667	0.055832
1.259000	0.055613
1.259333	0.055809
1.259667	0.055520
1.260000	0.055806
1.260333	0.055478
1.260667	0.056981
1.261000	0.056599
1.261333	0.057229
1.261667	0.055992
1.262000	0.056096
1.262333	0.056509
1.262667	0.057229
1.263000	0.056446
1.263333	0.056080
1.263667	0.056822
1.264000	0.056350
1.264333	0.056755
1.264667	0.055867
1.265000	0.058144
1.265333	0.055976
1.265667	0.057587
1.266000	0.057831
1.266333	0.057558
1.266667	0.056726
1.267000	0.056503
1.267333	0.056824
1.267667	0.057565
1.268000	0.057217
1.268333	0.057351
1.268667	0.057261
1.269000	0.057089
1.269333	0.057406
1.269667	0.057932
1.270000	0.057726
1.270333	0.057852
1.270667	0.058389
1.271000	0.058585
1.271333	0.058242
1.271667	0.057806
1.272000	0.058058
1.272333	0.057894
1.272667	0.057569
1.273000	0.057818
1.273333	0.057287
1.273667	0.056733
1.274000	0.057696
1.274333	0.056985
1.274667	0.057753
1.275000	0.056560
1.275333	0.056730
1.275667	0.057059
1.276000	0.057776
1.276333	0.056486
1.276667	0.056667
1.277000	0.055812
1.277333	0.056159
1.277667	0.056924
1.278000	0.056161
1.278333	0.055996
1.278667	0.056238
1.279000	0.055525
1.279333	0.055603
1.279667	0.055670
1.280000	0.056093
1.280333	0.054971
1.280667	0.055629
1.281000	0.055583
1.281333	0.055357
1.281667	0.054692
1.282000	0.055444
1.282333	0.055250
1.282667	0.055123
1.283000	0.054846
1.283333	0.054670
1.283667	0.054398
1.284000	0.053866
1.284333	0.054798
1.284667	0.053875
1.285000	0.053155
1.285333	0.053322
1.285667	0.053034
1.286000	0.052493
1.286333	0.053139
1.286667	0.052093
1.287000	0.052187
1.287333	0.051750
1.287667	0.052028
1.288000	0.051425
1.288333	0.051659
1.288667	0.050987
1.289000	0.050036
1.289333	0.050317
1.289667	0.049521
1.290000	0.050742
1.290333	0.049488
1.290667	0.049123
1.291000	0.049175
1.291333	0.048678
1.291667	0.048734
1.292000	0.048720
1.292333	0.048718
1.292667	0.048133
1.293000	0.047509
1.293333	0.048245
1.293667	0.046618
1.294000	0.047178
1.294333	0.046875
1.294667	0.046857
1.295000	0.046053
1.295333	0.045714
1.295667	0.045897
1.296000	0.046121
1.296333	0.046023
1.296667	0.045180
1.297000	0.044242
1.297333	0.045082
1.297667	0.044957
1.298000	0.044391
1.298333	0.043531
1.298667	0.044560
1.299000	0.043994
1.299333	0.043960
1.299667	0.043014
1.300000	0.043529
1.300333	0.042941
1.300667	0.042404
1.301000	0.042926
1.301333	0.041867
1.301667	0.041727
1.302000	0.041800
1.302333	0.042427
1.302667	0.041741
1.303000	0.041817
1.303333	0.041736
1.303667	0.040571
1.304000	0.041775
1.304333	0.041566
1.304667	0.040700
1.305000	0.040338
1.305333	0.040864
1.305667	0.041045
1.306000	0.041101
1.306333	0.040937
1.306667	0.039299
1.307000	0.039445
1.307333	0.039569
1.307667	0.039701
1.308000	0.039786
1.308333	0.039285
1.308667	0.040095
1.309000	0.039684
1.309333	0.041736
1.309667	0.041383
1.310000	0.041247
1.310333	0.041305
1.310667	0.042254
1.311000	0.041977
1.311333	0.041996
1.311667	0.042130
1.312000	0.040925
1.312333	0.041898
1.312667	0.042022
1.313000	0.041564
1.313333	0.041883
1.313667	0.041191
1.314000	0.040997
1.314333	0.041062
1.314667	0.040428
1.315000	0.040483
1.315333	0.040941
1.315667	0.040442
1.316000	0.040633
1.316333	0.040458
1.316667	0.040356
1.317000	0.040196
1.317333	0.039336
1.317667	0.039952
1.318000	0.040888
1.318333	0.040193
1.318667	0.040169
1.319000	0.040756
1.319333	0.039554
1.319667	0.039880
1.320000	0.040936
1.320333	0.039960
1.320667	0.040387
1.321000	0.040161
1.321333	0.039722
1.321667	0.039652
1.322000	0.040186
1.322333	0.039759
1.322667	0.039262
1.323000	0.039511
1.323333	0.039992
1.323667	0.040196
1.324000	0.039629
1.324333	0.039778
1.324667	0.039231
1.325000	0.039122
1.325333	0.040173
1.325667	0.039580
1.326000	0.039156
1.326333	0.039735
1.326667	0.039074
1.327000	0.039663
1.327333	0.039501
1.327667	0.040462
1.328000	0.039711
1.328333	0.039359
1.328667	0.038934
1.329000	0.039471
1.329333	0.038856
1.329667	0.038947
1.330000	0.039453
1.330333	0.038813
1.330667	0.039317
1.331000	0.039002
1.331333	0.038489
1.331667	0.038685
1.332000	0.039395
1.332333	0.038236
1.332667	0.039099
1.333000	0.038898
1.333333	0.038711
1.333667	0.038399
1.334000	0.040195
1.334333	0.039246
1.334667	0.039033
1.335000	0.038653
1.335333	0.038841
1.335667	0.038739
1.336000	0.039311
1.336333	0.039420
1.336667	0.039789
1.337000	0.039048
1.337333	0.039283
1.337667	0.039313
1.338000	0.037867
1.338333	0.038077
1.338667	0.039497
1.339000	0.038793
1.339333	0.038482
1.339667	0.038684
1.340000	0.039083
1.340333	0.039013
1.340667	0.038249
1.341000	0.039393
1.341333	0.038987
1.341667	0.039095
1.342000	0.038442
1.342333	0.038893
1.342667	0.038762
1.343000	0.038681
1.343333	0.038571
1.343667	0.038010
1.344000	0.038408
1.344333	0.038323
1.344667	0.038420
1.345000	0.038756
1.345333	0.037769
1.345667	0.038740
1.346000	0.038006
1.346333	0.038803
1.346667	0.039680
1.347000	0.039982
1.347333	0.040783
1.347667	0.041678
1.348000	0.041152
1.348333	0.041203
1.348667	0.040461
1.349000	0.041618
1.349333	0.040453
1.349667	0.040237
1.350000	0.039661
1.350333	0.040457
1.350667	0.039905
1.351000	0.040162
1.351333	0.040450
1.351667	0.038907
1.352000	0.039802
1.352333	0.040293
1.352667	0.039953
1.353000	0.039127
1.353333	0.039732
1.353667	0.039513
1.354000	0.039406
1.354333	0.038886
1.354667	0.039529
1.355000	0.039265
1.355333	0.039211
1.355667	0.038736
1.356000	0.037888
1.356333	0.039660
1.356667	0.038803
1.357000	0.039504
1.357333	0.039301
1.357667	0.038717
1.358000	0.038731
1.358333	0.038444
1.358667	0.039176
1.359000	0.039084
1.359333	0.038609
1.359667	0.038730
1.360000	0.038068
1.360333	0.038567
1.360667	0.038468
1.361000	0.038921
1.361333	0.037847
1.361667	0.038260
1.362000	0.038062
1.362333	0.038274
1.362667	0.038034
1.363000	0.038499
1.363333	0.039579
1.363667	0.038207
1.364000	0.037963
1.364333	0.038061
1.364667	0.039094
1.365000	0.039611
1.365333	0.039142
1.365667	0.038469
1.366000	0.038430
1.366333	0.038345
1.366667	0.037637
1.367000	0.038292
1.367333	0.038322
1.367667	0.037409
1.368000	0.038164
1.368333	0.038436
1.368667	0.038135
1.369000	0.038213
1.369333	0.037098
1.369667	0.037600
1.370000	0.037788
1.370333	0.037662
1.370667	0.037677
1.371000	0.037666
1.371333	0.038312
1.371667	0.037597
1.372000	0.037516
1.372333	0.037065
1.372667	0.037874
1.373000	0.037791
1.373333	0.037817
1.373667	0.037887
1.374000	0.037472
1.374333	0.037755
1.374667	0.038158
1.375000	0.038293
1.375333	0.037312
1.375667	0.037589
1.376000	0.037484
1.376333	0.036605
1.376667	0.037393
1.377000	0.037645
1.377333	0.037996
1.377667	0.037899
1.378000	0.037216
1.378333	0.038143
1.378667	0.036648
1.379000	0.036962
1.379333	0.037168
1.379667	0.038180
1.380000	0.037622
1.380333	0.036071
1.380667	0.036853
1.381000	0.037586
1.381333	0.036693
1.381667	0.036884
1.382000	0.037353
1.382333	0.037379
1.382667	0.037058
1.383000	0.037345
1.383333	0.037572
1.383667	0.038198
1.384000	0.038846
1.384333	0.037437
1.384667	0.037498
1.385000	0.037742
1.385333	0.037986
1.385667	0.038107
1.386000	0.038536
1.386333	0.037231
1.386667	0.037468
1.387000	0.037138
1.387333	0.037116
1.387667	0.037417
1.388000	0.036925
1.388333	0.036822
1.388667	0.037230
1.389000	0.037686
1.389333	0.037116
1.389667	0.037966
1.390000	0.037204
1.390333	0.037184
1.390667	0.037611
1.391000	0.036576
1.391333	0.037647
1.391667	0.038487
1.392000	0.036616
1.392333	0.037213
1.392667	0.037456
1.393000	0.037662
1.393333	0.037422
1.393667	0.037895
1.394000	0.037341
1.394333	0.037522
1.394667	0.036802
1.395000	0.037519
1.395333	0.037152
1.395667	0.036708
1.396000	0.036796
1.396333	0.037287
1.396667	0.036753
1.397000	0.036435
1.397333	0.037244
1.397667	0.036562
1.398000	0.037107
1.398333	0.037243
1.398667	0.037260
1.399000	0.037014
1.399333	0.037042
1.399667	0.037114
1.400000	0.036545
1.400333	0.036976
1.400667	0.037241
1.401000	0.037955
1.401333	0.036372
1.401667	0.037154
1.402000	0.037502
1.402333	0.036796
1.402667	0.037007
1.403000	0.037061
1.403333	0.036767
1.403667	0.036399
1.404000	0.036961
1.404333	0.037055
1.404667	0.037091
1.405000	0.037015
1.405333	0.037210
1.405667	0.036872
1.406000	0.036245
1.406333	0.037465
1.406667	0.036527
1.407000	0.037157
1.407333	0.036345
1.407667	0.036307
1.408000	0.036697
1.408333	0.036953
1.408667	0.036981
1.409000	0.037249
1.409333	0.037614
1.409667	0.037502
1.410000	0.036972
1.410333	0.037309
1.410667	0.038508
1.411000	0.037661
1.411333	0.037721
1.411667	0.037397
1.412000	0.038541
1.412333	0.037983
1.412667	0.037958
1.413000	0.037705
1.413333	0.037628
1.413667	0.038038
1.414000	0.036842
1.414333	0.037150
1.414667	0.037750
1.415000	0.037585
1.415333	0.037634
1.415667	0.037222
1.416000	0.037558
1.416333	0.037404
1.416667	0.037320
1.417000	0.037699
1.417333	0.036498
1.417667	0.037849
1.418000	0.037083
1.418333	0.036754
1.418667	0.037225
1.419000	0.037205
1.419333	0.037202
1.419667	0.036579
1.420000	0.037165
1.420333	0.036929
1.420667	0.037254
1.421000	0.037368
1.421333	0.036828
1.421667	0.036893
1.422000	0.037623
1.422333	0.037023
1.422667	0.035983
1.423000	0.036644
1.423333	0.036934
1.423667	0.037497
1.424000	0.036299
1.424333	0.036575
1.424667	0.036075
1.425000	0.036853
1.425333	0.036426
1.425667	0.037086
1.426000	0.036908
1.426333	0.036172
1.426667	0.036963
1.427000	0.036833
1.427333	0.036470
1.427667	0.036363
1.428000	0.036242
1.428333	0.036224
1.428667	0.037076
1.429000	0.036410
1.429333	0.036595
1.429667	0.036584
1.430000	0.036587
1.430333	0.036764
1.430667	0.036397
1.431000	0.036874
1.431333	0.036925
1.431667	0.035939
1.432000	0.036526
1.432333	0.036916
1.432667	0.035882
1.433000	0.036395
1.433333	0.036605
1.433667	0.036427
1.434000	0.036792
1.434333	0.037287
1.434667	0.037713
1.435000	0.037188
1.435333	0.035463
1.435667	0.035381
1.436000	0.036017
1.436333	0.036723
1.436667	0.036102
1.437000	0.035944
1.437333	0.036020
1.437667	0.036827
1.438000	0.036317
1.438333	0.036386
1.438667	0.036505
1.439000	0.036055
1.439333	0.036520
1.439667	0.036017
1.440000	0.036322
1.440333	0.036198
1.440667	0.036206
1.441000	0.036877
1.441333	0.035586
1.441667	0.036618
1.442000	0.035940
1.442333	0.036930
1.442667	0.037023
1.443000	0.037681
1.443333	0.035786
1.443667	0.036981
1.444000	0.037555
1.444333	0.037438
1.444667	0.037323
1.445000	0.036389
1.445333	0.037716
1.445667	0.037661
1.446000	0.036122
1.446333	0.036445
1.446667	0.037073
1.447000	0.036222
1.447333	0.037259
1.447667	0.036728
1.448000	0.036453
1.448333	0.036624
1.448667	0.036112
1.449000	0.037446
1.449333	0.037371
1.449667	0.037045
1.450000	0.036203
1.450333	0.036410
1.450667	0.036852
1.451000	0.036084
1.451333	0.036706
1.451667	0.036009
1.452000	0.036247
1.452333	0.036429
1.452667	0.036227
1.453000	0.036790
1.453333	0.036469
1.453667	0.036407
1.454000	0.036361
1.454333	0.036770
1.454667	0.035850
1.455000	0.036315
1.455333	0.035497
1.455667	0.035769
1.456000	0.036049
1.456333	0.036281
1.456667	0.036401
1.457000	0.036114
1.457333	0.036303
1.457667	0.035462
1.458000	0.036925
1.458333	0.036173
1.458667	0.035626
1.459000	0.036072
1.459333	0.036092
1.459667	0.036224
1.460000	0.036423
1.460333	0.036458
1.460667	0.036842
1.461000	0.037370
1.461333	0.036225
1.461667	0.035822
1.462000	0.036062
1.462333	0.036146
1.462667	0.036591
1.463000	0.036441
1.463333	0.035975
1.463667	0.036174
1.464000	0.036804
1.464333	0.036029
1.464667	0.035619
1.465000	0.035942
1.465333	0.035757
1.465667	0.036319
1.466000	0.035668
1.466333	0.036336
1.466667	0.035422
1.467000	0.035863
1.467333	0.035761
1.467667	0.036808
1.468000	0.036608
1.468333	0.035596
1.468667	0.036115
1.469000	0.036178
1.469333	0.035878
1.469667	0.036589
1.470000	0.036288
1.470333	0.036530
1.470667	0.035754
1.471000	0.036322
1.471333	0.036171
1.471667	0.036726
1.472000	0.035526
1.472333	0.035949
1.472667	0.035365
1.473000	0.035320
1.473333	0.035987
1.473667	0.036010
1.474000	0.036462
1.474333	0.037408
1.474667	0.036216
1.475000	0.036486
1.475333	0.035829
1.475667	0.036071
1.476000	0.035387
1.476333	0.035610
1.476667	0.036729
1.477000	0.035923
1.477333	0.035810
1.477667	0.035463
1.478000	0.036049
1.478333	0.035800
1.478667	0.036275
1.479000	0.035853
1.479333	0.035772
1.479667	0.035769
1.480000	0.035807
1.480333	0.035309
1.480667	0.036456
1.481000	0.035978
1.481333	0.036189
1.481667	0.036714
1.482000	0.035946
1.482333	0.035198
1.482667	0.035416
1.483000	0.036596
1.483333	0.035092
1.483667	0.035066
1.484000	0.035596
1.484333	0.036112
1.484667	0.035578
1.485000	0.035235
1.485333	0.036208
1.485667	0.036631
1.486000	0.036432
1.486333	0.035556
1.486667	0.035752
1.487000	0.035756
1.487333	0.034999
1.487667	0.035799
1.488000	0.035472
1.488333	0.036068
1.488667	0.036030
1.489000	0.035361
1.489333	0.035559
1.489667	0.036718
1.490000	0.036010
1.490333	0.035936
1.490667	0.035830
1.491000	0.035599
1.491333	0.036136
1.491667	0.035158
1.492000	0.035493
1.492333	0.036363
1.492667	0.035247
1.493000	0.035971
1.493333	0.035498
1.493667	0.035937
1.494000	0.036516
1.494333	0.035426
1.494667	0.036603
1.495000	0.035002
1.495333	0.035243
1.495667	0.036536
1.496000	0.035893
1.496333	0.036055
1.496667	0.035091
1.497000	0.036074
1.497333	0.035085
1.497667	0.034898
1.498000	0.035211
1.498333	0.035569
1.498667	0.034637
1.499000	0.034872
1.499333	0.035231
1.499667	0.035216
1.500000	0.035930
1.500333	0.035627
1.500667	0.035193
1.501000	0.035760
1.501333	0.035394
1.501667	0.035023
1.502000	0.035815
1.502333	0.035639
1.502667	0.035537
1.503000	0.036042
1.503333	0.035049
1.503667	0.035544
1.504000	0.035392
1.504333	0.035222
1.504667	0.035044
1.505000	0.034904
1.505333	0.034869
1.505667	0.035913
1.506000	0.035646
1.506333	0.034981
1.506667	0.035899
1.507000	0.034536
1.507333	0.035220
1.507667	0.034884
1.508000	0.035092
1.508333	0.035196
1.508667	0.034289
1.509000	0.034640
1.509333	0.034983
1.509667	0.034392
1.510000	0.035116
1.510333	0.034511
1.510667	0.034109
1.511000	0.035291
1.511333	0.034930
1.511667	0.035278
1.512000	0.035281
1.512333	0.034728
1.512667	0.034963
1.513000	0.034957
1.513333	0.034838
1.513667	0.035029
1.514000	0.034552
1.514333	0.035177
1.514667	0.035093
1.515000	0.035059
1.515333	0.035668
1.515667	0.035531
1.516000	0.034914
1.516333	0.034831
1.516667	0.035147
1.517000	0.035484
1.517333	0.035599
1.517667	0.034211
1.518000	0.034441
1.518333	0.035296
1.518667	0.034713
1.519000	0.035650
1.519333	0.035502
1.519667	0.034279
1.520000	0.034166
1.520333	0.034882
1.520667	0.034185
1.521000	0.034832
1.521333	0.034707
1.521667	0.035074
1.522000	0.033890
1.522333	0.034471
1.522667	0.034226
1.523000	0.034707
1.523333	0.035312
1.523667	0.034249
1.524000	0.034277
1.524333	0.034085
1.524667	0.034552
1.525000	0.034099
1.525333	0.034368
1.525667	0.034760
1.526000	0.034972
1.526333	0.033806
1.526667	0.034304
1.527000	0.034398
1.527333	0.034072
1.527667	0.034121
1.528000	0.034771
1.528333	0.035154
1.528667	0.035532
1.529000	0.033539
1.529333	0.034364
1.529667	0.035421
1.530000	0.034609
1.530333	0.035292
1.530667	0.035379
1.531000	0.034765
1.531333	0.034520
1.531667	0.034546
1.532000	0.034179
1.532333	0.034604
1.532667	0.034329
1.533000	0.034876
1.533333	0.034366
1.533667	0.034824
1.534000	0.035404
1.534333	0.034668
1.534667	0.033967
1.535000	0.035294
1.535333	0.034233
1.535667	0.033980
1.536000	0.034694
1.536333	0.034132
1.536667	0.034920
1.537000	0.034058
1.537333	0.034183
1.537667	0.034642
1.538000	0.034360
1.538333	0.034659
1.538667	0.033693
1.539000	0.033913
1.539333	0.034078
1.539667	0.034908
1.540000	0.034787
1.540333	0.034900
1.540667	0.034940
1.541000	0.034685
1.541333	0.035324
1.541667	0.035006
1.542000	0.034353
1.542333	0.034705
1.542667	0.034704
1.543000	0.034138
1.543333	0.034174
1.543667	0.034339
1.544000	0.034455
1.544333	0.034634
1.544667	0.034410
1.545000	0.034970
1.545333	0.034339
1.545667	0.034953
1.546000	0.034839
1.546333	0.033511
1.546667	0.035387
1.547000	0.034973
1.547333	0.034838
1.547667	0.035592
1.548000	0.034994
1.548333	0.034375
1.548667	0.033852
1.549000	0.034623
1.549333	0.034959
1.549667	0.034837
1.550000	0.035198
1.550333	0.034844
1.550667	0.035333
1.551000	0.034510
1.551333	0.034949
1.551667	0.034198
1.552000	0.033657
1.552333	0.034745
1.552667	0.035164
1.553000	0.034585
1.553333	0.034398
1.553667	0.034799
1.554000	0.034746
1.554333	0.034664
1.554667	0.034856
1.555000	0.034856
1.555333	0.035802
1.555667	0.035128
1.556000	0.035164
1.556333	0.034740
1.556667	0.035216
1.557000	0.034552
1.557333	0.034708
1.557667	0.034610
1.558000	0.035497
1.558333	0.035312
1.558667	0.034477
1.559000	0.035760
1.559333	0.033919
1.559667	0.034551
1.560000	0.035004
1.560333	0.034640
1.560667	0.035400
1.561000	0.035860
1.561333	0.035080
1.561667	0.034465
1.562000	0.034933
1.562333	0.035816
1.562667	0.034830
1.563000	0.035195
1.563333	0.034813
1.563667	0.034324
1.564000	0.034932
1.564333	0.035206
1.564667	0.035592
1.565000	0.035540
1.565333	0.034571
1.565667	0.034880
1.566000	0.034620
1.566333	0.034767
1.566667	0.035175
1.567000	0.035379
1.567333	0.034474
1.567667	0.034586
1.568000	0.035066
1.568333	0.034915
1.568667	0.034714
1.569000	0.034823
1.569333	0.035012
1.569667	0.035166
1.570000	0.034320
1.570333	0.034396
1.570667	0.035468
1.571000	0.034770
1.571333	0.034844
1.571667	0.034961
1.572000	0.035396
1.572333	0.035195
1.572667	0.034982
1.573000	0.034842
1.573333	0.035091
1.573667	0.035890
1.574000	0.034852
1.574333	0.034641
1.574667	0.034950
1.575000	0.034772
1.575333	0.034072
1.575667	0.034531
1.576000	0.035583
1.576333	0.034277
1.576667	0.035094
1.577000	0.034713
1.577333	0.034921
1.577667	0.035177
1.578000	0.035582
1.578333	0.034274
1.578667	0.034465
1.579000	0.034592
1.579333	0.034399
1.579667	0.035480
1.580000	0.034528
1.580333	0.033970
1.580667	0.034646
1.581000	0.034863
1.581333	0.036924
1.581667	0.036137
1.582000	0.040455
1.582333	0.045284
1.582667	0.050134
1.583000	0.053374
1.583333	0.057612
1.583667	0.062817
1.584000	0.067635
1.584333	0.073473
1.584667	0.078154
1.585000	0.079675
1.585333	0.078792
1.585667	0.078155
1.586000	0.079219
1.586333	0.077740
1.586667	0.076558
1.587000	0.078029
1.587333	0.077019
1.587667	0.077670
1.588000	0.076576
1.588333	0.077791
1.588667	0.077878
1.589000	0.075758
1.589333	0.076355
1.589667	0.074711
1.590000	0.073722
1.590333	0.071098
1.590667	0.070206
1.591000	0.069299
1.591333	0.069303
1.591667	0.070625
1.592000	0.071726
1.592333	0.070577
1.592667	0.070329
1.593000	0.070000
1.593333	0.070185
1.593667	0.071935
1.594000	0.072327
1.594333	0.071972
1.594667	0.070027
1.595000	0.069843
1.595333	0.067434
1.595667	0.067101
1.596000	0.067521
1.596333	0.068440
1.596667	0.066969
1.597000	0.066197
1.597333	0.066483
1.597667	0.065988
1.598000	0.063926
1.598333	0.064135
1.598667	0.062709
1.599000	0.061892
1.599333	0.061404
1.599667	0.061419
1.600000	0.060036
1.600333	0.058901
1.600667	0.058656
1.601000	0.057916
1.601333	0.058482
1.601667	0.057501
1.602000	0.056949
1.602333	0.058019
1.602667	0.056922
1.603000	0.056171
1.603333	0.056158
1.603667	0.057133
1.604000	0.059471
1.604333	0.064608
1.604667	0.067168
1.605000	0.067928
1.605333	0.067971
1.605667	0.067732
1.606000	0.068212
1.606333	0.067362
1.606667	0.068093
1.607000	0.066938
1.607333	0.068248
1.607667	0.069403
1.608000	0.069561
1.608333	0.068903
1.608667	0.067838
1.609000	0.066167
1.609333	0.066509
1.609667	0.065319
1.610000	0.064197
1.610333	0.063287
1.610667	0.062291
1.611000	0.061606
1.611333	0.061841
1.611667	0.060722
1.612000	0.059848
1.612333	0.059049
1.612667	0.057836
1.613000	0.058040
1.613333	0.056983
1.613667	0.056977
1.614000	0.055784
1.614333	0.056007
1.614667	0.055062
1.615000	0.053571
1.615333	0.054629
1.615667	0.057073
1.616000	0.060258
1.616333	0.064635
1.616667	0.065347
1.617000	0.065690
1.617333	0.065247
1.617667	0.064806
1.618000	0.063176
1.618333	0.063420
1.618667	0.062791
1.619000	0.062669
1.619333	0.061551
1.619667	0.060319
1.620000	0.059696
1.620333	0.059364
1.620667	0.059555
1.621000	0.058135
1.621333	0.057747
1.621667	0.058217
1.622000	0.058901
1.622333	0.057885
1.622667	0.057284
1.623000	0.056901
1.623333	0.056237
1.623667	0.055265
1.624000	0.054515
1.624333	0.055810
1.624667	0.059587
1.625000	0.063003
1.625333	0.063875
1.625667	0.064602
1.626000	0.064408
1.626333	0.063353
1.626667	0.063643
1.627000	0.064886
1.627333	0.064454
1.627667	0.063457
1.628000	0.063696
1.628333	0.062766
1.628667	0.064583
1.629000	0.063441
1.629333	0.064993
1.629667	0.067481
1.630000	0.070762
1.630333	0.071491
1.630667	0.071810
1.631000	0.070172
1.631333	0.070009
1.631667	0.069626
1.632000	0.067707
1.632333	0.065943
1.632667	0.065194
1.633000	0.065326
1.633333	0.064525
1.633667	0.064766
1.634000	0.063300
1.634333	0.064068
1.634667	0.062977
1.635000	0.062071
1.635333	0.060341
1.635667	0.059398
1.636000	0.058650
1.636333	0.058485
1.636667	0.057649
1.637000	0.056901
1.637333	0.056422
1.637667	0.055624
1.638000	0.054772
1.638333	0.055641
1.638667	0.055141
1.639000	0.055537
1.639333	0.056569
1.639667	0.058242
1.640000	0.059289
1.640333	0.059558
1.640667	0.059876
1.641000	0.059391
1.641333	0.061682
1.641667	0.061605
1.642000	0.062173
1.642333	0.063571
1.642667	0.063143
1.643000	0.064491
1.643333	0.063785
1.643667	0.063364
1.644000	0.062090
1.644333	0.060553
1.644667	0.061193
1.645000	0.059756
1.645333	0.059247
1.645667	0.059781
1.646000	0.059602
1.646333	0.060275
1.646667	0.058347
1.647000	0.057792
1.647333	0.057867
1.647667	0.056401
1.648000	0.056771
1.648333	0.057641
1.648667	0.056875
1.649000	0.055777
1.649333	0.056241
1.649667	0.057018
1.650000	0.059206
1.650333	0.062969
1.650667	0.064480
1.651000	0.064246
1.651333	0.066674
1.651667	0.066773
1.652000	0.065837
1.652333	0.064751
1.652667	0.064255
1.653000	0.062773
1.653333	0.062394
1.653667	0.060807
1.654000	0.059613
1.654333	0.059391
1.654667	0.058125
1.655000	0.059678
1.655333	0.063719
1.655667	0.066571
1.656000	0.066972
1.656333	0.068453
1.656667	0.068348
1.657000	0.067651
1.657333	0.068219
1.657667	0.066030
1.658000	0.065292
1.658333	0.063625
1.658667	0.062677
1.659000	0.061689
1.659333	0.061466
1.659667	0.060111
1.660000	0.059185
1.660333	0.058480
1.660667	0.057819
1.661000	0.057022
1.661333	0.056408
1.661667	0.053985
1.662000	0.055406
1.662333	0.054409
1.662667	0.054235
1.663000	0.052786
1.663333	0.052797
1.663667	0.052677
1.664000	0.052329
1.664333	0.051233
1.664667	0.051065
1.665000	0.050460
1.665333	0.050226
1.665667	0.051152
1.666000	0.050250
1.666333	0.049095
1.666667	0.048791
1.667000	0.048235
1.667333	0.048227
1.667667	0.047693
1.668000	0.048023
1.668333	0.047258
1.668667	0.047753
1.669000	0.047065
1.669333	0.046652
1.669667	0.047516
1.670000	0.047913
1.670333	0.048113
1.670667	0.048084
1.671000	0.048945
1.671333	0.048549
1.671667	0.047952
1.672000	0.048250
1.672333	0.048844
1.672667	0.047671
1.673000	0.046745
1.673333	0.047109
1.673667	0.047277
1.674000	0.045883
1.674333	0.046338
1.674667	0.044961
1.675000	0.045190
1.675333	0.045966
1.675667	0.045042
1.676000	0.044121
1.676333	0.045195
1.676667	0.045340
1.677000	0.044400
1.677333	0.044265
1.677667	0.043105
1.678000	0.043528
1.678333	0.043640
1.678667	0.043823
1.679000	0.044062
1.679333	0.043095
1.679667	0.042282
1.680000	0.042492
1.680333	0.042316
1.680667	0.042636
1.681000	0.042409
1.681333	0.041695
1.681667	0.042619
1.682000	0.042417
1.682333	0.041009
1.682667	0.041704
1.683000	0.042481
1.683333	0.041334
1.683667	0.041044
1.684000	0.041394
1.684333	0.041081
1.684667	0.041050
1.685000	0.040564
1.685333	0.041458
1.685667	0.041088
1.686000	0.040744
1.686333	0.040618
1.686667	0.041202
1.687000	0.040747
1.687333	0.041126
1.687667	0.039887
1.688000	0.040250
1.688333	0.040352
1.688667	0.039894
1.689000	0.039356
1.689333	0.040137
1.689667	0.040014
1.690000	0.040044
1.690333	0.039609
1.690667	0.039573
1.691000	0.039426
1.691333	0.039215
1.691667	0.039816
1.692000	0.039417
1.692333	0.038954
1.692667	0.038850
1.693000	0.038846
1.693333	0.038653
1.693667	0.038526
1.694000	0.039680
1.694333	0.038668
1.694667	0.038790
1.695000	0.038322
1.695333	0.038647
1.695667	0.038435
1.696000	0.038658
1.696333	0.039279
1.696667	0.038393
1.697000	0.038191
1.697333	0.038490
1.697667	0.037883
1.698000	0.038784
1.698333	0.038880
1.698667	0.037743
1.699000	0.038913
1.699333	0.038743
1.699667	0.037949
1.700000	0.038709
1.700333	0.037474
1.700667	0.037829
1.701000	0.038580
1.701333	0.038676
1.701667	0.038071
1.702000	0.039019
1.702333	0.038192
1.702667	0.038286
1.703000	0.038651
1.703333	0.038696
1.703667	0.038718
1.704000	0.039487
1.704333	0.038731
1.704667	0.038282
1.705000	0.038325
1.705333	0.038377
1.705667	0.037935
1.706000	0.037920
1.706333	0.038078
1.706667	0.038353
1.707000	0.037520
1.707333	0.038769
1.707667	0.038620
1.708000	0.038060
1.708333	0.038479
1.708667	0.037547
1.709000	0.038264
1.709333	0.037891
1.709667	0.037631
1.710000	0.037318
1.710333	0.037522
1.710667	0.038157
1.711000	0.037259
1.711333	0.038020
1.711667	0.037082
1.712000	0.037530
1.712333	0.037002
1.712667	0.037169
1.713000	0.038114
1.713333	0.037672
1.713667	0.037715
1.714000	0.037957
1.714333	0.038244
1.714667	0.037948
1.715000	0.037753
1.715333	0.036984
1.715667	0.037639
1.716000	0.037106
1.716333	0.038151
1.716667	0.037461
1.717000	0.037823
1.717333	0.038167
1.717667	0.038787
1.718000	0.037817
1.718333	0.037574
1.718667	0.037762
1.719000	0.037985
1.719333	0.038073
1.719667	0.037057
1.720000	0.038109
1.720333	0.038004
1.720667	0.037394
1.721000	0.038164
1.721333	0.038679
1.721667	0.037797
1.722000	0.037513
1.722333	0.038713
1.722667	0.038421
1.723000	0.038101
1.723333	0.038019
1.723667	0.038867
1.724000	0.039729
1.724333	0.039117
1.724667	0.038885
1.725000	0.039127
1.725333	0.038917
1.725667	0.039095
1.726000	0.039172
1.726333	0.038657
1.726667	0.038376
1.727000	0.039411
1.727333	0.039176
1.727667	0.039392
1.728000	0.039127
1.728333	0.038681
1.728667	0.039277
1.729000	0.039403
1.729333	0.039168
1.729667	0.039567
1.730000	0.038583
1.730333	0.037549
1.730667	0.038693
1.731000	0.039667
1.731333	0.038555
1.731667	0.038209
1.732000	0.038594
1.732333	0.037583
1.732667	0.037350
1.733000	0.037486
1.733333	0.038066
1.733667	0.038044
1.734000	0.037047
1.734333	0.038219
1.734667	0.037027
1.735000	0.038105
1.735333	0.037074
1.735667	0.037154
1.736000	0.037695
1.736333	0.037735
1.736667	0.036707
1.737000	0.038423
1.737333	0.036818
1.737667	0.036617
1.738000	0.037602
1.738333	0.038132
1.738667	0.037696
1.739000	0.037271
1.739333	0.036513
1.739667	0.036920
1.740000	0.036742
1.740333	0.036908
1.740667	0.036565
1.741000	0.037597
1.741333	0.037309
1.741667	0.036891
1.742000	0.036760
1.742333	0.036617
1.742667	0.036912
1.743000	0.036635
1.743333	0.037096
1.743667	0.037003
1.744000	0.036647
1.744333	0.037239
1.744667	0.037011
1.745000	0.036915
1.745333	0.036820
1.745667	0.036889
1.746000	0.037157
1.746333	0.036609
1.746667	0.036158
1.747000	0.036436
1.747333	0.036826
1.747667	0.036854
1.748000	0.036081
1.748333	0.036946
1.748667	0.036406
1.749000	0.035833
1.749333	0.037025
1.749667	0.036779
1.750000	0.035947
1.750333	0.035825
1.750667	0.035713
1.751000	0.036551
1.751333	0.035988
1.751667	0.035856
1.752000	0.035263
1.752333	0.036488
1.752667	0.035554
1.753000	0.035716
1.753333	0.035176
1.753667	0.036288
1.754000	0.034719
1.754333	0.035505
1.754667	0.035112
1.755000	0.035000
1.755333	0.034264
1.755667	0.035379
1.756000	0.034574
1.756333	0.034971
1.756667	0.035250
1.757000	0.033484
1.757333	0.034588
1.757667	0.034586
1.758000	0.034996
1.758333	0.034607
1.758667	0.034598
1.759000	0.034054
1.759333	0.034879
1.759667	0.034554
1.760000	0.034734
1.760333	0.034002
1.760667	0.034634
1.761000	0.034478
1.761333	0.034827
1.761667	0.034573
1.762000	0.034661
1.762333	0.033950
1.762667	0.035365
1.763000	0.033797
1.763333	0.034155
1.763667	0.034199
1.764000	0.034174
1.764333	0.034105
1.764667	0.033341
1.765000	0.033475
1.765333	0.033654
1.765667	0.033498
1.766000	0.034240
1.766333	0.034218
1.766667	0.033103
1.767000	0.033916
1.767333	0.033047
1.767667	0.033725
1.768000	0.033508
1.768333	0.032889
1.768667	0.033158
1.769000	0.032470
1.769333	0.032827
1.769667	0.033021
1.770000	0.033532
1.770333	0.033027
1.770667	0.031804
1.771000	0.033135
1.771333	0.032977
1.771667	0.033737
1.772000	0.032594
1.772333	0.032822
1.772667	0.031923
1.773000	0.033038
1.773333	0.032142
1.773667	0.032021
1.774000	0.032937
1.774333	0.032440
1.774667	0.032816
1.775000	0.033973
1.775333	0.032761
1.775667	0.032662
1.776000	0.033672
1.776333	0.032561
1.776667	0.032179
1.777000	0.032155
1.777333	0.032551
1.777667	0.032929
1.778000	0.032063
1.778333	0.032128
1.778667	0.032431
1.779000	0.032069
1.779333	0.032518
1.779667	0.032347
1.780000	0.031828
1.780333	0.031634
1.780667	0.032790
1.781000	0.031930
1.781333	0.032294
1.781667	0.032136
1.782000	0.031969
1.782333	0.031813
1.782667	0.031624
1.783000	0.031799
1.783333	0.032164
1.783667	0.032101
1.784000	0.031634
1.784333	0.031426
1.784667	0.032541
1.785000	0.031047
1.785333	0.031520
1.785667	0.031867
1.786000	0.031709
1.786333	0.030957
1.786667	0.032748
1.787000	0.031630
1.787333	0.031691
1.787667	0.031912
1.788000	0.031208
1.788333	0.031632
1.788667	0.031935
1.789000	0.031781
1.789333	0.032819
1.789667	0.031499
1.790000	0.031753
1.790333	0.032145
1.790667	0.031895
1.791000	0.031622
1.791333	0.031416
1.791667	0.032224
1.792000	0.031330
1.792333	0.032307
1.792667	0.031646
1.793000	0.031231
1.793333	0.031966
1.793667	0.032365
1.794000	0.031239
1.794333	0.032069
1.794667	0.032066
1.795000	0.031370
1.795333	0.031254
1.795667	0.031193
1.796000	0.032183
1.796333	0.031446
1.796667	0.031720
1.797000	0.031969
1.797333	0.030726
1.797667	0.031248
1.798000	0.031439
1.798333	0.032298
1.798667	0.032169
1.799000	0.031366
1.799333	0.031577
1.799667	0.031957
1.800000	0.030775
1.800333	0.031762
1.800667	0.031389
1.801000	0.031244
1.801333	0.032046
1.801667	0.031303
1.802000	0.030919
1.802333	0.030824
1.802667	0.032091
1.803000	0.031739
1.803333	0.030343
1.803667	0.032166
1.804000	0.032380
1.804333	0.031473
1.804667	0.031464
1.805000	0.031030
1.805333	0.031186
1.805667	0.032081
1.806000	0.031050
1.806333	0.031870
1.806667	0.030733
1.807000	0.031673
1.807333	0.031646
1.807667	0.031842
1.808000	0.032214
1.808333	0.031472
1.808667	0.030927
1.809000	0.030814
1.809333	0.031660
1.809667	0.031837
1.810000	0.031117
1.810333	0.031529
1.810667	0.031423
1.811000	0.031334
1.811333	0.031072
1.811667	0.031655
1.812000	0.031968
1.812333	0.030963
1.812667	0.030479
1.813000	0.031778
1.813333	0.031542
1.813667	0.030973
1.814000	0.031524
1.814333	0.032154
1.814667	0.031306
1.815000	0.031673
1.815333	0.030988
1.815667	0.032088
1.816000	0.031105
1.816333	0.030953
1.816667	0.030954
1.817000	0.031952
1.817333	0.031934
1.817667	0.030805
1.818000	0.031083
1.818333	0.031640
1.818667	0.031640
1.819000	0.031801
1.819333	0.030823
1.819667	0.031548
1.820000	0.031273
1.820333	0.031503
1.820667	0.032254
1.821000	0.032871
1.821333	0.031985
1.821667	0.032590
1.822000	0.033203
1.822333	0.032596
1.822667	0.033060
1.823000	0.035687
1.823333	0.043448
1.823667	0.053588
1.824000	0.059014
1.824333	0.065338
1.824667	0.067574
1.825000	0.071174
1.825333	0.076232
1.825667	0.078531
1.826000	0.078710
1.826333	0.080191
1.826667	0.079224
1.827000	0.076529
1.827333	0.075533
1.827667	0.075522
1.828000	0.075115
1.828333	0.075320
1.828667	0.074981
1.829000	0.074852
1.829333	0.076091
1.829667	0.074769
1.830000	0.074208
1.830333	0.073127
1.830667	0.071448
1.831000	0.070539
1.831333	0.068615
1.831667	0.066631
1.832000	0.065647
1.832333	0.065024
1.832667	0.064428
1.833000	0.063845
1.833333	0.064267
1.833667	0.064582
1.834000	0.062838
1.834333	0.062447
1.834667	0.060954
1.835000	0.060530
1.835333	0.059679
1.835667	0.059312
1.836000	0.060158
1.836333	0.062230
1.836667	0.065734
1.837000	0.069608
1.837333	0.072775
1.837667	0.073232
1.838000	0.073878
1.838333	0.071611
1.838667	0.071038
1.839000	0.070954
1.839333	0.071130
1.839667	0.072833
1.840000	0.073765
1.840333	0.075091
1.840667	0.074778
1.841000	0.074145
1.841333	0.072708
1.841667	0.070964
1.842000	0.070091
1.842333	0.068191
1.842667	0.067953
1.843000	0.068409
1.843333	0.068659
1.843667	0.069899
1.844000	0.069046
1.844333	0.068186
1.844667	0.066788
1.845000	0.065811
1.845333	0.064470
1.845667	0.063461
1.846000	0.063371
1.846333	0.062966
1.846667	0.061893
1.847000	0.062282
1.847333	0.060516
1.847667	0.059747
1.848000	0.058405
1.848333	0.058245
1.848667	0.057342
1.849000	0.056926
1.849333	0.057085
1.849667	0.056068
1.850000	0.055158
1.850333	0.054199
1.850667	0.053842
1.851000	0.054138
1.851333	0.052294
1.851667	0.052109
1.852000	0.052266
1.852333	0.052182
1.852667	0.050644
1.853000	0.050723
1.853333	0.049621
1.853667	0.049949
1.854000	0.048998
1.854333	0.048281
1.854667	0.047918
1.855000	0.048225
1.855333	0.047872
1.855667	0.047448
1.856000	0.047149
1.856333	0.046028
1.856667	0.046203
1.857000	0.046180
1.857333	0.045636
1.857667	0.044481
1.858000	0.044598
1.858333	0.044044
1.858667	0.045147
1.859000	0.043618
1.859333	0.043596
1.859667	0.043181
1.860000	0.042279
1.860333	0.041390
1.860667	0.041542
1.861000	0.041594
1.861333	0.042055
1.861667	0.041168
1.862000	0.040927
1.862333	0.040251
1.862667	0.040657
1.863000	0.039769
1.863333	0.040745
1.863667	0.039727
1.864000	0.039171
1.864333	0.039383
1.864667	0.039686
1.865000	0.038185
1.865333	0.039023
1.865667	0.038833
1.866000	0.038025
1.866333	0.038399
1.866667	0.037516
1.867000	0.037498
1.867333	0.036569
1.867667	0.036470
1.868000	0.038046
1.868333	0.036650
1.868667	0.035760
1.869000	0.036363
1.869333	0.036150
1.869667	0.036357
1.870000	0.036078
1.870333	0.037062
1.870667	0.036557
1.871000	0.035902
1.871333	0.035694
1.871667	0.036037
1.872000	0.036684
1.872333	0.036031
1.872667	0.034442
1.873000	0.036729
1.873333	0.038457
1.873667	0.039175
1.874000	0.041610
1.874333	0.047977
1.874667	0.052039
1.875000	0.056801
1.875333	0.062184
1.875667	0.066397
1.876000	0.067938
1.876333	0.069867
1.876667	0.068522
1.877000	0.069404
1.877333	0.070539
1.877667	0.072696
1.878000	0.074255
1.878333	0.072604
1.878667	0.073450
1.879000	0.069607
1.879333	0.068873
1.879667	0.068761
1.880000	0.067012
1.880333	0.066976
1.880667	0.066158
1.881000	0.064402
1.881333	0.064032
1.881667	0.064424
1.882000	0.064028
1.882333	0.063262
1.882667	0.062052
1.883000	0.061631
1.883333	0.060172
1.883667	0.058954
1.884000	0.058405
1.884333	0.061185
1.884667	0.064418
1.885000	0.066217
1.885333	0.068693
1.885667	0.068795
1.886000	0.068450
1.886333	0.067468
1.886667	0.065611
1.887000	0.064617
1.887333	0.063207
1.887667	0.062933
1.888000	0.061574
1.888333	0.061451
1.888667	0.061555
1.889000	0.061561
1.889333	0.060368
1.889667	0.060271
1.890000	0.061724
1.890333	0.063385
1.890667	0.064996
1.891000	0.065523
1.891333	0.066929
1.891667	0.068253
1.892000	0.068786
1.892333	0.068693
1.892667	0.067531
1.893000	0.066584
1.893333	0.064784
1.893667	0.064066
1.894000	0.062182
1.894333	0.061303
1.894667	0.059837
1.895000	0.059470
1.895333	0.058375
1.895667	0.057925
1.896000	0.059514
1.896333	0.060910
1.896667	0.062855
1.897000	0.061140
1.897333	0.062940
1.897667	0.063957
1.898000	0.062404
1.898333	0.062658
1.898667	0.063656
1.899000	0.065185
1.899333	0.067499
1.899667	0.068491
1.900000	0.069259
1.900333	0.069667
1.900667	0.067239
1.901000	0.065848
1.901333	0.065601
1.901667	0.064502
1.902000	0.063775
1.902333	0.061724
1.902667	0.061097
1.903000	0.061368
1.903333	0.059964
1.903667	0.059160
1.904000	0.057272
1.904333	0.056608
1.904667	0.055675
1.905000	0.057094
1.905333	0.059124
1.905667	0.063376
1.906000	0.064095
1.906333	0.063766
1.906667	0.063399
1.907000	0.062799
1.907333	0.060254
1.907667	0.061099
1.908000	0.060024
1.908333	0.059796
1.908667	0.059247
1.909000	0.059017
1.909333	0.056469
1.909667	0.055925
1.910000	0.054933
1.910333	0.054817
1.910667	0.053611
1.911000	0.052616
1.911333	0.053003
1.911667	0.052042
1.912000	0.050496
1.912333	0.051613
1.912667	0.050227
1.913000	0.049106
1.913333	0.049674
1.913667	0.049085
1.914000	0.047473
1.914333	0.047996
1.914667	0.047528
1.915000	0.046870
1.915333	0.047035
1.915667	0.048760
1.916000	0.051202
1.916333	0.054878
1.916667	0.056629
1.917000	0.058872
1.917333	0.060967
1.917667	0.061879
1.918000	0.061468
1.918333	0.064104
1.918667	0.064077
1.919000	0.064616
1.919333	0.063853
1.919667	0.064184
1.920000	0.064228
1.920333	0.062956
1.920667	0.063052
1.921000	0.061422
1.921333	0.061658
1.921667	0.061039
1.922000	0.061525
1.922333	0.062439
1.922667	0.061895
1.923000	0.061570
1.923333	0.060165
1.923667	0.059681
1.924000	0.059627
1.924333	0.060464
1.924667	0.059141
1.925000	0.058803
1.925333	0.059114
1.925667	0.058878
1.926000	0.057578
1.926333	0.057549
1.926667	0.056286
1.927000	0.055769
1.927333	0.054279
1.927667	0.054331
1.928000	0.054021
1.928333	0.054470
1.928667	0.055004
1.929000	0.055193
1.929333	0.055597
1.929667	0.055063
1.930000	0.056283
1.930333	0.057199
1.930667	0.057860
1.931000	0.057927
1.931333	0.056492
1.931667	0.056479
1.932000	0.056734
1.932333	0.056874
1.932667	0.057546
1.933000	0.057743
1.933333	0.057492
1.933667	0.057206
1.934000	0.056933
1.934333	0.056149
1.934667	0.055375
1.935000	0.055982
1.935333	0.054259
1.935667	0.054037
1.936000	0.053685
1.936333	0.050837
1.936667	0.050973
1.937000	0.051429
1.937333	0.050043
1.937667	0.049798
1.938000	0.048808
1.938333	0.048047
1.938667	0.048116
1.939000	0.047296
1.939333	0.047269
1.939667	0.046563
1.940000	0.045727
1.940333	0.045280
1.940667	0.045718
1.941000	0.044353
1.941333	0.045228
1.941667	0.044464
1.942000	0.044753
1.942333	0.044471
1.942667	0.043356
1.943000	0.043358
1.943333	0.042882
1.943667	0.043048
1.944000	0.042311
1.944333	0.042203
1.944667	0.041988
1.945000	0.041809
1.945333	0.041744
1.945667	0.041249
1.946000	0.040792
1.946333	0.041523
1.946667	0.040276
1.947000	0.040071
1.947333	0.040461
1.947667	0.040609
1.948000	0.039813
1.948333	0.039619
1.948667	0.040242
1.949000	0.039430
1.949333	0.038709
1.949667	0.038858
1.950000	0.038591
1.950333	0.039106
1.950667	0.038566
1.951000	0.038031
1.951333	0.037080
1.951667	0.037739
1.952000	0.037073
1.952333	0.037921
1.952667	0.036888
1.953000	0.036808
1.953333	0.036941
1.953667	0.037131
1.954000	0.036042
1.954333	0.036273
1.954667	0.036426
1.955000	0.036924
1.955333	0.036379
1.955667	0.035761
1.956000	0.035684
1.956333	0.035157
1.956667	0.035543
1.957000	0.035041
1.957333	0.034978
1.957667	0.034803
1.958000	0.033992
1.958333	0.034797
1.958667	0.034988
1.959000	0.034647
1.959333	0.035088
1.959667	0.034383
1.960000	0.033802
1.960333	0.034138
1.960667	0.034517
1.961000	0.033684
1.961333	0.033568
1.961667	0.033115
1.962000	0.033240
1.962333	0.033489
1.962667	0.033203
1.963000	0.033993
1.963333	0.033094
1.963667	0.033326
1.964000	0.033509
1.964333	0.032123
1.964667	0.032990
1.965000	0.032453
1.965333	0.033449
1.965667	0.032747
1.966000	0.032480
1.966333	0.032839
1.966667	0.031744
1.967000	0.032768
1.967333	0.031269
1.967667	0.032121
1.968000	0.032232
1.968333	0.032666
1.968667	0.031716
1.969000	0.030829
1.969333	0.032078
1.969667	0.030725
1.970000	0.031679
1.970333	0.031772
1.970667	0.030967
1.971000	0.032161
1.971333	0.031677
1.971667	0.031360
1.972000	0.031199
1.972333	0.031441
1.972667	0.031437
1.973000	0.030906
1.973333	0.030307
1.973667	0.030127
1.974000	0.029692
1.974333	0.031041
1.974667	0.029780
1.975000	0.030345
1.975333	0.031094
1.975667	0.030264
1.976000	0.030808
1.976333	0.029401
1.976667	0.030431
1.977000	0.029943
1.977333	0.029741
1.977667	0.029888
1.978000	0.028752
1.978333	0.029568
1.978667	0.029917
1.979000	0.029213
1.979333	0.029221
1.979667	0.029442
1.980000	0.029846
1.980333	0.029227
1.980667	0.029341
1.981000	0.028806
1.981333	0.029634
1.981667	0.029041
1.982000	0.029442
1.982333	0.029057
1.982667	0.029039
1.983000	0.028976
1.983333	0.028528
1.983667	0.029042
1.984000	0.028634
1.984333	0.028466
1.984667	0.028826
1.985000	0.029175
1.985333	0.028759
1.985667	0.028456
1.986000	0.029010
1.986333	0.028227
1.986667	0.027992
1.987000	0.028757
1.987333	0.028671
1.987667	0.028881
1.988000	0.028775
1.988333	0.027882
1.988667	0.027753
1.989000	0.028547
1.989333	0.028099
1.989667	0.027635
1.990000	0.027507
1.990333	0.028010
1.990667	0.027889
1.991000	0.027920
1.991333	0.027103
1.991667	0.027553
1.992000	0.027501
1.992333	0.028107
1.992667	0.028198
1.993000	0.027729
1.993333	0.028483
1.993667	0.027159
1.994000	0.027818
1.994333	0.027417
1.994667	0.027073
1.995000	0.027386
1.995333	0.028010
1.995667	0.026639
1.996000	0.027133
1.996333	0.027711
1.996667	0.027799
1.997000	0.027199
1.997333	0.027428
1.997667	0.026678
1.998000	0.027070
1.998333	0.027524
1.998667	0.027423
1.999000	0.026790
1.999333	0.027647
1.999667	0.027068
2.000000	0.026429
2.000333	0.029903
2.000667	0.030497
2.001000	0.029788
2.001333	0.030301
2.001667	0.030677
2.002000	0.031056
2.002333	0.030544
2.002667	0.029209
2.003000	0.030094
2.003333	0.030234
2.003667	0.029710
2.004000	0.029649
2.004333	0.030208
2.004667	0.030094
2.005000	0.030199
2.005333	0.029755
2.005667	0.029389
2.006000	0.030366
2.006333	0.029982
2.006667	0.028961
2.007000	0.028968
2.007333	0.029429
2.007667	0.028609
2.008000	0.029986
2.008333	0.029450
2.008667	0.029529
2.009000	0.029087
2.009333	0.029405
2.009667	0.029169
2.010000	0.029242
2.010333	0.029619
2.010667	0.028496
2.011000	0.029088
2.011333	0.028976
2.011667	0.028376
2.012000	0.028724
2.012333	0.027944
2.012667	0.028465
2.013000	0.029390
2.013333	0.028827
2.013667	0.028844
2.014000	0.028989
2.014333	0.028888
2.014667	0.028843
2.015000	0.029001
2.015333	0.028243
2.015667	0.028634
2.016000	0.028743
2.016333	0.028326
2.016667	0.028991
2.017000	0.028110
2.017333	0.027563
2.017667	0.027905
2.018000	0.029034
2.018333	0.028101
2.018667	0.028374
2.019000	0.028708
2.019333	0.027410
2.019667	0.027990
2.020000	0.027721
2.020333	0.028951
2.020667	0.028084
2.021000	0.027106
2.021333	0.027833
2.021667	0.028483
2.022000	0.027398
2.022333	0.027914
2.022667	0.027244
2.023000	0.028119
2.023333	0.027915
2.023667	0.027141
2.024000	0.027212
2.024333	0.027485
2.024667	0.028484
2.025000	0.027598
2.025333	0.027658
2.025667	0.028086
2.026000	0.027730
2.026333	0.027282
2.026667	0.027466
2.027000	0.026907
2.027333	0.027210
2.027667	0.028586
2.028000	0.028155
2.028333	0.027658
2.028667	0.027957
2.029000	0.027419
2.029333	0.027567
2.029667	0.027398
2.030000	0.028005
2.030333	0.027678
2.030667	0.027753
2.031000	0.027019
2.031333	0.027569
2.031667	0.027958
2.032000	0.027694
2.032333	0.027575
2.032667	0.028202
2.033000	0.026837
2.033333	0.026688
2.033667	0.027108
2.034000	0.027700
2.034333	0.027283
2.034667	0.026392
2.035000	0.027327
2.035333	0.027622
2.035667	0.027779
2.036000	0.027892
2.036333	0.026736
2.036667	0.027207
2.037000	0.027608
2.037333	0.026555
2.037667	0.026477
2.038000	0.027432
2.038333	0.027145
2.038667	0.027127
2.039000	0.026720
2.039333	0.027596
2.039667	0.027155
2.040000	0.027218
2.040333	0.027523
2.040667	0.027480
2.041000	0.026698
2.041333	0.027294
2.041667	0.027143
2.042000	0.026270
2.042333	0.026232
2.042667	0.026356
2.043000	0.026241
2.043333	0.026756
2.043667	0.026732
2.044000	0.026860
2.044333	0.026926
2.044667	0.027380
2.045000	0.027725
2.045333	0.027581
2.045667	0.026679
2.046000	0.026818
2.046333	0.026301
2.046667	0.027129
2.047000	0.027406
2.047333	0.027631
2.047667	0.027113
2.048000	0.026261
2.048333	0.027210
2.048667	0.026720
2.049000	0.026954
2.049333	0.027359
2.049667	0.026786
2.050000	0.026958
2.050333	0.026743
2.050667	0.027150
2.051000	0.026754
2.051333	0.026356
2.051667	0.026488
2.052000	0.026237
2.052333	0.026377
2.052667	0.026856
2.053000	0.027340
2.053333	0.026945
2.053667	0.026114
2.054000	0.026401
2.054333	0.026837
2.054667	0.026859
2.055000	0.025950
2.055333	0.025697
2.055667	0.026043
2.056000	0.027055
2.056333	0.026002
2.056667	0.026734
2.057000	0.025497
2.057333	0.026393
2.057667	0.026066
2.058000	0.025932
2.058333	0.025190
2.058667	0.025748
2.059000	0.025879
2.059333	0.026237
2.059667	0.026330
2.060000	0.026465
2.060333	0.026032
2.060667	0.026444
2.061000	0.025834
2.061333	0.025009
2.061667	0.025625
2.062000	0.025564
2.062333	0.025233
2.062667	0.025286
2.063000	0.026674
2.063333	0.025886
2.063667	0.025652
2.064000	0.025214
2.064333	0.025718
2.064667	0.025346
2.065000	0.025052
2.065333	0.025685
2.065667	0.025534
2.066000	0.025397
2.066333	0.026228
2.066667	0.025013
2.067000	0.025422
2.067333	0.025213
2.067667	0.024937
2.068000	0.024339
2.068333	0.024897
2.068667	0.024957
2.069000	0.025269
2.069333	0.024784
2.069667	0.024590
2.070000	0.025678
2.070333	0.025389
2.070667	0.025471
2.071000	0.024804
2.071333	0.024518
2.071667	0.024596
2.072000	0.025147
2.072333	0.025018
2.072667	0.024867
2.073000	0.024970
2.073333	0.023894
2.073667	0.025003
2.074000	0.024413
2.074333	0.025082
2.074667	0.024935
2.075000	0.024385
2.075333	0.025028
2.075667	0.025011
2.076000	0.024645
2.076333	0.024675
2.076667	0.024641
2.077000	0.024712
2.077333	0.024753
2.077667	0.024347
2.078000	0.025177
2.078333	0.025907
2.078667	0.027306
2.079000	0.032762
2.079333	0.043922
2.079667	0.053487
2.080000	0.055843
2.080333	0.057499
2.080667	0.060554
2.081000	0.061136
2.081333	0.061237
2.081667	0.061540
2.082000	0.059570
2.082333	0.058286
2.082667	0.057120
2.083000	0.055652
2.083333	0.057265
2.083667	0.063625
2.084000	0.068857
2.084333	0.069409
2.084667	0.065813
2.085000	0.063345
2.085333	0.062068
2.085667	0.059307
2.086000	0.058849
2.086333	0.056350
2.086667	0.055259
2.087000	0.054206
2.087333	0.053268
2.087667	0.051580
2.088000	0.052610
2.088333	0.058552
2.088667	0.067217
2.089000	0.070654
2.089333	0.072001
2.089667	0.070016
2.090000	0.067864
2.090333	0.066347
2.090667	0.063224
2.091000	0.061683
2.091333	0.060489
2.091667	0.059054
2.092000	0.057847
2.092333	0.058672
2.092667	0.060046
2.093000	0.070274
2.093333	0.074660
2.093667	0.074747
2.094000	0.072074
2.094333	0.070131
2.094667	0.068420
2.095000	0.065021
2.095333	0.064181
2.095667	0.063241
2.096000	0.061381
2.096333	0.060996
2.096667	0.063208
2.097000	0.069445
2.097333	0.074218
2.097667	0.075087
2.098000	0.074877
2.098333	0.073173
2.098667	0.070760
2.099000	0.069715
2.099333	0.067590
2.099667	0.066558
2.100000	0.065421
2.100333	0.064647
2.100667	0.065144
2.101000	0.066372
2.101333	0.068695
2.101667	0.070714
2.102000	0.073203
2.102333	0.073852
2.102667	0.072162
2.103000	0.072035
2.103333	0.069069
2.103667	0.068138
2.104000	0.066258
2.104333	0.064118
2.104667	0.064683
2.105000	0.067129
2.105333	0.068898
2.105667	0.071067
2.106000	0.074202
2.106333	0.075820
2.106667	0.074367
2.107000	0.071883
2.107333	0.070608
2.107667	0.068930
2.108000	0.067211
2.108333	0.065938
2.108667	0.064272
2.109000	0.063139
2.109333	0.062876
2.109667	0.061738
2.110000	0.065055
2.110333	0.070834
2.110667	0.075156
2.111000	0.076845
2.111333	0.076016
2.111667	0.074383
2.112000	0.073176
2.112333	0.069707
2.112667	0.069630
2.113000	0.067189
2.113333	0.065604
2.113667	0.064635
2.114000	0.064482
2.114333	0.067906
2.114667	0.072066
2.115000	0.075701
2.115333	0.077415
2.115667	0.076281
2.116000	0.074197
2.116333	0.072791
2.116667	0.070821
2.117000	0.069755
2.117333	0.068573
2.117667	0.067894
2.118000	0.067047
2.118333	0.069597
2.118667	0.069651
2.119000	0.070909
2.119333	0.072309
2.119667	0.072933
2.120000	0.071223
2.120333	0.069351
2.120667	0.068001
2.121000	0.066811
2.121333	0.065225
2.121667	0.064242
2.122000	0.063944
2.122333	0.061821
2.122667	0.062343
2.123000	0.060477
2.123333	0.059976
2.123667	0.058983
2.124000	0.058441
2.124333	0.059278
2.124667	0.064227
2.125000	0.070847
2.125333	0.074888
2.125667	0.075173
2.126000	0.073942
2.126333	0.072017
2.126667	0.070598
2.127000	0.068992
2.127333	0.068017
2.127667	0.065163
2.128000	0.063995
2.128333	0.063173
2.128667	0.063529
2.129000	0.065635
2.129333	0.069700
2.129667	0.073021
2.130000	0.074951
2.130333	0.077176
2.130667	0.075907
2.131000	0.074130
2.131333	0.072930
2.131667	0.071541
2.132000	0.069550
2.132333	0.067869
2.132667	0.065907
2.133000	0.065752
2.133333	0.063384
2.133667	0.063467
2.134000	0.062029
2.134333	0.061020
2.134667	0.061390
2.135000	0.066287
2.135333	0.072879
2.135667	0.077371
2.136000	0.076891
2.136333	0.075687
2.136667	0.074996
2.137000	0.072546
2.137333	0.071075
2.137667	0.069021
2.138000	0.069301
2.138333	0.066978
2.138667	0.065633
2.139000	0.068189
2.139333	0.070065
2.139667	0.072305
2.140000	0.072430
2.140333	0.074598
2.140667	0.073699
2.141000	0.072746
2.141333	0.071638
2.141667	0.069382
2.142000	0.067003
2.142333	0.066235
2.142667	0.065780
2.143000	0.063921
2.143333	0.062368
2.143667	0.062679
2.144000	0.060585
2.144333	0.061007
2.144667	0.059660
2.145000	0.059775
2.145333	0.059820
2.145667	0.060850
2.146000	0.067722
2.146333	0.071326
2.146667	0.074520
2.147000	0.075845
2.147333	0.074565
2.147667	0.073428
2.148000	0.070932
2.148333	0.070371
2.148667	0.068194
2.149000	0.065898
2.149333	0.065680
2.149667	0.064110
2.150000	0.064540
2.150333	0.062260
2.150667	0.061831
2.151000	0.061541
2.151333	0.066071
2.151667	0.073621
2.152000	0.077069
2.152333	0.076416
2.152667	0.073991
2.153000	0.071257
2.153333	0.070196
2.153667	0.068694
2.154000	0.067769
2.154333	0.065769
2.154667	0.065943
2.155000	0.063478
2.155333	0.063334
2.155667	0.061663
2.156000	0.061798
2.156333	0.061472
2.156667	0.059914
2.157000	0.059257
2.157333	0.058676
2.157667	0.058741
2.158000	0.057078
2.158333	0.055949
2.158667	0.055370
2.159000	0.055328
2.159333	0.055477
2.159667	0.053902
2.160000	0.054183
2.160333	0.053661
2.160667	0.052939
2.161000	0.052345
2.161333	0.051713
2.161667	0.052363
2.162000	0.050846
2.162333	0.051760
2.162667	0.050720
2.163000	0.049713
2.163333	0.050198
2.163667	0.049023
2.164000	0.048739
2.164333	0.048466
2.164667	0.048045
2.165000	0.048759
2.165333	0.047923
2.165667	0.047249
2.166000	0.047588
2.166333	0.047464
2.166667	0.047042
2.167000	0.046608
2.167333	0.045950
2.167667	0.045967
2.168000	0.045256
2.168333	0.044818
2.168667	0.044563
2.169000	0.044632
2.169333	0.044828
2.169667	0.043985
2.170000	0.045093
2.170333	0.043947
2.170667	0.044053
2.171000	0.044011
2.171333	0.043129
2.171667	0.044253
2.172000	0.043245
2.172333	0.042626
2.172667	0.043127
2.173000	0.043074
2.173333	0.042446
2.173667	0.041717
2.174000	0.041840
2.174333	0.042675
2.174667	0.042531
2.175000	0.041186
2.175333	0.041460
2.175667	0.041342
2.176000	0.041371
2.176333	0.040543
2.176667	0.040322
2.177000	0.040077
2.177333	0.039233
2.177667	0.040888
2.178000	0.040092
2.178333	0.040693
2.178667	0.040815
2.179000	0.039804
2.179333	0.040474
2.179667	0.039874
2.180000	0.040980
2.180333	0.040120
2.180667	0.040451
2.181000	0.039651
2.181333	0.040138
2.181667	0.038801
2.182000	0.039161
2.182333	0.038793
2.182667	0.039189
2.183000	0.038453
2.183333	0.039030
2.183667	0.039985
2.184000	0.039286
2.184333	0.038963
2.184667	0.037891
2.185000	0.038882
2.185333	0.038275
2.185667	0.038287
2.186000	0.038480
2.186333	0.038358
2.186667	0.038955
2.187000	0.038804
2.187333	0.038785
2.187667	0.038743
2.188000	0.038657
2.188333	0.037869
2.188667	0.037741
2.189000	0.038334
2.189333	0.037838
2.189667	0.037716
2.190000	0.037858
2.190333	0.037497
2.190667	0.037437
2.191000	0.037572
2.191333	0.037053
2.191667	0.037773
2.192000	0.037396
2.192333	0.037141
2.192667	0.035975
2.193000	0.036852
2.193333	0.036740
2.193667	0.035658
2.194000	0.035960
2.194333	0.036186
2.194667	0.036044
2.195000	0.037239
2.195333	0.036592
2.195667	0.036514
2.196000	0.037044
2.196333	0.035857
2.196667	0.036652
2.197000	0.035804
2.197333	0.036105
2.197667	0.036496
2.198000	0.037050
2.198333	0.035994
2.198667	0.035501
2.199000	0.035944
2.199333	0.035447
2.199667	0.034863
2.200000	0.035951
2.200333	0.036008
2.200667	0.035886
2.201000	0.035504
2.201333	0.035952
2.201667	0.035066
2.202000	0.035683
2.202333	0.034223
2.202667	0.035016
2.203000	0.035308
2.203333	0.034590
2.203667	0.034216
2.204000	0.034517
2.204333	0.034825
2.204667	0.034901
2.205000	0.035748
2.205333	0.035386
2.205667	0.034155
2.206000	0.035351
2.206333	0.034777
2.206667	0.034679
2.207000	0.035026
2.207333	0.034882
2.207667	0.034291
2.208000	0.035302
2.208333	0.034739
2.208667	0.034688
2.209000	0.034163
2.209333	0.034100
2.209667	0.034543
2.210000	0.034851
2.210333	0.034036
2.210667	0.033594
2.211000	0.034527
2.211333	0.034528
2.211667	0.033072
2.212000	0.033565
2.212333	0.034038
2.212667	0.033668
2.213000	0.033843
2.213333	0.034127
2.213667	0.033627
2.214000	0.034289
2.214333	0.034491
2.214667	0.033509
2.215000	0.033080
2.215333	0.034197
2.215667	0.034184
2.216000	0.033736
2.216333	0.034146
2.216667	0.033247
2.217000	0.033665
2.217333	0.034062
2.217667	0.033310
2.218000	0.033479
2.218333	0.033194
2.218667	0.033379
2.219000	0.033860
2.219333	0.034081
2.219667	0.033505
2.220000	0.033609
2.220333	0.034276
2.220667	0.034818
2.221000	0.033541
2.221333	0.033436
2.221667	0.032717
2.222000	0.033919
2.222333	0.033773
2.222667	0.034028
2.223000	0.033290
2.223333	0.033708
2.223667	0.033737
2.224000	0.033332
2.224333	0.032681
2.224667	0.033853
2.225000	0.033783
2.225333	0.033411
2.225667	0.033085
2.226000	0.033202
2.226333	0.033693
2.226667	0.032832
2.227000	0.032733
2.227333	0.033153
2.227667	0.033064
2.228000	0.033195
2.228333	0.033037
2.228667	0.033694
2.229000	0.033300
2.229333	0.033105
2.229667	0.032551
2.230000	0.032087
2.230333	0.032568
2.230667	0.033345
2.231000	0.032650
2.231333	0.032922
2.231667	0.033249
2.232000	0.033937
2.232333	0.032288
2.232667	0.032842
2.233000	0.032054
2.233333	0.033374
2.233667	0.033619
2.234000	0.032600
2.234333	0.032210
2.234667	0.032571
2.235000	0.033035
2.235333	0.032175
2.235667	0.032224
2.236000	0.032187
2.236333	0.032690
2.236667	0.032487
2.237000	0.032057
2.237333	0.033032
2.237667	0.032725
2.238000	0.032815
2.238333	0.033242
2.238667	0.033707
2.239000	0.033735
2.239333	0.033573
2.239667	0.033295
2.240000	0.033793
2.240333	0.033061
2.240667	0.033058
2.241000	0.031746
2.241333	0.031912
2.241667	0.032330
2.242000	0.033488
2.242333	0.033276
2.242667	0.033344
2.243000	0.032512
2.243333	0.032859
2.243667	0.032221
2.244000	0.032382
2.244333	0.033309
2.244667	0.032789
2.245000	0.032970
2.245333	0.032585
2.245667	0.032948
2.246000	0.032388
2.246333	0.032557
2.246667	0.032959
2.247000	0.032922
2.247333	0.032132
2.247667	0.032926
2.248000	0.033013
2.248333	0.032071
2.248667	0.032870
2.249000	0.032522
2.249333	0.032025
2.249667	0.032642
2.250000	0.032617
2.250333	0.033239
2.250667	0.032092
2.251000	0.032848
2.251333	0.033029
2.251667	0.033396
2.252000	0.033295
2.252333	0.032772
2.252667	0.032260
2.253000	0.032337
2.253333	0.033431
2.253667	0.031950
2.254000	0.032186
2.254333	0.031883
2.254667	0.032296
2.255000	0.032284
2.255333	0.032786
2.255667	0.031924
2.256000	0.032596
2.256333	0.032466
2.256667	0.033399
2.257000	0.032330
2.257333	0.032607
2.257667	0.032396
2.258000	0.032555
2.258333	0.032586
2.258667	0.032083
2.259000	0.031945
2.259333	0.032144
2.259667	0.032304
2.260000	0.032293
2.260333	0.031581
2.260667	0.032160
2.261000	0.031654
2.261333	0.032870
2.261667	0.031239
2.262000	0.032227
2.262333	0.031636
2.262667	0.032283
2.263000	0.032498
2.263333	0.031886
2.263667	0.031938
2.264000	0.031768
2.264333	0.031890
2.264667	0.032543
2.265000	0.040138
2.265333	0.052213
2.265667	0.056116
2.266000	0.058388
2.266333	0.059602
2.266667	0.060690
2.267000	0.061448
2.267333	0.063058
2.267667	0.062273
2.268000	0.062273
2.268333	0.062147
2.268667	0.062009
2.269000	0.064970
2.269333	0.065919
2.269667	0.064497
2.270000	0.061692
2.270333	0.060819
2.270667	0.061119
2.271000	0.064380
2.271333	0.069144
2.271667	0.071789
2.272000	0.071571
2.272333	0.070786
2.272667	0.070603
2.273000	0.069518
2.273333	0.067194
2.273667	0.065873
2.274000	0.063961
2.274333	0.062666
2.274667	0.062426
2.275000	0.061107
2.275333	0.059869
2.275667	0.058202
2.276000	0.057241
2.276333	0.056007
2.276667	0.055435
2.277000	0.055601
2.277333	0.058482
2.277667	0.063586
2.278000	0.068863
2.278333	0.072403
2.278667	0.073493
2.279000	0.072578
2.279333	0.071203
2.279667	0.070050
2.280000	0.067659
2.280333	0.066638
2.280667	0.066139
2.281000	0.066313
2.281333	0.068507
2.281667	0.068824
2.282000	0.070854
2.282333	0.074348
2.282667	0.075229
2.283000	0.074708
2.283333	0.072860
2.283667	0.071813
2.284000	0.069650
2.284333	0.068542
2.284667	0.067766
2.285000	0.064965
2.285333	0.066339
2.285667	0.068926
2.286000	0.073989
2.286333	0.076502
2.286667	0.076463
2.287000	0.075051
2.287333	0.073080
2.287667	0.071530
2.288000	0.069766
2.288333	0.069197
2.288667	0.067797
2.289000	0.066244
2.289333	0.064277
2.289667	0.064914
2.290000	0.069345
2.290333	0.073626
2.290667	0.078050
2.291000	0.079275
2.291333	0.078964
2.291667	0.077827
2.292000	0.075234
2.292333	0.073302
2.292667	0.070662
2.293000	0.069906
2.293333	0.068494
2.293667	0.067655
2.294000	0.066846
2.294333	0.065713
2.294667	0.067092
2.295000	0.072579
2.295333	0.075552
2.295667	0.079780
2.296000	0.079689
2.296333	0.077645
2.296667	0.076328
2.297000	0.074801
2.297333	0.072364
2.297667	0.071685
2.298000	0.071356
2.298333	0.070331
2.298667	0.071214
2.299000	0.072082
2.299333	0.073365
2.299667	0.073977
2.300000	0.075652
2.300333	0.075656
2.300667	0.074786
2.301000	0.073003
2.301333	0.071660
2.301667	0.069793
2.302000	0.067654
2.302333	0.067924
2.302667	0.065694
2.303000	0.065602
2.303333	0.066410
2.303667	0.071374
2.304000	0.076647
2.304333	0.080550
2.304667	0.080181
2.305000	0.077864
2.305333	0.076118
2.305667	0.073955
2.306000	0.072111
2.306333	0.070660
2.306667	0.069798
2.307000	0.068836
2.307333	0.067509
2.307667	0.066491
2.308000	0.065340
2.308333	0.064531
2.308667	0.063220
2.309000	0.067095
2.309333	0.071094
2.309667	0.076974
2.310000	0.080091
2.310333	0.079448
2.310667	0.077450
2.311000	0.076366
2.311333	0.073934
2.311667	0.073286
2.312000	0.071486
2.312333	0.070800
2.312667	0.068630
2.313000	0.068216
2.313333	0.070214
2.313667	0.075739
2.314000	0.078696
2.314333	0.079818
2.314667	0.077244
2.315000	0.075784
2.315333	0.074794
2.315667	0.072288
2.316000	0.071586
2.316333	0.070432
2.316667	0.068992
2.317000	0.067041
2.317333	0.066475
2.317667	0.065056
2.318000	0.064037
2.318333	0.064348
2.318667	0.063513
2.319000	0.061850
2.319333	0.065550
2.319667	0.073573
2.320000	0.080076
2.320333	0.080500
2.320667	0.079911
2.321000	0.077157
2.321333	0.075508
2.321667	0.073529
2.322000	0.072649
2.322333	0.070476
2.322667	0.069376
2.323000	0.067464
2.323333	0.066928
2.323667	0.065269
2.324000	0.066140
2.324333	0.068277
2.324667	0.071515
2.325000	0.074916
2.325333	0.077561
2.325667	0.078908
2.326000	0.078648
2.326333	0.076671
2.326667	0.074163
2.327000	0.073688
2.327333	0.071888
2.327667	0.070060
2.328000	0.069543
2.328333	0.068416
2.328667	0.066774
2.329000	0.067275
2.329333	0.065535
2.329667	0.063894
2.330000	0.062897
2.330333	0.063245
2.330667	0.062061
2.331000	0.066171
2.331333	0.073281
2.331667	0.075342
2.332000	0.076252
2.332333	0.076327
2.332667	0.074633
2.333000	0.073687
2.333333	0.073110
2.333667	0.070282
2.334000	0.069173
2.334333	0.068532
2.334667	0.067408
2.335000	0.066746
2.335333	0.065057
2.335667	0.065875
2.336000	0.067971
2.336333	0.071599
2.336667	0.072035
2.337000	0.072583
2.337333	0.071824
2.337667	0.073732
2.338000	0.074821
2.338333	0.074907
2.338667	0.072205
2.339000	0.069936
2.339333	0.069100
2.339667	0.067644
2.340000	0.066458
2.340333	0.065895
2.340667	0.066172
2.341000	0.064314
2.341333	0.063494
2.341667	0.062657
2.342000	0.061944
2.342333	0.062154
2.342667	0.060333
2.343000	0.060103
2.343333	0.059677
2.343667	0.059263
2.344000	0.058890
2.344333	0.057458
2.344667	0.057724
2.345000	0.057038
2.345333	0.056982
2.345667	0.056215
2.346000	0.055455
2.346333	0.054959
2.346667	0.054512
2.347000	0.054129
2.347333	0.053369
2.347667	0.053105
2.348000	0.053031
2.348333	0.052731
2.348667	0.052841
2.349000	0.052106
2.349333	0.051810
2.349667	0.051329
2.350000	0.051532
2.350333	0.051227
2.350667	0.051272
2.351000	0.049972
2.351333	0.050276
2.351667	0.048916
2.352000	0.049737
2.352333	0.050192
2.352667	0.047800
2.353000	0.049068
2.353333	0.047727
2.353667	0.048462
2.354000	0.048324
2.354333	0.048407
2.354667	0.048211
2.355000	0.047380
2.355333	0.047458
2.355667	0.046415
2.356000	0.046892
2.356333	0.046285
2.356667	0.046736
2.357000	0.046870
2.357333	0.047010
2.357667	0.046610
2.358000	0.046032
2.358333	0.045846
2.358667	0.045802
2.359000	0.046071
2.359333	0.045243
2.359667	0.045832
2.360000	0.045384
2.360333	0.044846
2.360667	0.045002
2.361000	0.045096
2.361333	0.044908
2.361667	0.044521
2.362000	0.044578
2.362333	0.044921
2.362667	0.045112
2.363000	0.044361
2.363333	0.043817
2.363667	0.044468
2.364000	0.044120
2.364333	0.044151
2.364667	0.043794
2.365000	0.042662
2.365333	0.044626
2.365667	0.043497
2.366000	0.042692
2.366333	0.043018
2.366667	0.043369
2.367000	0.042090
2.367333	0.042556
2.367667	0.043388
2.368000	0.043057
2.368333	0.042572
2.368667	0.042925
2.369000	0.042539
2.369333	0.042948
2.369667	0.042168
2.370000	0.041852
2.370333	0.041424
2.370667	0.042134
2.371000	0.042572
2.371333	0.041558
2.371667	0.041709
2.372000	0.041359
2.372333	0.041819
2.372667	0.041204
2.373000	0.041832
2.373333	0.041483
2.373667	0.041774
2.374000	0.042279
2.374333	0.041533
2.374667	0.042360
2.375000	0.042226
2.375333	0.042179
2.375667	0.041232
2.376000	0.041870
2.376333	0.041595
2.376667	0.041388
2.377000	0.041202
2.377333	0.041137
2.377667	0.041540
2.378000	0.041436
2.378333	0.040568
2.378667	0.041286
2.379000	0.040979
2.379333	0.041433
2.379667	0.040786
2.380000	0.040837
2.380333	0.041265
2.380667	0.040687
2.381000	0.041396
2.381333	0.040834
2.381667	0.041086
2.382000	0.041431
2.382333	0.040445
2.382667	0.040466
2.383000	0.040117
2.383333	0.040575
2.383667	0.040368
2.384000	0.040157
2.384333	0.040565
2.384667	0.040463
2.385000	0.039458
2.385333	0.040213
2.385667	0.040805
2.386000	0.039945
2.386333	0.039568
2.386667	0.039741
2.387000	0.039766
2.387333	0.040065
2.387667	0.039980
2.388000	0.039928
2.388333	0.040175
2.388667	0.040512
2.389000	0.040350
2.389333	0.040072
2.389667	0.039720
2.390000	0.040562
2.390333	0.040998
2.390667	0.040351
2.391000	0.040752
2.391333	0.040493
2.391667	0.040927
2.392000	0.040004
2.392333	0.039507
2.392667	0.039109
2.393000	0.040365
2.393333	0.039939
2.393667	0.040269
2.394000	0.039843
2.394333	0.040465
2.394667	0.040085
2.395000	0.039830
2.395333	0.041026
2.395667	0.040083
2.396000	0.039699
2.396333	0.040568
2.396667	0.039806
2.397000	0.040830
2.397333	0.040292
2.397667	0.040046
2.398000	0.040158
2.398333	0.040574
2.398667	0.039902
2.399000	0.040504
2.399333	0.039069
2.399667	0.039949
2.400000	0.040120
2.400333	0.039410
2.400667	0.038888
2.401000	0.039170
2.401333	0.038621
2.401667	0.039980
2.402000	0.039355
2.402333	0.039087
2.402667	0.039225
2.403000	0.039318
2.403333	0.039397
2.403667	0.038469
2.404000	0.038566
2.404333	0.039460
2.404667	0.039596
2.405000	0.037722
2.405333	0.039216
2.405667	0.039171
2.406000	0.038130
2.406333	0.038221
2.406667	0.039034
2.407000	0.038891
2.407333	0.038366
2.407667	0.038827
2.408000	0.038494
2.408333	0.038004
2.408667	0.039030
2.409000	0.037742
2.409333	0.037403
2.409667	0.037967
2.410000	0.037541
2.410333	0.038690
2.410667	0.038375
2.411000	0.037658
2.411333	0.037684
2.411667	0.037244
2.412000	0.038219
2.412333	0.036745
2.412667	0.038459
2.413000	0.037176
2.413333	0.037099
2.413667	0.037390
2.414000	0.037308
2.414333	0.036497
2.414667	0.036474
2.415000	0.037362
2.415333	0.036838
2.415667	0.036256
2.416000	0.036726
2.416333	0.037241
2.416667	0.036950
2.417000	0.036741
2.417333	0.036466
2.417667	0.036336
2.418000	0.036222
2.418333	0.036900
2.418667	0.036782
2.419000	0.035626
2.419333	0.036240
2.419667	0.036038
2.420000	0.036483
2.420333	0.035674
2.420667	0.035973
2.421000	0.035998
2.421333	0.035233
2.421667	0.036287
2.422000	0.036240
2.422333	0.034186
2.422667	0.035195
2.423000	0.035481
2.423333	0.034765
2.423667	0.035880
2.424000	0.034880
2.424333	0.035167
2.424667	0.035238
2.425000	0.034707
2.425333	0.035300
2.425667	0.034837
2.426000	0.034857
2.426333	0.034360
2.426667	0.034349
2.427000	0.035108
2.427333	0.034740
2.427667	0.034444
2.428000	0.034978
2.428333	0.034599
2.428667	0.034128
2.429000	0.033996
2.429333	0.033584
2.429667	0.033731
2.430000	0.033744
2.430333	0.033764
2.430667	0.033901
2.431000	0.033701
2.431333	0.034160
2.431667	0.033452
2.432000	0.034060
2.432333	0.033550
2.432667	0.033843
2.433000	0.033348
2.433333	0.032961
2.433667	0.033653
2.434000	0.033590
2.434333	0.032975
2.434667	0.033381
2.435000	0.032439
2.435333	0.032627
2.435667	0.033267
2.436000	0.032832
2.436333	0.032828
2.436667	0.031930
2.437000	0.032659
2.437333	0.033069
2.437667	0.032972
2.438000	0.033934
2.438333	0.033301
2.438667	0.032833
2.439000	0.033474
2.439333	0.032541
2.439667	0.033594
2.440000	0.032494
2.440333	0.032972
2.440667	0.033025
2.441000	0.033137
2.441333	0.033939
2.441667	0.032789
2.442000	0.032249
2.442333	0.033466
2.442667	0.033879
2.443000	0.032985
2.443333	0.032947
2.443667	0.033000
2.444000	0.033823
2.444333	0.033890
2.444667	0.033289
2.445000	0.032813
2.445333	0.032863
2.445667	0.032382
2.446000	0.032799
2.446333	0.032321
2.446667	0.033002
2.447000	0.032985
2.447333	0.032344
2.447667	0.033494
2.448000	0.032803
2.448333	0.032592
2.448667	0.032424
2.449000	0.032398
2.449333	0.032504
2.449667	0.032471
2.450000	0.032190
2.450333	0.032226
2.450667	0.031584
2.451000	0.031805
2.451333	0.032386
2.451667	0.031511
2.452000	0.032089
2.452333	0.031891
2.452667	0.032359
2.453000	0.032177
2.453333	0.032844
2.453667	0.032236
2.454000	0.032213
2.454333	0.031267
2.454667	0.031843
2.455000	0.032019
2.455333	0.031836
2.455667	0.031783
2.456000	0.031642
2.456333	0.032680
2.456667	0.031740
2.457000	0.032622
2.457333	0.031963
2.457667	0.031078
2.458000	0.032036
2.458333	0.031206
2.458667	0.030961
2.459000	0.031082
2.459333	0.032936
2.459667	0.032668
2.460000	0.032015
2.460333	0.031730
2.460667	0.032173
2.461000	0.031404
2.461333	0.031775
2.461667	0.032391
2.462000	0.032000
2.462333	0.032351
2.462667	0.031885
2.463000	0.032302
2.463333	0.031417
2.463667	0.031544
2.464000	0.032988
2.464333	0.030735
2.464667	0.031374
2.465000	0.031012
2.465333	0.031380
2.465667	0.031795
2.466000	0.031475
2.466333	0.030689
2.466667	0.031938
2.467000	0.031387
2.467333	0.030947
2.467667	0.031019
2.468000	0.032224
2.468333	0.030990
2.468667	0.031452
2.469000	0.032112
2.469333	0.031161
2.469667	0.031277
2.470000	0.031358
2.470333	0.031662
2.470667	0.031335
2.471000	0.031284
2.471333	0.031648
2.471667	0.031544
2.472000	0.031880
2.472333	0.031329
2.472667	0.031342
2.473000	0.031364
2.473333	0.031675
2.473667	0.031158
2.474000	0.030897
2.474333	0.031957
2.474667	0.030748
2.475000	0.031738
2.475333	0.030959
2.475667	0.030870
2.476000	0.031149
2.476333	0.030510
2.476667	0.031030
2.477000	0.030530
2.477333	0.030939
2.477667	0.031707
2.478000	0.031012
2.478333	0.030536
2.478667	0.031851
2.479000	0.029861
2.479333	0.031260
2.479667	0.030532
2.480000	0.029960
2.480333	0.030848
2.480667	0.031679
2.481000	0.030590
2.481333	0.031015
2.481667	0.031433
2.482000	0.030914
2.482333	0.030371
2.482667	0.030855
2.483000	0.030368
2.483333	0.030628
2.483667	0.030494
2.484000	0.030077
2.484333	0.030847
2.484667	0.031111
2.485000	0.030626
2.485333	0.031404
2.485667	0.031112
2.486000	0.029953
2.486333	0.029765
2.486667	0.029942
2.487000	0.030375
2.487333	0.030101
2.487667	0.030439
2.488000	0.029910
2.488333	0.030938
2.488667	0.029600
2.489000	0.030454
2.489333	0.030304
2.489667	0.030092
2.490000	0.031194
2.490333	0.030431
2.490667	0.030601
2.491000	0.030607
2.491333	0.030081
2.491667	0.030098
2.492000	0.031013
2.492333	0.030426
2.492667	0.030956
2.493000	0.030947
2.493333	0.030698
2.493667	0.030291
2.494000	0.030683
2.494333	0.030033
2.494667	0.029770
2.495000	0.030233
2.495333	0.030383
2.495667	0.030850
2.496000	0.029496
2.496333	0.029937
2.496667	0.030319
2.497000	0.029784
2.497333	0.029606
2.497667	0.029923
2.498000	0.030392
2.498333	0.030815
2.498667	0.030609
2.499000	0.030580
2.499333	0.030630
2.499667	0.029527
2.500000	0.029817
2.500333	0.031877
2.500667	0.030509
2.501000	0.029744
2.501333	0.030264
2.501667	0.030456
2.502000	0.030001
2.502333	0.030632
2.502667	0.029669
2.503000	0.031301
2.503333	0.031392
2.503667	0.030864
2.504000	0.029581
2.504333	0.029640
2.504667	0.031259
2.505000	0.030281
2.505333	0.030600
2.505667	0.029705
2.506000	0.029709
2.506333	0.030224
2.506667	0.030417
2.507000	0.030665
2.507333	0.030226
2.507667	0.030357
2.508000	0.029873
2.508333	0.029774
2.508667	0.031188
2.509000	0.030803
2.509333	0.030919
2.509667	0.030130
2.510000	0.030389
2.510333	0.030710
2.510667	0.030572
2.511000	0.030096
2.511333	0.029890
2.511667	0.029578
2.512000	0.029902
2.512333	0.029770
2.512667	0.029707
2.513000	0.031481
2.513333	0.030141
2.513667	0.031032
2.514000	0.030430
2.514333	0.029569
2.514667	0.030968
2.515000	0.030184
2.515333	0.030586
2.515667	0.029809
2.516000	0.030303
2.516333	0.030478
2.516667	0.031023
2.517000	0.029864
2.517333	0.030568
2.517667	0.030490
2.518000	0.030380
2.518333	0.030488
2.518667	0.029859
2.519000	0.030177
2.519333	0.029865
2.519667	0.030842
2.520000	0.031010
2.520333	0.030483
2.520667	0.030311
2.521000	0.029355
2.521333	0.030353
2.521667	0.029961
2.522000	0.030355
2.522333	0.030983
2.522667	0.030171
2.523000	0.030888
2.523333	0.030044
2.523667	0.030225
2.524000	0.029676
2.524333	0.030216
2.524667	0.029602
2.525000	0.030604
2.525333	0.030391
2.525667	0.030322
2.526000	0.031174
2.526333	0.030205
2.526667	0.030654
2.527000	0.029893
2.527333	0.030503
2.527667	0.029669
2.528000	0.030033
2.528333	0.029838
2.528667	0.030568
2.529000	0.029842
2.529333	0.030045
2.529667	0.030005
2.530000	0.029439
2.530333	0.029800
2.530667	0.028663
2.531000	0.029617
2.531333	0.029645
2.531667	0.029205
2.532000	0.029501
2.532333	0.028897
2.532667	0.029544
2.533000	0.029652
2.533333	0.030527
2.533667	0.029423
2.534000	0.030109
2.534333	0.029702
2.534667	0.029231
2.535000	0.029624
2.535333	0.029694
2.535667	0.029253
2.536000	0.029838
2.536333	0.028878
2.536667	0.028880
2.537000	0.029740
2.537333	0.029372
2.537667	0.029300
2.538000	0.029923
2.538333	0.029407
2.538667	0.029654
2.539000	0.029584
2.539333	0.029971
2.539667	0.028753
2.540000	0.028948
2.540333	0.029096
2.540667	0.029386
2.541000	0.028636
2.541333	0.029541
2.541667	0.029447
2.542000	0.029155
2.542333	0.029334
2.542667	0.029631
2.543000	0.027913
2.543333	0.029702
2.543667	0.029809
2.544000	0.028219
2.544333	0.028080
2.544667	0.029022
2.545000	0.028561
2.545333	0.029155
2.545667	0.028301
2.546000	0.029268
2.546333	0.028791
2.546667	0.028620
2.547000	0.029267
2.547333	0.028410
2.547667	0.028882
2.548000	0.028832
2.548333	0.028425
2.548667	0.028753
2.549000	0.027782
2.549333	0.028210
2.549667	0.028552
2.550000	0.028227
2.550333	0.027743
2.550667	0.028278
2.551000	0.028511
2.551333	0.028010
2.551667	0.028347
2.552000	0.029016
2.552333	0.028529
2.552667	0.028844
2.553000	0.028290
2.553333	0.028330
2.553667	0.028088
2.554000	0.028726
2.554333	0.028466
2.554667	0.028274
2.555000	0.028381
2.555333	0.027408
2.555667	0.027539
2.556000	0.027243
2.556333	0.029079
2.556667	0.028078
2.557000	0.027195
2.557333	0.027633
2.557667	0.027872
2.558000	0.027952
2.558333	0.027926
2.558667	0.028429
2.559000	0.028251
2.559333	0.027424
2.559667	0.027518
2.560000	0.028122
2.560333	0.027595
2.560667	0.028924
2.561000	0.027807
2.561333	0.026975
2.561667	0.027029
2.562000	0.027154
2.562333	0.026961
2.562667	0.028013
2.563000	0.027663
2.563333	0.027837
2.563667	0.027709
2.564000	0.027659
2.564333	0.028184
2.564667	0.027531
2.565000	0.028264
2.565333	0.027361
2.565667	0.027730
2.566000	0.027207
2.566333	0.027075
2.566667	0.027526
2.567000	0.027205
2.567333	0.028049
2.567667	0.027471
2.568000	0.028006
2.568333	0.027879
2.568667	0.027383
2.569000	0.026203
2.569333	0.026347
2.569667	0.027254
2.570000	0.027716
2.570333	0.027284
2.570667	0.027049
2.571000	0.027661
2.571333	0.028081
2.571667	0.027509
2.572000	0.026582
2.572333	0.027043
2.572667	0.027421
2.573000	0.027217
2.573333	0.027211
2.573667	0.027528
2.574000	0.026905
2.574333	0.027182
2.574667	0.027613
2.575000	0.027160
2.575333	0.027584
2.575667	0.027807
2.576000	0.027030
2.576333	0.027993
2.576667	0.027803
2.577000	0.027706
2.577333	0.027677
2.577667	0.027605
2.578000	0.027558
2.578333	0.026964
2.578667	0.027398
2.579000	0.026972
2.579333	0.027374
2.579667	0.027337
2.580000	0.028703
2.580333	0.027644
2.580667	0.027330
2.581000	0.026888
2.581333	0.027580
2.581667	0.027619
2.582000	0.027279
2.582333	0.028813
2.582667	0.027750
2.583000	0.028488
2.583333	0.027570
2.583667	0.027669
2.584000	0.028264
2.584333	0.027566
2.584667	0.027263
2.585000	0.028288
2.585333	0.027994
2.585667	0.027360
2.586000	0.027292
2.586333	0.027598
2.586667	0.027572
2.587000	0.027440
2.587333	0.026520
2.587667	0.027630
2.588000	0.027201
2.588333	0.027790
2.588667	0.027804
2.589000	0.027557
2.589333	0.028761
2.589667	0.027736
2.590000	0.027624
2.590333	0.028243
2.590667	0.027451
2.591000	0.028098
2.591333	0.027757
2.591667	0.028435
2.592000	0.027339
2.592333	0.028211
2.592667	0.027384
2.593000	0.027709
2.593333	0.027537
2.593667	0.027028
2.594000	0.027362
2.594333	0.027690
2.594667	0.026726
2.595000	0.027387
2.595333	0.027420
2.595667	0.026679
2.596000	0.027131
2.596333	0.027579
2.596667	0.027757
2.597000	0.027062
2.597333	0.027218
2.597667	0.028746
2.598000	0.026435
2.598333	0.027915
2.598667	0.027469
2.599000	0.027044
2.599333	0.027318
2.599667	0.027662
2.600000	0.027274
2.600333	0.027610
2.600667	0.027912
2.601000	0.027131
2.601333	0.026806
2.601667	0.028019
2.602000	0.027385
2.602333	0.027217
2.602667	0.026702
2.603000	0.027798
2.603333	0.027191
2.603667	0.027960
2.604000	0.026554
2.604333	0.026899
2.604667	0.026970
2.605000	0.026717
2.605333	0.027405
2.605667	0.027556
2.606000	0.026972
2.606333	0.027453
2.606667	0.027111
2.607000	0.027509
2.607333	0.027358
2.607667	0.028009
2.608000	0.027302
2.608333	0.027588
2.608667	0.026018
2.609000	0.026723
2.609333	0.027307
2.609667	0.027695
2.610000	0.026752
2.610333	0.026930
2.610667	0.027074
2.611000	0.027937
2.611333	0.026913
2.611667	0.027212
2.612000	0.027310
2.612333	0.027381
2.612667	0.027849
2.613000	0.027851
2.613333	0.028138
2.613667	0.026694
2.614000	0.026988
2.614333	0.027584
2.614667	0.027814
2.615000	0.027553
2.615333	0.026941
2.615667	0.026997
2.616000	0.027488
2.616333	0.027850
2.616667	0.026482
2.617000	0.026890
2.617333	0.026483
2.617667	0.026850
2.618000	0.027362
2.618333	0.027812
2.618667	0.026847
2.619000	0.026896
2.619333	0.027152
2.619667	0.027763
2.620000	0.027485
2.620333	0.027607
2.620667	0.027457
2.621000	0.026408
2.621333	0.026760
2.621667	0.027155
2.622000	0.027117
2.622333	0.027272
2.622667	0.025912
2.623000	0.027783
2.623333	0.027717
2.623667	0.026736
2.624000	0.026828
2.624333	0.027554
2.624667	0.026833
2.625000	0.027498
2.625333	0.027508
2.625667	0.026764
2.626000	0.027931
2.626333	0.027575
2.626667	0.026903
2.627000	0.026124
2.627333	0.027095
2.627667	0.026799
2.628000	0.027151
2.628333	0.027050
2.628667	0.028133
2.629000	0.026251
2.629333	0.027563
2.629667	0.027039
2.630000	0.026494
2.630333	0.026570
2.630667	0.027298
2.631000	0.027385
2.631333	0.027096
2.631667	0.026920
2.632000	0.027024
2.632333	0.027283
2.632667	0.026454
2.633000	0.026974
2.633333	0.026135
2.633667	0.026617
2.634000	0.027093
2.634333	0.026515
2.634667	0.026709
2.635000	0.027085
2.635333	0.027081
2.635667	0.027077
2.636000	0.027071
2.636333	0.026668
2.636667	0.027049
2.637000	0.026553
2.637333	0.025967
2.637667	0.026642
2.638000	0.027127
2.638333	0.027715
2.638667	0.026507
2.639000	0.026979
2.639333	0.026818
2.639667	0.026977
2.640000	0.027335
2.640333	0.027427
2.640667	0.026878
2.641000	0.027137
2.641333	0.027330
2.641667	0.026735
2.642000	0.026864
2.642333	0.026416
2.642667	0.026840
2.643000	0.026809
2.643333	0.026763
2.643667	0.026386
2.644000	0.026700
2.644333	0.027763
2.644667	0.026999
2.645000	0.027374
2.645333	0.026806
2.645667	0.026353
2.646000	0.027294
2.646333	0.027025
2.646667	0.035752
2.647000	0.046811
2.647333	0.051456
2.647667	0.053044
2.648000	0.057464
2.648333	0.058405
2.648667	0.057049
2.649000	0.054183
2.649333	0.055162
2.649667	0.054846
2.650000	0.056974
2.650333	0.058625
2.650667	0.061901
2.651000	0.062320
2.651333	0.062563
2.651667	0.063234
2.652000	0.062328
2.652333	0.060739
2.652667	0.059546
2.653000	0.057845
2.653333	0.058083
2.653667	0.054957
2.654000	0.053472
2.654333	0.051992
2.654667	0.053021
2.655000	0.052160
2.655333	0.054057
2.655667	0.063499
2.656000	0.070654
2.656333	0.070114
2.656667	0.068637
2.657000	0.066382
2.657333	0.064461
2.657667	0.062844
2.658000	0.060368
2.658333	0.060214
2.658667	0.058466
2.659000	0.057102
2.659333	0.055910
2.659667	0.055602
2.660000	0.054611
2.660333	0.056419
2.660667	0.061815
2.661000	0.067260
2.661333	0.071214
2.661667	0.070846
2.662000	0.069886
2.662333	0.067167
2.662667	0.065904
2.663000	0.064735
2.663333	0.062403
2.663667	0.061843
2.664000	0.061129
2.664333	0.062539
2.664667	0.065204
2.665000	0.067477
2.665333	0.069698
2.665667	0.072083
2.666000	0.072047
2.666333	0.071178
2.666667	0.069212
2.667000	0.067646
2.667333	0.066165
2.667667	0.064823
2.668000	0.063375
2.668333	0.063650
2.668667	0.065605
2.669000	0.068783
2.669333	0.072380
2.669667	0.074347
2.670000	0.074005
2.670333	0.074331
2.670667	0.071545
2.671000	0.068799
2.671333	0.067891
2.671667	0.066574
2.672000	0.066550
2.672333	0.065292
2.672667	0.068256
2.673000	0.071247
2.673333	0.073795
2.673667	0.075514
2.674000	0.074532
2.674333	0.072660
2.674667	0.071537
2.675000	0.069801
2.675333	0.068403
2.675667	0.065851
2.676000	0.065230
2.676333	0.064446
2.676667	0.063975
2.677000	0.065800
2.677333	0.069558
2.677667	0.073649
2.678000	0.075904
2.678333	0.075340
2.678667	0.074924
2.679000	0.073309
2.679333	0.071671
2.679667	0.069560
2.680000	0.068117
2.680333	0.067586
2.680667	0.065558
2.681000	0.064648
2.681333	0.063386
2.681667	0.067165
2.682000	0.071075
2.682333	0.075069
2.682667	0.075987
2.683000	0.075663
2.683333	0.073501
2.683667	0.071968
2.684000	0.070987
2.684333	0.069431
2.684667	0.068010
2.685000	0.066707
2.685333	0.068255
2.685667	0.069095
2.686000	0.071518
2.686333	0.073853
2.686667	0.075353
2.687000	0.075766
2.687333	0.074276
2.687667	0.072317
2.688000	0.071270
2.688333	0.069803
2.688667	0.068293
2.689000	0.066162
2.689333	0.065855
2.689667	0.065716
2.690000	0.068366
2.690333	0.071355
2.690667	0.073671
2.691000	0.076642
2.691333	0.077209
2.691667	0.076587
2.692000	0.074851
2.692333	0.073268
2.692667	0.071007
2.693000	0.069990
2.693333	0.067817
2.693667	0.067091
2.694000	0.065494
2.694333	0.064821
2.694667	0.064021
2.695000	0.062963
2.695333	0.061889
2.695667	0.062194
2.696000	0.060853
2.696333	0.059863
2.696667	0.060899
2.697000	0.069405
2.697333	0.075646
2.697667	0.076073
2.698000	0.073958
2.698333	0.072339
2.698667	0.070513
2.699000	0.069114
2.699333	0.067394
2.699667	0.066622
2.700000	0.065350
2.700333	0.064154
2.700667	0.063489
2.701000	0.062699
2.701333	0.061698
2.701667	0.060651
2.702000	0.062394
2.702333	0.068256
2.702667	0.074447
2.703000	0.076227
2.703333	0.076419
2.703667	0.074591
2.704000	0.072494
2.704333	0.071099
2.704667	0.069466
2.705000	0.068164
2.705333	0.067192
2.705667	0.066531
2.706000	0.065454
2.706333	0.063587
2.706667	0.063510
2.707000	0.067659
2.707333	0.071750
2.707667	0.075057
2.708000	0.075494
2.708333	0.075249
2.708667	0.072943
2.709000	0.071133
2.709333	0.069914
2.709667	0.067604
2.710000	0.067059
2.710333	0.065385
2.710667	0.065210
2.711000	0.063492
2.711333	0.063444
2.711667	0.061583
2.712000	0.061923
2.712333	0.061417
2.712667	0.063074
2.713000	0.066373
2.713333	0.070095
2.713667	0.073458
2.714000	0.075248
2.714333	0.074579
2.714667	0.074028
2.715000	0.071986
2.715333	0.070370
2.715667	0.069256
2.716000	0.067746
2.716333	0.066567
2.716667	0.065372
2.717000	0.064667
2.717333	0.063779
2.717667	0.062504
2.718000	0.062518
2.718333	0.061154
2.718667	0.060494
2.719000	0.061791
2.719333	0.064504
2.719667	0.070290
2.720000	0.073602
2.720333	0.076218
2.720667	0.075449
2.721000	0.073867
2.721333	0.071279
2.721667	0.070772
2.722000	0.068214
2.722333	0.067756
2.722667	0.066356
2.723000	0.064682
2.723333	0.064846
2.723667	0.063528
2.724000	0.062578
2.724333	0.061629
2.724667	0.061577
2.725000	0.059426
2.725333	0.059023
2.725667	0.059882
2.726000	0.061807
2.726333	0.070522
2.726667	0.075442
2.727000	0.075913
2.727333	0.074041
2.727667	0.073173
2.728000	0.071280
2.728333	0.069694
2.728667	0.068147
2.729000	0.066340
2.729333	0.066891
2.729667	0.065135
2.730000	0.064728
2.730333	0.064835
2.730667	0.067212
2.731000	0.069901
2.731333	0.073401
2.731667	0.075773
2.732000	0.076226
2.732333	0.074455
2.732667	0.073252
2.733000	0.071576
2.733333	0.069501
2.733667	0.068387
2.734000	0.067896
2.734333	0.065657
2.734667	0.064937
2.735000	0.064442
2.735333	0.063113
2.735667	0.062751
2.736000	0.061724
2.736333	0.061139
2.736667	0.059572
2.737000	0.060011
2.737333	0.058440
2.737667	0.057811
2.738000	0.058141
2.738333	0.056995
2.738667	0.057575
2.739000	0.056247
2.739333	0.055884
2.739667	0.055852
2.740000	0.054907
2.740333	0.053835
2.740667	0.055133
2.741000	0.053369
2.741333	0.052736
2.741667	0.052654
2.742000	0.052142
2.742333	0.053128
2.742667	0.051280
2.743000	0.050455
2.743333	0.051025
2.743667	0.050013
2.744000	0.050553
2.744333	0.050094
2.744667	0.049241
2.745000	0.049362
2.745333	0.048555
2.745667	0.048923
2.746000	0.049445
2.746333	0.048510
2.746667	0.048055
2.747000	0.047442
2.747333	0.048027
2.747667	0.047143
2.748000	0.046431
2.748333	0.046544
2.748667	0.046539
2.749000	0.046202
2.749333	0.045965
2.749667	0.045374
2.750000	0.046853
2.750333	0.044864
2.750667	0.045037
2.751000	0.045340
2.751333	0.043852
2.751667	0.043786
2.752000	0.044098
2.752333	0.043725
2.752667	0.043626
2.753000	0.042895
2.753333	0.043654
2.753667	0.043701
2.754000	0.043476
2.754333	0.043956
2.754667	0.042724
2.755000	0.043043
2.755333	0.042046
2.755667	0.043101
2.756000	0.041601
2.756333	0.042865
2.756667	0.041787
2.757000	0.040953
2.757333	0.041519
2.757667	0.040897
2.758000	0.041488
2.758333	0.041955
2.758667	0.041332
2.759000	0.041226
2.759333	0.041280
2.759667	0.040791
2.760000	0.040717
2.760333	0.040344
2.760667	0.040561
2.761000	0.040792
2.761333	0.040453
2.761667	0.040148
2.762000	0.040826
2.762333	0.039922
2.762667	0.039993
2.763000	0.039309
2.763333	0.040055
2.763667	0.039558
2.764000	0.039325
2.764333	0.038614
2.764667	0.039085
2.765000	0.038219
2.765333	0.040055
2.765667	0.038342
2.766000	0.038795
2.766333	0.038682
2.766667	0.038359
2.767000	0.038928
2.767333	0.038621
2.767667	0.038351
2.768000	0.037629
2.768333	0.038071
2.768667	0.037955
2.769000	0.038294
2.769333	0.038060
2.769667	0.037409
2.770000	0.037489
2.770333	0.037934
2.770667	0.036980
2.771000	0.037047
2.771333	0.037306
2.771667	0.037551
2.772000	0.037709
2.772333	0.037054
2.772667	0.035968
2.773000	0.037027
2.773333	0.036313
2.773667	0.036828
2.774000	0.036709
2.774333	0.036663
2.774667	0.036587
2.775000	0.037294
2.775333	0.036733
2.775667	0.036483
2.776000	0.035868
2.776333	0.036948
2.776667	0.036811
2.777000	0.035953
2.777333	0.036156
2.777667	0.036226
2.778000	0.035796
2.778333	0.035921
2.778667	0.036216
2.779000	0.035369
2.779333	0.034847
2.779667	0.036372
2.780000	0.036602
2.780333	0.035628
2.780667	0.034840
2.781000	0.034357
2.781333	0.034579
2.781667	0.034790
2.782000	0.035012
2.782333	0.035329
2.782667	0.034995
2.783000	0.034534
2.783333	0.034738
2.783667	0.034890
2.784000	0.034543
2.784333	0.035167
2.784667	0.034836
2.785000	0.034723
2.785333	0.034890
2.785667	0.034426
2.786000	0.034473
2.786333	0.033382
2.786667	0.034540
2.787000	0.033583
2.787333	0.034474
2.787667	0.034392
2.788000	0.033651
2.788333	0.033871
2.788667	0.034235
2.789000	0.034222
2.789333	0.034046
2.789667	0.033938
2.790000	0.033955
2.790333	0.033992
2.790667	0.033816
2.791000	0.032804
2.791333	0.034065
2.791667	0.032901
2.792000	0.033627
2.792333	0.033471
2.792667	0.033155
2.793000	0.032548
2.793333	0.033660
2.793667	0.036902
2.794000	0.048267
2.794333	0.057233
2.794667	0.059898
2.795000	0.059104
2.795333	0.058832
2.795667	0.057953
2.796000	0.056383
2.796333	0.055066
2.796667	0.053593
2.797000	0.053692
2.797333	0.055843
2.797667	0.063212
2.798000	0.068329
2.798333	0.067884
2.798667	0.066110
2.799000	0.064074
2.799333	0.061803
2.799667	0.061189
2.800000	0.059987
2.800333	0.058454
2.800667	0.057835
2.801000	0.056818
2.801333	0.055610
2.801667	0.058169
2.802000	0.062035
2.802333	0.065628
2.802667	0.069995
2.803000	0.069517
2.803333	0.069581
2.803667	0.066793
2.804000	0.065591
2.804333	0.064114
2.804667	0.063465
2.805000	0.061774
2.805333	0.061530
2.805667	0.064330
2.806000	0.068342
2.806333	0.071162
2.806667	0.072908
2.807000	0.072142
2.807333	0.070839
2.807667	0.068994
2.808000	0.067283
2.808333	0.066318
2.808667	0.064089
2.809000	0.063585
2.809333	0.062199
2.809667	0.060991
2.810000	0.060688
2.810333	0.061801
2.810667	0.067594
2.811000	0.074143
2.811333	0.074595
2.811667	0.072304
2.812000	0.071299
2.812333	0.070049
2.812667	0.067649
2.813000	0.066037
2.813333	0.065355
2.813667	0.063585
2.814000	0.063038
2.814333	0.062024
2.814667	0.061255
2.815000	0.059831
2.815333	0.059252
2.815667	0.060881
2.816000	0.064323
2.816333	0.068118
2.816667	0.071822
2.817000	0.074154
2.817333	0.073234
2.817667	0.072336
2.818000	0.071252
2.818333	0.069631
2.818667	0.068695
2.819000	0.066116
2.819333	0.064881
2.819667	0.063372
2.820000	0.062945
2.820333	0.062444
2.820667	0.061849
2.821000	0.060497
2.821333	0.060130
2.821667	0.062677
2.822000	0.066827
2.822333	0.072285
2.822667	0.074064
2.823000	0.073231
2.823333	0.072122
2.823667	0.069996
2.824000	0.068162
2.824333	0.067704
2.824667	0.065935
2.825000	0.065420
2.825333	0.064320
2.825667	0.063678
2.826000	0.061478
2.826333	0.064609
2.826667	0.068009
2.827000	0.071585
2.827333	0.073037
2.827667	0.075955
2.828000	0.074448
2.828333	0.073095
2.828667	0.071263
2.829000	0.070072
2.829333	0.068419
2.829667	0.065995
2.830000	0.065926
2.830333	0.064224
2.830667	0.063547
2.831000	0.062466
2.831333	0.061001
2.831667	0.061037
2.832000	0.059026
2.832333	0.059688
2.832667	0.060436
2.833000	0.066118
2.833333	0.076072
2.833667	0.075772
2.834000	0.073830
2.834333	0.071775
2.834667	0.070208
2.835000	0.068751
2.835333	0.066987
2.835667	0.065752
2.836000	0.064733
2.836333	0.064095
2.836667	0.062450
2.837000	0.061953
2.837333	0.060965
2.837667	0.059910
2.838000	0.058719
2.838333	0.059230
2.838667	0.057904
2.839000	0.057634
2.839333	0.057053
2.839667	0.056828
2.840000	0.055505
2.840333	0.054456
2.840667	0.055522
2.841000	0.054080
2.841333	0.054391
2.841667	0.053330
2.842000	0.053054
2.842333	0.052755
2.842667	0.051993
2.843000	0.051526
2.843333	0.051778
2.843667	0.051289
2.844000	0.050019
2.844333	0.051025
2.844667	0.050361
2.845000	0.050011
2.845333	0.048889
2.845667	0.049520
2.846000	0.049253
2.846333	0.048731
2.846667	0.048532
2.847000	0.047856
2.847333	0.047906
2.847667	0.047423
2.848000	0.046719
2.848333	0.046859
2.848667	0.046521
2.849000	0.045944
2.849333	0.045259
2.849667	0.046678
2.850000	0.045924
2.850333	0.045704
2.850667	0.045326
2.851000	0.044857
2.851333	0.045569
2.851667	0.045431
2.852000	0.044666
2.852333	0.044481
2.852667	0.044258
2.853000	0.044479
2.853333	0.043893
2.853667	0.043549
2.854000	0.043713
2.854333	0.043730
2.854667	0.044074
2.855000	0.043476
2.855333	0.043088
2.855667	0.042374
2.856000	0.042652
2.856333	0.042962
2.856667	0.042817
2.857000	0.042248
2.857333	0.041730
2.857667	0.042364
2.858000	0.041324
2.858333	0.041215
2.858667	0.041805
2.859000	0.042217
2.859333	0.041586
2.859667	0.041352
2.860000	0.041278
2.860333	0.040663
2.860667	0.041174
2.861000	0.040553
2.861333	0.040282
2.861667	0.040528
2.862000	0.040795
2.862333	0.039791
2.862667	0.039945
2.863000	0.039530
2.863333	0.040347
2.863667	0.039781
2.864000	0.040255
2.864333	0.039762
2.864667	0.039867
2.865000	0.038628
2.865333	0.038769
2.865667	0.039552
2.866000	0.039405
2.866333	0.038947
2.866667	0.038577
2.867000	0.038605
2.867333	0.038541
2.867667	0.038946
2.868000	0.038721
2.868333	0.038935
2.868667	0.038765
2.869000	0.038476
2.869333	0.038336
2.869667	0.038121
2.870000	0.038599
2.870333	0.038077
2.870667	0.037505
2.871000	0.038559
2.871333	0.037010
2.871667	0.037538
2.872000	0.037041
2.872333	0.037192
2.872667	0.037452
2.873000	0.038041
2.873333	0.038019
2.873667	0.037546
2.874000	0.037428
2.874333	0.038215
2.874667	0.037131
2.875000	0.037199
2.875333	0.037202
2.875667	0.036695
2.876000	0.037330
2.876333	0.037321
2.876667	0.036174
2.877000	0.037338
2.877333	0.037219
2.877667	0.036957
2.878000	0.037003
2.878333	0.036150
2.878667	0.037098
2.879000	0.038027
2.879333	0.037030
2.879667	0.036622
2.880000	0.037081
2.880333	0.036736
2.880667	0.037280
2.881000	0.036267
2.881333	0.037050
2.881667	0.036419
2.882000	0.036052
2.882333	0.035800
2.882667	0.035788
2.883000	0.035843
2.883333	0.035912
2.883667	0.035422
2.884000	0.036402
2.884333	0.036894
2.884667	0.036057
2.885000	0.036551
2.885333	0.036383
2.885667	0.035390
2.886000	0.037648
2.886333	0.035849
2.886667	0.034863
2.887000	0.036107
2.887333	0.035735
2.887667	0.035963
2.888000	0.035678
2.888333	0.034812
2.888667	0.035704
2.889000	0.035674
2.889333	0.035920
2.889667	0.035619
2.890000	0.034372
2.890333	0.035038
2.890667	0.035109
2.891000	0.033736
2.891333	0.035236
2.891667	0.034909
2.892000	0.034565
2.892333	0.035165
2.892667	0.035278
2.893000	0.035540
2.893333	0.034530
2.893667	0.036101
2.894000	0.035680
2.894333	0.034454
2.894667	0.034414
2.895000	0.034519
2.895333	0.035148
2.895667	0.033714
2.896000	0.034909
2.896333	0.033924
2.896667	0.034501
2.897000	0.034320
2.897333	0.034439
2.897667	0.034499
2.898000	0.034475
2.898333	0.033833
2.898667	0.033417
2.899000	0.034304
2.899333	0.034619
2.899667	0.034029
2.900000	0.033960
2.900333	0.035105
2.900667	0.034666
2.901000	0.034406
2.901333	0.034566
2.901667	0.033114
2.902000	0.033141
2.902333	0.034048
2.902667	0.034499
2.903000	0.033597
2.903333	0.032437
2.903667	0.033365
2.904000	0.033421
2.904333	0.033379
2.904667	0.033229
2.905000	0.033981
2.905333	0.033477
2.905667	0.033837
2.906000	0.033188
2.906333	0.033758
2.906667	0.033703
2.907000	0.034077
2.907333	0.033498
2.907667	0.033619
2.908000	0.033500
2.908333	0.033249
2.908667	0.033345
2.909000	0.033001
2.909333	0.033571
2.909667	0.033419
2.910000	0.033187
2.910333	0.033378
2.910667	0.033336
2.911000	0.032677
2.911333	0.032733
2.911667	0.034061
2.912000	0.033341
2.912333	0.033452
2.912667	0.032316
2.913000	0.032724
2.913333	0.032491
2.913667	0.032643
2.914000	0.033318
2.914333	0.031921
2.914667	0.032777
2.915000	0.032869
2.915333	0.032365
2.915667	0.032731
2.916000	0.033231
2.916333	0.033388
2.916667	0.032346
2.917000	0.032601
2.917333	0.032563
2.917667	0.032969
2.918000	0.032365
2.918333	0.033065
2.918667	0.032590
2.919000	0.031618
2.919333	0.032413
2.919667	0.032656
2.920000	0.032077
2.920333	0.032208
2.920667	0.032520
2.921000	0.032352
2.921333	0.033046
2.921667	0.032815
2.922000	0.033014
2.922333	0.032665
2.922667	0.032196
2.923000	0.032305
2.923333	0.032204
2.923667	0.031507
2.924000	0.032314
2.924333	0.032064
2.924667	0.033177
2.925000	0.032146
2.925333	0.031897
2.925667	0.031459
2.926000	0.031779
2.926333	0.032080
2.926667	0.031478
2.927000	0.031670
2.927333	0.031682
2.927667	0.032313
2.928000	0.031485
2.928333	0.032755
2.928667	0.031645
2.929000	0.032312
2.929333	0.031765
2.929667	0.031169
2.930000	0.031579
2.930333	0.032334
2.930667	0.031897
2.931000	0.031567
2.931333	0.031873
2.931667	0.031356
2.932000	0.032018
2.932333	0.032290
2.932667	0.031724
2.933000	0.031470
2.933333	0.031636
2.933667	0.030993
2.934000	0.030762
2.934333	0.031149
2.934667	0.031510
2.935000	0.031572
2.935333	0.030409
2.935667	0.031150
2.936000	0.031212
2.936333	0.030663
2.936667	0.031534
2.937000	0.031663
2.937333	0.030345
2.937667	0.030762
2.938000	0.031483
2.938333	0.031126
2.938667	0.030718
2.939000	0.031511
2.939333	0.031055
2.939667	0.030539
2.940000	0.030741
2.940333	0.031815
2.940667	0.031519
2.941000	0.031354
2.941333	0.030731
2.941667	0.030523
2.942000	0.029961
2.942333	0.030460
2.942667	0.031097
2.943000	0.031220
2.943333	0.030341
2.943667	0.031136
2.944000	0.031363
2.944333	0.031263
2.944667	0.030729
2.945000	0.030810
2.945333	0.031181
2.945667	0.031460
2.946000	0.030851
2.946333	0.030560
2.946667	0.031881
2.947000	0.029956
2.947333	0.030543
2.947667	0.030741
2.948000	0.030481
2.948333	0.029695
2.948667	0.030674
2.949000	0.030780
2.949333	0.029861
2.949667	0.030888
2.950000	0.029554
2.950333	0.030312
2.950667	0.030568
2.951000	0.030798
2.951333	0.030157
2.951667	0.030482
2.952000	0.030948
2.952333	0.029864
2.952667	0.030493
2.953000	0.030522
2.953333	0.029188
2.953667	0.030147
2.954000	0.029915
2.954333	0.029826
2.954667	0.030646
2.955000	0.029136
2.955333	0.029688
2.955667	0.028958
2.956000	0.029901
2.956333	0.029630
2.956667	0.029584
2.957000	0.029482
2.957333	0.030221
2.957667	0.029230
2.958000	0.029766
2.958333	0.029404
2.958667	0.030167
2.959000	0.029574
2.959333	0.030162
2.959667	0.029672
2.960000	0.029893
2.960333	0.030124
2.960667	0.030384
2.961000	0.029603
2.961333	0.029278
2.961667	0.029819
2.962000	0.029948
2.962333	0.029302
2.962667	0.030028
2.963000	0.028656
2.963333	0.029760
2.963667	0.029067
2.964000	0.029442
2.964333	0.029571
2.964667	0.029482
2.965000	0.029029
2.965333	0.028905
2.965667	0.029588
2.966000	0.029237
2.966333	0.028652
2.966667	0.029413
2.967000	0.029735
2.967333	0.030469
2.967667	0.030352
2.968000	0.030812
2.968333	0.037470
2.968667	0.050409
2.969000	0.054613
2.969333	0.055229
2.969667	0.054951
2.970000	0.054561
2.970333	0.052934
2.970667	0.051970
2.971000	0.051969
2.971333	0.054016
2.971667	0.054966
2.972000	0.057959
2.972333	0.062921
2.972667	0.063819
2.973000	0.063316
2.973333	0.060894
2.973667	0.059115
2.974000	0.057320
2.974333	0.056552
2.974667	0.054924
2.975000	0.053927
2.975333	0.052769
2.975667	0.051670
2.976000	0.052598
2.976333	0.056969
2.976667	0.063173
2.977000	0.066859
2.977333	0.068489
2.977667	0.067295
2.978000	0.065364
2.978333	0.062312
2.978667	0.061719
2.979000	0.058789
2.979333	0.058428
2.979667	0.057055
2.980000	0.056739
2.980333	0.054608
2.980667	0.054921
2.981000	0.053804
2.981333	0.056307
2.981667	0.063161
2.982000	0.069109
2.982333	0.070678
2.982667	0.069757
2.983000	0.068440
2.983333	0.066809
2.983667	0.063883
2.984000	0.062650
2.984333	0.061246
2.984667	0.060168
2.985000	0.059063
2.985333	0.057219
2.985667	0.057176
2.986000	0.055692
2.986333	0.055035
2.986667	0.054631
2.987000	0.053609
2.987333	0.052582
2.987667	0.059788
2.988000	0.067636
2.988333	0.070913
2.988667	0.069801
2.989000	0.068035
2.989333	0.066222
2.989667	0.065390
2.990000	0.063021
2.990333	0.062147
2.990667	0.060469
2.991000	0.060309
2.991333	0.058656
2.991667	0.057048
2.992000	0.056088
2.992333	0.055346
2.992667	0.054022
2.993000	0.053709
2.993333	0.053304
2.993667	0.053292
2.994000	0.052141
2.994333	0.051881
2.994667	0.052124
2.995000	0.050691
2.995333	0.050809
2.995667	0.049052
2.996000	0.048980
2.996333	0.048439
2.996667	0.048882
2.997000	0.047961
2.997333	0.047377
2.997667	0.047660
2.998000	0.047015
2.998333	0.046923
2.998667	0.046366
2.999000	0.046054
2.999333	0.046136
2.999667	0.045848
3.000000	0.044610
