0.000333	0.040619
0.000667	0.040669
0.001000	0.040093
0.001333	0.040004
0.001667	0.039974
0.002000	0.039217
0.002333	0.039662
0.002667	0.039735
0.003000	0.039424
0.003333	0.039323
0.003667	0.039836
0.004000	0.039733
0.004333	0.039133
0.004667	0.039061
0.005000	0.038793
0.005333	0.038559
0.005667	0.038451
0.006000	0.038422
0.006333	0.038416
0.006667	0.038329
0.007000	0.038541
0.007333	0.038353
0.007667	0.037790
0.008000	0.037903
0.008333	0.037534
0.008667	0.037945
0.009000	0.037920
0.009333	0.037639
0.009667	0.037525
0.010000	0.037004
0.010333	0.037756
0.010667	0.037159
0.011000	0.037207
0.011333	0.037072
0.011667	0.037686
0.012000	0.037312
0.012333	0.037074
0.012667	0.037144
0.013000	0.036860
0.013333	0.036515
0.013667	0.036599
0.014000	0.036442
0.014333	0.036189
0.014667	0.036617
0.015000	0.036901
0.015333	0.036499
0.015667	0.036650
0.016000	0.036095
0.016333	0.035884
0.016667	0.036026
0.017000	0.036275
0.017333	0.036062
0.017667	0.036152
0.018000	0.035514
0.018333	0.036246
0.018667	0.035833
0.019000	0.036447
0.019333	0.035809
0.019667	0.035528
0.020000	0.035349
0.020333	0.035751
0.020667	0.035651
0.021000	0.035242
0.021333	0.034424
0.021667	0.035268
0.022000	0.035071
0.022333	0.035363
0.022667	0.034593
0.023000	0.035329
0.023333	0.034836
0.023667	0.034554
0.024000	0.034843
0.024333	0.034807
0.024667	0.034814
0.025000	0.035263
0.025333	0.034854
0.025667	0.034600
0.026000	0.034347
0.026333	0.034473
0.026667	0.034867
0.027000	0.034628
0.027333	0.034285
0.027667	0.034581
0.028000	0.034483
0.028333	0.033501
0.028667	0.033824
0.029000	0.033902
0.029333	0.033913
0.029667	0.033990
0.030000	0.033607
0.030333	0.034129
0.030667	0.033908
0.031000	0.033747
0.031333	0.033646
0.031667	0.034167
0.032000	0.033473
0.032333	0.033965
0.032667	0.034031
0.033000	0.033391
0.033333	0.034661
0.033667	0.033584
0.034000	0.034075
0.034333	0.034014
0.034667	0.033932
0.035000	0.033513
0.035333	0.034116
0.035667	0.033695
0.036000	0.033880
0.036333	0.033898
0.036667	0.033406
0.037000	0.033525
0.037333	0.033001
0.037667	0.033269
0.038000	0.033110
0.038333	0.033249
0.038667	0.032990
0.039000	0.032830
0.039333	0.033460
0.039667	0.033223
0.040000	0.032935
0.040333	0.032961
0.040667	0.032957
0.041000	0.032965
0.041333	0.032556
0.041667	0.033330
0.042000	0.032871
0.042333	0.033458
0.042667	0.033406
0.043000	0.033000
0.043333	0.032286
0.043667	0.032628
0.044000	0.032807
0.044333	0.032349
0.044667	0.032091
0.045000	0.032169
0.045333	0.031954
0.045667	0.032532
0.046000	0.032209
0.046333	0.032418
0.046667	0.032283
0.047000	0.032265
0.047333	0.032066
0.047667	0.032409
0.048000	0.031551
0.048333	0.031764
0.048667	0.031800
0.049000	0.032707
0.049333	0.032189
0.049667	0.031995
0.050000	0.032061
0.050333	0.031754
0.050667	0.031643
0.051000	0.031506
0.051333	0.032148
0.051667	0.031569
0.052000	0.031413
0.052333	0.032068
0.052667	0.031413
0.053000	0.031795
0.053333	0.031760
0.053667	0.031454
0.054000	0.031658
0.054333	0.031549
0.054667	0.031249
0.055000	0.030943
0.055333	0.031538
0.055667	0.030652
0.056000	0.031074
0.056333	0.031378
0.056667	0.031823
0.057000	0.031040
0.057333	0.031323
0.057667	0.030860
0.058000	0.031008
0.058333	0.030808
0.058667	0.031122
0.059000	0.031438
0.059333	0.031376
0.059667	0.031586
0.060000	0.030898
0.060333	0.031848
0.060667	0.030577
0.061000	0.031220
0.061333	0.030595
0.061667	0.030906
0.062000	0.030796
0.062333	0.030830
0.062667	0.030347
0.063000	0.030452
0.063333	0.030617
0.063667	0.031424
0.064000	0.031205
0.064333	0.030468
0.064667	0.030676
0.065000	0.029962
0.065333	0.031003
0.065667	0.030348
0.066000	0.031194
0.066333	0.031012
0.066667	0.030239
0.067000	0.030899
0.067333	0.030658
0.067667	0.030765
0.068000	0.030168
0.068333	0.030302
0.068667	0.030731
0.069000	0.030328
0.069333	0.030236
0.069667	0.030684
0.070000	0.030911
0.070333	0.030664
0.070667	0.030423
0.071000	0.030651
0.071333	0.030081
0.071667	0.029826
0.072000	0.030754
0.072333	0.030366
0.072667	0.030497
0.073000	0.030629
0.073333	0.030379
0.073667	0.030337
0.074000	0.030619
0.074333	0.030283
0.074667	0.030372
0.075000	0.030219
0.075333	0.030644
0.075667	0.030286
0.076000	0.030252
0.076333	0.030000
0.076667	0.029936
0.077000	0.030319
0.077333	0.029967
0.077667	0.029887
0.078000	0.030117
0.078333	0.029854
0.078667	0.029948
0.079000	0.029563
0.079333	0.029487
0.079667	0.029453
0.080000	0.029721
0.080333	0.029161
0.080667	0.030328
0.081000	0.029791
0.081333	0.030129
0.081667	0.030190
0.082000	0.029569
0.082333	0.029931
0.082667	0.029677
0.083000	0.029752
0.083333	0.029672
0.083667	0.030072
0.084000	0.029639
0.084333	0.029809
0.084667	0.029250
0.085000	0.029408
0.085333	0.029080
0.085667	0.029703
0.086000	0.029282
0.086333	0.029200
0.086667	0.029727
0.087000	0.029445
0.087333	0.029043
0.087667	0.029137
0.088000	0.029099
0.088333	0.028759
0.088667	0.029328
0.089000	0.029124
0.089333	0.029536
0.089667	0.029341
0.090000	0.029695
0.090333	0.029252
0.090667	0.029106
0.091000	0.028820
0.091333	0.029552
0.091667	0.029245
0.092000	0.029465
0.092333	0.028778
0.092667	0.029192
0.093000	0.029191
0.093333	0.029059
0.093667	0.029150
0.094000	0.029138
0.094333	0.028540
0.094667	0.028948
0.095000	0.029477
0.095333	0.028423
0.095667	0.029268
0.096000	0.029230
0.096333	0.029512
0.096667	0.029416
0.097000	0.028900
0.097333	0.029056
0.097667	0.028458
0.098000	0.028877
0.098333	0.029049
0.098667	0.028774
0.099000	0.028958
0.099333	0.028446
0.099667	0.028691
0.100000	0.028713
0.100333	0.028481
0.100667	0.028245
0.101000	0.028872
0.101333	0.028574
0.101667	0.028685
0.102000	0.029052
0.102333	0.028755
0.102667	0.028378
0.103000	0.028599
0.103333	0.028806
0.103667	0.028499
0.104000	0.028648
0.104333	0.028810
0.104667	0.029630
0.105000	0.028886
0.105333	0.029072
0.105667	0.028931
0.106000	0.028620
0.106333	0.029188
0.106667	0.028923
0.107000	0.028647
0.107333	0.028591
0.107667	0.028673
0.108000	0.028229
0.108333	0.028751
0.108667	0.028424
0.109000	0.028493
0.109333	0.028534
0.109667	0.028791
0.110000	0.028486
0.110333	0.028280
0.110667	0.027856
0.111000	0.028340
0.111333	0.028738
0.111667	0.028177
0.112000	0.028290
0.112333	0.028461
0.112667	0.028423
0.113000	0.028284
0.113333	0.028843
0.113667	0.028580
0.114000	0.028577
0.114333	0.029267
0.114667	0.028281
0.115000	0.028354
0.115333	0.028838
0.115667	0.028320
0.116000	0.028579
0.116333	0.028089
0.116667	0.027853
0.117000	0.028090
0.117333	0.027675
0.117667	0.028600
0.118000	0.028231
0.118333	0.028642
0.118667	0.028408
0.119000	0.027998
0.119333	0.028260
0.119667	0.028039
0.120000	0.028290
0.120333	0.028528
0.120667	0.028282
0.121000	0.028238
0.121333	0.028651
0.121667	0.028657
0.122000	0.028422
0.122333	0.028051
0.122667	0.027796
0.123000	0.028319
0.123333	0.028067
0.123667	0.028116
0.124000	0.027605
0.124333	0.027743
0.124667	0.027917
0.125000	0.027986
0.125333	0.027971
0.125667	0.028129
0.126000	0.028053
0.126333	0.027923
0.126667	0.028001
0.127000	0.027628
0.127333	0.028408
0.127667	0.027754
0.128000	0.027976
0.128333	0.028373
0.128667	0.028805
0.129000	0.031044
0.129333	0.042263
0.129667	0.056193
0.130000	0.060645
0.130333	0.060927
0.130667	0.059809
0.131000	0.058744
0.131333	0.057316
0.131667	0.056121
0.132000	0.055565
0.132333	0.061878
0.132667	0.075947
0.133000	0.078603
0.133333	0.075882
0.133667	0.073292
0.134000	0.071072
0.134333	0.068794
0.134667	0.067349
0.135000	0.065212
0.135333	0.064032
0.135667	0.063103
0.136000	0.066350
0.136333	0.075736
0.136667	0.080227
0.137000	0.080803
0.137333	0.078647
0.137667	0.076833
0.138000	0.074895
0.138333	0.073364
0.138667	0.070966
0.139000	0.068933
0.139333	0.068550
0.139667	0.066719
0.140000	0.065614
0.140333	0.064413
0.140667	0.067289
0.141000	0.074015
0.141333	0.079349
0.141667	0.079776
0.142000	0.077910
0.142333	0.075759
0.142667	0.073733
0.143000	0.072218
0.143333	0.070741
0.143667	0.069339
0.144000	0.067813
0.144333	0.066722
0.144667	0.065618
0.145000	0.063965
0.145333	0.063236
0.145667	0.062457
0.146000	0.063106
0.146333	0.066383
0.146667	0.069030
0.147000	0.071367
0.147333	0.071844
0.147667	0.069462
0.148000	0.067504
0.148333	0.066781
0.148667	0.064913
0.149000	0.064045
0.149333	0.062901
0.149667	0.061644
0.150000	0.060694
0.150333	0.059026
0.150667	0.059043
0.151000	0.057962
0.151333	0.057173
0.151667	0.056092
0.152000	0.055890
0.152333	0.055141
0.152667	0.054378
0.153000	0.053993
0.153333	0.053361
0.153667	0.052859
0.154000	0.052746
0.154333	0.053600
0.154667	0.054678
0.155000	0.054218
0.155333	0.053403
0.155667	0.053967
0.156000	0.053280
0.156333	0.052343
0.156667	0.051928
0.157000	0.050859
0.157333	0.050567
0.157667	0.049960
0.158000	0.051735
0.158333	0.055804
0.158667	0.058907
0.159000	0.060838
0.159333	0.060523
0.159667	0.059853
0.160000	0.059393
0.160333	0.057998
0.160667	0.056935
0.161000	0.055769
0.161333	0.054820
0.161667	0.054225
0.162000	0.052846
0.162333	0.052655
0.162667	0.052238
0.163000	0.051286
0.163333	0.051315
0.163667	0.050609
0.164000	0.050204
0.164333	0.049990
0.164667	0.049517
0.165000	0.048685
0.165333	0.048510
0.165667	0.048208
0.166000	0.047786
0.166333	0.046739
0.166667	0.046546
0.167000	0.046871
0.167333	0.046027
0.167667	0.045469
0.168000	0.044445
0.168333	0.044461
0.168667	0.044505
0.169000	0.043885
0.169333	0.043877
0.169667	0.043457
0.170000	0.043688
0.170333	0.042649
0.170667	0.043268
0.171000	0.042885
0.171333	0.042713
0.171667	0.042551
0.172000	0.041635
0.172333	0.042106
0.172667	0.041337
0.173000	0.042040
0.173333	0.040969
0.173667	0.040731
0.174000	0.041227
0.174333	0.040116
0.174667	0.040073
0.175000	0.040431
0.175333	0.039398
0.175667	0.040405
0.176000	0.039755
0.176333	0.039454
0.176667	0.038998
0.177000	0.039378
0.177333	0.039162
0.177667	0.038896
0.178000	0.038839
0.178333	0.038828
0.178667	0.038275
0.179000	0.039008
0.179333	0.038682
0.179667	0.039167
0.180000	0.038664
0.180333	0.038322
0.180667	0.038906
0.181000	0.038200
0.181333	0.037802
0.181667	0.037855
0.182000	0.037579
0.182333	0.037926
0.182667	0.037457
0.183000	0.037494
0.183333	0.037347
0.183667	0.037382
0.184000	0.037130
0.184333	0.037605
0.184667	0.037092
0.185000	0.036943
0.185333	0.036799
0.185667	0.037190
0.186000	0.036427
0.186333	0.036123
0.186667	0.036290
0.187000	0.036026
0.187333	0.035910
0.187667	0.035750
0.188000	0.035497
0.188333	0.035919
0.188667	0.035251
0.189000	0.035545
0.189333	0.035806
0.189667	0.034531
0.190000	0.034037
0.190333	0.034790
0.190667	0.034974
0.191000	0.035310
0.191333	0.034890
0.191667	0.034876
0.192000	0.034930
0.192333	0.034683
0.192667	0.034608
0.193000	0.034349
0.193333	0.034303
0.193667	0.034557
0.194000	0.034629
0.194333	0.035071
0.194667	0.034594
0.195000	0.034029
0.195333	0.033517
0.195667	0.033920
0.196000	0.033892
0.196333	0.033245
0.196667	0.033431
0.197000	0.033468
0.197333	0.033852
0.197667	0.034078
0.198000	0.033227
0.198333	0.033460
0.198667	0.032996
0.199000	0.033288
0.199333	0.034194
0.199667	0.033116
0.200000	0.033600
0.200333	0.032683
0.200667	0.033525
0.201000	0.032689
0.201333	0.032986
0.201667	0.032773
0.202000	0.033050
0.202333	0.032831
0.202667	0.033123
0.203000	0.032730
0.203333	0.033123
0.203667	0.032861
0.204000	0.032703
0.204333	0.032496
0.204667	0.032589
0.205000	0.032818
0.205333	0.031834
0.205667	0.032818
0.206000	0.032157
0.206333	0.031911
0.206667	0.032080
0.207000	0.032352
0.207333	0.032212
0.207667	0.032252
0.208000	0.031852
0.208333	0.031881
0.208667	0.032540
0.209000	0.031763
0.209333	0.031997
0.209667	0.031108
0.210000	0.032312
0.210333	0.031638
0.210667	0.031803
0.211000	0.031639
0.211333	0.031155
0.211667	0.031028
0.212000	0.031228
0.212333	0.031451
0.212667	0.031072
0.213000	0.031746
0.213333	0.031055
0.213667	0.030699
0.214000	0.030706
0.214333	0.031368
0.214667	0.031450
0.215000	0.030491
0.215333	0.031347
0.215667	0.031517
0.216000	0.031084
0.216333	0.030695
0.216667	0.031063
0.217000	0.031085
0.217333	0.031047
0.217667	0.030552
0.218000	0.030730
0.218333	0.030657
0.218667	0.030788
0.219000	0.030829
0.219333	0.031059
0.219667	0.031490
0.220000	0.030920
0.220333	0.030099
0.220667	0.030967
0.221000	0.030528
0.221333	0.030624
0.221667	0.030532
0.222000	0.030326
0.222333	0.030590
0.222667	0.030631
0.223000	0.030587
0.223333	0.029812
0.223667	0.030390
0.224000	0.029958
0.224333	0.029587
0.224667	0.029973
0.225000	0.029538
0.225333	0.029688
0.225667	0.029297
0.226000	0.029472
0.226333	0.029809
0.226667	0.030281
0.227000	0.029881
0.227333	0.029324
0.227667	0.029653
0.228000	0.029468
0.228333	0.030040
0.228667	0.030117
0.229000	0.030120
0.229333	0.029464
0.229667	0.029591
0.230000	0.029805
0.230333	0.029446
0.230667	0.029743
0.231000	0.029330
0.231333	0.029277
0.231667	0.029216
0.232000	0.029512
0.232333	0.029583
0.232667	0.029342
0.233000	0.028906
0.233333	0.028455
0.233667	0.029050
0.234000	0.029043
0.234333	0.028770
0.234667	0.029073
0.235000	0.029017
0.235333	0.028879
0.235667	0.029413
0.236000	0.029647
0.236333	0.029583
0.236667	0.028943
0.237000	0.029617
0.237333	0.028977
0.237667	0.028739
0.238000	0.028643
0.238333	0.029345
0.238667	0.028986
0.239000	0.029509
0.239333	0.029109
0.239667	0.029420
0.240000	0.029297
0.240333	0.029038
0.240667	0.029163
0.241000	0.028905
0.241333	0.028995
0.241667	0.028211
0.242000	0.028521
0.242333	0.029198
0.242667	0.029186
0.243000	0.029325
0.243333	0.028807
0.243667	0.028546
0.244000	0.028825
0.244333	0.028475
0.244667	0.029025
0.245000	0.028651
0.245333	0.028885
0.245667	0.028416
0.246000	0.028700
0.246333	0.028064
0.246667	0.028558
0.247000	0.028006
0.247333	0.028024
0.247667	0.028562
0.248000	0.028431
0.248333	0.028182
0.248667	0.028083
0.249000	0.028038
0.249333	0.028957
0.249667	0.028224
0.250000	0.028140
0.250333	0.027921
0.250667	0.027560
0.251000	0.028181
0.251333	0.028524
0.251667	0.027872
0.252000	0.028688
0.252333	0.027981
0.252667	0.028501
0.253000	0.028162
0.253333	0.027710
0.253667	0.028453
0.254000	0.028055
0.254333	0.028331
0.254667	0.027615
0.255000	0.027971
0.255333	0.028741
0.255667	0.027997
0.256000	0.027364
0.256333	0.027533
0.256667	0.027476
0.257000	0.027011
0.257333	0.027206
0.257667	0.027562
0.258000	0.027115
0.258333	0.027872
0.258667	0.026998
0.259000	0.027294
0.259333	0.027409
0.259667	0.027448
0.260000	0.027740
0.260333	0.027240
0.260667	0.027937
0.261000	0.027686
0.261333	0.027725
0.261667	0.028070
0.262000	0.028320
0.262333	0.028200
0.262667	0.027965
0.263000	0.027718
0.263333	0.028187
0.263667	0.026986
0.264000	0.027079
0.264333	0.027845
0.264667	0.026860
0.265000	0.026634
0.265333	0.026894
0.265667	0.026947
0.266000	0.027001
0.266333	0.026836
0.266667	0.027188
0.267000	0.026777
0.267333	0.026567
0.267667	0.027147
0.268000	0.027283
0.268333	0.027680
0.268667	0.027165
0.269000	0.026840
0.269333	0.027186
0.269667	0.027065
0.270000	0.027079
0.270333	0.027247
0.270667	0.026951
0.271000	0.026975
0.271333	0.026995
0.271667	0.026663
0.272000	0.026018
0.272333	0.026858
0.272667	0.026466
0.273000	0.026284
0.273333	0.026112
0.273667	0.026730
0.274000	0.026513
0.274333	0.026504
0.274667	0.026108
0.275000	0.026678
0.275333	0.026638
0.275667	0.026905
0.276000	0.026379
0.276333	0.027174
0.276667	0.027027
0.277000	0.027162
0.277333	0.026878
0.277667	0.026509
0.278000	0.026410
0.278333	0.026644
0.278667	0.026403
0.279000	0.026839
0.279333	0.025800
0.279667	0.025227
0.280000	0.025837
0.280333	0.026575
0.280667	0.026595
0.281000	0.026660
0.281333	0.026612
0.281667	0.026133
0.282000	0.026617
0.282333	0.026401
0.282667	0.026396
0.283000	0.026841
0.283333	0.026053
0.283667	0.026470
0.284000	0.026759
0.284333	0.026457
0.284667	0.026056
0.285000	0.026612
0.285333	0.026075
0.285667	0.025963
0.286000	0.026411
0.286333	0.026307
0.286667	0.025496
0.287000	0.025964
0.287333	0.025463
0.287667	0.025829
0.288000	0.025721
0.288333	0.025595
0.288667	0.026064
0.289000	0.025483
0.289333	0.026297
0.289667	0.026087
0.290000	0.026049
0.290333	0.026519
0.290667	0.027103
0.291000	0.026461
0.291333	0.026626
0.291667	0.026534
0.292000	0.026411
0.292333	0.026233
0.292667	0.026033
0.293000	0.025974
0.293333	0.025595
0.293667	0.025922
0.294000	0.026041
0.294333	0.025115
0.294667	0.024894
0.295000	0.025436
0.295333	0.024946
0.295667	0.025702
0.296000	0.024635
0.296333	0.025379
0.296667	0.025816
0.297000	0.025611
0.297333	0.026565
0.297667	0.025914
0.298000	0.026131
0.298333	0.026013
0.298667	0.025576
0.299000	0.025519
0.299333	0.026184
0.299667	0.025178
0.300000	0.025992
0.300333	0.025330
0.300667	0.025960
0.301000	0.025440
0.301333	0.025536
0.301667	0.024670
0.302000	0.024926
0.302333	0.025337
0.302667	0.025378
0.303000	0.025382
0.303333	0.025152
0.303667	0.025455
0.304000	0.025572
0.304333	0.025562
0.304667	0.025815
0.305000	0.025834
0.305333	0.025823
0.305667	0.025549
0.306000	0.025780
0.306333	0.025060
0.306667	0.025589
0.307000	0.025859
0.307333	0.025086
0.307667	0.025387
0.308000	0.025338
0.308333	0.025250
0.308667	0.024668
0.309000	0.024815
0.309333	0.025780
0.309667	0.025675
0.310000	0.024809
0.310333	0.025779
0.310667	0.025318
0.311000	0.025941
0.311333	0.025292
0.311667	0.025070
0.312000	0.025178
0.312333	0.025018
0.312667	0.025411
0.313000	0.025113
0.313333	0.025122
0.313667	0.025759
0.314000	0.025416
0.314333	0.025208
0.314667	0.024690
0.315000	0.025396
0.315333	0.025382
0.315667	0.025568
0.316000	0.025369
0.316333	0.024733
0.316667	0.025076
0.317000	0.025034
0.317333	0.024872
0.317667	0.024953
0.318000	0.025053
0.318333	0.024818
0.318667	0.024678
0.319000	0.025227
0.319333	0.024807
0.319667	0.024287
0.320000	0.024309
0.320333	0.024661
0.320667	0.025029
0.321000	0.024913
0.321333	0.024783
0.321667	0.025121
0.322000	0.024514
0.322333	0.025288
0.322667	0.024881
0.323000	0.024633
0.323333	0.024742
0.323667	0.024788
0.324000	0.025400
0.324333	0.024858
0.324667	0.025366
0.325000	0.024986
0.325333	0.025026
0.325667	0.024633
0.326000	0.024721
0.326333	0.024664
0.326667	0.024430
0.327000	0.024786
0.327333	0.025177
0.327667	0.025237
0.328000	0.024559
0.328333	0.024654
0.328667	0.024675
0.329000	0.024811
0.329333	0.024491
0.329667	0.024886
0.330000	0.024598
0.330333	0.024760
0.330667	0.024773
0.331000	0.024435
0.331333	0.024673
0.331667	0.024123
0.332000	0.024457
0.332333	0.025086
0.332667	0.024677
0.333000	0.024501
0.333333	0.024937
0.333667	0.024578
0.334000	0.025080
0.334333	0.024610
0.334667	0.024731
0.335000	0.024449
0.335333	0.024441
0.335667	0.024963
0.336000	0.024975
0.336333	0.024711
0.336667	0.024264
0.337000	0.024796
0.337333	0.024580
0.337667	0.024839
0.338000	0.024530
0.338333	0.025012
0.338667	0.024353
0.339000	0.024373
0.339333	0.024464
0.339667	0.025005
0.340000	0.024319
0.340333	0.024226
0.340667	0.024615
0.341000	0.024588
0.341333	0.024586
0.341667	0.024629
0.342000	0.023929
0.342333	0.024341
0.342667	0.024093
0.343000	0.024814
0.343333	0.024940
0.343667	0.024540
0.344000	0.024710
0.344333	0.024546
0.344667	0.024631
0.345000	0.025013
0.345333	0.024365
0.345667	0.024637
0.346000	0.024135
0.346333	0.024449
0.346667	0.025171
0.347000	0.024158
0.347333	0.024590
0.347667	0.024369
0.348000	0.023953
0.348333	0.023881
0.348667	0.024191
0.349000	0.024606
0.349333	0.024299
0.349667	0.024555
0.350000	0.024468
0.350333	0.024132
0.350667	0.024342
0.351000	0.024362
0.351333	0.024340
0.351667	0.024771
0.352000	0.023773
0.352333	0.024456
0.352667	0.024727
0.353000	0.024463
0.353333	0.024544
0.353667	0.024382
0.354000	0.023947
0.354333	0.024048
0.354667	0.024031
0.355000	0.024108
0.355333	0.024726
0.355667	0.024192
0.356000	0.024403
0.356333	0.023995
0.356667	0.024889
0.357000	0.024525
0.357333	0.024353
0.357667	0.024209
0.358000	0.023786
0.358333	0.023833
0.358667	0.024486
0.359000	0.025002
0.359333	0.023632
0.359667	0.023609
0.360000	0.023818
0.360333	0.023830
0.360667	0.024106
0.361000	0.023664
0.361333	0.023578
0.361667	0.024078
0.362000	0.024091
0.362333	0.024166
0.362667	0.023924
0.363000	0.024016
0.363333	0.023228
0.363667	0.024067
0.364000	0.023790
0.364333	0.024159
0.364667	0.023949
0.365000	0.024552
0.365333	0.024220
0.365667	0.024177
0.366000	0.023744
0.366333	0.024562
0.366667	0.024334
0.367000	0.024487
0.367333	0.023809
0.367667	0.023828
0.368000	0.023696
0.368333	0.023615
0.368667	0.023766
0.369000	0.023402
0.369333	0.023783
0.369667	0.024245
0.370000	0.024421
0.370333	0.025253
0.370667	0.033041
0.371000	0.050945
0.371333	0.058577
0.371667	0.059787
0.372000	0.058697
0.372333	0.056858
0.372667	0.056117
0.373000	0.055696
0.373333	0.055127
0.373667	0.053852
0.374000	0.052902
0.374333	0.053598
0.374667	0.067495
0.375000	0.077479
0.375333	0.076618
0.375667	0.073689
0.376000	0.071152
0.376333	0.068772
0.376667	0.066268
0.377000	0.064561
0.377333	0.062394
0.377667	0.062978
0.378000	0.071430
0.378333	0.080316
0.378667	0.081513
0.379000	0.079677
0.379333	0.077832
0.379667	0.075567
0.380000	0.073404
0.380333	0.071749
0.380667	0.069669
0.381000	0.068402
0.381333	0.067001
0.381667	0.067265
0.382000	0.073135
0.382333	0.080659
0.382667	0.079761
0.383000	0.078555
0.383333	0.076556
0.383667	0.074718
0.384000	0.072481
0.384333	0.071051
0.384667	0.069180
0.385000	0.068169
0.385333	0.066393
0.385667	0.064619
0.386000	0.063204
0.386333	0.062558
0.386667	0.061856
0.387000	0.059422
0.387333	0.058594
0.387667	0.058344
0.388000	0.057960
0.388333	0.060212
0.388667	0.064102
0.389000	0.068455
0.389333	0.068245
0.389667	0.066920
0.390000	0.065688
0.390333	0.063844
0.390667	0.062462
0.391000	0.061840
0.391333	0.060682
0.391667	0.059761
0.392000	0.058339
0.392333	0.057876
0.392667	0.056227
0.393000	0.055985
0.393333	0.055255
0.393667	0.053520
0.394000	0.053619
0.394333	0.051884
0.394667	0.051485
0.395000	0.050834
0.395333	0.050764
0.395667	0.048760
0.396000	0.048463
0.396333	0.048597
0.396667	0.047743
0.397000	0.047882
0.397333	0.048668
0.397667	0.049400
0.398000	0.050581
0.398333	0.051532
0.398667	0.051037
0.399000	0.050507
0.399333	0.049858
0.399667	0.049255
0.400000	0.048179
0.400333	0.048188
0.400667	0.047576
0.401000	0.046865
0.401333	0.046599
0.401667	0.047777
0.402000	0.052207
0.402333	0.058160
0.402667	0.062503
0.403000	0.063697
0.403333	0.064840
0.403667	0.064755
0.404000	0.063754
0.404333	0.062913
0.404667	0.061761
0.405000	0.060663
0.405333	0.059759
0.405667	0.057851
0.406000	0.057773
0.406333	0.056218
0.406667	0.055217
0.407000	0.054049
0.407333	0.054047
0.407667	0.053322
0.408000	0.051761
0.408333	0.050690
0.408667	0.049977
0.409000	0.050052
0.409333	0.051228
0.409667	0.052997
0.410000	0.055846
0.410333	0.056219
0.410667	0.054857
0.411000	0.054051
0.411333	0.053073
0.411667	0.052171
0.412000	0.052096
0.412333	0.051337
0.412667	0.050228
0.413000	0.049760
0.413333	0.049696
0.413667	0.050117
0.414000	0.052490
0.414333	0.057936
0.414667	0.064069
0.415000	0.065566
0.415333	0.065409
0.415667	0.063451
0.416000	0.062253
0.416333	0.060440
0.416667	0.059237
0.417000	0.057834
0.417333	0.056669
0.417667	0.055850
0.418000	0.054310
0.418333	0.053188
0.418667	0.052919
0.419000	0.052127
0.419333	0.051440
0.419667	0.052285
0.420000	0.055333
0.420333	0.061649
0.420667	0.066582
0.421000	0.067789
0.421333	0.067293
0.421667	0.066027
0.422000	0.065273
0.422333	0.063253
0.422667	0.061348
0.423000	0.060094
0.423333	0.059131
0.423667	0.058073
0.424000	0.057126
0.424333	0.056410
0.424667	0.054735
0.425000	0.053707
0.425333	0.054042
0.425667	0.052232
0.426000	0.052093
0.426333	0.053397
0.426667	0.057662
0.427000	0.060887
0.427333	0.061157
0.427667	0.060458
0.428000	0.059492
0.428333	0.058572
0.428667	0.058062
0.429000	0.056167
0.429333	0.055749
0.429667	0.055147
0.430000	0.054405
0.430333	0.053944
0.430667	0.053052
0.431000	0.052328
0.431333	0.051042
0.431667	0.050955
0.432000	0.051385
0.432333	0.051856
0.432667	0.052316
0.433000	0.053015
0.433333	0.053219
0.433667	0.053517
0.434000	0.052783
0.434333	0.051310
0.434667	0.050943
0.435000	0.050054
0.435333	0.049841
0.435667	0.048836
0.436000	0.048463
0.436333	0.047545
0.436667	0.046994
0.437000	0.046394
0.437333	0.046361
0.437667	0.046310
0.438000	0.045091
0.438333	0.044938
0.438667	0.044810
0.439000	0.044431
0.439333	0.043921
0.439667	0.042894
0.440000	0.043587
0.440333	0.043139
0.440667	0.043223
0.441000	0.042003
0.441333	0.042419
0.441667	0.041697
0.442000	0.041914
0.442333	0.041389
0.442667	0.041313
0.443000	0.041023
0.443333	0.040684
0.443667	0.040764
0.444000	0.040320
0.444333	0.039795
0.444667	0.039572
0.445000	0.038942
0.445333	0.039320
0.445667	0.039372
0.446000	0.038468
0.446333	0.038577
0.446667	0.037931
0.447000	0.038264
0.447333	0.038433
0.447667	0.037814
0.448000	0.037729
0.448333	0.037800
0.448667	0.037643
0.449000	0.036956
0.449333	0.036688
0.449667	0.037027
0.450000	0.036975
0.450333	0.036512
0.450667	0.037013
0.451000	0.036323
0.451333	0.035962
0.451667	0.036046
0.452000	0.036192
0.452333	0.035966
0.452667	0.035117
0.453000	0.035764
0.453333	0.035425
0.453667	0.035115
0.454000	0.034486
0.454333	0.034850
0.454667	0.035151
0.455000	0.034482
0.455333	0.034629
0.455667	0.034595
0.456000	0.034731
0.456333	0.035077
0.456667	0.034836
0.457000	0.034706
0.457333	0.034044
0.457667	0.034349
0.458000	0.034280
0.458333	0.033759
0.458667	0.034013
0.459000	0.033911
0.459333	0.033114
0.459667	0.033372
0.460000	0.033202
0.460333	0.033472
0.460667	0.032808
0.461000	0.033126
0.461333	0.032588
0.461667	0.032253
0.462000	0.032793
0.462333	0.032330
0.462667	0.032829
0.463000	0.032462
0.463333	0.032510
0.463667	0.032266
0.464000	0.031799
0.464333	0.031960
0.464667	0.031915
0.465000	0.031978
0.465333	0.030550
0.465667	0.031231
0.466000	0.032086
0.466333	0.031628
0.466667	0.031377
0.467000	0.031682
0.467333	0.031471
0.467667	0.031555
0.468000	0.031660
0.468333	0.031324
0.468667	0.031965
0.469000	0.031564
0.469333	0.030795
0.469667	0.030923
0.470000	0.030836
0.470333	0.030659
0.470667	0.030864
0.471000	0.029918
0.471333	0.030028
0.471667	0.029966
0.472000	0.028894
0.472333	0.029517
0.472667	0.029342
0.473000	0.029206
0.473333	0.029467
0.473667	0.029467
0.474000	0.029081
0.474333	0.030010
0.474667	0.030002
0.475000	0.029661
0.475333	0.030038
0.475667	0.029396
0.476000	0.030075
0.476333	0.029706
0.476667	0.029526
0.477000	0.029468
0.477333	0.029571
0.477667	0.029103
0.478000	0.029025
0.478333	0.029514
0.478667	0.028840
0.479000	0.028649
0.479333	0.028895
0.479667	0.028408
0.480000	0.028515
0.480333	0.028039
0.480667	0.027858
0.481000	0.027822
0.481333	0.027980
0.481667	0.027833
0.482000	0.028787
0.482333	0.029033
0.482667	0.029303
0.483000	0.029224
0.483333	0.028727
0.483667	0.028975
0.484000	0.029343
0.484333	0.029272
0.484667	0.028663
0.485000	0.028783
0.485333	0.028551
0.485667	0.028475
0.486000	0.027271
0.486333	0.027799
0.486667	0.028158
0.487000	0.027500
0.487333	0.026850
0.487667	0.027487
0.488000	0.027569
0.488333	0.027573
0.488667	0.027556
0.489000	0.027552
0.489333	0.027738
0.489667	0.029914
0.490000	0.038773
0.490333	0.051029
0.490667	0.057439
0.491000	0.058948
0.491333	0.057996
0.491667	0.056728
0.492000	0.056120
0.492333	0.053667
0.492667	0.053503
0.493000	0.052336
0.493333	0.051490
0.493667	0.051188
0.494000	0.049348
0.494333	0.048706
0.494667	0.049078
0.495000	0.058645
0.495333	0.069415
0.495667	0.071094
0.496000	0.070001
0.496333	0.069021
0.496667	0.066902
0.497000	0.065850
0.497333	0.063633
0.497667	0.062185
0.498000	0.060557
0.498333	0.058870
0.498667	0.058023
0.499000	0.059232
0.499333	0.064483
0.499667	0.071474
0.500000	0.073940
0.500333	0.073343
0.500667	0.072334
0.501000	0.069986
0.501333	0.068160
0.501667	0.066306
0.502000	0.064709
0.502333	0.062733
0.502667	0.061726
0.503000	0.060498
0.503333	0.059535
0.503667	0.057741
0.504000	0.057119
0.504333	0.056899
0.504667	0.058029
0.505000	0.062546
0.505333	0.066583
0.505667	0.068284
0.506000	0.066954
0.506333	0.065207
0.506667	0.063611
0.507000	0.062296
0.507333	0.060544
0.507667	0.060089
0.508000	0.058668
0.508333	0.057644
0.508667	0.056833
0.509000	0.055326
0.509333	0.055233
0.509667	0.054100
0.510000	0.053578
0.510333	0.052469
0.510667	0.051537
0.511000	0.050901
0.511333	0.049997
0.511667	0.049614
0.512000	0.048443
0.512333	0.048494
0.512667	0.047871
0.513000	0.047623
0.513333	0.048527
0.513667	0.049564
0.514000	0.049881
0.514333	0.048932
0.514667	0.048707
0.515000	0.048551
0.515333	0.047285
0.515667	0.047130
0.516000	0.046745
0.516333	0.046323
0.516667	0.045385
0.517000	0.044891
0.517333	0.044595
0.517667	0.044113
0.518000	0.044013
0.518333	0.043296
0.518667	0.042854
0.519000	0.042704
0.519333	0.042401
0.519667	0.041822
0.520000	0.041296
0.520333	0.041178
0.520667	0.040960
0.521000	0.040556
0.521333	0.040809
0.521667	0.039882
0.522000	0.039693
0.522333	0.039682
0.522667	0.038746
0.523000	0.039003
0.523333	0.038757
0.523667	0.038568
0.524000	0.038506
0.524333	0.038100
0.524667	0.037445
0.525000	0.037847
0.525333	0.037369
0.525667	0.037671
0.526000	0.037004
0.526333	0.037047
0.526667	0.036604
0.527000	0.037019
0.527333	0.036860
0.527667	0.035992
0.528000	0.036104
0.528333	0.035785
0.528667	0.035495
0.529000	0.035565
0.529333	0.035767
0.529667	0.035449
0.530000	0.035208
0.530333	0.034035
0.530667	0.034594
0.531000	0.034354
0.531333	0.034055
0.531667	0.034367
0.532000	0.033701
0.532333	0.034183
0.532667	0.033726
0.533000	0.033589
0.533333	0.034250
0.533667	0.033612
0.534000	0.033416
0.534333	0.033401
0.534667	0.033722
0.535000	0.033014
0.535333	0.033320
0.535667	0.033066
0.536000	0.032939
0.536333	0.033075
0.536667	0.032083
0.537000	0.032725
0.537333	0.032508
0.537667	0.032454
0.538000	0.032091
0.538333	0.031792
0.538667	0.031914
0.539000	0.031661
0.539333	0.031345
0.539667	0.031193
0.540000	0.031692
0.540333	0.031389
0.540667	0.031178
0.541000	0.030905
0.541333	0.030960
0.541667	0.031329
0.542000	0.031227
0.542333	0.031583
0.542667	0.030977
0.543000	0.030947
0.543333	0.030808
0.543667	0.030511
0.544000	0.030736
0.544333	0.030846
0.544667	0.030270
0.545000	0.029980
0.545333	0.030402
0.545667	0.029915
0.546000	0.029947
0.546333	0.029925
0.546667	0.029281
0.547000	0.029424
0.547333	0.029858
0.547667	0.029219
0.548000	0.029340
0.548333	0.029788
0.548667	0.029811
0.549000	0.029217
0.549333	0.029722
0.549667	0.029101
0.550000	0.029061
0.550333	0.028704
0.550667	0.029226
0.551000	0.029410
0.551333	0.028532
0.551667	0.029139
0.552000	0.028462
0.552333	0.029342
0.552667	0.028022
0.553000	0.028310
0.553333	0.028464
0.553667	0.028008
0.554000	0.028808
0.554333	0.028168
0.554667	0.028019
0.555000	0.028217
0.555333	0.028479
0.555667	0.029018
0.556000	0.028603
0.556333	0.028191
0.556667	0.028167
0.557000	0.028862
0.557333	0.028109
0.557667	0.027812
0.558000	0.027801
0.558333	0.027934
0.558667	0.028064
0.559000	0.027665
0.559333	0.028010
0.559667	0.027938
0.560000	0.027804
0.560333	0.027232
0.560667	0.027131
0.561000	0.026577
0.561333	0.026893
0.561667	0.027078
0.562000	0.027403
0.562333	0.027738
0.562667	0.027174
0.563000	0.027394
0.563333	0.027268
0.563667	0.027475
0.564000	0.027702
0.564333	0.027805
0.564667	0.027810
0.565000	0.028152
0.565333	0.028318
0.565667	0.027061
0.566000	0.027532
0.566333	0.027802
0.566667	0.027113
0.567000	0.026777
0.567333	0.026628
0.567667	0.027125
0.568000	0.026714
0.568333	0.026600
0.568667	0.026082
0.569000	0.026826
0.569333	0.027406
0.569667	0.026505
0.570000	0.026462
0.570333	0.026817
0.570667	0.026977
0.571000	0.027240
0.571333	0.026680
0.571667	0.026245
0.572000	0.025964
0.572333	0.027106
0.572667	0.026475
0.573000	0.026428
0.573333	0.026414
0.573667	0.026031
0.574000	0.026123
0.574333	0.026357
0.574667	0.026403
0.575000	0.025246
0.575333	0.025801
0.575667	0.026048
0.576000	0.025795
0.576333	0.026241
0.576667	0.025915
0.577000	0.025795
0.577333	0.026035
0.577667	0.026136
0.578000	0.025672
0.578333	0.025333
0.578667	0.025109
0.579000	0.025771
0.579333	0.025637
0.579667	0.025638
0.580000	0.025501
0.580333	0.025948
0.580667	0.026161
0.581000	0.025136
0.581333	0.025384
0.581667	0.025558
0.582000	0.025339
0.582333	0.025692
0.582667	0.025765
0.583000	0.025718
0.583333	0.025205
0.583667	0.025289
0.584000	0.025832
0.584333	0.025327
0.584667	0.025134
0.585000	0.025381
0.585333	0.025437
0.585667	0.024895
0.586000	0.025521
0.586333	0.024864
0.586667	0.025189
0.587000	0.024982
0.587333	0.025458
0.587667	0.031732
0.588000	0.044691
0.588333	0.052299
0.588667	0.054533
0.589000	0.053934
0.589333	0.052108
0.589667	0.051426
0.590000	0.050444
0.590333	0.049619
0.590667	0.051326
0.591000	0.058859
0.591333	0.069546
0.591667	0.069670
0.592000	0.068259
0.592333	0.066146
0.592667	0.064451
0.593000	0.062151
0.593333	0.060669
0.593667	0.059305
0.594000	0.057299
0.594333	0.055512
0.594667	0.054537
0.595000	0.053333
0.595333	0.051529
0.595667	0.052027
0.596000	0.056893
0.596333	0.064982
0.596667	0.069415
0.597000	0.068503
0.597333	0.066941
0.597667	0.064740
0.598000	0.063366
0.598333	0.062627
0.598667	0.060495
0.599000	0.058666
0.599333	0.057720
0.599667	0.056173
0.600000	0.055435
0.600333	0.053658
0.600667	0.052624
0.601000	0.052510
0.601333	0.051108
0.601667	0.050231
0.602000	0.049663
0.602333	0.049274
0.602667	0.047853
0.603000	0.047153
0.603333	0.046669
0.603667	0.045859
0.604000	0.044902
0.604333	0.044696
0.604667	0.044770
0.605000	0.043654
0.605333	0.043204
0.605667	0.042869
0.606000	0.041703
0.606333	0.041919
0.606667	0.041383
0.607000	0.041273
0.607333	0.040495
0.607667	0.041358
0.608000	0.041497
0.608333	0.042006
0.608667	0.042268
0.609000	0.041953
0.609333	0.042132
0.609667	0.041251
0.610000	0.040891
0.610333	0.040417
0.610667	0.039907
0.611000	0.039985
0.611333	0.039199
0.611667	0.038973
0.612000	0.038819
0.612333	0.038181
0.612667	0.038886
0.613000	0.039112
0.613333	0.040154
0.613667	0.040625
0.614000	0.040476
0.614333	0.040527
0.614667	0.040262
0.615000	0.040678
0.615333	0.040278
0.615667	0.039796
0.616000	0.040237
0.616333	0.039412
0.616667	0.039216
0.617000	0.038317
0.617333	0.038279
0.617667	0.037638
0.618000	0.037234
0.618333	0.037111
0.618667	0.036709
0.619000	0.036629
0.619333	0.036049
0.619667	0.035608
0.620000	0.035614
0.620333	0.035543
0.620667	0.035051
0.621000	0.034053
0.621333	0.034906
0.621667	0.033663
0.622000	0.033533
0.622333	0.033839
0.622667	0.033467
0.623000	0.033320
0.623333	0.033385
0.623667	0.032910
0.624000	0.032903
0.624333	0.033524
0.624667	0.033085
0.625000	0.032735
0.625333	0.033439
0.625667	0.032497
0.626000	0.032531
0.626333	0.032097
0.626667	0.031881
0.627000	0.031944
0.627333	0.032064
0.627667	0.031858
0.628000	0.032305
0.628333	0.032792
0.628667	0.034289
0.629000	0.035018
0.629333	0.034680
0.629667	0.034705
0.630000	0.034109
0.630333	0.033651
0.630667	0.033006
0.631000	0.033007
0.631333	0.032809
0.631667	0.032470
0.632000	0.032868
0.632333	0.032331
0.632667	0.032249
0.633000	0.031870
0.633333	0.032164
0.633667	0.032279
0.634000	0.032269
0.634333	0.031562
0.634667	0.031053
0.635000	0.030952
0.635333	0.030857
0.635667	0.030319
0.636000	0.030125
0.636333	0.030703
0.636667	0.030697
0.637000	0.029987
0.637333	0.030299
0.637667	0.029688
0.638000	0.029320
0.638333	0.029908
0.638667	0.029839
0.639000	0.029435
0.639333	0.029588
0.639667	0.029267
0.640000	0.029319
0.640333	0.028816
0.640667	0.028975
0.641000	0.029175
0.641333	0.028668
0.641667	0.029010
0.642000	0.028494
0.642333	0.028523
0.642667	0.028201
0.643000	0.028446
0.643333	0.028598
0.643667	0.028094
0.644000	0.028354
0.644333	0.028213
0.644667	0.028044
0.645000	0.028177
0.645333	0.028047
0.645667	0.027825
0.646000	0.027948
0.646333	0.027780
0.646667	0.028484
0.647000	0.028167
0.647333	0.027900
0.647667	0.027555
0.648000	0.027480
0.648333	0.027538
0.648667	0.027732
0.649000	0.027575
0.649333	0.027823
0.649667	0.027288
0.650000	0.027208
0.650333	0.027561
0.650667	0.026869
0.651000	0.026825
0.651333	0.026410
0.651667	0.026849
0.652000	0.026943
0.652333	0.027320
0.652667	0.026655
0.653000	0.026833
0.653333	0.026519
0.653667	0.027052
0.654000	0.026359
0.654333	0.026246
0.654667	0.026320
0.655000	0.026474
0.655333	0.026527
0.655667	0.026480
0.656000	0.026603
0.656333	0.026342
0.656667	0.025788
0.657000	0.026250
0.657333	0.026707
0.657667	0.026181
0.658000	0.025416
0.658333	0.026095
0.658667	0.025425
0.659000	0.025855
0.659333	0.025792
0.659667	0.025906
0.660000	0.025733
0.660333	0.025506
0.660667	0.025753
0.661000	0.025330
0.661333	0.025730
0.661667	0.025023
0.662000	0.025843
0.662333	0.025619
0.662667	0.025517
0.663000	0.025388
0.663333	0.025716
0.663667	0.025357
0.664000	0.024724
0.664333	0.025004
0.664667	0.024855
0.665000	0.024894
0.665333	0.024840
0.665667	0.024273
0.666000	0.024645
0.666333	0.024805
0.666667	0.024753
0.667000	0.024807
0.667333	0.025176
0.667667	0.025680
0.668000	0.025182
0.668333	0.025406
0.668667	0.025382
0.669000	0.025089
0.669333	0.025773
0.669667	0.025228
0.670000	0.025012
0.670333	0.025277
0.670667	0.024922
0.671000	0.024892
0.671333	0.025552
0.671667	0.025071
0.672000	0.025045
0.672333	0.025628
0.672667	0.025060
0.673000	0.024776
0.673333	0.024762
0.673667	0.024486
0.674000	0.025159
0.674333	0.024619
0.674667	0.024947
0.675000	0.024551
0.675333	0.024082
0.675667	0.024373
0.676000	0.024550
0.676333	0.024693
0.676667	0.024669
0.677000	0.024135
0.677333	0.024168
0.677667	0.023692
0.678000	0.024306
0.678333	0.023544
0.678667	0.024335
0.679000	0.024093
0.679333	0.023737
0.679667	0.024487
0.680000	0.024128
0.680333	0.024400
0.680667	0.023922
0.681000	0.024115
0.681333	0.023515
0.681667	0.023388
0.682000	0.024172
0.682333	0.023983
0.682667	0.024067
0.683000	0.023830
0.683333	0.024113
0.683667	0.024575
0.684000	0.023711
0.684333	0.024048
0.684667	0.024174
0.685000	0.023827
0.685333	0.023897
0.685667	0.024128
0.686000	0.023962
0.686333	0.024315
0.686667	0.024093
0.687000	0.023682
0.687333	0.023666
0.687667	0.024214
0.688000	0.023698
0.688333	0.023595
0.688667	0.023431
0.689000	0.024178
0.689333	0.023846
0.689667	0.024113
0.690000	0.023561
0.690333	0.023370
0.690667	0.023999
0.691000	0.023760
0.691333	0.023885
0.691667	0.023464
0.692000	0.023531
0.692333	0.023283
0.692667	0.023394
0.693000	0.022712
0.693333	0.023331
0.693667	0.023255
0.694000	0.022891
0.694333	0.022806
0.694667	0.025647
0.695000	0.033929
0.695333	0.046083
0.695667	0.051763
0.696000	0.052934
0.696333	0.052925
0.696667	0.051301
0.697000	0.049829
0.697333	0.048894
0.697667	0.047849
0.698000	0.049989
0.698333	0.062243
0.698667	0.070801
0.699000	0.069477
0.699333	0.067487
0.699667	0.065714
0.700000	0.063512
0.700333	0.061165
0.700667	0.060028
0.701000	0.058171
0.701333	0.056165
0.701667	0.055351
0.702000	0.053813
0.702333	0.053001
0.702667	0.052387
0.703000	0.054837
0.703333	0.064144
0.703667	0.069691
0.704000	0.070007
0.704333	0.068944
0.704667	0.067364
0.705000	0.065239
0.705333	0.063645
0.705667	0.062021
0.706000	0.060303
0.706333	0.058877
0.706667	0.057554
0.707000	0.056043
0.707333	0.054719
0.707667	0.054226
0.708000	0.052800
0.708333	0.051625
0.708667	0.051173
0.709000	0.050371
0.709333	0.049496
0.709667	0.048064
0.710000	0.047226
0.710333	0.045711
0.710667	0.045996
0.711000	0.045161
0.711333	0.044574
0.711667	0.044331
0.712000	0.043934
0.712333	0.043253
0.712667	0.042405
0.713000	0.042381
0.713333	0.041955
0.713667	0.041149
0.714000	0.041458
0.714333	0.041151
0.714667	0.040495
0.715000	0.039904
0.715333	0.039861
0.715667	0.038817
0.716000	0.039297
0.716333	0.038759
0.716667	0.038192
0.717000	0.038566
0.717333	0.037751
0.717667	0.036965
0.718000	0.037363
0.718333	0.037619
0.718667	0.037173
0.719000	0.037287
0.719333	0.037956
0.719667	0.038594
0.720000	0.038744
0.720333	0.037793
0.720667	0.038195
0.721000	0.037048
0.721333	0.036922
0.721667	0.036663
0.722000	0.036433
0.722333	0.036306
0.722667	0.035988
0.723000	0.035965
0.723333	0.034982
0.723667	0.035031
0.724000	0.035357
0.724333	0.036583
0.724667	0.039381
0.725000	0.041359
0.725333	0.041876
0.725667	0.041676
0.726000	0.041207
0.726333	0.041069
0.726667	0.039944
0.727000	0.039509
0.727333	0.039228
0.727667	0.038598
0.728000	0.038250
0.728333	0.037624
0.728667	0.037256
0.729000	0.037107
0.729333	0.036356
0.729667	0.036408
0.730000	0.035828
0.730333	0.035279
0.730667	0.035318
0.731000	0.034555
0.731333	0.034417
0.731667	0.034753
0.732000	0.034188
0.732333	0.033902
0.732667	0.033760
0.733000	0.033162
0.733333	0.033950
0.733667	0.032653
0.734000	0.032843
0.734333	0.033111
0.734667	0.032693
0.735000	0.032648
0.735333	0.031992
0.735667	0.031710
0.736000	0.031995
0.736333	0.031953
0.736667	0.031952
0.737000	0.031393
0.737333	0.031253
0.737667	0.031604
0.738000	0.030941
0.738333	0.030277
0.738667	0.030488
0.739000	0.030718
0.739333	0.030503
0.739667	0.030732
0.740000	0.029921
0.740333	0.029387
0.740667	0.029637
0.741000	0.029596
0.741333	0.029656
0.741667	0.029821
0.742000	0.029892
0.742333	0.029877
0.742667	0.029378
0.743000	0.029136
0.743333	0.029563
0.743667	0.029657
0.744000	0.028785
0.744333	0.029666
0.744667	0.029652
0.745000	0.028677
0.745333	0.028658
0.745667	0.028837
0.746000	0.028692
0.746333	0.028286
0.746667	0.027873
0.747000	0.027925
0.747333	0.028269
0.747667	0.028108
0.748000	0.028122
0.748333	0.027523
0.748667	0.027345
0.749000	0.027756
0.749333	0.027558
0.749667	0.027149
0.750000	0.027689
0.750333	0.027122
0.750667	0.027923
0.751000	0.027348
0.751333	0.027190
0.751667	0.027602
0.752000	0.027009
0.752333	0.027493
0.752667	0.027376
0.753000	0.026446
0.753333	0.027229
0.753667	0.027409
0.754000	0.026736
0.754333	0.026585
0.754667	0.027417
0.755000	0.026746
0.755333	0.026598
0.755667	0.026449
0.756000	0.026921
0.756333	0.026651
0.756667	0.026744
0.757000	0.026790
0.757333	0.026732
0.757667	0.026488
0.758000	0.026381
0.758333	0.026052
0.758667	0.026238
0.759000	0.026476
0.759333	0.026067
0.759667	0.026298
0.760000	0.026089
0.760333	0.025464
0.760667	0.025993
0.761000	0.025741
0.761333	0.025352
0.761667	0.025273
0.762000	0.025370
0.762333	0.024837
0.762667	0.025164
0.763000	0.025378
0.763333	0.025156
0.763667	0.025780
0.764000	0.025102
0.764333	0.025211
0.764667	0.026330
0.765000	0.026175
0.765333	0.025207
0.765667	0.025828
0.766000	0.026130
0.766333	0.025174
0.766667	0.025977
0.767000	0.025221
0.767333	0.025516
0.767667	0.025516
0.768000	0.025368
0.768333	0.024939
0.768667	0.025205
0.769000	0.024905
0.769333	0.024500
0.769667	0.024586
0.770000	0.025211
0.770333	0.024998
0.770667	0.024867
0.771000	0.024533
0.771333	0.024936
0.771667	0.025185
0.772000	0.025033
0.772333	0.025045
0.772667	0.025288
0.773000	0.025013
0.773333	0.024310
0.773667	0.024635
0.774000	0.024525
0.774333	0.024237
0.774667	0.024629
0.775000	0.024247
0.775333	0.024310
0.775667	0.024586
0.776000	0.024484
0.776333	0.024725
0.776667	0.024413
0.777000	0.023446
0.777333	0.023750
0.777667	0.024534
0.778000	0.024227
0.778333	0.024503
0.778667	0.024806
0.779000	0.024500
0.779333	0.024103
0.779667	0.024884
0.780000	0.024298
0.780333	0.024074
0.780667	0.024135
0.781000	0.023993
0.781333	0.024147
0.781667	0.024303
0.782000	0.023822
0.782333	0.023644
0.782667	0.023557
0.783000	0.023683
0.783333	0.023494
0.783667	0.023868
0.784000	0.023481
0.784333	0.023480
0.784667	0.023651
0.785000	0.023356
0.785333	0.023697
0.785667	0.023186
0.786000	0.023737
0.786333	0.023768
0.786667	0.023601
0.787000	0.023886
0.787333	0.023754
0.787667	0.023157
0.788000	0.023521
0.788333	0.022848
0.788667	0.023380
0.789000	0.023165
0.789333	0.022988
0.789667	0.023467
0.790000	0.023147
0.790333	0.023157
0.790667	0.023340
0.791000	0.022893
0.791333	0.023061
0.791667	0.023396
0.792000	0.023335
0.792333	0.023054
0.792667	0.022998
0.793000	0.022895
0.793333	0.023270
0.793667	0.023226
0.794000	0.023403
0.794333	0.023390
0.794667	0.023085
0.795000	0.023602
0.795333	0.023796
0.795667	0.023329
0.796000	0.022847
0.796333	0.023089
0.796667	0.022749
0.797000	0.023053
0.797333	0.022452
0.797667	0.022851
0.798000	0.023424
0.798333	0.022701
0.798667	0.023432
0.799000	0.022627
0.799333	0.022838
0.799667	0.022824
0.800000	0.022707
0.800333	0.022829
0.800667	0.022636
0.801000	0.023043
0.801333	0.023213
0.801667	0.022967
0.802000	0.023208
0.802333	0.022765
0.802667	0.022572
0.803000	0.022549
0.803333	0.023326
0.803667	0.023007
0.804000	0.022707
0.804333	0.022430
0.804667	0.022481
0.805000	0.022482
0.805333	0.022258
0.805667	0.022598
0.806000	0.022253
0.806333	0.022380
0.806667	0.022790
0.807000	0.022544
0.807333	0.022786
0.807667	0.022844
0.808000	0.022609
0.808333	0.022351
0.808667	0.022651
0.809000	0.022153
0.809333	0.022300
0.809667	0.022546
0.810000	0.022885
0.810333	0.022417
0.810667	0.022745
0.811000	0.022362
0.811333	0.022879
0.811667	0.022704
0.812000	0.022162
0.812333	0.022499
0.812667	0.022821
0.813000	0.022641
0.813333	0.022294
0.813667	0.022252
0.814000	0.021981
0.814333	0.022317
0.814667	0.022750
0.815000	0.022005
0.815333	0.022187
0.815667	0.022295
0.816000	0.021965
0.816333	0.022927
0.816667	0.027958
0.817000	0.039318
0.817333	0.050515
0.817667	0.052807
0.818000	0.053801
0.818333	0.052424
0.818667	0.050897
0.819000	0.050548
0.819333	0.049189
0.819667	0.048636
0.820000	0.047768
0.820333	0.046544
0.820667	0.052700
0.821000	0.067985
0.821333	0.072170
0.821667	0.069076
0.822000	0.066678
0.822333	0.063865
0.822667	0.062608
0.823000	0.060634
0.823333	0.058845
0.823667	0.056983
0.824000	0.055712
0.824333	0.054311
0.824667	0.053904
0.825000	0.055456
0.825333	0.060240
0.825667	0.067115
0.826000	0.068180
0.826333	0.066929
0.826667	0.065278
0.827000	0.063783
0.827333	0.062091
0.827667	0.060678
0.828000	0.059323
0.828333	0.058062
0.828667	0.056427
0.829000	0.055748
0.829333	0.054008
0.829667	0.053115
0.830000	0.051799
0.830333	0.051178
0.830667	0.051572
0.831000	0.053672
0.831333	0.055288
0.831667	0.055558
0.832000	0.054362
0.832333	0.053808
0.832667	0.052078
0.833000	0.051421
0.833333	0.050330
0.833667	0.049984
0.834000	0.048859
0.834333	0.047984
0.834667	0.047053
0.835000	0.047156
0.835333	0.046028
0.835667	0.045207
0.836000	0.044280
0.836333	0.044039
0.836667	0.044079
0.837000	0.043676
0.837333	0.044279
0.837667	0.044576
0.838000	0.045186
0.838333	0.044839
0.838667	0.044347
0.839000	0.043630
0.839333	0.043470
0.839667	0.042393
0.840000	0.041817
0.840333	0.041931
0.840667	0.041187
0.841000	0.040591
0.841333	0.039905
0.841667	0.039662
0.842000	0.038726
0.842333	0.039082
0.842667	0.038399
0.843000	0.038717
0.843333	0.037941
0.843667	0.037812
0.844000	0.037094
0.844333	0.036921
0.844667	0.036701
0.845000	0.036728
0.845333	0.036817
0.845667	0.035899
0.846000	0.036199
0.846333	0.035984
0.846667	0.035956
0.847000	0.035471
0.847333	0.034669
0.847667	0.034892
0.848000	0.034661
0.848333	0.034261
0.848667	0.034643
0.849000	0.033920
0.849333	0.033808
0.849667	0.033999
0.850000	0.033305
0.850333	0.033091
0.850667	0.033292
0.851000	0.032644
0.851333	0.033094
0.851667	0.032853
0.852000	0.032870
0.852333	0.032589
0.852667	0.031914
0.853000	0.032676
0.853333	0.032161
0.853667	0.032133
0.854000	0.032458
0.854333	0.032026
0.854667	0.031358
0.855000	0.032010
0.855333	0.031462
0.855667	0.031585
0.856000	0.031528
0.856333	0.030494
0.856667	0.030565
0.857000	0.030759
0.857333	0.030834
0.857667	0.030285
0.858000	0.030223
0.858333	0.030265
0.858667	0.030317
0.859000	0.029757
0.859333	0.030050
0.859667	0.029958
0.860000	0.030040
0.860333	0.030039
0.860667	0.029680
0.861000	0.029979
0.861333	0.030274
0.861667	0.030349
0.862000	0.030006
0.862333	0.030116
0.862667	0.029405
0.863000	0.028994
0.863333	0.029239
0.863667	0.029172
0.864000	0.028862
0.864333	0.029318
0.864667	0.028883
0.865000	0.028216
0.865333	0.029031
0.865667	0.028988
0.866000	0.028644
0.866333	0.028605
0.866667	0.027821
0.867000	0.028429
0.867333	0.028836
0.867667	0.028699
0.868000	0.028228
0.868333	0.028632
0.868667	0.028193
0.869000	0.027748
0.869333	0.028111
0.869667	0.028523
0.870000	0.027607
0.870333	0.028128
0.870667	0.027346
0.871000	0.027933
0.871333	0.027299
0.871667	0.027723
0.872000	0.027668
0.872333	0.027805
0.872667	0.027768
0.873000	0.027226
0.873333	0.027815
0.873667	0.027513
0.874000	0.027425
0.874333	0.027413
0.874667	0.027740
0.875000	0.027419
0.875333	0.027549
0.875667	0.027025
0.876000	0.026966
0.876333	0.027361
0.876667	0.027133
0.877000	0.026972
0.877333	0.027335
0.877667	0.026672
0.878000	0.026463
0.878333	0.026458
0.878667	0.026220
0.879000	0.026629
0.879333	0.026009
0.879667	0.026898
0.880000	0.027278
0.880333	0.026762
0.880667	0.026465
0.881000	0.026708
0.881333	0.025786
0.881667	0.027080
0.882000	0.026466
0.882333	0.025828
0.882667	0.026508
0.883000	0.026447
0.883333	0.026211
0.883667	0.026560
0.884000	0.026163
0.884333	0.026399
0.884667	0.026290
0.885000	0.026286
0.885333	0.025628
0.885667	0.025936
0.886000	0.026081
0.886333	0.025439
0.886667	0.026243
0.887000	0.026313
0.887333	0.025776
0.887667	0.025343
0.888000	0.025745
0.888333	0.026208
0.888667	0.025652
0.889000	0.026634
0.889333	0.025961
0.889667	0.025869
0.890000	0.025671
0.890333	0.025377
0.890667	0.025908
0.891000	0.025125
0.891333	0.025557
0.891667	0.025503
0.892000	0.025470
0.892333	0.025230
0.892667	0.025616
0.893000	0.025268
0.893333	0.025368
0.893667	0.024860
0.894000	0.025609
0.894333	0.025495
0.894667	0.025453
0.895000	0.025245
0.895333	0.025430
0.895667	0.024905
0.896000	0.025031
0.896333	0.025553
0.896667	0.025462
0.897000	0.025350
0.897333	0.025230
0.897667	0.025568
0.898000	0.025092
0.898333	0.025278
0.898667	0.025309
0.899000	0.024544
0.899333	0.025347
0.899667	0.024849
0.900000	0.025162
0.900333	0.024891
0.900667	0.024959
0.901000	0.024646
0.901333	0.025314
0.901667	0.024745
0.902000	0.024371
0.902333	0.025091
0.902667	0.024696
0.903000	0.024898
0.903333	0.024829
0.903667	0.024875
0.904000	0.025095
0.904333	0.024876
0.904667	0.024708
0.905000	0.024579
0.905333	0.024203
0.905667	0.024542
0.906000	0.024819
0.906333	0.024681
0.906667	0.024459
0.907000	0.024911
0.907333	0.024715
0.907667	0.024417
0.908000	0.024509
0.908333	0.024394
0.908667	0.024927
0.909000	0.024823
0.909333	0.024803
0.909667	0.024428
0.910000	0.023779
0.910333	0.024949
0.910667	0.024482
0.911000	0.023897
0.911333	0.024048
0.911667	0.024233
0.912000	0.024492
0.912333	0.024001
0.912667	0.024500
0.913000	0.024700
0.913333	0.024566
0.913667	0.024933
0.914000	0.024595
0.914333	0.024429
0.914667	0.024515
0.915000	0.023992
0.915333	0.024659
0.915667	0.024178
0.916000	0.024393
0.916333	0.024058
0.916667	0.024167
0.917000	0.023907
0.917333	0.024116
0.917667	0.024064
0.918000	0.024360
0.918333	0.024061
0.918667	0.024254
0.919000	0.024302
0.919333	0.024138
0.919667	0.023965
0.920000	0.023970
0.920333	0.024336
0.920667	0.024092
0.921000	0.023828
0.921333	0.024279
0.921667	0.024992
0.922000	0.027647
0.922333	0.037352
0.922667	0.050128
0.923000	0.053514
0.923333	0.054341
0.923667	0.053438
0.924000	0.052222
0.924333	0.051045
0.924667	0.050678
0.925000	0.050109
0.925333	0.050098
0.925667	0.049288
0.926000	0.050833
0.926333	0.061401
0.926667	0.072921
0.927000	0.072469
0.927333	0.070003
0.927667	0.067237
0.928000	0.065502
0.928333	0.063342
0.928667	0.061785
0.929000	0.059951
0.929333	0.059120
0.929667	0.057216
0.930000	0.055759
0.930333	0.055344
0.930667	0.055117
0.931000	0.060140
0.931333	0.066791
0.931667	0.069683
0.932000	0.068676
0.932333	0.067253
0.932667	0.065805
0.933000	0.064479
0.933333	0.062037
0.933667	0.060179
0.934000	0.059179
0.934333	0.058141
0.934667	0.056717
0.935000	0.055699
0.935333	0.054115
0.935667	0.053309
0.936000	0.052553
0.936333	0.051255
0.936667	0.050610
0.937000	0.049626
0.937333	0.049312
0.937667	0.048210
0.938000	0.047488
0.938333	0.047246
0.938667	0.046362
0.939000	0.045588
0.939333	0.044975
0.939667	0.044170
0.940000	0.044049
0.940333	0.043687
0.940667	0.043545
0.941000	0.042638
0.941333	0.042214
0.941667	0.041674
0.942000	0.041777
0.942333	0.040749
0.942667	0.041358
0.943000	0.041122
0.943333	0.040507
0.943667	0.040131
0.944000	0.039601
0.944333	0.039248
0.944667	0.039069
0.945000	0.038646
0.945333	0.038208
0.945667	0.037842
0.946000	0.038406
0.946333	0.037424
0.946667	0.037434
0.947000	0.037518
0.947333	0.036684
0.947667	0.036864
0.948000	0.036872
0.948333	0.036382
0.948667	0.036012
0.949000	0.035700
0.949333	0.035761
0.949667	0.035620
0.950000	0.035727
0.950333	0.035323
0.950667	0.034737
0.951000	0.035066
0.951333	0.035139
0.951667	0.034143
0.952000	0.034279
0.952333	0.034205
0.952667	0.033638
0.953000	0.034140
0.953333	0.034274
0.953667	0.033428
0.954000	0.033921
0.954333	0.033550
0.954667	0.033068
0.955000	0.032993
0.955333	0.033097
0.955667	0.032409
0.956000	0.032376
0.956333	0.032806
0.956667	0.032753
0.957000	0.032760
0.957333	0.032838
0.957667	0.034211
0.958000	0.035296
0.958333	0.035354
0.958667	0.035708
0.959000	0.035704
0.959333	0.035500
0.959667	0.034582
0.960000	0.034823
0.960333	0.034480
0.960667	0.034220
0.961000	0.034223
0.961333	0.035837
0.961667	0.039854
0.962000	0.046780
0.962333	0.052583
0.962667	0.053642
0.963000	0.053937
0.963333	0.053381
0.963667	0.052319
0.964000	0.051333
0.964333	0.050116
0.964667	0.049190
0.965000	0.047976
0.965333	0.047705
0.965667	0.048044
0.966000	0.051908
0.966333	0.055535
0.966667	0.056381
0.967000	0.054855
0.967333	0.054054
0.967667	0.053075
0.968000	0.051844
0.968333	0.050636
0.968667	0.050156
0.969000	0.048106
0.969333	0.047911
0.969667	0.047108
0.970000	0.047129
0.970333	0.047841
0.970667	0.050202
0.971000	0.054334
0.971333	0.059808
0.971667	0.061744
0.972000	0.062695
0.972333	0.060995
0.972667	0.059544
0.973000	0.057910
0.973333	0.056461
0.973667	0.055335
0.974000	0.054425
0.974333	0.053140
0.974667	0.052654
0.975000	0.054279
0.975333	0.058789
0.975667	0.063560
0.976000	0.066824
0.976333	0.065633
0.976667	0.064206
0.977000	0.063702
0.977333	0.061556
0.977667	0.059736
0.978000	0.058370
0.978333	0.057131
0.978667	0.055980
0.979000	0.055338
0.979333	0.054358
0.979667	0.052625
0.980000	0.052579
0.980333	0.052020
0.980667	0.050830
0.981000	0.049654
0.981333	0.049960
0.981667	0.048829
0.982000	0.048112
0.982333	0.047251
0.982667	0.047180
0.983000	0.046813
0.983333	0.045825
0.983667	0.045359
0.984000	0.045008
0.984333	0.044989
0.984667	0.044055
0.985000	0.043933
0.985333	0.043846
0.985667	0.043148
0.986000	0.043389
0.986333	0.042198
0.986667	0.042165
0.987000	0.042035
0.987333	0.041942
0.987667	0.041510
0.988000	0.041160
0.988333	0.040786
0.988667	0.040085
0.989000	0.040593
0.989333	0.040270
0.989667	0.039393
0.990000	0.039076
0.990333	0.039333
0.990667	0.038703
0.991000	0.038608
0.991333	0.039049
0.991667	0.037962
0.992000	0.038186
0.992333	0.037465
0.992667	0.037557
0.993000	0.037471
0.993333	0.037283
0.993667	0.037315
0.994000	0.036468
0.994333	0.036285
0.994667	0.036598
0.995000	0.036651
0.995333	0.036036
0.995667	0.036143
0.996000	0.036678
0.996333	0.035689
0.996667	0.036059
0.997000	0.035571
0.997333	0.035093
0.997667	0.035348
0.998000	0.035627
0.998333	0.035007
0.998667	0.034731
0.999000	0.034723
0.999333	0.034796
0.999667	0.035036
1.000000	0.034030
1.000333	0.027205
1.000667	0.026913
1.001000	0.026065
1.001333	0.026698
1.001667	0.026528
1.002000	0.026716
1.002333	0.025976
1.002667	0.026533
1.003000	0.027045
1.003333	0.026369
1.003667	0.026519
1.004000	0.026140
1.004333	0.026026
1.004667	0.026490
1.005000	0.026345
1.005333	0.025330
1.005667	0.026460
1.006000	0.026240
1.006333	0.025796
1.006667	0.025719
1.007000	0.025510
1.007333	0.026085
1.007667	0.026178
1.008000	0.026653
1.008333	0.026131
1.008667	0.025312
1.009000	0.025634
1.009333	0.025674
1.009667	0.025230
1.010000	0.025752
1.010333	0.025764
1.010667	0.026108
1.011000	0.025890
1.011333	0.025722
1.011667	0.025993
1.012000	0.025494
1.012333	0.025507
1.012667	0.025168
1.013000	0.025808
1.013333	0.025312
1.013667	0.025333
1.014000	0.024805
1.014333	0.025713
1.014667	0.025341
1.015000	0.025903
1.015333	0.025234
1.015667	0.025701
1.016000	0.025209
1.016333	0.025497
1.016667	0.025777
1.017000	0.025667
1.017333	0.025171
1.017667	0.025607
1.018000	0.025359
1.018333	0.024896
1.018667	0.025040
1.019000	0.025381
1.019333	0.024588
1.019667	0.024921
1.020000	0.025210
1.020333	0.025526
1.020667	0.024585
1.021000	0.024854
1.021333	0.024584
1.021667	0.024712
1.022000	0.025501
1.022333	0.024704
1.022667	0.025078
1.023000	0.024749
1.023333	0.024998
1.023667	0.024963
1.024000	0.025348
1.024333	0.024697
1.024667	0.024843
1.025000	0.025241
1.025333	0.024854
1.025667	0.024753
1.026000	0.024939
1.026333	0.024809
1.026667	0.024580
1.027000	0.024798
1.027333	0.024440
1.027667	0.024648
1.028000	0.024442
1.028333	0.023837
1.028667	0.024375
1.029000	0.024425
1.029333	0.024144
1.029667	0.024777
1.030000	0.024225
1.030333	0.024502
1.030667	0.024016
1.031000	0.024231
1.031333	0.024182
1.031667	0.024513
1.032000	0.024007
1.032333	0.024406
1.032667	0.024158
1.033000	0.023995
1.033333	0.023787
1.033667	0.024480
1.034000	0.024755
1.034333	0.023965
1.034667	0.027566
1.035000	0.040910
1.035333	0.054282
1.035667	0.057183
1.036000	0.056285
1.036333	0.055071
1.036667	0.053045
1.037000	0.052004
1.037333	0.050991
1.037667	0.050383
1.038000	0.054515
1.038333	0.066335
1.038667	0.071896
1.039000	0.071313
1.039333	0.069603
1.039667	0.067143
1.040000	0.065579
1.040333	0.063099
1.040667	0.061402
1.041000	0.059235
1.041333	0.058094
1.041667	0.063326
1.042000	0.075469
1.042333	0.079735
1.042667	0.077163
1.043000	0.075034
1.043333	0.072508
1.043667	0.070227
1.044000	0.068398
1.044333	0.066408
1.044667	0.065028
1.045000	0.063926
1.045333	0.062352
1.045667	0.060406
1.046000	0.061674
1.046333	0.068020
1.046667	0.077190
1.047000	0.079016
1.047333	0.076657
1.047667	0.074169
1.048000	0.072519
1.048333	0.069673
1.048667	0.068782
1.049000	0.066406
1.049333	0.065275
1.049667	0.063347
1.050000	0.062174
1.050333	0.061174
1.050667	0.059616
1.051000	0.058309
1.051333	0.057549
1.051667	0.057788
1.052000	0.060464
1.052333	0.064406
1.052667	0.067228
1.053000	0.067261
1.053333	0.066213
1.053667	0.064429
1.054000	0.062991
1.054333	0.061428
1.054667	0.060152
1.055000	0.059296
1.055333	0.058358
1.055667	0.056618
1.056000	0.056098
1.056333	0.055353
1.056667	0.054172
1.057000	0.053535
1.057333	0.052669
1.057667	0.051745
1.058000	0.053230
1.058333	0.055546
1.058667	0.056983
1.059000	0.057113
1.059333	0.056968
1.059667	0.056194
1.060000	0.054818
1.060333	0.053671
1.060667	0.053329
1.061000	0.052177
1.061333	0.051734
1.061667	0.050682
1.062000	0.051740
1.062333	0.054977
1.062667	0.061456
1.063000	0.066062
1.063333	0.067003
1.063667	0.066032
1.064000	0.063577
1.064333	0.063720
1.064667	0.061431
1.065000	0.060222
1.065333	0.059334
1.065667	0.058445
1.066000	0.056742
1.066333	0.056362
1.066667	0.055160
1.067000	0.053891
1.067333	0.053193
1.067667	0.052345
1.068000	0.054045
1.068333	0.057252
1.068667	0.061675
1.069000	0.065202
1.069333	0.065053
1.069667	0.063711
1.070000	0.061748
1.070333	0.060777
1.070667	0.059689
1.071000	0.057976
1.071333	0.057081
1.071667	0.056298
1.072000	0.055176
1.072333	0.054003
1.072667	0.052768
1.073000	0.052429
1.073333	0.051843
1.073667	0.052467
1.074000	0.054777
1.074333	0.058406
1.074667	0.061240
1.075000	0.062819
1.075333	0.060420
1.075667	0.059705
1.076000	0.058781
1.076333	0.056963
1.076667	0.056255
1.077000	0.055382
1.077333	0.054715
1.077667	0.053324
1.078000	0.052324
1.078333	0.053020
1.078667	0.051214
1.079000	0.050762
1.079333	0.051686
1.079667	0.054052
1.080000	0.054952
1.080333	0.056178
1.080667	0.054841
1.081000	0.054461
1.081333	0.053103
1.081667	0.051665
1.082000	0.051818
1.082333	0.050331
1.082667	0.050150
1.083000	0.049433
1.083333	0.048398
1.083667	0.047910
1.084000	0.047728
1.084333	0.047180
1.084667	0.046645
1.085000	0.045828
1.085333	0.045766
1.085667	0.044737
1.086000	0.044375
1.086333	0.044057
1.086667	0.043537
1.087000	0.043676
1.087333	0.042846
1.087667	0.042906
1.088000	0.042631
1.088333	0.042785
1.088667	0.042194
1.089000	0.041531
1.089333	0.041170
1.089667	0.041061
1.090000	0.040635
1.090333	0.039964
1.090667	0.039823
1.091000	0.040230
1.091333	0.039837
1.091667	0.039112
1.092000	0.040105
1.092333	0.039287
1.092667	0.038743
1.093000	0.038300
1.093333	0.038451
1.093667	0.038484
1.094000	0.038150
1.094333	0.037688
1.094667	0.037482
1.095000	0.037526
1.095333	0.037437
1.095667	0.037224
1.096000	0.036684
1.096333	0.037012
1.096667	0.037301
1.097000	0.036882
1.097333	0.036589
1.097667	0.036639
1.098000	0.035655
1.098333	0.035995
1.098667	0.035607
1.099000	0.035759
1.099333	0.035200
1.099667	0.035743
1.100000	0.034902
1.100333	0.034969
1.100667	0.034776
1.101000	0.034882
1.101333	0.035074
1.101667	0.034413
1.102000	0.033886
1.102333	0.034323
1.102667	0.034341
1.103000	0.034132
1.103333	0.034157
1.103667	0.034223
1.104000	0.034120
1.104333	0.033343
1.104667	0.033775
1.105000	0.033311
1.105333	0.033273
1.105667	0.033030
1.106000	0.033022
1.106333	0.032955
1.106667	0.033014
1.107000	0.032799
1.107333	0.033115
1.107667	0.032584
1.108000	0.032545
1.108333	0.032465
1.108667	0.032311
1.109000	0.032811
1.109333	0.032612
1.109667	0.032332
1.110000	0.032220
1.110333	0.032374
1.110667	0.032523
1.111000	0.032016
1.111333	0.032084
1.111667	0.031399
1.112000	0.031814
1.112333	0.031131
1.112667	0.031939
1.113000	0.031429
1.113333	0.031079
1.113667	0.031072
1.114000	0.030512
1.114333	0.031315
1.114667	0.031013
1.115000	0.030731
1.115333	0.030821
1.115667	0.031032
1.116000	0.030164
1.116333	0.030206
1.116667	0.030690
1.117000	0.030689
1.117333	0.030092
1.117667	0.030276
1.118000	0.030077
1.118333	0.030405
1.118667	0.029816
1.119000	0.029539
1.119333	0.030017
1.119667	0.029846
1.120000	0.029589
1.120333	0.029769
1.120667	0.029406
1.121000	0.030186
1.121333	0.029317
1.121667	0.029005
1.122000	0.028932
1.122333	0.028898
1.122667	0.029117
1.123000	0.029136
1.123333	0.029065
1.123667	0.029080
1.124000	0.028917
1.124333	0.029163
1.124667	0.029134
1.125000	0.029133
1.125333	0.028860
1.125667	0.028939
1.126000	0.029158
1.126333	0.028956
1.126667	0.028617
1.127000	0.028522
1.127333	0.028419
1.127667	0.028397
1.128000	0.028551
1.128333	0.027773
1.128667	0.028447
1.129000	0.028601
1.129333	0.028564
1.129667	0.028147
1.130000	0.027956
1.130333	0.028511
1.130667	0.028260
1.131000	0.028382
1.131333	0.028121
1.131667	0.027471
1.132000	0.027743
1.132333	0.027825
1.132667	0.028646
1.133000	0.027489
1.133333	0.027892
1.133667	0.028066
1.134000	0.027646
1.134333	0.027292
1.134667	0.027354
1.135000	0.027579
1.135333	0.027509
1.135667	0.027938
1.136000	0.027455
1.136333	0.027625
1.136667	0.027295
1.137000	0.027038
1.137333	0.027927
1.137667	0.026994
1.138000	0.026544
1.138333	0.026890
1.138667	0.026980
1.139000	0.027321
1.139333	0.027464
1.139667	0.026909
1.140000	0.027298
1.140333	0.027329
1.140667	0.027043
1.141000	0.026822
1.141333	0.027080
1.141667	0.026389
1.142000	0.026617
1.142333	0.026508
1.142667	0.026757
1.143000	0.026604
1.143333	0.026564
1.143667	0.026075
1.144000	0.026210
1.144333	0.026789
1.144667	0.026694
1.145000	0.026523
1.145333	0.026161
1.145667	0.026239
1.146000	0.026730
1.146333	0.026989
1.146667	0.026588
1.147000	0.026956
1.147333	0.026298
1.147667	0.026457
1.148000	0.026660
1.148333	0.026378
1.148667	0.026708
1.149000	0.026549
1.149333	0.026996
1.149667	0.026786
1.150000	0.026446
1.150333	0.026650
1.150667	0.026630
1.151000	0.026283
1.151333	0.025958
1.151667	0.025724
1.152000	0.025689
1.152333	0.026674
1.152667	0.025969
1.153000	0.026050
1.153333	0.026231
1.153667	0.025969
1.154000	0.025891
1.154333	0.025202
1.154667	0.025957
1.155000	0.025583
1.155333	0.025907
1.155667	0.025760
1.156000	0.025755
1.156333	0.025720
1.156667	0.025636
1.157000	0.025423
1.157333	0.026229
1.157667	0.025288
1.158000	0.025606
1.158333	0.025405
1.158667	0.025904
1.159000	0.025179
1.159333	0.025255
1.159667	0.025753
1.160000	0.025795
1.160333	0.025147
1.160667	0.025484
1.161000	0.025766
1.161333	0.025265
1.161667	0.025382
1.162000	0.025942
1.162333	0.025232
1.162667	0.025222
1.163000	0.024971
1.163333	0.025382
1.163667	0.024873
1.164000	0.025303
1.164333	0.025060
1.164667	0.025190
1.165000	0.025179
1.165333	0.024821
1.165667	0.025370
1.166000	0.025669
1.166333	0.025034
1.166667	0.024585
1.167000	0.025076
1.167333	0.025189
1.167667	0.025286
1.168000	0.024898
1.168333	0.024593
1.168667	0.025025
1.169000	0.024952
1.169333	0.024828
1.169667	0.024662
1.170000	0.024996
1.170333	0.024717
1.170667	0.025138
1.171000	0.024739
1.171333	0.024632
1.171667	0.025379
1.172000	0.024914
1.172333	0.024025
1.172667	0.024672
1.173000	0.024640
1.173333	0.025343
1.173667	0.025003
1.174000	0.024745
1.174333	0.025124
1.174667	0.024949
1.175000	0.024425
1.175333	0.025070
1.175667	0.025186
1.176000	0.024853
1.176333	0.024594
1.176667	0.024711
1.177000	0.025264
1.177333	0.024269
1.177667	0.024619
1.178000	0.024407
1.178333	0.024651
1.178667	0.024735
1.179000	0.024340
1.179333	0.024575
1.179667	0.024247
1.180000	0.024691
1.180333	0.024904
1.180667	0.024690
1.181000	0.024360
1.181333	0.024790
1.181667	0.024052
1.182000	0.024249
1.182333	0.024441
1.182667	0.024841
1.183000	0.024478
1.183333	0.024358
1.183667	0.024633
1.184000	0.024361
1.184333	0.024833
1.184667	0.024365
1.185000	0.024780
1.185333	0.024696
1.185667	0.024990
1.186000	0.024121
1.186333	0.024070
1.186667	0.024364
1.187000	0.024229
1.187333	0.024184
1.187667	0.024340
1.188000	0.024539
1.188333	0.024405
1.188667	0.024362
1.189000	0.024300
1.189333	0.023909
1.189667	0.024244
1.190000	0.023857
1.190333	0.024682
1.190667	0.024550
1.191000	0.024188
1.191333	0.024122
1.191667	0.024481
1.192000	0.024246
1.192333	0.024103
1.192667	0.024117
1.193000	0.024098
1.193333	0.024582
1.193667	0.024011
1.194000	0.024417
1.194333	0.024293
1.194667	0.023823
1.195000	0.023845
1.195333	0.024118
1.195667	0.024789
1.196000	0.023860
1.196333	0.024102
1.196667	0.023991
1.197000	0.023396
1.197333	0.024018
1.197667	0.024372
1.198000	0.023156
1.198333	0.023685
1.198667	0.024241
1.199000	0.024286
1.199333	0.023344
1.199667	0.023619
1.200000	0.024008
1.200333	0.023825
1.200667	0.024165
1.201000	0.023540
1.201333	0.023999
1.201667	0.023912
1.202000	0.024076
1.202333	0.023760
1.202667	0.023673
1.203000	0.023838
1.203333	0.023465
1.203667	0.023536
1.204000	0.023715
1.204333	0.023648
1.204667	0.024373
1.205000	0.023200
1.205333	0.023696
1.205667	0.023770
1.206000	0.023617
1.206333	0.023948
1.206667	0.023849
1.207000	0.024031
1.207333	0.023385
1.207667	0.023383
1.208000	0.024188
1.208333	0.023706
1.208667	0.023593
1.209000	0.023240
1.209333	0.023674
1.209667	0.023997
1.210000	0.023568
1.210333	0.023900
1.210667	0.023487
1.211000	0.023973
1.211333	0.023821
1.211667	0.023839
1.212000	0.023755
1.212333	0.023490
1.212667	0.023455
1.213000	0.023324
1.213333	0.023069
1.213667	0.023752
1.214000	0.023793
1.214333	0.023742
1.214667	0.023224
1.215000	0.023432
1.215333	0.023561
1.215667	0.023481
1.216000	0.023133
1.216333	0.023649
1.216667	0.023896
1.217000	0.023380
1.217333	0.023343
1.217667	0.023519
1.218000	0.023966
1.218333	0.023796
1.218667	0.023401
1.219000	0.023707
1.219333	0.023255
1.219667	0.023114
1.220000	0.023712
1.220333	0.024149
1.220667	0.023385
1.221000	0.023564
1.221333	0.023642
1.221667	0.023969
1.222000	0.023986
1.222333	0.023287
1.222667	0.023497
1.223000	0.023065
1.223333	0.023688
1.223667	0.023800
1.224000	0.023130
1.224333	0.023406
1.224667	0.023634
1.225000	0.023206
1.225333	0.022706
1.225667	0.023339
1.226000	0.023209
1.226333	0.023693
1.226667	0.023458
1.227000	0.023837
1.227333	0.023083
1.227667	0.023221
1.228000	0.023263
1.228333	0.023307
1.228667	0.023934
1.229000	0.023457
1.229333	0.023380
1.229667	0.023380
1.230000	0.023105
1.230333	0.023713
1.230667	0.023882
1.231000	0.023264
1.231333	0.023084
1.231667	0.023228
1.232000	0.023421
1.232333	0.023613
1.232667	0.023783
1.233000	0.023401
1.233333	0.023488
1.233667	0.022625
1.234000	0.022843
1.234333	0.023997
1.234667	0.022857
1.235000	0.024006
1.235333	0.023125
1.235667	0.022991
1.236000	0.023518
1.236333	0.023121
1.236667	0.023007
1.237000	0.023247
1.237333	0.025255
1.237667	0.034071
1.238000	0.050383
1.238333	0.055338
1.238667	0.054659
1.239000	0.054613
1.239333	0.053316
1.239667	0.051295
1.240000	0.051552
1.240333	0.049865
1.240667	0.050888
1.241000	0.058315
1.241333	0.068434
1.241667	0.070797
1.242000	0.067673
1.242333	0.066646
1.242667	0.064853
1.243000	0.062943
1.243333	0.060854
1.243667	0.059444
1.244000	0.058323
1.244333	0.062425
1.244667	0.074015
1.245000	0.078848
1.245333	0.075945
1.245667	0.072911
1.246000	0.071077
1.246333	0.068447
1.246667	0.066808
1.247000	0.064879
1.247333	0.063680
1.247667	0.061821
1.248000	0.060873
1.248333	0.059252
1.248667	0.057473
1.249000	0.057286
1.249333	0.060592
1.249667	0.064962
1.250000	0.068532
1.250333	0.068783
1.250667	0.067957
1.251000	0.066100
1.251333	0.065115
1.251667	0.063293
1.252000	0.061489
1.252333	0.060142
1.252667	0.059075
1.253000	0.057940
1.253333	0.056840
1.253667	0.054731
1.254000	0.054449
1.254333	0.053503
1.254667	0.052927
1.255000	0.051794
1.255333	0.051239
1.255667	0.050809
1.256000	0.049507
1.256333	0.048814
1.256667	0.047841
1.257000	0.047677
1.257333	0.047241
1.257667	0.047241
1.258000	0.046059
1.258333	0.045994
1.258667	0.045203
1.259000	0.044327
1.259333	0.043833
1.259667	0.043689
1.260000	0.043418
1.260333	0.042763
1.260667	0.042849
1.261000	0.041770
1.261333	0.041727
1.261667	0.041172
1.262000	0.041442
1.262333	0.040920
1.262667	0.040577
1.263000	0.040268
1.263333	0.039992
1.263667	0.039609
1.264000	0.039125
1.264333	0.038949
1.264667	0.038781
1.265000	0.038572
1.265333	0.038206
1.265667	0.038437
1.266000	0.037311
1.266333	0.037445
1.266667	0.037671
1.267000	0.037005
1.267333	0.037384
1.267667	0.036631
1.268000	0.036661
1.268333	0.036215
1.268667	0.036383
1.269000	0.036124
1.269333	0.035408
1.269667	0.035645
1.270000	0.035818
1.270333	0.035139
1.270667	0.034958
1.271000	0.035215
1.271333	0.035393
1.271667	0.034620
1.272000	0.034342
1.272333	0.034022
1.272667	0.034293
1.273000	0.033981
1.273333	0.033541
1.273667	0.034013
1.274000	0.033563
1.274333	0.033026
1.274667	0.033847
1.275000	0.033156
1.275333	0.032701
1.275667	0.033372
1.276000	0.033397
1.276333	0.032527
1.276667	0.032747
1.277000	0.032595
1.277333	0.032415
1.277667	0.032676
1.278000	0.032232
1.278333	0.032550
1.278667	0.031872
1.279000	0.031738
1.279333	0.031928
1.279667	0.031869
1.280000	0.031998
1.280333	0.031276
1.280667	0.031745
1.281000	0.031106
1.281333	0.031191
1.281667	0.031469
1.282000	0.031216
1.282333	0.030708
1.282667	0.031048
1.283000	0.031068
1.283333	0.030726
1.283667	0.030100
1.284000	0.030698
1.284333	0.030345
1.284667	0.030398
1.285000	0.030114
1.285333	0.030202
1.285667	0.030324
1.286000	0.030011
1.286333	0.030170
1.286667	0.029376
1.287000	0.030399
1.287333	0.029780
1.287667	0.029411
1.288000	0.030152
1.288333	0.029764
1.288667	0.029785
1.289000	0.029414
1.289333	0.029809
1.289667	0.029270
1.290000	0.029420
1.290333	0.029179
1.290667	0.029808
1.291000	0.028456
1.291333	0.028840
1.291667	0.029423
1.292000	0.029245
1.292333	0.030286
1.292667	0.032707
1.293000	0.038883
1.293333	0.048211
1.293667	0.056774
1.294000	0.057732
1.294333	0.056180
1.294667	0.055078
1.295000	0.053621
1.295333	0.052216
1.295667	0.051239
1.296000	0.050631
1.296333	0.055173
1.296667	0.067952
1.297000	0.073929
1.297333	0.072889
1.297667	0.070370
1.298000	0.067950
1.298333	0.066073
1.298667	0.064083
1.299000	0.062682
1.299333	0.060733
1.299667	0.060077
1.300000	0.064782
1.300333	0.071110
1.300667	0.075704
1.301000	0.074999
1.301333	0.074107
1.301667	0.071564
1.302000	0.070326
1.302333	0.068021
1.302667	0.066762
1.303000	0.065660
1.303333	0.064005
1.303667	0.066060
1.304000	0.070450
1.304333	0.074991
1.304667	0.074688
1.305000	0.072803
1.305333	0.071099
1.305667	0.069517
1.306000	0.067658
1.306333	0.066826
1.306667	0.064995
1.307000	0.063443
1.307333	0.061644
1.307667	0.061146
1.308000	0.059526
1.308333	0.058849
1.308667	0.057956
1.309000	0.056940
1.309333	0.056752
1.309667	0.058953
1.310000	0.063422
1.310333	0.066794
1.310667	0.067392
1.311000	0.065390
1.311333	0.064233
1.311667	0.062292
1.312000	0.061983
1.312333	0.060963
1.312667	0.059635
1.313000	0.058142
1.313333	0.057646
1.313667	0.056213
1.314000	0.055244
1.314333	0.054520
1.314667	0.053528
1.315000	0.052660
1.315333	0.052149
1.315667	0.051797
1.316000	0.050415
1.316333	0.050357
1.316667	0.049816
1.317000	0.049036
1.317333	0.048536
1.317667	0.048291
1.318000	0.047423
1.318333	0.047259
1.318667	0.046493
1.319000	0.046146
1.319333	0.045788
1.319667	0.045550
1.320000	0.044673
1.320333	0.045136
1.320667	0.044632
1.321000	0.043342
1.321333	0.043235
1.321667	0.043413
1.322000	0.043061
1.322333	0.042279
1.322667	0.042192
1.323000	0.042245
1.323333	0.042482
1.323667	0.041636
1.324000	0.041281
1.324333	0.040455
1.324667	0.040772
1.325000	0.040930
1.325333	0.040178
1.325667	0.039846
1.326000	0.039371
1.326333	0.039039
1.326667	0.039325
1.327000	0.039034
1.327333	0.039171
1.327667	0.038226
1.328000	0.038404
1.328333	0.038414
1.328667	0.037838
1.329000	0.037696
1.329333	0.037808
1.329667	0.037478
1.330000	0.037691
1.330333	0.037317
1.330667	0.036861
1.331000	0.036868
1.331333	0.036803
1.331667	0.036414
1.332000	0.036384
1.332333	0.035956
1.332667	0.036526
1.333000	0.036081
1.333333	0.035320
1.333667	0.035609
1.334000	0.035262
1.334333	0.035535
1.334667	0.035596
1.335000	0.035319
1.335333	0.035394
1.335667	0.034621
1.336000	0.034697
1.336333	0.034216
1.336667	0.034700
1.337000	0.034327
1.337333	0.034250
1.337667	0.033895
1.338000	0.034105
1.338333	0.034040
1.338667	0.033904
1.339000	0.034149
1.339333	0.033604
1.339667	0.033948
1.340000	0.033429
1.340333	0.033098
1.340667	0.033090
1.341000	0.033516
1.341333	0.033575
1.341667	0.032826
1.342000	0.033004
1.342333	0.032826
1.342667	0.033136
1.343000	0.032939
1.343333	0.032837
1.343667	0.032392
1.344000	0.032219
1.344333	0.032351
1.344667	0.032854
1.345000	0.032282
1.345333	0.032384
1.345667	0.032106
1.346000	0.031403
1.346333	0.031047
1.346667	0.031424
1.347000	0.031716
1.347333	0.031452
1.347667	0.031570
1.348000	0.031567
1.348333	0.031080
1.348667	0.031450
1.349000	0.031812
1.349333	0.031289
1.349667	0.030819
1.350000	0.031163
1.350333	0.031144
1.350667	0.030986
1.351000	0.030686
1.351333	0.030122
1.351667	0.030316
1.352000	0.030563
1.352333	0.030802
1.352667	0.031279
1.353000	0.030039
1.353333	0.029998
1.353667	0.030491
1.354000	0.030329
1.354333	0.030733
1.354667	0.030078
1.355000	0.030256
1.355333	0.029763
1.355667	0.029662
1.356000	0.029888
1.356333	0.029506
1.356667	0.029925
1.357000	0.029889
1.357333	0.029809
1.357667	0.029647
1.358000	0.029671
1.358333	0.029461
1.358667	0.029844
1.359000	0.029251
1.359333	0.029687
1.359667	0.029744
1.360000	0.029147
1.360333	0.028994
1.360667	0.029742
1.361000	0.028945
1.361333	0.029524
1.361667	0.028746
1.362000	0.029554
1.362333	0.029193
1.362667	0.029144
1.363000	0.029130
1.363333	0.029295
1.363667	0.029004
1.364000	0.028540
1.364333	0.028756
1.364667	0.028775
1.365000	0.028804
1.365333	0.028876
1.365667	0.028893
1.366000	0.028233
1.366333	0.028478
1.366667	0.028407
1.367000	0.028327
1.367333	0.028376
1.367667	0.028406
1.368000	0.028697
1.368333	0.028691
1.368667	0.028219
1.369000	0.027846
1.369333	0.027654
1.369667	0.028192
1.370000	0.028471
1.370333	0.028036
1.370667	0.027652
1.371000	0.027943
1.371333	0.027805
1.371667	0.027777
1.372000	0.028114
1.372333	0.028618
1.372667	0.028256
1.373000	0.027686
1.373333	0.028205
1.373667	0.027878
1.374000	0.027326
1.374333	0.027435
1.374667	0.028307
1.375000	0.027490
1.375333	0.027944
1.375667	0.028244
1.376000	0.027695
1.376333	0.027501
1.376667	0.027955
1.377000	0.027153
1.377333	0.027478
1.377667	0.027907
1.378000	0.027170
1.378333	0.027350
1.378667	0.027350
1.379000	0.027178
1.379333	0.027889
1.379667	0.027210
1.380000	0.026950
1.380333	0.027269
1.380667	0.027140
1.381000	0.026799
1.381333	0.026955
1.381667	0.027291
1.382000	0.026848
1.382333	0.027297
1.382667	0.027333
1.383000	0.027006
1.383333	0.026977
1.383667	0.027010
1.384000	0.027047
1.384333	0.026244
1.384667	0.027302
1.385000	0.026642
1.385333	0.027253
1.385667	0.026950
1.386000	0.027164
1.386333	0.026676
1.386667	0.026496
1.387000	0.026641
1.387333	0.026289
1.387667	0.026764
1.388000	0.026886
1.388333	0.027185
1.388667	0.026172
1.389000	0.026329
1.389333	0.026407
1.389667	0.026685
1.390000	0.026505
1.390333	0.026852
1.390667	0.025902
1.391000	0.026839
1.391333	0.026776
1.391667	0.026580
1.392000	0.026472
1.392333	0.026447
1.392667	0.026196
1.393000	0.026048
1.393333	0.026668
1.393667	0.026509
1.394000	0.026141
1.394333	0.026197
1.394667	0.026183
1.395000	0.025626
1.395333	0.026047
1.395667	0.025696
1.396000	0.025818
1.396333	0.025778
1.396667	0.026453
1.397000	0.026075
1.397333	0.026305
1.397667	0.026157
1.398000	0.025397
1.398333	0.025704
1.398667	0.026418
1.399000	0.025721
1.399333	0.025698
1.399667	0.025726
1.400000	0.025582
1.400333	0.026260
1.400667	0.025390
1.401000	0.025907
1.401333	0.025226
1.401667	0.026041
1.402000	0.025750
1.402333	0.026043
1.402667	0.025230
1.403000	0.025437
1.403333	0.025192
1.403667	0.025610
1.404000	0.025512
1.404333	0.025690
1.404667	0.025377
1.405000	0.025738
1.405333	0.025044
1.405667	0.025010
1.406000	0.025770
1.406333	0.025881
1.406667	0.025887
1.407000	0.025498
1.407333	0.025431
1.407667	0.025182
1.408000	0.025303
1.408333	0.025722
1.408667	0.025020
1.409000	0.025357
1.409333	0.025251
1.409667	0.025602
1.410000	0.025624
1.410333	0.025161
1.410667	0.025312
1.411000	0.025929
1.411333	0.025620
1.411667	0.025551
1.412000	0.025106
1.412333	0.024905
1.412667	0.025398
1.413000	0.025931
1.413333	0.025662
1.413667	0.025655
1.414000	0.025072
1.414333	0.026044
1.414667	0.025641
1.415000	0.024861
1.415333	0.024915
1.415667	0.025114
1.416000	0.024659
1.416333	0.025025
1.416667	0.025280
1.417000	0.025080
1.417333	0.024934
1.417667	0.025013
1.418000	0.024895
1.418333	0.025034
1.418667	0.025138
1.419000	0.024932
1.419333	0.025430
1.419667	0.025140
1.420000	0.024995
1.420333	0.024656
1.420667	0.024819
1.421000	0.025228
1.421333	0.025667
1.421667	0.024913
1.422000	0.025041
1.422333	0.025086
1.422667	0.025537
1.423000	0.025361
1.423333	0.025555
1.423667	0.025137
1.424000	0.025517
1.424333	0.025244
1.424667	0.024503
1.425000	0.025109
1.425333	0.025039
1.425667	0.025227
1.426000	0.024640
1.426333	0.025104
1.426667	0.025218
1.427000	0.024901
1.427333	0.025156
1.427667	0.024604
1.428000	0.025550
1.428333	0.024835
1.428667	0.024524
1.429000	0.025393
1.429333	0.024832
1.429667	0.025043
1.430000	0.024550
1.430333	0.024376
1.430667	0.024792
1.431000	0.025046
1.431333	0.025188
1.431667	0.024759
1.432000	0.025254
1.432333	0.024802
1.432667	0.024850
1.433000	0.024865
1.433333	0.024977
1.433667	0.025439
1.434000	0.025622
1.434333	0.024586
1.434667	0.024446
1.435000	0.024708
1.435333	0.024660
1.435667	0.024993
1.436000	0.024914
1.436333	0.024937
1.436667	0.025121
1.437000	0.024749
1.437333	0.024474
1.437667	0.024931
1.438000	0.025079
1.438333	0.024884
1.438667	0.024926
1.439000	0.024793
1.439333	0.024512
1.439667	0.025256
1.440000	0.025070
1.440333	0.024476
1.440667	0.024808
1.441000	0.024926
1.441333	0.024788
1.441667	0.024765
1.442000	0.024534
1.442333	0.024703
1.442667	0.024721
1.443000	0.024929
1.443333	0.024678
1.443667	0.024731
1.444000	0.024619
1.444333	0.024594
1.444667	0.024886
1.445000	0.024398
1.445333	0.024565
1.445667	0.024908
1.446000	0.024609
1.446333	0.024722
1.446667	0.024574
1.447000	0.024470
1.447333	0.024863
1.447667	0.024555
1.448000	0.023959
1.448333	0.024739
1.448667	0.024492
1.449000	0.024474
1.449333	0.025278
1.449667	0.024459
1.450000	0.024559
1.450333	0.024754
1.450667	0.024528
1.451000	0.024608
1.451333	0.024003
1.451667	0.024423
1.452000	0.024726
1.452333	0.024994
1.452667	0.024737
1.453000	0.024348
1.453333	0.024782
1.453667	0.024643
1.454000	0.024308
1.454333	0.025224
1.454667	0.024327
1.455000	0.024811
1.455333	0.024918
1.455667	0.024571
1.456000	0.024800
1.456333	0.024792
1.456667	0.024902
1.457000	0.024139
1.457333	0.024072
1.457667	0.024353
1.458000	0.024284
1.458333	0.024897
1.458667	0.024998
1.459000	0.024228
1.459333	0.024705
1.459667	0.024544
1.460000	0.024382
1.460333	0.024969
1.460667	0.024623
1.461000	0.024289
1.461333	0.024534
1.461667	0.024720
1.462000	0.024566
1.462333	0.025110
1.462667	0.025016
1.463000	0.024421
1.463333	0.024336
1.463667	0.024523
1.464000	0.024547
1.464333	0.024500
1.464667	0.024030
1.465000	0.024411
1.465333	0.024378
1.465667	0.024336
1.466000	0.024836
1.466333	0.024093
1.466667	0.024499
1.467000	0.024648
1.467333	0.024619
1.467667	0.024268
1.468000	0.025079
1.468333	0.024695
1.468667	0.024398
1.469000	0.024555
1.469333	0.024704
1.469667	0.024456
1.470000	0.024244
1.470333	0.024613
1.470667	0.024218
1.471000	0.024958
1.471333	0.024276
1.471667	0.024498
1.472000	0.024309
1.472333	0.023890
1.472667	0.024356
1.473000	0.024079
1.473333	0.024571
1.473667	0.024708
1.474000	0.024665
1.474333	0.024404
1.474667	0.024284
1.475000	0.024464
1.475333	0.024119
1.475667	0.024580
1.476000	0.024405
1.476333	0.024300
1.476667	0.024899
1.477000	0.024355
1.477333	0.023943
1.477667	0.024922
1.478000	0.024386
1.478333	0.024199
1.478667	0.023718
1.479000	0.024338
1.479333	0.024570
1.479667	0.024201
1.480000	0.025297
1.480333	0.024349
1.480667	0.024324
1.481000	0.024627
1.481333	0.024199
1.481667	0.024821
1.482000	0.024313
1.482333	0.024407
1.482667	0.024449
1.483000	0.024561
1.483333	0.024387
1.483667	0.024726
1.484000	0.024390
1.484333	0.024351
1.484667	0.024270
1.485000	0.024415
1.485333	0.024579
1.485667	0.024174
1.486000	0.024309
1.486333	0.024760
1.486667	0.024552
1.487000	0.024469
1.487333	0.024953
1.487667	0.024330
1.488000	0.024168
1.488333	0.023969
1.488667	0.024805
1.489000	0.024353
1.489333	0.024565
1.489667	0.024202
1.490000	0.024273
1.490333	0.025000
1.490667	0.023920
1.491000	0.023730
1.491333	0.024039
1.491667	0.024295
1.492000	0.024548
1.492333	0.024587
1.492667	0.024044
1.493000	0.024592
1.493333	0.023902
1.493667	0.024180
1.494000	0.023735
1.494333	0.024174
1.494667	0.024750
1.495000	0.024146
1.495333	0.023909
1.495667	0.024721
1.496000	0.024639
1.496333	0.024399
1.496667	0.023623
1.497000	0.024850
1.497333	0.024539
1.497667	0.023923
1.498000	0.024406
1.498333	0.024110
1.498667	0.024526
1.499000	0.024618
1.499333	0.024231
1.499667	0.024417
1.500000	0.024096
1.500333	0.024268
1.500667	0.023215
1.501000	0.023867
1.501333	0.024067
1.501667	0.025049
1.502000	0.023851
1.502333	0.024025
1.502667	0.023962
1.503000	0.024215
1.503333	0.024767
1.503667	0.024156
1.504000	0.024678
1.504333	0.024223
1.504667	0.024583
1.505000	0.024412
1.505333	0.024680
1.505667	0.024137
1.506000	0.024319
1.506333	0.025149
1.506667	0.030809
1.507000	0.046345
1.507333	0.054331
1.507667	0.056332
1.508000	0.056050
1.508333	0.055094
1.508667	0.053221
1.509000	0.052383
1.509333	0.051889
1.509667	0.052643
1.510000	0.058480
1.510333	0.069324
1.510667	0.072511
1.511000	0.069769
1.511333	0.068281
1.511667	0.066817
1.512000	0.065099
1.512333	0.062526
1.512667	0.061022
1.513000	0.060038
1.513333	0.059713
1.513667	0.064593
1.514000	0.074115
1.514333	0.076682
1.514667	0.075666
1.515000	0.073893
1.515333	0.072530
1.515667	0.069396
1.516000	0.068311
1.516333	0.066511
1.516667	0.064024
1.517000	0.062949
1.517333	0.062042
1.517667	0.061323
1.518000	0.060374
1.518333	0.061621
1.518667	0.069036
1.519000	0.076816
1.519333	0.077938
1.519667	0.075540
1.520000	0.073038
1.520333	0.070759
1.520667	0.069434
1.521000	0.068120
1.521333	0.065262
1.521667	0.064123
1.522000	0.062954
1.522333	0.063020
1.522667	0.067654
1.523000	0.078232
1.523333	0.080395
1.523667	0.079112
1.524000	0.076893
1.524333	0.074534
1.524667	0.072353
1.525000	0.070218
1.525333	0.068765
1.525667	0.066716
1.526000	0.066037
1.526333	0.064430
1.526667	0.063418
1.527000	0.062104
1.527333	0.061132
1.527667	0.060019
1.528000	0.058737
1.528333	0.057880
1.528667	0.057033
1.529000	0.056252
1.529333	0.057482
1.529667	0.059938
1.530000	0.063211
1.530333	0.066294
1.530667	0.066880
1.531000	0.065924
1.531333	0.063453
1.531667	0.063241
1.532000	0.061224
1.532333	0.060818
1.532667	0.059941
1.533000	0.058374
1.533333	0.057488
1.533667	0.056977
1.534000	0.055732
1.534333	0.054743
1.534667	0.054327
1.535000	0.054305
1.535333	0.055534
1.535667	0.058297
1.536000	0.060349
1.536333	0.061438
1.536667	0.061971
1.537000	0.060335
1.537333	0.059412
1.537667	0.058809
1.538000	0.056899
1.538333	0.056150
1.538667	0.055607
1.539000	0.054742
1.539333	0.054018
1.539667	0.053236
1.540000	0.053380
1.540333	0.055882
1.540667	0.060539
1.541000	0.065283
1.541333	0.067322
1.541667	0.066699
1.542000	0.065288
1.542333	0.065463
1.542667	0.063405
1.543000	0.062814
1.543333	0.061950
1.543667	0.060262
1.544000	0.059327
1.544333	0.057852
1.544667	0.057595
1.545000	0.055819
1.545333	0.055281
1.545667	0.054648
1.546000	0.054320
1.546333	0.052209
1.546667	0.052334
1.547000	0.050969
1.547333	0.051543
1.547667	0.051271
1.548000	0.049844
1.548333	0.048932
1.548667	0.048709
1.549000	0.048652
1.549333	0.048034
1.549667	0.047301
1.550000	0.047713
1.550333	0.047427
1.550667	0.046504
1.551000	0.045658
1.551333	0.045794
1.551667	0.045621
1.552000	0.044998
1.552333	0.044986
1.552667	0.044599
1.553000	0.043993
1.553333	0.043958
1.553667	0.043424
1.554000	0.043340
1.554333	0.042923
1.554667	0.043012
1.555000	0.042618
1.555333	0.041589
1.555667	0.041752
1.556000	0.041715
1.556333	0.041203
1.556667	0.041345
1.557000	0.041071
1.557333	0.040687
1.557667	0.041069
1.558000	0.040686
1.558333	0.039996
1.558667	0.040485
1.559000	0.039663
1.559333	0.039853
1.559667	0.039713
1.560000	0.039376
1.560333	0.039233
1.560667	0.039330
1.561000	0.039131
1.561333	0.039049
1.561667	0.038762
1.562000	0.038644
1.562333	0.038456
1.562667	0.038119
1.563000	0.038070
1.563333	0.038387
1.563667	0.037742
1.564000	0.037708
1.564333	0.038180
1.564667	0.037146
1.565000	0.037676
1.565333	0.037210
1.565667	0.036658
1.566000	0.037128
1.566333	0.036676
1.566667	0.035928
1.567000	0.036519
1.567333	0.036295
1.567667	0.036058
1.568000	0.035898
1.568333	0.036201
1.568667	0.035803
1.569000	0.035744
1.569333	0.035407
1.569667	0.035832
1.570000	0.035605
1.570333	0.035362
1.570667	0.035318
1.571000	0.035496
1.571333	0.035399
1.571667	0.035692
1.572000	0.035103
1.572333	0.035110
1.572667	0.034664
1.573000	0.035098
1.573333	0.034925
1.573667	0.034623
1.574000	0.034449
1.574333	0.034097
1.574667	0.034291
1.575000	0.033588
1.575333	0.034006
1.575667	0.033646
1.576000	0.034005
1.576333	0.033652
1.576667	0.033667
1.577000	0.033572
1.577333	0.033948
1.577667	0.033311
1.578000	0.033717
1.578333	0.033804
1.578667	0.033383
1.579000	0.033527
1.579333	0.032876
1.579667	0.033198
1.580000	0.033060
1.580333	0.033022
1.580667	0.033006
1.581000	0.033252
1.581333	0.032924
1.581667	0.033056
1.582000	0.033510
1.582333	0.032619
1.582667	0.033019
1.583000	0.032113
1.583333	0.032791
1.583667	0.032051
1.584000	0.032685
1.584333	0.031975
1.584667	0.032505
1.585000	0.032147
1.585333	0.031928
1.585667	0.032202
1.586000	0.032106
1.586333	0.031736
1.586667	0.031427
1.587000	0.031856
1.587333	0.031675
1.587667	0.031901
1.588000	0.031747
1.588333	0.031737
1.588667	0.031280
1.589000	0.031439
1.589333	0.031848
1.589667	0.031273
1.590000	0.031264
1.590333	0.031336
1.590667	0.030885
1.591000	0.030786
1.591333	0.031004
1.591667	0.030898
1.592000	0.030865
1.592333	0.030921
1.592667	0.030730
1.593000	0.031109
1.593333	0.030907
1.593667	0.030701
1.594000	0.030374
1.594333	0.030746
1.594667	0.030595
1.595000	0.030532
1.595333	0.030874
1.595667	0.030376
1.596000	0.030469
1.596333	0.030322
1.596667	0.030093
1.597000	0.029889
1.597333	0.030177
1.597667	0.030443
1.598000	0.030219
1.598333	0.030040
1.598667	0.029901
1.599000	0.030657
1.599333	0.030023
1.599667	0.030369
1.600000	0.029923
1.600333	0.030355
1.600667	0.029791
1.601000	0.030213
1.601333	0.029412
1.601667	0.029554
1.602000	0.029487
1.602333	0.029655
1.602667	0.029500
1.603000	0.029445
1.603333	0.030177
1.603667	0.029703
1.604000	0.029254
1.604333	0.029478
1.604667	0.029266
1.605000	0.029848
1.605333	0.029447
1.605667	0.029400
1.606000	0.030115
1.606333	0.029022
1.606667	0.029201
1.607000	0.029400
1.607333	0.029342
1.607667	0.029179
1.608000	0.029546
1.608333	0.028672
1.608667	0.029175
1.609000	0.028770
1.609333	0.029234
1.609667	0.029501
1.610000	0.028777
1.610333	0.028798
1.610667	0.029022
1.611000	0.028286
1.611333	0.028238
1.611667	0.028985
1.612000	0.028556
1.612333	0.028776
1.612667	0.028173
1.613000	0.028805
1.613333	0.028516
1.613667	0.028545
1.614000	0.029106
1.614333	0.028665
1.614667	0.028035
1.615000	0.028743
1.615333	0.028210
1.615667	0.028518
1.616000	0.028204
1.616333	0.027777
1.616667	0.028616
1.617000	0.028295
1.617333	0.028421
1.617667	0.028513
1.618000	0.028747
1.618333	0.028229
1.618667	0.028569
1.619000	0.028924
1.619333	0.028115
1.619667	0.028439
1.620000	0.028174
1.620333	0.028078
1.620667	0.028500
1.621000	0.028160
1.621333	0.028147
1.621667	0.027907
1.622000	0.028375
1.622333	0.027925
1.622667	0.028055
1.623000	0.028021
1.623333	0.028133
1.623667	0.027897
1.624000	0.027355
1.624333	0.027502
1.624667	0.027929
1.625000	0.028136
1.625333	0.028217
1.625667	0.027695
1.626000	0.028219
1.626333	0.027222
1.626667	0.027807
1.627000	0.027331
1.627333	0.027571
1.627667	0.027525
1.628000	0.027384
1.628333	0.028254
1.628667	0.027871
1.629000	0.027652
1.629333	0.027246
1.629667	0.027942
1.630000	0.027425
1.630333	0.027219
1.630667	0.027377
1.631000	0.027558
1.631333	0.027574
1.631667	0.027126
1.632000	0.027195
1.632333	0.027007
1.632667	0.027120
1.633000	0.027617
1.633333	0.027411
1.633667	0.026836
1.634000	0.027055
1.634333	0.027253
1.634667	0.027410
1.635000	0.027104
1.635333	0.027400
1.635667	0.026859
1.636000	0.026941
1.636333	0.027552
1.636667	0.027269
1.637000	0.026774
1.637333	0.027170
1.637667	0.027289
1.638000	0.027291
1.638333	0.027470
1.638667	0.027182
1.639000	0.027365
1.639333	0.026401
1.639667	0.026874
1.640000	0.027180
1.640333	0.027011
1.640667	0.027431
1.641000	0.027187
1.641333	0.026411
1.641667	0.026617
1.642000	0.026661
1.642333	0.026738
1.642667	0.027275
1.643000	0.026724
1.643333	0.026689
1.643667	0.027462
1.644000	0.026865
1.644333	0.027343
1.644667	0.026739
1.645000	0.026561
1.645333	0.027107
1.645667	0.027080
1.646000	0.026679
1.646333	0.026444
1.646667	0.026893
1.647000	0.026892
1.647333	0.026602
1.647667	0.026792
1.648000	0.026838
1.648333	0.026449
1.648667	0.026324
1.649000	0.026065
1.649333	0.026678
1.649667	0.026402
1.650000	0.026030
1.650333	0.026220
1.650667	0.027096
1.651000	0.026105
1.651333	0.026492
1.651667	0.026571
1.652000	0.026897
1.652333	0.026438
1.652667	0.026514
1.653000	0.026086
1.653333	0.026593
1.653667	0.026945
1.654000	0.026008
1.654333	0.026631
1.654667	0.026152
1.655000	0.026633
1.655333	0.026455
1.655667	0.026614
1.656000	0.026829
1.656333	0.026503
1.656667	0.026100
1.657000	0.026470
1.657333	0.026275
1.657667	0.026700
1.658000	0.026675
1.658333	0.026708
1.658667	0.026478
1.659000	0.026214
1.659333	0.026572
1.659667	0.026471
1.660000	0.026770
1.660333	0.026333
1.660667	0.026493
1.661000	0.026866
1.661333	0.026806
1.661667	0.026216
1.662000	0.026147
1.662333	0.026339
1.662667	0.026588
1.663000	0.026122
1.663333	0.025657
1.663667	0.026217
1.664000	0.026072
1.664333	0.025813
1.664667	0.026927
1.665000	0.025980
1.665333	0.026227
1.665667	0.025694
1.666000	0.026571
1.666333	0.026165
1.666667	0.026168
1.667000	0.026433
1.667333	0.026638
1.667667	0.025753
1.668000	0.026517
1.668333	0.025951
1.668667	0.026285
1.669000	0.025794
1.669333	0.025975
1.669667	0.025777
1.670000	0.026126
1.670333	0.025961
1.670667	0.026084
1.671000	0.025745
1.671333	0.025996
1.671667	0.026166
1.672000	0.026439
1.672333	0.025875
1.672667	0.025837
1.673000	0.025509
1.673333	0.026037
1.673667	0.025721
1.674000	0.026238
1.674333	0.026069
1.674667	0.026206
1.675000	0.025765
1.675333	0.026552
1.675667	0.025907
1.676000	0.025971
1.676333	0.025363
1.676667	0.026077
1.677000	0.025637
1.677333	0.026482
1.677667	0.025876
1.678000	0.025628
1.678333	0.026155
1.678667	0.026216
1.679000	0.025691
1.679333	0.025376
1.679667	0.025648
1.680000	0.025474
1.680333	0.026098
1.680667	0.026142
1.681000	0.025712
1.681333	0.025524
1.681667	0.025458
1.682000	0.025688
1.682333	0.025560
1.682667	0.025767
1.683000	0.025617
1.683333	0.025858
1.683667	0.025947
1.684000	0.026130
1.684333	0.026339
1.684667	0.025853
1.685000	0.025956
1.685333	0.025511
1.685667	0.025563
1.686000	0.025605
1.686333	0.026071
1.686667	0.025654
1.687000	0.025390
1.687333	0.025569
1.687667	0.025767
1.688000	0.025334
1.688333	0.025804
1.688667	0.025432
1.689000	0.026042
1.689333	0.025606
1.689667	0.025628
1.690000	0.025686
1.690333	0.026081
1.690667	0.025895
1.691000	0.025670
1.691333	0.025710
1.691667	0.025481
1.692000	0.025485
1.692333	0.025034
1.692667	0.025694
1.693000	0.025509
1.693333	0.025311
1.693667	0.025632
1.694000	0.025328
1.694333	0.025682
1.694667	0.025126
1.695000	0.025034
1.695333	0.024855
1.695667	0.025566
1.696000	0.024872
1.696333	0.025396
1.696667	0.024972
1.697000	0.024959
1.697333	0.025623
1.697667	0.025145
1.698000	0.025401
1.698333	0.025322
1.698667	0.025169
1.699000	0.024902
1.699333	0.024988
1.699667	0.025317
1.700000	0.024675
1.700333	0.025060
1.700667	0.025103
1.701000	0.024978
1.701333	0.025054
1.701667	0.025070
1.702000	0.025224
1.702333	0.025268
1.702667	0.024843
1.703000	0.024855
1.703333	0.025035
1.703667	0.025349
1.704000	0.025450
1.704333	0.025185
1.704667	0.025535
1.705000	0.024859
1.705333	0.025699
1.705667	0.025468
1.706000	0.025070
1.706333	0.024944
1.706667	0.025378
1.707000	0.024875
1.707333	0.025460
1.707667	0.025108
1.708000	0.025222
1.708333	0.025428
1.708667	0.025097
1.709000	0.025145
1.709333	0.024665
1.709667	0.025235
1.710000	0.024715
1.710333	0.025258
1.710667	0.025085
1.711000	0.025218
1.711333	0.025346
1.711667	0.030066
1.712000	0.044060
1.712333	0.053370
1.712667	0.056059
1.713000	0.055731
1.713333	0.054842
1.713667	0.053434
1.714000	0.052186
1.714333	0.052048
1.714667	0.052145
1.715000	0.056700
1.715333	0.065240
1.715667	0.067319
1.716000	0.066685
1.716333	0.064872
1.716667	0.063324
1.717000	0.061657
1.717333	0.060397
1.717667	0.059835
1.718000	0.058925
1.718333	0.063519
1.718667	0.072632
1.719000	0.074706
1.719333	0.073297
1.719667	0.071354
1.720000	0.070054
1.720333	0.067284
1.720667	0.066022
1.721000	0.064718
1.721333	0.062798
1.721667	0.061103
1.722000	0.059849
1.722333	0.058850
1.722667	0.059469
1.723000	0.062654
1.723333	0.066565
1.723667	0.068446
1.724000	0.068334
1.724333	0.067237
1.724667	0.065699
1.725000	0.064621
1.725333	0.063469
1.725667	0.061751
1.726000	0.060976
1.726333	0.059171
1.726667	0.058519
1.727000	0.057234
1.727333	0.056144
1.727667	0.055862
1.728000	0.054111
1.728333	0.053623
1.728667	0.053401
1.729000	0.056237
1.729333	0.063845
1.729667	0.070174
1.730000	0.070212
1.730333	0.068275
1.730667	0.066884
1.731000	0.065035
1.731333	0.062780
1.731667	0.062364
1.732000	0.061064
1.732333	0.059676
1.732667	0.058881
1.733000	0.058136
1.733333	0.060683
1.733667	0.068047
1.734000	0.073173
1.734333	0.072756
1.734667	0.071200
1.735000	0.069947
1.735333	0.068309
1.735667	0.066728
1.736000	0.064910
1.736333	0.063729
1.736667	0.061666
1.737000	0.060960
1.737333	0.060229
1.737667	0.061619
1.738000	0.065781
1.738333	0.072246
1.738667	0.074311
1.739000	0.073825
1.739333	0.072285
1.739667	0.071201
1.740000	0.069058
1.740333	0.067819
1.740667	0.066593
1.741000	0.064986
1.741333	0.063482
1.741667	0.062719
1.742000	0.061306
1.742333	0.059962
1.742667	0.059001
1.743000	0.058055
1.743333	0.057082
1.743667	0.056450
1.744000	0.055705
1.744333	0.056352
1.744667	0.056744
1.745000	0.060398
1.745333	0.064767
1.745667	0.066733
1.746000	0.065991
1.746333	0.064001
1.746667	0.063820
1.747000	0.062587
1.747333	0.061087
1.747667	0.060167
1.748000	0.059407
1.748333	0.058077
1.748667	0.057853
1.749000	0.056253
1.749333	0.055622
1.749667	0.054788
1.750000	0.054321
1.750333	0.053160
1.750667	0.053777
1.751000	0.053070
1.751333	0.055833
1.751667	0.059771
1.752000	0.062656
1.752333	0.063860
1.752667	0.062808
1.753000	0.061710
1.753333	0.059918
1.753667	0.059568
1.754000	0.058554
1.754333	0.056941
1.754667	0.056245
1.755000	0.055939
1.755333	0.054795
1.755667	0.053899
1.756000	0.053719
1.756333	0.052894
1.756667	0.052131
1.757000	0.053356
1.757333	0.056434
1.757667	0.060366
1.758000	0.062545
1.758333	0.062704
1.758667	0.061890
1.759000	0.061748
1.759333	0.060118
1.759667	0.059019
1.760000	0.057858
1.760333	0.057434
1.760667	0.055644
1.761000	0.055246
1.761333	0.053951
1.761667	0.054853
1.762000	0.057689
1.762333	0.061713
1.762667	0.066566
1.763000	0.066954
1.763333	0.065387
1.763667	0.064227
1.764000	0.062918
1.764333	0.061149
1.764667	0.060919
1.765000	0.058727
1.765333	0.058301
1.765667	0.057756
1.766000	0.056774
1.766333	0.055892
1.766667	0.055004
1.767000	0.054723
1.767333	0.054297
1.767667	0.054628
1.768000	0.054666
1.768333	0.053456
1.768667	0.053530
1.769000	0.052633
1.769333	0.052333
1.769667	0.052023
1.770000	0.053710
1.770333	0.054138
1.770667	0.054585
1.771000	0.053954
1.771333	0.053496
1.771667	0.052400
1.772000	0.052069
1.772333	0.051381
1.772667	0.050781
1.773000	0.050200
1.773333	0.049777
1.773667	0.049299
1.774000	0.048505
1.774333	0.048308
1.774667	0.048202
1.775000	0.047131
1.775333	0.046876
1.775667	0.046961
1.776000	0.046062
1.776333	0.045681
1.776667	0.045646
1.777000	0.044988
1.777333	0.044793
1.777667	0.044368
1.778000	0.043871
1.778333	0.043733
1.778667	0.043662
1.779000	0.043180
1.779333	0.043004
1.779667	0.043155
1.780000	0.042426
1.780333	0.042196
1.780667	0.042480
1.781000	0.042625
1.781333	0.041345
1.781667	0.041278
1.782000	0.041033
1.782333	0.041403
1.782667	0.041200
1.783000	0.040814
1.783333	0.040864
1.783667	0.040530
1.784000	0.040186
1.784333	0.039809
1.784667	0.039765
1.785000	0.039531
1.785333	0.039517
1.785667	0.039438
1.786000	0.039716
1.786333	0.039266
1.786667	0.038606
1.787000	0.038547
1.787333	0.038424
1.787667	0.038423
1.788000	0.038984
1.788333	0.038143
1.788667	0.038182
1.789000	0.038004
1.789333	0.038100
1.789667	0.037997
1.790000	0.038052
1.790333	0.037939
1.790667	0.036464
1.791000	0.036930
1.791333	0.037920
1.791667	0.036893
1.792000	0.036941
1.792333	0.036787
1.792667	0.036935
1.793000	0.036775
1.793333	0.036801
1.793667	0.036134
1.794000	0.036320
1.794333	0.035704
1.794667	0.035753
1.795000	0.036575
1.795333	0.035806
1.795667	0.035663
1.796000	0.035887
1.796333	0.035517
1.796667	0.035437
1.797000	0.035714
1.797333	0.035575
1.797667	0.035229
1.798000	0.035066
1.798333	0.035389
1.798667	0.034334
1.799000	0.034897
1.799333	0.034890
1.799667	0.034756
1.800000	0.034634
1.800333	0.034712
1.800667	0.034093
1.801000	0.034583
1.801333	0.034599
1.801667	0.034453
1.802000	0.033771
1.802333	0.034823
1.802667	0.033846
1.803000	0.033716
1.803333	0.034046
1.803667	0.033827
1.804000	0.034026
1.804333	0.034466
1.804667	0.033901
1.805000	0.033607
1.805333	0.033253
1.805667	0.033237
1.806000	0.032799
1.806333	0.033592
1.806667	0.033543
1.807000	0.033213
1.807333	0.033398
1.807667	0.033198
1.808000	0.033253
1.808333	0.033044
1.808667	0.033004
1.809000	0.032533
1.809333	0.033123
1.809667	0.032774
1.810000	0.032766
1.810333	0.032838
1.810667	0.032345
1.811000	0.033208
1.811333	0.032971
1.811667	0.032186
1.812000	0.032648
1.812333	0.032224
1.812667	0.031800
1.813000	0.032015
1.813333	0.032175
1.813667	0.032111
1.814000	0.032560
1.814333	0.031993
1.814667	0.031774
1.815000	0.032412
1.815333	0.032041
1.815667	0.031429
1.816000	0.031973
1.816333	0.031286
1.816667	0.031632
1.817000	0.031475
1.817333	0.031782
1.817667	0.031382
1.818000	0.031106
1.818333	0.031485
1.818667	0.031523
1.819000	0.031219
1.819333	0.030557
1.819667	0.031494
1.820000	0.031241
1.820333	0.031050
1.820667	0.031182
1.821000	0.031074
1.821333	0.030890
1.821667	0.031189
1.822000	0.030657
1.822333	0.031041
1.822667	0.030907
1.823000	0.030545
1.823333	0.030692
1.823667	0.031556
1.824000	0.030526
1.824333	0.030873
1.824667	0.030526
1.825000	0.030483
1.825333	0.030219
1.825667	0.030392
1.826000	0.029962
1.826333	0.030680
1.826667	0.030696
1.827000	0.030307
1.827333	0.030322
1.827667	0.029834
1.828000	0.030084
1.828333	0.030088
1.828667	0.030171
1.829000	0.030487
1.829333	0.029927
1.829667	0.030028
1.830000	0.030479
1.830333	0.029615
1.830667	0.029951
1.831000	0.029469
1.831333	0.029475
1.831667	0.030137
1.832000	0.029659
1.832333	0.029817
1.832667	0.029749
1.833000	0.030184
1.833333	0.029629
1.833667	0.029986
1.834000	0.029720
1.834333	0.030001
1.834667	0.029357
1.835000	0.029907
1.835333	0.029204
1.835667	0.029798
1.836000	0.029054
1.836333	0.029210
1.836667	0.029258
1.837000	0.028902
1.837333	0.029212
1.837667	0.029363
1.838000	0.029414
1.838333	0.029050
1.838667	0.028804
1.839000	0.029276
1.839333	0.029354
1.839667	0.029678
1.840000	0.029167
1.840333	0.028753
1.840667	0.029126
1.841000	0.028903
1.841333	0.028942
1.841667	0.028655
1.842000	0.029151
1.842333	0.028960
1.842667	0.029276
1.843000	0.028885
1.843333	0.029221
1.843667	0.029130
1.844000	0.028692
1.844333	0.029105
1.844667	0.028605
1.845000	0.028820
1.845333	0.028544
1.845667	0.028590
1.846000	0.029171
1.846333	0.029175
1.846667	0.029230
1.847000	0.028495
1.847333	0.031922
1.847667	0.042360
1.848000	0.053640
1.848333	0.056499
1.848667	0.056512
1.849000	0.055532
1.849333	0.054091
1.849667	0.053402
1.850000	0.052305
1.850333	0.052787
1.850667	0.055424
1.851000	0.066004
1.851333	0.072050
1.851667	0.071756
1.852000	0.069478
1.852333	0.066939
1.852667	0.065728
1.853000	0.063765
1.853333	0.062439
1.853667	0.061040
1.854000	0.059391
1.854333	0.058688
1.854667	0.057486
1.855000	0.055737
1.855333	0.054978
1.855667	0.055025
1.856000	0.058261
1.856333	0.066991
1.856667	0.071284
1.857000	0.071739
1.857333	0.069823
1.857667	0.067771
1.858000	0.066420
1.858333	0.064983
1.858667	0.063882
1.859000	0.061901
1.859333	0.061181
1.859667	0.059862
1.860000	0.058475
1.860333	0.057459
1.860667	0.057322
1.861000	0.058960
1.861333	0.061206
1.861667	0.064651
1.862000	0.065955
1.862333	0.064196
1.862667	0.062900
1.863000	0.062231
1.863333	0.060218
1.863667	0.059408
1.864000	0.058294
1.864333	0.057420
1.864667	0.056413
1.865000	0.055493
1.865333	0.054544
1.865667	0.054579
1.866000	0.053063
1.866333	0.052192
1.866667	0.051503
1.867000	0.051551
1.867333	0.052318
1.867667	0.054305
1.868000	0.054575
1.868333	0.055603
1.868667	0.054346
1.869000	0.054570
1.869333	0.052043
1.869667	0.051905
1.870000	0.051128
1.870333	0.050428
1.870667	0.049789
1.871000	0.049314
1.871333	0.048579
1.871667	0.047856
1.872000	0.047884
1.872333	0.047575
1.872667	0.046810
1.873000	0.047210
1.873333	0.046010
1.873667	0.045614
1.874000	0.045060
1.874333	0.044792
1.874667	0.044319
1.875000	0.043974
1.875333	0.043749
1.875667	0.043310
1.876000	0.043187
1.876333	0.042482
1.876667	0.042535
1.877000	0.042731
1.877333	0.042149
1.877667	0.043345
1.878000	0.043822
1.878333	0.044340
1.878667	0.043757
1.879000	0.043363
1.879333	0.043765
1.879667	0.043238
1.880000	0.043293
1.880333	0.042956
1.880667	0.042255
1.881000	0.041732
1.881333	0.041565
1.881667	0.041005
1.882000	0.041166
1.882333	0.040954
1.882667	0.040987
1.883000	0.040253
1.883333	0.039986
1.883667	0.040014
1.884000	0.039125
1.884333	0.039472
1.884667	0.039169
1.885000	0.038958
1.885333	0.038850
1.885667	0.038751
1.886000	0.038240
1.886333	0.038158
1.886667	0.038750
1.887000	0.037892
1.887333	0.037318
1.887667	0.037458
1.888000	0.038062
1.888333	0.036975
1.888667	0.037173
1.889000	0.037198
1.889333	0.037652
1.889667	0.036796
1.890000	0.036636
1.890333	0.036752
1.890667	0.036645
1.891000	0.036293
1.891333	0.036013
1.891667	0.035358
1.892000	0.035561
1.892333	0.036461
1.892667	0.035138
1.893000	0.035241
1.893333	0.035854
1.893667	0.034956
1.894000	0.034670
1.894333	0.034754
1.894667	0.034901
1.895000	0.034860
1.895333	0.034692
1.895667	0.034998
1.896000	0.035067
1.896333	0.034829
1.896667	0.034534
1.897000	0.034557
1.897333	0.034198
1.897667	0.034514
1.898000	0.034493
1.898333	0.033892
1.898667	0.033974
1.899000	0.033882
1.899333	0.034254
1.899667	0.033716
1.900000	0.033735
1.900333	0.033568
1.900667	0.033104
1.901000	0.033462
1.901333	0.033560
1.901667	0.032913
1.902000	0.033402
1.902333	0.032831
1.902667	0.033261
1.903000	0.032438
1.903333	0.032797
1.903667	0.032935
1.904000	0.032407
1.904333	0.032258
1.904667	0.032201
1.905000	0.032145
1.905333	0.033150
1.905667	0.031834
1.906000	0.032599
1.906333	0.032296
1.906667	0.031728
1.907000	0.032136
1.907333	0.031856
1.907667	0.032255
1.908000	0.032272
1.908333	0.032540
1.908667	0.031855
1.909000	0.032661
1.909333	0.032476
1.909667	0.031755
1.910000	0.031947
1.910333	0.032070
1.910667	0.031976
1.911000	0.031297
1.911333	0.031602
1.911667	0.031176
1.912000	0.031730
1.912333	0.030755
1.912667	0.030726
1.913000	0.031129
1.913333	0.031056
1.913667	0.030986
1.914000	0.030613
1.914333	0.030660
1.914667	0.031641
1.915000	0.031053
1.915333	0.030594
1.915667	0.030524
1.916000	0.030969
1.916333	0.031249
1.916667	0.031232
1.917000	0.030556
1.917333	0.030595
1.917667	0.030173
1.918000	0.030381
1.918333	0.030496
1.918667	0.030640
1.919000	0.030344
1.919333	0.030562
1.919667	0.030509
1.920000	0.029911
1.920333	0.030653
1.920667	0.030627
1.921000	0.030695
1.921333	0.030106
1.921667	0.030234
1.922000	0.030616
1.922333	0.030543
1.922667	0.030634
1.923000	0.030275
1.923333	0.030601
1.923667	0.029603
1.924000	0.029624
1.924333	0.030058
1.924667	0.029696
1.925000	0.029956
1.925333	0.029562
1.925667	0.029958
1.926000	0.029236
1.926333	0.029977
1.926667	0.029433
1.927000	0.029435
1.927333	0.029718
1.927667	0.028982
1.928000	0.029764
1.928333	0.029337
1.928667	0.029943
1.929000	0.029546
1.929333	0.029321
1.929667	0.029551
1.930000	0.029676
1.930333	0.029349
1.930667	0.029335
1.931000	0.029304
1.931333	0.028797
1.931667	0.028947
1.932000	0.029244
1.932333	0.028897
1.932667	0.028699
1.933000	0.029219
1.933333	0.028787
1.933667	0.029493
1.934000	0.028596
1.934333	0.029447
1.934667	0.028977
1.935000	0.028430
1.935333	0.028855
1.935667	0.029027
1.936000	0.029137
1.936333	0.028782
1.936667	0.029209
1.937000	0.028426
1.937333	0.028297
1.937667	0.028693
1.938000	0.028439
1.938333	0.029051
1.938667	0.028327
1.939000	0.028594
1.939333	0.028679
1.939667	0.028532
1.940000	0.028736
1.940333	0.028307
1.940667	0.029116
1.941000	0.028108
1.941333	0.028530
1.941667	0.028265
1.942000	0.028530
1.942333	0.028596
1.942667	0.028806
1.943000	0.028283
1.943333	0.028495
1.943667	0.028308
1.944000	0.028016
1.944333	0.029015
1.944667	0.028034
1.945000	0.028521
1.945333	0.028190
1.945667	0.028021
1.946000	0.028126
1.946333	0.028579
1.946667	0.028279
1.947000	0.028118
1.947333	0.028697
1.947667	0.028733
1.948000	0.028366
1.948333	0.027816
1.948667	0.027781
1.949000	0.027859
1.949333	0.027527
1.949667	0.027743
1.950000	0.028172
1.950333	0.028113
1.950667	0.027420
1.951000	0.027426
1.951333	0.027962
1.951667	0.028022
1.952000	0.028175
1.952333	0.027164
1.952667	0.027373
1.953000	0.027914
1.953333	0.027563
1.953667	0.027874
1.954000	0.028064
1.954333	0.027639
1.954667	0.027324
1.955000	0.027697
1.955333	0.027297
1.955667	0.027395
1.956000	0.027558
1.956333	0.028008
1.956667	0.026879
1.957000	0.027548
1.957333	0.027805
1.957667	0.027408
1.958000	0.027478
1.958333	0.027239
1.958667	0.027926
1.959000	0.027388
1.959333	0.027277
1.959667	0.027222
1.960000	0.027720
1.960333	0.027966
1.960667	0.027283
1.961000	0.027630
1.961333	0.027132
1.961667	0.027008
1.962000	0.027213
1.962333	0.027732
1.962667	0.027689
1.963000	0.027873
1.963333	0.027196
1.963667	0.027332
1.964000	0.027122
1.964333	0.027122
1.964667	0.027167
1.965000	0.027318
1.965333	0.027020
1.965667	0.027382
1.966000	0.027887
1.966333	0.027023
1.966667	0.027226
1.967000	0.027139
1.967333	0.027307
1.967667	0.027026
1.968000	0.026736
1.968333	0.027368
1.968667	0.027210
1.969000	0.027523
1.969333	0.027421
1.969667	0.027062
1.970000	0.027159
1.970333	0.026907
1.970667	0.027007
1.971000	0.026701
1.971333	0.027039
1.971667	0.027004
1.972000	0.027040
1.972333	0.027175
1.972667	0.026899
1.973000	0.027383
1.973333	0.027172
1.973667	0.026507
1.974000	0.026838
1.974333	0.026557
1.974667	0.026871
1.975000	0.026505
1.975333	0.027318
1.975667	0.026450
1.976000	0.026778
1.976333	0.026673
1.976667	0.027074
1.977000	0.026682
1.977333	0.026982
1.977667	0.026753
1.978000	0.026378
1.978333	0.026842
1.978667	0.026657
1.979000	0.026425
1.979333	0.026586
1.979667	0.026763
1.980000	0.026223
1.980333	0.026789
1.980667	0.026643
1.981000	0.027101
1.981333	0.026184
1.981667	0.026280
1.982000	0.026099
1.982333	0.027033
1.982667	0.026718
1.983000	0.026685
1.983333	0.026189
1.983667	0.026687
1.984000	0.026290
1.984333	0.026767
1.984667	0.026453
1.985000	0.026733
1.985333	0.026559
1.985667	0.026777
1.986000	0.026129
1.986333	0.026452
1.986667	0.026767
1.987000	0.026483
1.987333	0.026257
1.987667	0.026582
1.988000	0.026557
1.988333	0.027024
1.988667	0.026777
1.989000	0.026752
1.989333	0.025917
1.989667	0.026630
1.990000	0.026256
1.990333	0.025857
1.990667	0.026353
1.991000	0.025972
1.991333	0.026772
1.991667	0.026567
1.992000	0.026032
1.992333	0.026581
1.992667	0.025999
1.993000	0.026755
1.993333	0.026394
1.993667	0.026185
1.994000	0.026072
1.994333	0.026320
1.994667	0.026549
1.995000	0.026788
1.995333	0.025680
1.995667	0.025426
1.996000	0.026379
1.996333	0.026379
1.996667	0.025829
1.997000	0.026522
1.997333	0.026834
1.997667	0.026889
1.998000	0.025786
1.998333	0.026294
1.998667	0.026347
1.999000	0.026368
1.999333	0.026261
1.999667	0.025958
2.000000	0.026283
2.000333	0.050548
2.000667	0.050416
2.001000	0.049591
2.001333	0.048505
2.001667	0.047681
2.002000	0.047615
2.002333	0.047079
2.002667	0.046458
2.003000	0.045395
2.003333	0.044915
2.003667	0.045270
2.004000	0.045007
2.004333	0.044257
2.004667	0.043740
2.005000	0.043257
2.005333	0.043143
2.005667	0.043031
2.006000	0.042294
2.006333	0.042193
2.006667	0.042175
2.007000	0.042160
2.007333	0.041275
2.007667	0.041057
2.008000	0.040563
2.008333	0.040646
2.008667	0.040658
2.009000	0.041094
2.009333	0.042240
2.009667	0.042868
2.010000	0.043434
2.010333	0.043017
2.010667	0.042099
2.011000	0.041850
2.011333	0.041849
2.011667	0.042276
2.012000	0.040846
2.012333	0.040456
2.012667	0.040253
2.013000	0.039893
2.013333	0.039771
2.013667	0.041739
2.014000	0.046831
2.014333	0.050113
2.014667	0.052173
2.015000	0.052569
2.015333	0.051107
2.015667	0.049985
2.016000	0.049145
2.016333	0.048643
2.016667	0.048146
2.017000	0.047343
2.017333	0.046792
2.017667	0.046112
2.018000	0.045313
2.018333	0.044869
2.018667	0.044085
2.019000	0.043183
2.019333	0.043675
2.019667	0.042411
2.020000	0.042650
2.020333	0.042289
2.020667	0.041488
2.021000	0.040837
2.021333	0.040979
2.021667	0.040830
2.022000	0.040308
2.022333	0.040754
2.022667	0.040450
2.023000	0.040028
2.023333	0.039362
2.023667	0.039169
2.024000	0.038618
2.024333	0.038546
2.024667	0.038153
2.025000	0.037707
2.025333	0.037844
2.025667	0.037824
2.026000	0.038200
2.026333	0.037044
2.026667	0.037671
2.027000	0.037204
2.027333	0.038131
2.027667	0.039307
2.028000	0.039623
2.028333	0.039744
2.028667	0.039659
2.029000	0.039216
2.029333	0.038842
2.029667	0.038974
2.030000	0.038484
2.030333	0.037693
2.030667	0.037668
2.031000	0.037506
2.031333	0.037240
2.031667	0.037698
2.032000	0.036766
2.032333	0.037175
2.032667	0.036756
2.033000	0.037705
2.033333	0.039046
2.033667	0.041090
2.034000	0.041845
2.034333	0.041942
2.034667	0.041667
2.035000	0.041456
2.035333	0.040544
2.035667	0.040218
2.036000	0.039288
2.036333	0.039193
2.036667	0.038486
2.037000	0.038806
2.037333	0.037591
2.037667	0.038029
2.038000	0.037296
2.038333	0.037202
2.038667	0.037097
2.039000	0.036730
2.039333	0.036273
2.039667	0.036027
2.040000	0.036378
2.040333	0.035530
2.040667	0.036002
2.041000	0.035646
2.041333	0.035269
2.041667	0.035995
2.042000	0.034862
2.042333	0.035435
2.042667	0.034600
2.043000	0.034821
2.043333	0.033928
2.043667	0.034236
2.044000	0.034426
2.044333	0.034420
2.044667	0.033623
2.045000	0.033918
2.045333	0.033798
2.045667	0.033267
2.046000	0.033206
2.046333	0.033811
2.046667	0.032812
2.047000	0.033118
2.047333	0.032927
2.047667	0.032360
2.048000	0.033102
2.048333	0.033117
2.048667	0.032828
2.049000	0.032648
2.049333	0.032939
2.049667	0.032719
2.050000	0.032818
2.050333	0.032793
2.050667	0.032569
2.051000	0.033478
2.051333	0.034911
2.051667	0.036346
2.052000	0.036812
2.052333	0.036679
2.052667	0.036329
2.053000	0.035654
2.053333	0.035738
2.053667	0.034793
2.054000	0.034621
2.054333	0.034132
2.054667	0.034458
2.055000	0.034438
2.055333	0.035549
2.055667	0.037406
2.056000	0.039416
2.056333	0.040346
2.056667	0.041571
2.057000	0.041666
2.057333	0.041707
2.057667	0.040738
2.058000	0.041088
2.058333	0.040871
2.058667	0.039673
2.059000	0.039776
2.059333	0.039416
2.059667	0.039000
2.060000	0.038474
2.060333	0.037796
2.060667	0.037970
2.061000	0.037244
2.061333	0.036767
2.061667	0.036664
2.062000	0.036645
2.062333	0.035718
2.062667	0.035825
2.063000	0.035555
2.063333	0.035384
2.063667	0.034943
2.064000	0.034559
2.064333	0.035166
2.064667	0.034932
2.065000	0.034761
2.065333	0.034623
2.065667	0.034290
2.066000	0.034208
2.066333	0.033585
2.066667	0.033934
2.067000	0.033493
2.067333	0.032885
2.067667	0.033010
2.068000	0.033468
2.068333	0.033241
2.068667	0.033278
2.069000	0.033089
2.069333	0.033324
2.069667	0.032826
2.070000	0.032753
2.070333	0.032382
2.070667	0.032316
2.071000	0.032650
2.071333	0.032065
2.071667	0.032879
2.072000	0.032694
2.072333	0.032057
2.072667	0.032226
2.073000	0.032001
2.073333	0.031619
2.073667	0.032074
2.074000	0.031596
2.074333	0.032120
2.074667	0.031553
2.075000	0.030981
2.075333	0.031762
2.075667	0.031082
2.076000	0.031551
2.076333	0.031123
2.076667	0.031697
2.077000	0.030801
2.077333	0.031293
2.077667	0.030804
2.078000	0.031239
2.078333	0.030656
2.078667	0.031215
2.079000	0.031004
2.079333	0.030983
2.079667	0.030880
2.080000	0.031059
2.080333	0.030599
2.080667	0.030560
2.081000	0.030344
2.081333	0.030889
2.081667	0.030732
2.082000	0.030265
2.082333	0.030332
2.082667	0.030700
2.083000	0.030728
2.083333	0.029847
2.083667	0.030659
2.084000	0.030242
2.084333	0.029808
2.084667	0.030504
2.085000	0.029294
2.085333	0.029978
2.085667	0.029559
2.086000	0.029954
2.086333	0.029622
2.086667	0.029681
2.087000	0.029396
2.087333	0.030473
2.087667	0.030083
2.088000	0.030010
2.088333	0.030431
2.088667	0.029274
2.089000	0.029996
2.089333	0.030071
2.089667	0.029951
2.090000	0.029751
2.090333	0.029132
2.090667	0.029851
2.091000	0.029102
2.091333	0.029215
2.091667	0.029572
2.092000	0.029282
2.092333	0.029617
2.092667	0.029551
2.093000	0.029454
2.093333	0.029327
2.093667	0.029223
2.094000	0.029157
2.094333	0.029190
2.094667	0.029194
2.095000	0.029181
2.095333	0.029646
2.095667	0.029025
2.096000	0.029320
2.096333	0.028966
2.096667	0.029240
2.097000	0.029361
2.097333	0.029323
2.097667	0.028946
2.098000	0.029149
2.098333	0.029440
2.098667	0.028750
2.099000	0.029001
2.099333	0.028589
2.099667	0.029311
2.100000	0.028749
2.100333	0.028500
2.100667	0.028814
2.101000	0.028946
2.101333	0.028784
2.101667	0.028901
2.102000	0.028980
2.102333	0.028557
2.102667	0.028146
2.103000	0.028366
2.103333	0.029025
2.103667	0.028523
2.104000	0.028134
2.104333	0.028430
2.104667	0.028452
2.105000	0.028824
2.105333	0.028384
2.105667	0.028647
2.106000	0.028659
2.106333	0.028518
2.106667	0.028880
2.107000	0.028411
2.107333	0.028755
2.107667	0.028843
2.108000	0.028553
2.108333	0.028668
2.108667	0.028437
2.109000	0.028327
2.109333	0.028655
2.109667	0.028591
2.110000	0.028165
2.110333	0.027634
2.110667	0.028675
2.111000	0.028364
2.111333	0.028676
2.111667	0.028609
2.112000	0.028192
2.112333	0.028412
2.112667	0.028329
2.113000	0.028024
2.113333	0.028536
2.113667	0.027821
2.114000	0.028844
2.114333	0.027856
2.114667	0.028944
2.115000	0.028456
2.115333	0.028355
2.115667	0.028274
2.116000	0.027795
2.116333	0.027514
2.116667	0.028288
2.117000	0.028078
2.117333	0.028057
2.117667	0.028095
2.118000	0.027857
2.118333	0.028380
2.118667	0.027611
2.119000	0.028597
2.119333	0.028535
2.119667	0.028225
2.120000	0.028364
2.120333	0.027993
2.120667	0.028122
2.121000	0.028113
2.121333	0.027750
2.121667	0.028360
2.122000	0.028552
2.122333	0.028317
2.122667	0.028008
2.123000	0.027840
2.123333	0.028552
2.123667	0.027745
2.124000	0.028485
2.124333	0.028277
2.124667	0.028212
2.125000	0.028786
2.125333	0.027830
2.125667	0.028118
2.126000	0.027986
2.126333	0.027438
2.126667	0.027814
2.127000	0.027978
2.127333	0.028319
2.127667	0.027633
2.128000	0.027866
2.128333	0.027769
2.128667	0.027797
2.129000	0.027909
2.129333	0.027814
2.129667	0.027500
2.130000	0.027941
2.130333	0.027690
2.130667	0.028028
2.131000	0.028213
2.131333	0.027888
2.131667	0.027709
2.132000	0.028180
2.132333	0.028023
2.132667	0.027933
2.133000	0.027648
2.133333	0.027670
2.133667	0.027938
2.134000	0.028092
2.134333	0.028349
2.134667	0.026908
2.135000	0.027867
2.135333	0.028040
2.135667	0.028036
2.136000	0.027792
2.136333	0.027607
2.136667	0.027608
2.137000	0.027469
2.137333	0.027770
2.137667	0.028069
2.138000	0.027675
2.138333	0.027438
2.138667	0.027460
2.139000	0.027790
2.139333	0.027621
2.139667	0.028019
2.140000	0.027687
2.140333	0.027166
2.140667	0.027661
2.141000	0.027661
2.141333	0.028173
2.141667	0.027649
2.142000	0.027676
2.142333	0.027736
2.142667	0.028022
2.143000	0.027940
2.143333	0.027886
2.143667	0.027180
2.144000	0.028382
2.144333	0.028116
2.144667	0.027556
2.145000	0.027899
2.145333	0.028136
2.145667	0.027802
2.146000	0.027640
2.146333	0.027690
2.146667	0.027515
2.147000	0.027400
2.147333	0.027358
2.147667	0.027796
2.148000	0.027673
2.148333	0.027657
2.148667	0.027109
2.149000	0.028178
2.149333	0.027472
2.149667	0.027771
2.150000	0.027915
2.150333	0.027416
2.150667	0.027307
2.151000	0.028238
2.151333	0.027738
2.151667	0.028113
2.152000	0.027659
2.152333	0.027793
2.152667	0.028065
2.153000	0.027737
2.153333	0.027518
2.153667	0.027484
2.154000	0.028187
2.154333	0.027311
2.154667	0.027430
2.155000	0.027725
2.155333	0.027919
2.155667	0.027963
2.156000	0.027720
2.156333	0.027910
2.156667	0.028331
2.157000	0.027602
2.157333	0.027717
2.157667	0.027461
2.158000	0.027549
2.158333	0.027716
2.158667	0.028132
2.159000	0.027067
2.159333	0.027776
2.159667	0.028133
2.160000	0.028455
2.160333	0.027879
2.160667	0.028074
2.161000	0.028123
2.161333	0.027587
2.161667	0.027692
2.162000	0.027345
2.162333	0.027850
2.162667	0.027559
2.163000	0.027297
2.163333	0.027543
2.163667	0.027439
2.164000	0.027458
2.164333	0.027869
2.164667	0.028237
2.165000	0.027872
2.165333	0.027459
2.165667	0.027271
2.166000	0.028161
2.166333	0.027692
2.166667	0.028096
2.167000	0.027918
2.167333	0.027904
2.167667	0.027609
2.168000	0.028075
2.168333	0.027590
2.168667	0.027646
2.169000	0.027973
2.169333	0.028239
2.169667	0.027873
2.170000	0.027670
2.170333	0.027876
2.170667	0.028049
2.171000	0.028214
2.171333	0.028055
2.171667	0.027428
2.172000	0.027616
2.172333	0.027606
2.172667	0.028011
2.173000	0.027268
2.173333	0.027521
2.173667	0.027784
2.174000	0.027826
2.174333	0.027913
2.174667	0.027901
2.175000	0.027962
2.175333	0.027998
2.175667	0.027773
2.176000	0.027942
2.176333	0.027598
2.176667	0.027344
2.177000	0.027939
2.177333	0.027941
2.177667	0.027611
2.178000	0.027605
2.178333	0.027412
2.178667	0.028265
2.179000	0.027630
2.179333	0.027966
2.179667	0.027582
2.180000	0.027784
2.180333	0.027832
2.180667	0.027841
2.181000	0.027976
2.181333	0.028723
2.181667	0.027746
2.182000	0.027907
2.182333	0.028097
2.182667	0.027482
2.183000	0.027974
2.183333	0.027535
2.183667	0.027768
2.184000	0.028548
2.184333	0.027447
2.184667	0.028015
2.185000	0.028169
2.185333	0.028253
2.185667	0.027511
2.186000	0.027850
2.186333	0.027926
2.186667	0.028041
2.187000	0.028183
2.187333	0.028297
2.187667	0.027846
2.188000	0.027481
2.188333	0.027485
2.188667	0.028064
2.189000	0.027112
2.189333	0.027820
2.189667	0.027260
2.190000	0.027713
2.190333	0.027991
2.190667	0.027998
2.191000	0.028315
2.191333	0.027430
2.191667	0.027741
2.192000	0.028073
2.192333	0.028036
2.192667	0.027733
2.193000	0.028064
2.193333	0.027623
2.193667	0.027894
2.194000	0.027508
2.194333	0.028067
2.194667	0.027571
2.195000	0.027949
2.195333	0.027572
2.195667	0.028003
2.196000	0.027824
2.196333	0.027990
2.196667	0.027966
2.197000	0.027520
2.197333	0.027837
2.197667	0.028311
2.198000	0.027400
2.198333	0.027769
2.198667	0.028388
2.199000	0.027910
2.199333	0.028162
2.199667	0.028078
2.200000	0.028050
2.200333	0.028191
2.200667	0.027679
2.201000	0.027633
2.201333	0.027635
2.201667	0.028176
2.202000	0.027849
2.202333	0.028271
2.202667	0.028151
2.203000	0.028138
2.203333	0.028263
2.203667	0.028130
2.204000	0.028379
2.204333	0.027639
2.204667	0.027866
2.205000	0.027801
2.205333	0.027367
2.205667	0.027802
2.206000	0.028284
2.206333	0.027985
2.206667	0.028068
2.207000	0.027908
2.207333	0.027626
2.207667	0.028407
2.208000	0.028130
2.208333	0.028152
2.208667	0.027490
2.209000	0.028320
2.209333	0.027393
2.209667	0.028347
2.210000	0.028385
2.210333	0.028576
2.210667	0.028180
2.211000	0.027811
2.211333	0.028319
2.211667	0.028018
2.212000	0.027546
2.212333	0.027992
2.212667	0.028344
2.213000	0.027966
2.213333	0.027784
2.213667	0.027958
2.214000	0.027528
2.214333	0.027595
2.214667	0.027750
2.215000	0.027719
2.215333	0.027857
2.215667	0.028185
2.216000	0.027394
2.216333	0.027888
2.216667	0.028508
2.217000	0.028267
2.217333	0.028353
2.217667	0.027931
2.218000	0.028747
2.218333	0.028270
2.218667	0.028603
2.219000	0.028641
2.219333	0.028016
2.219667	0.028434
2.220000	0.028067
2.220333	0.028086
2.220667	0.027839
2.221000	0.027812
2.221333	0.027762
2.221667	0.028137
2.222000	0.028009
2.222333	0.028102
2.222667	0.028255
2.223000	0.027940
2.223333	0.027820
2.223667	0.028544
2.224000	0.028007
2.224333	0.028476
2.224667	0.028883
2.225000	0.033016
2.225333	0.045738
2.225667	0.056049
2.226000	0.058354
2.226333	0.057708
2.226667	0.056403
2.227000	0.055208
2.227333	0.054080
2.227667	0.053372
2.228000	0.052133
2.228333	0.050989
2.228667	0.050230
2.229000	0.051930
2.229333	0.055846
2.229667	0.065287
2.230000	0.069856
2.230333	0.068995
2.230667	0.067691
2.231000	0.066484
2.231333	0.064966
2.231667	0.062549
2.232000	0.062112
2.232333	0.060657
2.232667	0.059137
2.233000	0.058561
2.233333	0.058031
2.233667	0.062198
2.234000	0.064787
2.234333	0.067575
2.234667	0.068370
2.235000	0.069881
2.235333	0.069887
2.235667	0.068068
2.236000	0.067573
2.236333	0.065889
2.236667	0.063913
2.237000	0.062344
2.237333	0.061351
2.237667	0.060850
2.238000	0.060342
2.238333	0.057773
2.238667	0.057988
2.239000	0.056303
2.239333	0.055645
2.239667	0.055345
2.240000	0.055113
2.240333	0.054797
2.240667	0.053866
2.241000	0.053436
2.241333	0.053892
2.241667	0.056001
2.242000	0.058909
2.242333	0.061025
2.242667	0.062290
2.243000	0.061022
2.243333	0.059229
2.243667	0.058434
2.244000	0.057434
2.244333	0.056699
2.244667	0.054899
2.245000	0.054191
2.245333	0.053660
2.245667	0.052562
2.246000	0.052890
2.246333	0.051881
2.246667	0.051108
2.247000	0.050584
2.247333	0.049938
2.247667	0.049237
2.248000	0.048983
2.248333	0.048636
2.248667	0.047776
2.249000	0.047267
2.249333	0.047278
2.249667	0.046882
2.250000	0.046240
2.250333	0.046381
2.250667	0.045793
2.251000	0.045702
2.251333	0.044559
2.251667	0.044402
2.252000	0.044079
2.252333	0.044042
2.252667	0.043841
2.253000	0.043516
2.253333	0.043061
2.253667	0.043044
2.254000	0.042140
2.254333	0.042730
2.254667	0.042324
2.255000	0.042162
2.255333	0.041651
2.255667	0.041106
2.256000	0.040957
2.256333	0.041395
2.256667	0.040981
2.257000	0.040925
2.257333	0.040583
2.257667	0.039982
2.258000	0.040379
2.258333	0.040673
2.258667	0.040108
2.259000	0.040050
2.259333	0.040226
2.259667	0.039611
2.260000	0.039347
2.260333	0.039207
2.260667	0.038749
2.261000	0.039230
2.261333	0.038427
2.261667	0.038757
2.262000	0.038305
2.262333	0.038352
2.262667	0.038466
2.263000	0.038241
2.263333	0.038710
2.263667	0.038351
2.264000	0.038025
2.264333	0.038223
2.264667	0.037587
2.265000	0.037167
2.265333	0.037758
2.265667	0.037992
2.266000	0.037511
2.266333	0.037811
2.266667	0.037418
2.267000	0.037337
2.267333	0.037465
2.267667	0.037091
2.268000	0.036793
2.268333	0.036499
2.268667	0.037083
2.269000	0.037255
2.269333	0.036283
2.269667	0.036106
2.270000	0.036314
2.270333	0.036487
2.270667	0.036451
2.271000	0.036172
2.271333	0.036594
2.271667	0.036350
2.272000	0.036043
2.272333	0.036024
2.272667	0.035504
2.273000	0.035440
2.273333	0.035787
2.273667	0.035764
2.274000	0.035488
2.274333	0.035893
2.274667	0.035194
2.275000	0.035805
2.275333	0.035723
2.275667	0.035620
2.276000	0.035747
2.276333	0.034979
2.276667	0.034841
2.277000	0.035254
2.277333	0.034975
2.277667	0.035195
2.278000	0.035338
2.278333	0.035042
2.278667	0.034943
2.279000	0.034841
2.279333	0.034416
2.279667	0.034525
2.280000	0.034740
2.280333	0.034446
2.280667	0.034407
2.281000	0.034040
2.281333	0.034481
2.281667	0.034134
2.282000	0.034864
2.282333	0.034108
2.282667	0.034288
2.283000	0.034433
2.283333	0.034179
2.283667	0.034351
2.284000	0.034595
2.284333	0.034540
2.284667	0.034107
2.285000	0.034385
2.285333	0.033806
2.285667	0.034271
2.286000	0.034250
2.286333	0.033652
2.286667	0.033453
2.287000	0.033926
2.287333	0.033780
2.287667	0.033480
2.288000	0.033853
2.288333	0.033353
2.288667	0.034146
2.289000	0.032864
2.289333	0.033309
2.289667	0.033461
2.290000	0.033708
2.290333	0.033560
2.290667	0.033215
2.291000	0.033254
2.291333	0.033362
2.291667	0.033161
2.292000	0.034214
2.292333	0.032698
2.292667	0.032768
2.293000	0.032314
2.293333	0.032490
2.293667	0.032910
2.294000	0.033009
2.294333	0.032604
2.294667	0.032969
2.295000	0.032565
2.295333	0.033183
2.295667	0.032935
2.296000	0.032671
2.296333	0.033034
2.296667	0.032716
2.297000	0.033002
2.297333	0.032212
2.297667	0.033240
2.298000	0.032459
2.298333	0.033190
2.298667	0.032445
2.299000	0.032706
2.299333	0.032696
2.299667	0.032262
2.300000	0.032506
2.300333	0.032886
2.300667	0.031896
2.301000	0.031832
2.301333	0.031889
2.301667	0.031675
2.302000	0.032806
2.302333	0.031741
2.302667	0.031931
2.303000	0.031937
2.303333	0.032243
2.303667	0.032800
2.304000	0.032406
2.304333	0.032367
2.304667	0.031970
2.305000	0.032373
2.305333	0.032228
2.305667	0.031920
2.306000	0.032301
2.306333	0.031892
2.306667	0.032620
2.307000	0.032531
2.307333	0.031963
2.307667	0.032428
2.308000	0.031505
2.308333	0.032004
2.308667	0.032017
2.309000	0.031768
2.309333	0.031658
2.309667	0.031529
2.310000	0.031429
2.310333	0.032076
2.310667	0.031678
2.311000	0.031797
2.311333	0.032236
2.311667	0.031421
2.312000	0.031609
2.312333	0.031448
2.312667	0.031331
2.313000	0.031457
2.313333	0.031777
2.313667	0.031596
2.314000	0.031683
2.314333	0.032335
2.314667	0.032160
2.315000	0.032607
2.315333	0.036349
2.315667	0.045243
2.316000	0.054670
2.316333	0.058723
2.316667	0.059409
2.317000	0.058452
2.317333	0.057296
2.317667	0.056888
2.318000	0.055525
2.318333	0.054692
2.318667	0.056640
2.319000	0.064719
2.319333	0.071402
2.319667	0.072790
2.320000	0.071407
2.320333	0.069827
2.320667	0.067745
2.321000	0.066428
2.321333	0.064945
2.321667	0.063229
2.322000	0.061003
2.322333	0.059970
2.322667	0.059196
2.323000	0.057830
2.323333	0.056977
2.323667	0.056969
2.324000	0.058005
2.324333	0.063745
2.324667	0.070570
2.325000	0.071133
2.325333	0.070255
2.325667	0.068437
2.326000	0.066988
2.326333	0.065066
2.326667	0.064304
2.327000	0.062651
2.327333	0.062056
2.327667	0.060771
2.328000	0.059440
2.328333	0.057826
2.328667	0.057438
2.329000	0.056298
2.329333	0.055430
2.329667	0.054956
2.330000	0.054543
2.330333	0.053562
2.330667	0.052760
2.331000	0.052029
2.331333	0.051928
2.331667	0.051346
2.332000	0.051366
2.332333	0.050229
2.332667	0.050126
2.333000	0.049821
2.333333	0.049628
2.333667	0.048278
2.334000	0.047902
2.334333	0.048072
2.334667	0.048480
2.335000	0.049804
2.335333	0.049710
2.335667	0.049773
2.336000	0.050140
2.336333	0.049608
2.336667	0.048390
2.337000	0.048663
2.337333	0.047737
2.337667	0.047515
2.338000	0.047328
2.338333	0.047792
2.338667	0.052461
2.339000	0.057274
2.339333	0.060610
2.339667	0.061189
2.340000	0.060291
2.340333	0.059394
2.340667	0.058180
2.341000	0.056644
2.341333	0.055844
2.341667	0.055087
2.342000	0.053816
2.342333	0.055342
2.342667	0.059174
2.343000	0.064769
2.343333	0.069590
2.343667	0.069903
2.344000	0.068576
2.344333	0.067250
2.344667	0.066827
2.345000	0.065750
2.345333	0.064510
2.345667	0.063554
2.346000	0.061103
2.346333	0.060742
2.346667	0.059715
2.347000	0.058733
2.347333	0.058582
2.347667	0.060293
2.348000	0.064609
2.348333	0.068045
2.348667	0.067771
2.349000	0.066830
2.349333	0.064788
2.349667	0.063918
2.350000	0.062850
2.350333	0.061428
2.350667	0.060454
2.351000	0.059836
2.351333	0.057786
2.351667	0.058200
2.352000	0.056831
2.352333	0.056465
2.352667	0.055274
2.353000	0.054885
2.353333	0.055171
2.353667	0.053917
2.354000	0.053740
2.354333	0.053064
2.354667	0.052465
2.355000	0.052121
2.355333	0.051324
2.355667	0.050812
2.356000	0.050409
2.356333	0.050597
2.356667	0.049966
2.357000	0.049418
2.357333	0.049178
2.357667	0.048668
2.358000	0.048354
2.358333	0.047802
2.358667	0.047615
2.359000	0.047313
2.359333	0.046850
2.359667	0.046887
2.360000	0.046424
2.360333	0.045823
2.360667	0.045331
2.361000	0.045576
2.361333	0.045434
2.361667	0.045854
2.362000	0.045258
2.362333	0.044308
2.362667	0.044431
2.363000	0.044695
2.363333	0.044209
2.363667	0.044226
2.364000	0.044018
2.364333	0.043126
2.364667	0.042898
2.365000	0.042988
2.365333	0.043266
2.365667	0.043381
2.366000	0.043152
2.366333	0.042554
2.366667	0.042018
2.367000	0.042190
2.367333	0.041961
2.367667	0.041409
2.368000	0.042078
2.368333	0.041408
2.368667	0.042178
2.369000	0.041197
2.369333	0.040622
2.369667	0.041056
2.370000	0.040847
2.370333	0.041294
2.370667	0.040991
2.371000	0.040559
2.371333	0.040409
2.371667	0.039773
2.372000	0.040285
2.372333	0.040461
2.372667	0.041046
2.373000	0.039855
2.373333	0.039955
2.373667	0.039375
2.374000	0.040180
2.374333	0.040019
2.374667	0.039366
2.375000	0.039334
2.375333	0.039343
2.375667	0.040080
2.376000	0.038997
2.376333	0.038784
2.376667	0.038997
2.377000	0.039166
2.377333	0.038431
2.377667	0.038645
2.378000	0.038245
2.378333	0.039090
2.378667	0.038037
2.379000	0.038873
2.379333	0.037955
2.379667	0.038453
2.380000	0.037741
2.380333	0.037811
2.380667	0.038324
2.381000	0.038210
2.381333	0.037451
2.381667	0.037467
2.382000	0.038209
2.382333	0.037319
2.382667	0.037852
2.383000	0.038183
2.383333	0.037335
2.383667	0.037712
2.384000	0.037504
2.384333	0.037079
2.384667	0.037801
2.385000	0.037204
2.385333	0.037439
2.385667	0.037104
2.386000	0.037061
2.386333	0.037015
2.386667	0.036928
2.387000	0.036871
2.387333	0.036748
2.387667	0.036631
2.388000	0.036778
2.388333	0.036954
2.388667	0.036796
2.389000	0.035950
2.389333	0.036332
2.389667	0.036381
2.390000	0.036671
2.390333	0.036300
2.390667	0.037330
2.391000	0.036126
2.391333	0.035884
2.391667	0.036162
2.392000	0.035652
2.392333	0.036561
2.392667	0.035880
2.393000	0.035729
2.393333	0.035612
2.393667	0.035872
2.394000	0.036400
2.394333	0.035933
2.394667	0.036329
2.395000	0.035984
2.395333	0.035695
2.395667	0.035828
2.396000	0.035794
2.396333	0.035410
2.396667	0.035107
2.397000	0.035343
2.397333	0.035300
2.397667	0.035192
2.398000	0.035421
2.398333	0.035660
2.398667	0.035365
2.399000	0.035129
2.399333	0.034987
2.399667	0.034965
2.400000	0.035168
2.400333	0.035333
2.400667	0.035295
2.401000	0.034866
2.401333	0.035087
2.401667	0.034808
2.402000	0.035373
2.402333	0.035290
2.402667	0.034921
2.403000	0.034385
2.403333	0.034660
2.403667	0.035380
2.404000	0.035037
2.404333	0.034264
2.404667	0.034416
2.405000	0.034599
2.405333	0.035344
2.405667	0.034420
2.406000	0.034401
2.406333	0.033986
2.406667	0.034338
2.407000	0.034358
2.407333	0.033810
2.407667	0.033949
2.408000	0.034275
2.408333	0.034246
2.408667	0.034251
2.409000	0.034027
2.409333	0.034788
2.409667	0.034675
2.410000	0.034408
2.410333	0.034816
2.410667	0.034538
2.411000	0.033842
2.411333	0.034106
2.411667	0.034123
2.412000	0.033639
2.412333	0.034152
2.412667	0.034205
2.413000	0.034144
2.413333	0.033846
2.413667	0.033654
2.414000	0.033503
2.414333	0.033676
2.414667	0.033947
2.415000	0.033861
2.415333	0.033863
2.415667	0.033538
2.416000	0.033533
2.416333	0.033425
2.416667	0.033792
2.417000	0.033548
2.417333	0.034100
2.417667	0.033836
2.418000	0.033763
2.418333	0.034025
2.418667	0.033896
2.419000	0.033160
2.419333	0.034019
2.419667	0.033992
2.420000	0.033497
2.420333	0.033933
2.420667	0.033159
2.421000	0.033157
2.421333	0.033447
2.421667	0.033400
2.422000	0.033264
2.422333	0.033032
2.422667	0.033143
2.423000	0.033520
2.423333	0.033232
2.423667	0.033705
2.424000	0.033467
2.424333	0.033170
2.424667	0.032527
2.425000	0.032883
2.425333	0.033272
2.425667	0.032827
2.426000	0.033138
2.426333	0.033634
2.426667	0.033250
2.427000	0.032852
2.427333	0.033143
2.427667	0.033025
2.428000	0.033394
2.428333	0.033123
2.428667	0.032884
2.429000	0.032734
2.429333	0.032562
2.429667	0.033027
2.430000	0.032592
2.430333	0.033328
2.430667	0.033107
2.431000	0.033006
2.431333	0.033074
2.431667	0.032341
2.432000	0.032423
2.432333	0.032057
2.432667	0.032621
2.433000	0.031957
2.433333	0.032231
2.433667	0.032212
2.434000	0.032504
2.434333	0.032393
2.434667	0.032209
2.435000	0.032744
2.435333	0.032231
2.435667	0.032850
2.436000	0.032045
2.436333	0.032720
2.436667	0.031998
2.437000	0.032946
2.437333	0.032226
2.437667	0.032597
2.438000	0.031861
2.438333	0.032761
2.438667	0.032359
2.439000	0.032929
2.439333	0.032358
2.439667	0.032204
2.440000	0.032748
2.440333	0.031844
2.440667	0.032170
2.441000	0.031957
2.441333	0.032273
2.441667	0.031950
2.442000	0.031926
2.442333	0.031849
2.442667	0.032368
2.443000	0.031901
2.443333	0.032446
2.443667	0.032529
2.444000	0.032192
2.444333	0.032519
2.444667	0.032414
2.445000	0.032843
2.445333	0.032879
2.445667	0.032463
2.446000	0.032828
2.446333	0.032344
2.446667	0.032587
2.447000	0.032451
2.447333	0.032539
2.447667	0.032087
2.448000	0.031933
2.448333	0.032161
2.448667	0.031943
2.449000	0.031857
2.449333	0.031986
2.449667	0.031811
2.450000	0.032011
2.450333	0.031479
2.450667	0.031959
2.451000	0.032408
2.451333	0.032131
2.451667	0.032155
2.452000	0.032076
2.452333	0.032398
2.452667	0.032105
2.453000	0.032341
2.453333	0.032619
2.453667	0.031714
2.454000	0.032138
2.454333	0.032706
2.454667	0.032776
2.455000	0.032089
2.455333	0.031418
2.455667	0.031856
2.456000	0.031645
2.456333	0.032159
2.456667	0.031799
2.457000	0.031751
2.457333	0.031346
2.457667	0.031098
2.458000	0.031719
2.458333	0.031147
2.458667	0.031966
2.459000	0.031605
2.459333	0.031540
2.459667	0.031958
2.460000	0.031863
2.460333	0.031882
2.460667	0.031907
2.461000	0.031930
2.461333	0.031789
2.461667	0.032142
2.462000	0.032190
2.462333	0.032012
2.462667	0.032007
2.463000	0.032001
2.463333	0.031172
2.463667	0.032356
2.464000	0.031954
2.464333	0.031754
2.464667	0.031586
2.465000	0.032260
2.465333	0.031257
2.465667	0.031189
2.466000	0.031456
2.466333	0.031644
2.466667	0.032028
2.467000	0.031197
2.467333	0.031556
2.467667	0.031237
2.468000	0.031482
2.468333	0.031305
2.468667	0.031896
2.469000	0.032113
2.469333	0.031604
2.469667	0.031226
2.470000	0.031012
2.470333	0.032329
2.470667	0.031624
2.471000	0.031743
2.471333	0.031227
2.471667	0.031788
2.472000	0.031776
2.472333	0.031210
2.472667	0.031460
2.473000	0.031549
2.473333	0.031600
2.473667	0.031661
2.474000	0.031742
2.474333	0.031228
2.474667	0.031994
2.475000	0.031486
2.475333	0.031397
2.475667	0.031282
2.476000	0.031946
2.476333	0.031265
2.476667	0.030855
2.477000	0.031780
2.477333	0.031785
2.477667	0.031775
2.478000	0.031082
2.478333	0.031819
2.478667	0.031703
2.479000	0.030659
2.479333	0.031402
2.479667	0.031130
2.480000	0.031421
2.480333	0.030852
2.480667	0.031177
2.481000	0.031672
2.481333	0.031446
2.481667	0.031201
2.482000	0.030817
2.482333	0.031629
2.482667	0.031183
2.483000	0.030819
2.483333	0.031596
2.483667	0.031252
2.484000	0.031447
2.484333	0.031731
2.484667	0.031344
2.485000	0.031648
2.485333	0.031472
2.485667	0.031088
2.486000	0.031127
2.486333	0.031182
2.486667	0.031032
2.487000	0.030885
2.487333	0.031170
2.487667	0.031024
2.488000	0.031105
2.488333	0.031147
2.488667	0.031423
2.489000	0.031008
2.489333	0.030829
2.489667	0.031121
2.490000	0.031032
2.490333	0.031421
2.490667	0.031237
2.491000	0.031165
2.491333	0.031532
2.491667	0.031620
2.492000	0.031211
2.492333	0.030934
2.492667	0.031105
2.493000	0.030650
2.493333	0.031322
2.493667	0.030966
2.494000	0.030864
2.494333	0.031133
2.494667	0.031255
2.495000	0.030932
2.495333	0.030917
2.495667	0.031080
2.496000	0.031232
2.496333	0.031225
2.496667	0.031115
2.497000	0.030600
2.497333	0.030863
2.497667	0.030995
2.498000	0.031476
2.498333	0.030842
2.498667	0.030544
2.499000	0.030828
2.499333	0.031176
2.499667	0.031247
2.500000	0.031520
2.500333	0.031208
2.500667	0.031141
2.501000	0.030931
2.501333	0.030461
2.501667	0.030512
2.502000	0.031023
2.502333	0.030587
2.502667	0.031183
2.503000	0.030640
2.503333	0.030999
2.503667	0.030535
2.504000	0.031009
2.504333	0.030948
2.504667	0.031296
2.505000	0.031202
2.505333	0.030541
2.505667	0.030600
2.506000	0.031041
2.506333	0.031066
2.506667	0.031048
2.507000	0.030851
2.507333	0.030596
2.507667	0.030947
2.508000	0.030893
2.508333	0.030702
2.508667	0.030796
2.509000	0.030429
2.509333	0.030554
2.509667	0.030550
2.510000	0.031215
2.510333	0.030363
2.510667	0.030899
2.511000	0.030418
2.511333	0.030833
2.511667	0.030771
2.512000	0.030939
2.512333	0.030996
2.512667	0.030547
2.513000	0.030691
2.513333	0.031256
2.513667	0.030668
2.514000	0.030665
2.514333	0.030554
2.514667	0.030271
2.515000	0.030885
2.515333	0.030670
2.515667	0.030494
2.516000	0.030950
2.516333	0.030291
2.516667	0.031097
2.517000	0.030636
2.517333	0.030935
2.517667	0.030702
2.518000	0.030523
2.518333	0.030267
2.518667	0.030586
2.519000	0.031055
2.519333	0.030634
2.519667	0.030820
2.520000	0.031354
2.520333	0.030706
2.520667	0.030868
2.521000	0.030369
2.521333	0.030686
2.521667	0.030717
2.522000	0.030297
2.522333	0.030995
2.522667	0.030815
2.523000	0.030643
2.523333	0.030705
2.523667	0.030656
2.524000	0.030787
2.524333	0.030405
2.524667	0.030381
2.525000	0.031003
2.525333	0.030353
2.525667	0.030416
2.526000	0.030781
2.526333	0.031350
2.526667	0.030322
2.527000	0.030859
2.527333	0.031071
2.527667	0.030861
2.528000	0.030343
2.528333	0.030631
2.528667	0.030670
2.529000	0.031038
2.529333	0.030270
2.529667	0.030612
2.530000	0.030642
2.530333	0.030435
2.530667	0.030167
2.531000	0.030896
2.531333	0.030053
2.531667	0.030542
2.532000	0.030945
2.532333	0.030507
2.532667	0.030712
2.533000	0.030796
2.533333	0.030853
2.533667	0.030468
2.534000	0.029956
2.534333	0.031334
2.534667	0.030906
2.535000	0.030590
2.535333	0.030743
2.535667	0.030132
2.536000	0.030604
2.536333	0.031143
2.536667	0.030600
2.537000	0.030620
2.537333	0.030525
2.537667	0.030338
2.538000	0.030212
2.538333	0.030576
2.538667	0.029740
2.539000	0.030627
2.539333	0.030357
2.539667	0.030334
2.540000	0.030002
2.540333	0.030703
2.540667	0.030241
2.541000	0.030145
2.541333	0.030471
2.541667	0.030956
2.542000	0.030155
2.542333	0.030773
2.542667	0.030676
2.543000	0.030361
2.543333	0.030789
2.543667	0.030647
2.544000	0.030361
2.544333	0.031157
2.544667	0.030696
2.545000	0.030718
2.545333	0.030421
2.545667	0.030321
2.546000	0.031229
2.546333	0.030914
2.546667	0.030517
2.547000	0.030407
2.547333	0.030466
2.547667	0.030400
2.548000	0.030247
2.548333	0.030665
2.548667	0.030088
2.549000	0.030229
2.549333	0.030381
2.549667	0.030654
2.550000	0.030020
2.550333	0.030305
2.550667	0.030003
2.551000	0.029777
2.551333	0.030187
2.551667	0.029851
2.552000	0.030108
2.552333	0.031024
2.552667	0.029964
2.553000	0.030418
2.553333	0.030641
2.553667	0.030584
2.554000	0.030762
2.554333	0.029857
2.554667	0.030230
2.555000	0.030119
2.555333	0.030390
2.555667	0.030363
2.556000	0.029834
2.556333	0.030322
2.556667	0.030522
2.557000	0.030438
2.557333	0.030750
2.557667	0.030096
2.558000	0.030251
2.558333	0.029952
2.558667	0.030126
2.559000	0.030691
2.559333	0.030150
2.559667	0.030348
2.560000	0.029984
2.560333	0.030355
2.560667	0.030769
2.561000	0.030489
2.561333	0.030342
2.561667	0.031316
2.562000	0.036240
2.562333	0.050006
2.562667	0.058818
2.563000	0.059922
2.563333	0.059458
2.563667	0.057938
2.564000	0.057360
2.564333	0.056026
2.564667	0.055036
2.565000	0.057251
2.565333	0.064474
2.565667	0.069250
2.566000	0.068896
2.566333	0.068071
2.566667	0.066170
2.567000	0.064253
2.567333	0.063371
2.567667	0.061779
2.568000	0.061340
2.568333	0.062390
2.568667	0.071554
2.569000	0.077471
2.569333	0.078088
2.569667	0.075648
2.570000	0.073645
2.570333	0.071750
2.570667	0.070266
2.571000	0.068705
2.571333	0.067127
2.571667	0.065658
2.572000	0.064170
2.572333	0.062521
2.572667	0.062259
2.573000	0.063788
2.573333	0.069073
2.573667	0.075487
2.574000	0.076679
2.574333	0.075413
2.574667	0.073760
2.575000	0.071834
2.575333	0.070229
2.575667	0.068425
2.576000	0.067128
2.576333	0.065975
2.576667	0.066611
2.577000	0.069208
2.577333	0.074412
2.577667	0.076858
2.578000	0.076398
2.578333	0.075003
2.578667	0.073280
2.579000	0.071983
2.579333	0.070019
2.579667	0.068929
2.580000	0.066956
2.580333	0.066143
2.580667	0.065187
2.581000	0.064427
2.581333	0.063851
2.581667	0.067005
2.582000	0.071771
2.582333	0.075132
2.582667	0.074499
2.583000	0.073365
2.583333	0.071402
2.583667	0.070973
2.584000	0.069642
2.584333	0.067591
2.584667	0.066700
2.585000	0.065081
2.585333	0.064254
2.585667	0.063136
2.586000	0.062772
2.586333	0.061628
2.586667	0.061750
2.587000	0.062470
2.587333	0.064895
2.587667	0.066278
2.588000	0.067260
2.588333	0.067330
2.588667	0.065312
2.589000	0.064357
2.589333	0.063615
2.589667	0.062469
2.590000	0.061176
2.590333	0.061243
2.590667	0.059647
2.591000	0.059269
2.591333	0.058808
2.591667	0.058110
2.592000	0.057326
2.592333	0.056213
2.592667	0.056832
2.593000	0.058600
2.593333	0.062040
2.593667	0.062428
2.594000	0.062783
2.594333	0.062692
2.594667	0.061665
2.595000	0.060502
2.595333	0.060209
2.595667	0.059019
2.596000	0.058048
2.596333	0.057275
2.596667	0.057568
2.597000	0.055825
2.597333	0.055273
2.597667	0.055037
2.598000	0.054158
2.598333	0.053251
2.598667	0.053384
2.599000	0.052775
2.599333	0.052683
2.599667	0.051955
2.600000	0.051322
2.600333	0.051243
2.600667	0.050740
2.601000	0.049891
2.601333	0.050143
2.601667	0.049333
2.602000	0.050325
2.602333	0.051690
2.602667	0.053007
2.603000	0.052640
2.603333	0.053097
2.603667	0.052115
2.604000	0.051583
2.604333	0.050919
2.604667	0.050283
2.605000	0.050594
2.605333	0.050027
2.605667	0.049163
2.606000	0.049279
2.606333	0.048849
2.606667	0.048612
2.607000	0.048060
2.607333	0.047880
2.607667	0.047753
2.608000	0.047395
2.608333	0.046681
2.608667	0.046423
2.609000	0.045759
2.609333	0.045950
2.609667	0.045796
2.610000	0.045137
2.610333	0.045513
2.610667	0.044748
2.611000	0.045028
2.611333	0.044740
2.611667	0.044592
2.612000	0.044163
2.612333	0.044696
2.612667	0.043570
2.613000	0.043799
2.613333	0.043108
2.613667	0.042497
2.614000	0.043239
2.614333	0.043070
2.614667	0.042888
2.615000	0.043321
2.615333	0.042392
2.615667	0.042644
2.616000	0.041567
2.616333	0.041725
2.616667	0.041707
2.617000	0.042025
2.617333	0.041794
2.617667	0.041908
2.618000	0.041558
2.618333	0.040716
2.618667	0.040953
2.619000	0.041006
2.619333	0.040921
2.619667	0.040205
2.620000	0.040497
2.620333	0.040355
2.620667	0.040689
2.621000	0.040279
2.621333	0.039983
2.621667	0.039820
2.622000	0.040106
2.622333	0.039766
2.622667	0.040284
2.623000	0.039499
2.623333	0.040327
2.623667	0.040169
2.624000	0.038841
2.624333	0.040049
2.624667	0.039076
2.625000	0.039116
2.625333	0.039321
2.625667	0.039152
2.626000	0.039334
2.626333	0.039107
2.626667	0.039105
2.627000	0.038573
2.627333	0.038498
2.627667	0.038255
2.628000	0.038909
2.628333	0.038579
2.628667	0.038360
2.629000	0.038316
2.629333	0.038052
2.629667	0.037985
2.630000	0.038009
2.630333	0.038074
2.630667	0.038367
2.631000	0.037866
2.631333	0.037459
2.631667	0.037849
2.632000	0.037723
2.632333	0.037623
2.632667	0.037330
2.633000	0.037736
2.633333	0.037426
2.633667	0.037292
2.634000	0.037010
2.634333	0.037780
2.634667	0.037322
2.635000	0.036772
2.635333	0.037491
2.635667	0.037043
2.636000	0.036868
2.636333	0.036760
2.636667	0.036588
2.637000	0.036879
2.637333	0.036673
2.637667	0.036202
2.638000	0.036781
2.638333	0.036088
2.638667	0.036337
2.639000	0.036454
2.639333	0.035852
2.639667	0.035930
2.640000	0.036467
2.640333	0.035962
2.640667	0.035843
2.641000	0.035733
2.641333	0.036294
2.641667	0.035511
2.642000	0.035740
2.642333	0.035741
2.642667	0.035443
2.643000	0.035850
2.643333	0.035696
2.643667	0.035757
2.644000	0.036128
2.644333	0.035225
2.644667	0.035253
2.645000	0.035076
2.645333	0.035296
2.645667	0.035440
2.646000	0.035795
2.646333	0.035654
2.646667	0.035405
2.647000	0.035275
2.647333	0.034774
2.647667	0.035217
2.648000	0.034859
2.648333	0.035451
2.648667	0.034730
2.649000	0.035243
2.649333	0.034752
2.649667	0.035002
2.650000	0.034653
2.650333	0.035050
2.650667	0.034330
2.651000	0.034314
2.651333	0.034542
2.651667	0.034179
2.652000	0.034212
2.652333	0.034045
2.652667	0.033941
2.653000	0.033995
2.653333	0.033525
2.653667	0.034378
2.654000	0.034381
2.654333	0.033719
2.654667	0.033670
2.655000	0.034354
2.655333	0.034485
2.655667	0.033800
2.656000	0.033734
2.656333	0.033965
2.656667	0.034090
2.657000	0.033681
2.657333	0.033954
2.657667	0.033511
2.658000	0.033941
2.658333	0.033553
2.658667	0.034107
2.659000	0.033289
2.659333	0.033676
2.659667	0.033752
2.660000	0.033628
2.660333	0.033303
2.660667	0.033430
2.661000	0.033382
2.661333	0.032622
2.661667	0.033571
2.662000	0.033424
2.662333	0.033017
2.662667	0.032413
2.663000	0.033104
2.663333	0.032779
2.663667	0.033187
2.664000	0.033081
2.664333	0.033742
2.664667	0.033270
2.665000	0.033130
2.665333	0.032671
2.665667	0.032631
2.666000	0.032921
2.666333	0.033483
2.666667	0.032742
2.667000	0.032233
2.667333	0.032024
2.667667	0.033283
2.668000	0.032159
2.668333	0.032714
2.668667	0.032816
2.669000	0.032872
2.669333	0.032709
2.669667	0.032815
2.670000	0.032791
2.670333	0.032972
2.670667	0.032346
2.671000	0.032864
2.671333	0.031946
2.671667	0.032400
2.672000	0.032148
2.672333	0.032864
2.672667	0.032141
2.673000	0.032185
2.673333	0.032294
2.673667	0.032383
2.674000	0.032648
2.674333	0.032312
2.674667	0.032102
2.675000	0.032502
2.675333	0.032567
2.675667	0.032740
2.676000	0.032326
2.676333	0.032330
2.676667	0.032206
2.677000	0.032308
2.677333	0.032339
2.677667	0.032390
2.678000	0.032399
2.678333	0.032187
2.678667	0.032800
2.679000	0.031789
2.679333	0.032130
2.679667	0.032084
2.680000	0.031446
2.680333	0.031747
2.680667	0.031938
2.681000	0.032161
2.681333	0.032117
2.681667	0.031768
2.682000	0.032537
2.682333	0.031778
2.682667	0.031146
2.683000	0.031591
2.683333	0.031700
2.683667	0.031811
2.684000	0.032030
2.684333	0.031774
2.684667	0.031866
2.685000	0.032113
2.685333	0.031801
2.685667	0.031888
2.686000	0.031732
2.686333	0.031606
2.686667	0.031472
2.687000	0.031676
2.687333	0.031377
2.687667	0.031598
2.688000	0.031887
2.688333	0.031228
2.688667	0.031541
2.689000	0.031227
2.689333	0.031382
2.689667	0.031518
2.690000	0.031357
2.690333	0.031865
2.690667	0.031042
2.691000	0.031740
2.691333	0.031582
2.691667	0.031134
2.692000	0.031389
2.692333	0.031532
2.692667	0.031433
2.693000	0.030939
2.693333	0.031243
2.693667	0.031220
2.694000	0.031414
2.694333	0.030838
2.694667	0.031031
2.695000	0.030820
2.695333	0.031825
2.695667	0.031552
2.696000	0.031580
2.696333	0.031067
2.696667	0.030868
2.697000	0.030706
2.697333	0.031317
2.697667	0.030899
2.698000	0.031080
2.698333	0.031586
2.698667	0.031038
2.699000	0.030892
2.699333	0.031533
2.699667	0.030988
2.700000	0.031070
2.700333	0.030856
2.700667	0.030228
2.701000	0.031242
2.701333	0.030706
2.701667	0.031161
2.702000	0.031271
2.702333	0.030939
2.702667	0.030505
2.703000	0.031082
2.703333	0.030792
2.703667	0.030751
2.704000	0.030753
2.704333	0.030676
2.704667	0.030721
2.705000	0.030612
2.705333	0.031357
2.705667	0.030591
2.706000	0.031375
2.706333	0.030608
2.706667	0.030270
2.707000	0.030558
2.707333	0.030638
2.707667	0.030616
2.708000	0.030597
2.708333	0.031008
2.708667	0.030035
2.709000	0.030772
2.709333	0.030818
2.709667	0.030424
2.710000	0.030319
2.710333	0.031059
2.710667	0.031005
2.711000	0.030704
2.711333	0.031066
2.711667	0.030583
2.712000	0.030607
2.712333	0.030475
2.712667	0.030674
2.713000	0.029725
2.713333	0.030270
2.713667	0.030427
2.714000	0.030457
2.714333	0.030288
2.714667	0.030645
2.715000	0.030566
2.715333	0.030580
2.715667	0.030294
2.716000	0.030183
2.716333	0.030337
2.716667	0.030315
2.717000	0.030305
2.717333	0.029777
2.717667	0.030259
2.718000	0.030472
2.718333	0.030616
2.718667	0.030562
2.719000	0.030103
2.719333	0.030025
2.719667	0.030111
2.720000	0.030623
2.720333	0.030477
2.720667	0.030115
2.721000	0.030492
2.721333	0.030101
2.721667	0.030816
2.722000	0.030432
2.722333	0.029590
2.722667	0.030522
2.723000	0.029731
2.723333	0.029543
2.723667	0.030156
2.724000	0.030291
2.724333	0.029768
2.724667	0.029702
2.725000	0.030007
2.725333	0.029944
2.725667	0.030334
2.726000	0.029639
2.726333	0.029433
2.726667	0.030009
2.727000	0.030371
2.727333	0.029566
2.727667	0.030045
2.728000	0.029766
2.728333	0.029558
2.728667	0.029529
2.729000	0.029683
2.729333	0.029352
2.729667	0.029585
2.730000	0.029893
2.730333	0.029911
2.730667	0.029804
2.731000	0.029479
2.731333	0.030411
2.731667	0.029519
2.732000	0.029687
2.732333	0.029652
2.732667	0.029238
2.733000	0.029049
2.733333	0.029711
2.733667	0.029326
2.734000	0.029040
2.734333	0.029559
2.734667	0.029215
2.735000	0.029174
2.735333	0.029652
2.735667	0.029583
2.736000	0.029443
2.736333	0.029712
2.736667	0.029558
2.737000	0.029540
2.737333	0.029174
2.737667	0.029582
2.738000	0.029302
2.738333	0.029184
2.738667	0.028681
2.739000	0.029327
2.739333	0.029672
2.739667	0.029657
2.740000	0.029812
2.740333	0.028943
2.740667	0.029640
2.741000	0.029044
2.741333	0.029304
2.741667	0.029020
2.742000	0.029532
2.742333	0.029661
2.742667	0.029329
2.743000	0.029787
2.743333	0.029388
2.743667	0.028865
2.744000	0.029009
2.744333	0.029026
2.744667	0.029828
2.745000	0.028965
2.745333	0.029030
2.745667	0.029110
2.746000	0.029525
2.746333	0.029880
2.746667	0.029179
2.747000	0.029184
2.747333	0.029508
2.747667	0.029697
2.748000	0.029173
2.748333	0.029178
2.748667	0.029449
2.749000	0.029114
2.749333	0.029290
2.749667	0.029023
2.750000	0.029363
2.750333	0.028848
2.750667	0.029400
2.751000	0.029319
2.751333	0.028270
2.751667	0.029430
2.752000	0.029303
2.752333	0.029283
2.752667	0.029195
2.753000	0.029149
2.753333	0.028320
2.753667	0.028801
2.754000	0.029224
2.754333	0.029204
2.754667	0.028825
2.755000	0.029309
2.755333	0.029224
2.755667	0.028493
2.756000	0.028848
2.756333	0.028726
2.756667	0.029081
2.757000	0.028847
2.757333	0.029094
2.757667	0.028901
2.758000	0.028838
2.758333	0.029182
2.758667	0.028819
2.759000	0.028944
2.759333	0.029176
2.759667	0.029053
2.760000	0.029496
2.760333	0.028883
2.760667	0.028348
2.761000	0.029458
2.761333	0.028810
2.761667	0.029142
2.762000	0.028588
2.762333	0.027987
2.762667	0.028510
2.763000	0.028596
2.763333	0.028672
2.763667	0.028552
2.764000	0.028808
2.764333	0.028517
2.764667	0.028969
2.765000	0.028557
2.765333	0.028829
2.765667	0.029319
2.766000	0.028758
2.766333	0.028869
2.766667	0.028917
2.767000	0.028383
2.767333	0.028332
2.767667	0.028286
2.768000	0.028730
2.768333	0.028515
2.768667	0.028781
2.769000	0.029189
2.769333	0.028360
2.769667	0.028529
2.770000	0.028526
2.770333	0.029063
2.770667	0.028907
2.771000	0.028584
2.771333	0.028711
2.771667	0.028566
2.772000	0.028733
2.772333	0.028336
2.772667	0.029056
2.773000	0.029105
2.773333	0.028504
2.773667	0.028515
2.774000	0.029059
2.774333	0.028743
2.774667	0.028634
2.775000	0.028482
2.775333	0.028847
2.775667	0.028748
2.776000	0.028982
2.776333	0.028459
2.776667	0.028411
2.777000	0.027921
2.777333	0.028050
2.777667	0.029148
2.778000	0.028183
2.778333	0.028454
2.778667	0.028366
2.779000	0.029211
2.779333	0.028741
2.779667	0.029001
2.780000	0.028928
2.780333	0.028459
2.780667	0.028745
2.781000	0.028494
2.781333	0.028211
2.781667	0.028056
2.782000	0.028800
2.782333	0.028191
2.782667	0.028406
2.783000	0.028276
2.783333	0.028301
2.783667	0.028258
2.784000	0.028387
2.784333	0.028619
2.784667	0.028040
2.785000	0.028113
2.785333	0.028059
2.785667	0.027730
2.786000	0.027909
2.786333	0.028824
2.786667	0.027870
2.787000	0.028063
2.787333	0.027302
2.787667	0.028167
2.788000	0.027722
2.788333	0.028368
2.788667	0.028215
2.789000	0.028646
2.789333	0.028325
2.789667	0.028104
2.790000	0.028088
2.790333	0.027860
2.790667	0.027924
2.791000	0.028237
2.791333	0.027921
2.791667	0.027945
2.792000	0.028175
2.792333	0.028138
2.792667	0.027869
2.793000	0.028263
2.793333	0.027858
2.793667	0.027905
2.794000	0.027690
2.794333	0.027833
2.794667	0.027877
2.795000	0.027754
2.795333	0.027708
2.795667	0.027663
2.796000	0.028169
2.796333	0.027951
2.796667	0.027688
2.797000	0.027972
2.797333	0.027661
2.797667	0.027723
2.798000	0.028026
2.798333	0.028070
2.798667	0.028139
2.799000	0.028184
2.799333	0.028071
2.799667	0.027649
2.800000	0.027809
2.800333	0.027394
2.800667	0.027941
2.801000	0.027830
2.801333	0.027860
2.801667	0.028265
2.802000	0.028240
2.802333	0.027873
2.802667	0.027948
2.803000	0.027900
2.803333	0.028221
2.803667	0.028076
2.804000	0.027825
2.804333	0.027783
2.804667	0.027656
2.805000	0.027747
2.805333	0.027236
2.805667	0.027819
2.806000	0.028341
2.806333	0.027409
2.806667	0.028911
2.807000	0.027407
2.807333	0.027633
2.807667	0.027673
2.808000	0.027872
2.808333	0.027861
2.808667	0.027495
2.809000	0.027624
2.809333	0.027926
2.809667	0.028013
2.810000	0.027595
2.810333	0.028026
2.810667	0.027856
2.811000	0.027438
2.811333	0.027516
2.811667	0.027959
2.812000	0.027874
2.812333	0.027955
2.812667	0.027601
2.813000	0.027581
2.813333	0.027563
2.813667	0.027559
2.814000	0.027595
2.814333	0.028015
2.814667	0.028013
2.815000	0.027466
2.815333	0.027946
2.815667	0.027482
2.816000	0.027440
2.816333	0.027402
2.816667	0.028087
2.817000	0.028056
2.817333	0.027549
2.817667	0.027439
2.818000	0.027542
2.818333	0.027557
2.818667	0.027526
2.819000	0.027221
2.819333	0.027919
2.819667	0.027062
2.820000	0.027894
2.820333	0.028046
2.820667	0.027380
2.821000	0.027363
2.821333	0.027537
2.821667	0.027285
2.822000	0.027620
2.822333	0.027091
2.822667	0.027424
2.823000	0.027188
2.823333	0.027543
2.823667	0.027689
2.824000	0.027220
2.824333	0.027410
2.824667	0.027818
2.825000	0.027528
2.825333	0.027448
2.825667	0.027571
2.826000	0.027494
2.826333	0.027473
2.826667	0.027016
2.827000	0.027583
2.827333	0.027357
2.827667	0.028165
2.828000	0.027324
2.828333	0.026981
2.828667	0.027677
2.829000	0.027829
2.829333	0.027922
2.829667	0.027299
2.830000	0.026995
2.830333	0.027639
2.830667	0.027022
2.831000	0.027703
2.831333	0.026974
2.831667	0.027592
2.832000	0.027402
2.832333	0.027436
2.832667	0.027271
2.833000	0.028056
2.833333	0.027180
2.833667	0.027550
2.834000	0.028194
2.834333	0.026895
2.834667	0.027350
2.835000	0.027487
2.835333	0.027390
2.835667	0.027396
2.836000	0.027217
2.836333	0.026843
2.836667	0.027383
2.837000	0.027018
2.837333	0.027246
2.837667	0.027273
2.838000	0.027463
2.838333	0.027314
2.838667	0.026761
2.839000	0.027190
2.839333	0.027514
2.839667	0.027527
2.840000	0.027455
2.840333	0.027256
2.840667	0.027073
2.841000	0.027598
2.841333	0.026655
2.841667	0.027155
2.842000	0.027638
2.842333	0.027305
2.842667	0.027203
2.843000	0.027297
2.843333	0.027453
2.843667	0.027123
2.844000	0.026919
2.844333	0.027389
2.844667	0.026890
2.845000	0.027099
2.845333	0.026854
2.845667	0.027096
2.846000	0.026981
2.846333	0.026941
2.846667	0.026946
2.847000	0.027053
2.847333	0.026996
2.847667	0.027071
2.848000	0.026575
2.848333	0.026939
2.848667	0.026684
2.849000	0.027132
2.849333	0.026614
2.849667	0.026744
2.850000	0.026699
2.850333	0.027061
2.850667	0.026725
2.851000	0.027165
2.851333	0.026803
2.851667	0.026952
2.852000	0.026568
2.852333	0.026714
2.852667	0.026527
2.853000	0.027249
2.853333	0.026812
2.853667	0.026814
2.854000	0.026455
2.854333	0.027076
2.854667	0.026799
2.855000	0.026699
2.855333	0.026547
2.855667	0.026303
2.856000	0.026503
2.856333	0.027401
2.856667	0.026779
2.857000	0.026572
2.857333	0.027056
2.857667	0.026650
2.858000	0.026715
2.858333	0.026393
2.858667	0.026950
2.859000	0.026808
2.859333	0.026456
2.859667	0.026377
2.860000	0.026911
2.860333	0.026990
2.860667	0.026548
2.861000	0.026823
2.861333	0.026693
2.861667	0.026431
2.862000	0.026226
2.862333	0.026600
2.862667	0.027064
2.863000	0.026422
2.863333	0.026310
2.863667	0.027029
2.864000	0.026530
2.864333	0.026858
2.864667	0.026983
2.865000	0.026427
2.865333	0.026563
2.865667	0.026495
2.866000	0.026767
2.866333	0.026212
2.866667	0.026418
2.867000	0.027053
2.867333	0.026816
2.867667	0.026823
2.868000	0.026758
2.868333	0.025924
2.868667	0.026975
2.869000	0.026568
2.869333	0.026634
2.869667	0.026572
2.870000	0.026164
2.870333	0.026481
2.870667	0.026027
2.871000	0.026317
2.871333	0.026399
2.871667	0.026267
2.872000	0.026429
2.872333	0.026117
2.872667	0.026714
2.873000	0.026118
2.873333	0.026178
2.873667	0.026125
2.874000	0.026584
2.874333	0.026734
2.874667	0.026725
2.875000	0.026080
2.875333	0.026595
2.875667	0.026534
2.876000	0.026175
2.876333	0.026642
2.876667	0.026248
2.877000	0.026279
2.877333	0.026522
2.877667	0.025908
2.878000	0.026220
2.878333	0.026594
2.878667	0.026930
2.879000	0.026478
2.879333	0.026720
2.879667	0.026194
2.880000	0.026271
2.880333	0.026469
2.880667	0.026081
2.881000	0.026326
2.881333	0.027143
2.881667	0.026864
2.882000	0.026554
2.882333	0.026551
2.882667	0.026413
2.883000	0.026761
2.883333	0.025678
2.883667	0.026003
2.884000	0.026011
2.884333	0.026059
2.884667	0.026131
2.885000	0.026259
2.885333	0.026133
2.885667	0.025933
2.886000	0.026157
2.886333	0.026572
2.886667	0.026250
2.887000	0.026356
2.887333	0.026269
2.887667	0.026139
2.888000	0.026357
2.888333	0.026008
2.888667	0.026048
2.889000	0.026431
2.889333	0.025788
2.889667	0.026627
2.890000	0.026258
2.890333	0.025994
2.890667	0.026144
2.891000	0.025561
2.891333	0.026655
2.891667	0.026198
2.892000	0.025915
2.892333	0.025404
2.892667	0.025599
2.893000	0.026079
2.893333	0.026417
2.893667	0.026048
2.894000	0.026244
2.894333	0.025866
2.894667	0.026227
2.895000	0.026444
2.895333	0.026131
2.895667	0.025966
2.896000	0.026179
2.896333	0.025878
2.896667	0.026359
2.897000	0.026599
2.897333	0.025987
2.897667	0.025755
2.898000	0.026151
2.898333	0.026165
2.898667	0.026193
2.899000	0.025965
2.899333	0.026418
2.899667	0.025810
2.900000	0.025937
2.900333	0.025332
2.900667	0.026291
2.901000	0.026179
2.901333	0.025765
2.901667	0.026123
2.902000	0.025905
2.902333	0.025690
2.902667	0.025674
2.903000	0.026022
2.903333	0.026371
2.903667	0.025962
2.904000	0.026156
2.904333	0.025802
2.904667	0.025809
2.905000	0.025660
2.905333	0.026376
2.905667	0.026259
2.906000	0.025418
2.906333	0.025519
2.906667	0.026084
2.907000	0.025972
2.907333	0.026167
2.907667	0.026034
2.908000	0.025913
2.908333	0.025743
2.908667	0.026006
2.909000	0.025807
2.909333	0.025861
2.909667	0.025505
2.910000	0.025721
2.910333	0.026260
2.910667	0.025734
2.911000	0.026212
2.911333	0.025909
2.911667	0.025423
2.912000	0.025753
2.912333	0.025761
2.912667	0.025838
2.913000	0.026074
2.913333	0.025851
2.913667	0.025989
2.914000	0.024978
2.914333	0.025918
2.914667	0.025974
2.915000	0.025683
2.915333	0.025380
2.915667	0.025637
2.916000	0.025889
2.916333	0.025530
2.916667	0.025879
2.917000	0.026138
2.917333	0.025576
2.917667	0.025805
2.918000	0.025168
2.918333	0.025469
2.918667	0.025024
2.919000	0.025581
2.919333	0.025362
2.919667	0.025366
2.920000	0.025563
2.920333	0.025304
2.920667	0.025294
2.921000	0.025822
2.921333	0.025482
2.921667	0.025769
2.922000	0.025751
2.922333	0.025166
2.922667	0.025571
2.923000	0.025350
2.923333	0.025220
2.923667	0.025558
2.924000	0.025632
2.924333	0.025513
2.924667	0.024898
2.925000	0.025794
2.925333	0.025575
2.925667	0.025446
2.926000	0.025290
2.926333	0.024964
2.926667	0.025482
2.927000	0.025163
2.927333	0.025275
2.927667	0.024954
2.928000	0.025557
2.928333	0.025958
2.928667	0.025492
2.929000	0.024693
2.929333	0.024957
2.929667	0.025602
2.930000	0.025126
2.930333	0.025105
2.930667	0.025100
2.931000	0.025234
2.931333	0.025184
2.931667	0.025203
2.932000	0.025079
2.932333	0.025043
2.932667	0.025042
2.933000	0.025019
2.933333	0.025346
2.933667	0.025686
2.934000	0.025456
2.934333	0.025087
2.934667	0.024595
2.935000	0.025571
2.935333	0.025426
2.935667	0.025064
2.936000	0.025703
2.936333	0.025598
2.936667	0.025349
2.937000	0.025594
2.937333	0.025337
2.937667	0.024911
2.938000	0.024757
2.938333	0.024943
2.938667	0.024623
2.939000	0.025138
2.939333	0.025210
2.939667	0.025098
2.940000	0.025361
2.940333	0.024999
2.940667	0.025194
2.941000	0.025056
2.941333	0.025708
2.941667	0.025215
2.942000	0.024511
2.942333	0.025199
2.942667	0.024646
2.943000	0.025018
2.943333	0.024829
2.943667	0.025106
2.944000	0.025175
2.944333	0.025029
2.944667	0.025046
2.945000	0.025085
2.945333	0.025367
2.945667	0.025418
2.946000	0.024862
2.946333	0.025579
2.946667	0.024664
2.947000	0.025074
2.947333	0.025571
2.947667	0.024575
2.948000	0.024872
2.948333	0.024625
2.948667	0.024763
2.949000	0.025249
2.949333	0.024536
2.949667	0.025007
2.950000	0.025011
2.950333	0.024994
2.950667	0.025284
2.951000	0.024799
2.951333	0.024781
2.951667	0.024737
2.952000	0.025083
2.952333	0.026039
2.952667	0.026859
2.953000	0.038708
2.953333	0.055122
2.953667	0.057856
2.954000	0.057488
2.954333	0.056186
2.954667	0.054413
2.955000	0.053800
2.955333	0.052876
2.955667	0.052445
2.956000	0.051283
2.956333	0.049639
2.956667	0.051399
2.957000	0.061621
2.957333	0.069309
2.957667	0.070193
2.958000	0.069019
2.958333	0.066628
2.958667	0.065117
2.959000	0.062963
2.959333	0.061996
2.959667	0.063320
2.960000	0.067850
2.960333	0.070364
2.960667	0.070182
2.961000	0.067797
2.961333	0.066551
2.961667	0.064746
2.962000	0.063644
2.962333	0.061666
2.962667	0.060436
2.963000	0.059759
2.963333	0.058621
2.963667	0.061335
2.964000	0.068779
2.964333	0.073582
2.964667	0.072998
2.965000	0.072081
2.965333	0.070139
2.965667	0.068568
2.966000	0.066569
2.966333	0.064958
2.966667	0.064067
2.967000	0.062362
2.967333	0.061524
2.967667	0.063801
2.968000	0.070195
2.968333	0.074288
2.968667	0.073790
2.969000	0.073376
2.969333	0.071442
2.969667	0.069413
2.970000	0.067976
2.970333	0.067022
2.970667	0.065644
2.971000	0.063653
2.971333	0.062418
2.971667	0.061344
2.972000	0.060956
2.972333	0.061970
2.972667	0.067480
2.973000	0.072677
2.973333	0.073075
2.973667	0.073264
2.974000	0.072148
2.974333	0.070578
2.974667	0.068813
2.975000	0.067601
2.975333	0.065985
2.975667	0.063907
2.976000	0.063075
2.976333	0.064348
2.976667	0.068028
2.977000	0.074331
2.977333	0.075868
2.977667	0.074860
2.978000	0.073282
2.978333	0.071585
2.978667	0.069844
2.979000	0.067831
2.979333	0.066547
2.979667	0.065906
2.980000	0.064316
2.980333	0.064091
2.980667	0.063003
2.981000	0.061188
2.981333	0.060779
2.981667	0.059491
2.982000	0.059246
2.982333	0.057863
2.982667	0.058423
2.983000	0.063244
2.983333	0.068708
2.983667	0.071155
2.984000	0.071462
2.984333	0.070180
2.984667	0.068117
2.985000	0.068142
2.985333	0.066353
2.985667	0.065070
2.986000	0.063624
2.986333	0.061914
2.986667	0.061341
2.987000	0.060387
2.987333	0.059890
2.987667	0.062377
2.988000	0.068760
2.988333	0.073087
2.988667	0.073691
2.989000	0.072945
2.989333	0.070996
2.989667	0.069912
2.990000	0.067968
2.990333	0.066873
2.990667	0.065368
2.991000	0.064380
2.991333	0.063102
2.991667	0.061889
2.992000	0.060846
2.992333	0.060297
2.992667	0.059277
2.993000	0.059785
2.993333	0.061713
2.993667	0.066206
2.994000	0.069903
2.994333	0.070924
2.994667	0.069500
2.995000	0.068341
2.995333	0.067030
2.995667	0.065816
2.996000	0.064822
2.996333	0.063570
2.996667	0.062009
2.997000	0.060819
2.997333	0.060317
2.997667	0.058717
2.998000	0.058113
2.998333	0.057415
2.998667	0.056327
2.999000	0.056097
2.999333	0.055226
2.999667	0.054357
3.000000	0.053949
