0.000333	0.072396
0.000667	0.078593
0.001000	0.077376
0.001333	0.073329
0.001667	0.069496
0.002000	0.066293
0.002333	0.063241
0.002667	0.060328
0.003000	0.057105
0.003333	0.055638
0.003667	0.053525
0.004000	0.052238
0.004333	0.051191
0.004667	0.049084
0.005000	0.047713
0.005333	0.046924
0.005667	0.045725
0.006000	0.049063
0.006333	0.064799
0.006667	0.074849
0.007000	0.073831
0.007333	0.071519
0.007667	0.067986
0.008000	0.065626
0.008333	0.062900
0.008667	0.059494
0.009000	0.057489
0.009333	0.056048
0.009667	0.055431
0.010000	0.063815
0.010333	0.079391
0.010667	0.081382
0.011000	0.078711
0.011333	0.075222
0.011667	0.070764
0.012000	0.068547
0.012333	0.067512
0.012667	0.067355
0.013000	0.066980
0.013333	0.069443
0.013667	0.080611
0.014000	0.089938
0.014333	0.087645
0.014667	0.083467
0.015000	0.078352
0.015333	0.074478
0.015667	0.071739
0.016000	0.069465
0.016333	0.066963
0.016667	0.065740
0.017000	0.066450
0.017333	0.067229
0.017667	0.073227
0.018000	0.087679
0.018333	0.089738
0.018667	0.085400
0.019000	0.080621
0.019333	0.077921
0.019667	0.073473
0.020000	0.071230
0.020333	0.069115
0.020667	0.065720
0.021000	0.064408
0.021333	0.063123
0.021667	0.061417
0.022000	0.060449
0.022333	0.062908
0.022667	0.074367
0.023000	0.084562
0.023333	0.084830
0.023667	0.081045
0.024000	0.078590
0.024333	0.074139
0.024667	0.070885
0.025000	0.068741
0.025333	0.066692
0.025667	0.066734
0.026000	0.067704
0.026333	0.073872
0.026667	0.085175
0.027000	0.087073
0.027333	0.083983
0.027667	0.080630
0.028000	0.077477
0.028333	0.074640
0.028667	0.071437
0.029000	0.069712
0.029333	0.067034
0.029667	0.065112
0.030000	0.064887
0.030333	0.064588
0.030667	0.067479
0.031000	0.081930
0.031333	0.090920
0.031667	0.087285
0.032000	0.082604
0.032333	0.078935
0.032667	0.076025
0.033000	0.073287
0.033333	0.071039
0.033667	0.068260
0.034000	0.066999
0.034333	0.064187
0.034667	0.062353
0.035000	0.061428
0.035333	0.059533
0.035667	0.058563
0.036000	0.056731
0.036333	0.056351
0.036667	0.058290
0.037000	0.070220
0.037333	0.081307
0.037667	0.080904
0.038000	0.077063
0.038333	0.074475
0.038667	0.070939
0.039000	0.068229
0.039333	0.066062
0.039667	0.064258
0.040000	0.062086
0.040333	0.061032
0.040667	0.058866
0.041000	0.056626
0.041333	0.056617
0.041667	0.054789
0.042000	0.053702
0.042333	0.053114
0.042667	0.052307
0.043000	0.050467
0.043333	0.050541
0.043667	0.049294
0.044000	0.048547
0.044333	0.048414
0.044667	0.046721
0.045000	0.046356
0.045333	0.045379
0.045667	0.045300
0.046000	0.044887
0.046333	0.044201
0.046667	0.043258
0.047000	0.042494
0.047333	0.041969
0.047667	0.041099
0.048000	0.041141
0.048333	0.040511
0.048667	0.040087
0.049000	0.040146
0.049333	0.039352
0.049667	0.038816
0.050000	0.038753
0.050333	0.038213
0.050667	0.038246
0.051000	0.038072
0.051333	0.037498
0.051667	0.036673
0.052000	0.036301
0.052333	0.035899
0.052667	0.035620
0.053000	0.036090
0.053333	0.035405
0.053667	0.035729
0.054000	0.034075
0.054333	0.034915
0.054667	0.033629
0.055000	0.033857
0.055333	0.033196
0.055667	0.033320
0.056000	0.032798
0.056333	0.032551
0.056667	0.032775
0.057000	0.032244
0.057333	0.032068
0.057667	0.031784
0.058000	0.031611
0.058333	0.030660
0.058667	0.031510
0.059000	0.032004
0.059333	0.035249
0.059667	0.045951
0.060000	0.060640
0.060333	0.062067
0.060667	0.059442
0.061000	0.057620
0.061333	0.055166
0.061667	0.053039
0.062000	0.051565
0.062333	0.050259
0.062667	0.048880
0.063000	0.047813
0.063333	0.045603
0.063667	0.046546
0.064000	0.055657
0.064333	0.072330
0.064667	0.075017
0.065000	0.071974
0.065333	0.069364
0.065667	0.065746
0.066000	0.063625
0.066333	0.060903
0.066667	0.058383
0.067000	0.055814
0.067333	0.054648
0.067667	0.052765
0.068000	0.051424
0.068333	0.049319
0.068667	0.050459
0.069000	0.058077
0.069333	0.072669
0.069667	0.075891
0.070000	0.073691
0.070333	0.071034
0.070667	0.067305
0.071000	0.065693
0.071333	0.062126
0.071667	0.060219
0.072000	0.058097
0.072333	0.057146
0.072667	0.055096
0.073000	0.053211
0.073333	0.052283
0.073667	0.050540
0.074000	0.049754
0.074333	0.048869
0.074667	0.047592
0.075000	0.047622
0.075333	0.047140
0.075667	0.051696
0.076000	0.064138
0.076333	0.072674
0.076667	0.071470
0.077000	0.068745
0.077333	0.066152
0.077667	0.064532
0.078000	0.061835
0.078333	0.059511
0.078667	0.057976
0.079000	0.056400
0.079333	0.054505
0.079667	0.053120
0.080000	0.051730
0.080333	0.050058
0.080667	0.048874
0.081000	0.048303
0.081333	0.047576
0.081667	0.047208
0.082000	0.045981
0.082333	0.044825
0.082667	0.044146
0.083000	0.043620
0.083333	0.042236
0.083667	0.042465
0.084000	0.041681
0.084333	0.040930
0.084667	0.041015
0.085000	0.040373
0.085333	0.039201
0.085667	0.038493
0.086000	0.038301
0.086333	0.037752
0.086667	0.037471
0.087000	0.037458
0.087333	0.037084
0.087667	0.035997
0.088000	0.036145
0.088333	0.036253
0.088667	0.035304
0.089000	0.034765
0.089333	0.034701
0.089667	0.034612
0.090000	0.034076
0.090333	0.033681
0.090667	0.033424
0.091000	0.033460
0.091333	0.032617
0.091667	0.032977
0.092000	0.032632
0.092333	0.032733
0.092667	0.031551
0.093000	0.031646
0.093333	0.031536
0.093667	0.031817
0.094000	0.031471
0.094333	0.031126
0.094667	0.030368
0.095000	0.030462
0.095333	0.030867
0.095667	0.030334
0.096000	0.030447
0.096333	0.030118
0.096667	0.029607
0.097000	0.029450
0.097333	0.028813
0.097667	0.029314
0.098000	0.028928
0.098333	0.029282
0.098667	0.028603
0.099000	0.028400
0.099333	0.028395
0.099667	0.027934
0.100000	0.027995
0.100333	0.028058
0.100667	0.027680
0.101000	0.027848
0.101333	0.027938
0.101667	0.027789
0.102000	0.027003
0.102333	0.027111
0.102667	0.027018
0.103000	0.027058
0.103333	0.026554
0.103667	0.026662
0.104000	0.026177
0.104333	0.026208
0.104667	0.026495
0.105000	0.026898
0.105333	0.026102
0.105667	0.026111
0.106000	0.025530
0.106333	0.025763
0.106667	0.025506
0.107000	0.025504
0.107333	0.025405
0.107667	0.026030
0.108000	0.024907
0.108333	0.024407
0.108667	0.024722
0.109000	0.025368
0.109333	0.025146
0.109667	0.025312
0.110000	0.025105
0.110333	0.024988
0.110667	0.024273
0.111000	0.025223
0.111333	0.024622
0.111667	0.024392
0.112000	0.024403
0.112333	0.024913
0.112667	0.023956
0.113000	0.024186
0.113333	0.023941
0.113667	0.024539
0.114000	0.023970
0.114333	0.024514
0.114667	0.023715
0.115000	0.024203
0.115333	0.024067
0.115667	0.023586
0.116000	0.023664
0.116333	0.023789
0.116667	0.023128
0.117000	0.023206
0.117333	0.023254
0.117667	0.024026
0.118000	0.022881
0.118333	0.022610
0.118667	0.022103
0.119000	0.022959
0.119333	0.023284
0.119667	0.022760
0.120000	0.023108
0.120333	0.022288
0.120667	0.022325
0.121000	0.023323
0.121333	0.022523
0.121667	0.021925
0.122000	0.022016
0.122333	0.022357
0.122667	0.023155
0.123000	0.022125
0.123333	0.022298
0.123667	0.022084
0.124000	0.021871
0.124333	0.021443
0.124667	0.021646
0.125000	0.022616
0.125333	0.021789
0.125667	0.022067
0.126000	0.021499
0.126333	0.022369
0.126667	0.021778
0.127000	0.021764
0.127333	0.021517
0.127667	0.021021
0.128000	0.021646
0.128333	0.021729
0.128667	0.021509
0.129000	0.021706
0.129333	0.020687
0.129667	0.021019
0.130000	0.020694
0.130333	0.021286
0.130667	0.021625
0.131000	0.021910
0.131333	0.021576
0.131667	0.021155
0.132000	0.021127
0.132333	0.021210
0.132667	0.020889
0.133000	0.021177
0.133333	0.020804
0.133667	0.020861
0.134000	0.021340
0.134333	0.020540
0.134667	0.020738
0.135000	0.020861
0.135333	0.020792
0.135667	0.020496
0.136000	0.020692
0.136333	0.021120
0.136667	0.020510
0.137000	0.020814
0.137333	0.020658
0.137667	0.020546
0.138000	0.020487
0.138333	0.021502
0.138667	0.020681
0.139000	0.021307
0.139333	0.020616
0.139667	0.020905
0.140000	0.020306
0.140333	0.020337
0.140667	0.020287
0.141000	0.020194
0.141333	0.021014
0.141667	0.020325
0.142000	0.020209
0.142333	0.019789
0.142667	0.020125
0.143000	0.020504
0.143333	0.019824
0.143667	0.019940
0.144000	0.019663
0.144333	0.020258
0.144667	0.019858
0.145000	0.019832
0.145333	0.020270
0.145667	0.025380
0.146000	0.045595
0.146333	0.055149
0.146667	0.056217
0.147000	0.053541
0.147333	0.051268
0.147667	0.048871
0.148000	0.047377
0.148333	0.045586
0.148667	0.043498
0.149000	0.043011
0.149333	0.043622
0.149667	0.060346
0.150000	0.071616
0.150333	0.072077
0.150667	0.069414
0.151000	0.065953
0.151333	0.062530
0.151667	0.059374
0.152000	0.056434
0.152333	0.054165
0.152667	0.052403
0.153000	0.052483
0.153333	0.063861
0.153667	0.076748
0.154000	0.078906
0.154333	0.075905
0.154667	0.072337
0.155000	0.069627
0.155333	0.066765
0.155667	0.064462
0.156000	0.061491
0.156333	0.059651
0.156667	0.058704
0.157000	0.059490
0.157333	0.058894
0.157667	0.061481
0.158000	0.071843
0.158333	0.081611
0.158667	0.082653
0.159000	0.079765
0.159333	0.075731
0.159667	0.072922
0.160000	0.069231
0.160333	0.067399
0.160667	0.064762
0.161000	0.062296
0.161333	0.060877
0.161667	0.060255
0.162000	0.064468
0.162333	0.077970
0.162667	0.085049
0.163000	0.083606
0.163333	0.080429
0.163667	0.077183
0.164000	0.073546
0.164333	0.071276
0.164667	0.069015
0.165000	0.065850
0.165333	0.064546
0.165667	0.063015
0.166000	0.060889
0.166333	0.059483
0.166667	0.058370
0.167000	0.058143
0.167333	0.063452
0.167667	0.077473
0.168000	0.084200
0.168333	0.082283
0.168667	0.078630
0.169000	0.075301
0.169333	0.072879
0.169667	0.069923
0.170000	0.068044
0.170333	0.065162
0.170667	0.063992
0.171000	0.062884
0.171333	0.060863
0.171667	0.058437
0.172000	0.057833
0.172333	0.056289
0.172667	0.054874
0.173000	0.054304
0.173333	0.053350
0.173667	0.052515
0.174000	0.051392
0.174333	0.050259
0.174667	0.049669
0.175000	0.048875
0.175333	0.048396
0.175667	0.048346
0.176000	0.046978
0.176333	0.046764
0.176667	0.046012
0.177000	0.044848
0.177333	0.044562
0.177667	0.043841
0.178000	0.043285
0.178333	0.042286
0.178667	0.042494
0.179000	0.042260
0.179333	0.042350
0.179667	0.041423
0.180000	0.040478
0.180333	0.040597
0.180667	0.040147
0.181000	0.040424
0.181333	0.039841
0.181667	0.039363
0.182000	0.039201
0.182333	0.039237
0.182667	0.038540
0.183000	0.038246
0.183333	0.038243
0.183667	0.038064
0.184000	0.037843
0.184333	0.037187
0.184667	0.036740
0.185000	0.036490
0.185333	0.036425
0.185667	0.036406
0.186000	0.035860
0.186333	0.035591
0.186667	0.035755
0.187000	0.035867
0.187333	0.035097
0.187667	0.034465
0.188000	0.034266
0.188333	0.034256
0.188667	0.034537
0.189000	0.034145
0.189333	0.033885
0.189667	0.034102
0.190000	0.033913
0.190333	0.033799
0.190667	0.033350
0.191000	0.032754
0.191333	0.033252
0.191667	0.033406
0.192000	0.032491
0.192333	0.032362
0.192667	0.032200
0.193000	0.032180
0.193333	0.032130
0.193667	0.032171
0.194000	0.031648
0.194333	0.031402
0.194667	0.031492
0.195000	0.031985
0.195333	0.030900
0.195667	0.031021
0.196000	0.030988
0.196333	0.031248
0.196667	0.030309
0.197000	0.030445
0.197333	0.030392
0.197667	0.030551
0.198000	0.029936
0.198333	0.029964
0.198667	0.030089
0.199000	0.030102
0.199333	0.030166
0.199667	0.029650
0.200000	0.029600
0.200333	0.029520
0.200667	0.028998
0.201000	0.028829
0.201333	0.029193
0.201667	0.029598
0.202000	0.028667
0.202333	0.029193
0.202667	0.028063
0.203000	0.028725
0.203333	0.028275
0.203667	0.028148
0.204000	0.028846
0.204333	0.028689
0.204667	0.028068
0.205000	0.028318
0.205333	0.028016
0.205667	0.028188
0.206000	0.028268
0.206333	0.027627
0.206667	0.028451
0.207000	0.028185
0.207333	0.027153
0.207667	0.027328
0.208000	0.027927
0.208333	0.027385
0.208667	0.027651
0.209000	0.027243
0.209333	0.027469
0.209667	0.027714
0.210000	0.026930
0.210333	0.027058
0.210667	0.026850
0.211000	0.026845
0.211333	0.026503
0.211667	0.026558
0.212000	0.026461
0.212333	0.026862
0.212667	0.026885
0.213000	0.026710
0.213333	0.026681
0.213667	0.027080
0.214000	0.026845
0.214333	0.026273
0.214667	0.026469
0.215000	0.026651
0.215333	0.026566
0.215667	0.026316
0.216000	0.025528
0.216333	0.025994
0.216667	0.026233
0.217000	0.025741
0.217333	0.025338
0.217667	0.026353
0.218000	0.025834
0.218333	0.025592
0.218667	0.025693
0.219000	0.025947
0.219333	0.025597
0.219667	0.025967
0.220000	0.025644
0.220333	0.025747
0.220667	0.025768
0.221000	0.025158
0.221333	0.025276
0.221667	0.025711
0.222000	0.025528
0.222333	0.025759
0.222667	0.024912
0.223000	0.024991
0.223333	0.025584
0.223667	0.025403
0.224000	0.025565
0.224333	0.024881
0.224667	0.025265
0.225000	0.024469
0.225333	0.024789
0.225667	0.025262
0.226000	0.024838
0.226333	0.024810
0.226667	0.025104
0.227000	0.024901
0.227333	0.024498
0.227667	0.024391
0.228000	0.024672
0.228333	0.025493
0.228667	0.024989
0.229000	0.024750
0.229333	0.024657
0.229667	0.024617
0.230000	0.025186
0.230333	0.024756
0.230667	0.024005
0.231000	0.024320
0.231333	0.024988
0.231667	0.024172
0.232000	0.024390
0.232333	0.024549
0.232667	0.023999
0.233000	0.024659
0.233333	0.024363
0.233667	0.024451
0.234000	0.024128
0.234333	0.024083
0.234667	0.024271
0.235000	0.024159
0.235333	0.023756
0.235667	0.023980
0.236000	0.023875
0.236333	0.023815
0.236667	0.024645
0.237000	0.023290
0.237333	0.024118
0.237667	0.023869
0.238000	0.023972
0.238333	0.023866
0.238667	0.024122
0.239000	0.023943
0.239333	0.024126
0.239667	0.023964
0.240000	0.023981
0.240333	0.024130
0.240667	0.024159
0.241000	0.023134
0.241333	0.024056
0.241667	0.024346
0.242000	0.023745
0.242333	0.024143
0.242667	0.023848
0.243000	0.023586
0.243333	0.023116
0.243667	0.023260
0.244000	0.023691
0.244333	0.023538
0.244667	0.022971
0.245000	0.023387
0.245333	0.023875
0.245667	0.023329
0.246000	0.023673
0.246333	0.022556
0.246667	0.022940
0.247000	0.023184
0.247333	0.023544
0.247667	0.023580
0.248000	0.023795
0.248333	0.022970
0.248667	0.023663
0.249000	0.023342
0.249333	0.022880
0.249667	0.023678
0.250000	0.023262
0.250333	0.023601
0.250667	0.022909
0.251000	0.023257
0.251333	0.023551
0.251667	0.023410
0.252000	0.022793
0.252333	0.023492
0.252667	0.023177
0.253000	0.024025
0.253333	0.023565
0.253667	0.023588
0.254000	0.023061
0.254333	0.023432
0.254667	0.023474
0.255000	0.023534
0.255333	0.022767
0.255667	0.022957
0.256000	0.022900
0.256333	0.022818
0.256667	0.022824
0.257000	0.022881
0.257333	0.023301
0.257667	0.023194
0.258000	0.023233
0.258333	0.023064
0.258667	0.022734
0.259000	0.023359
0.259333	0.023117
0.259667	0.023052
0.260000	0.022866
0.260333	0.022710
0.260667	0.022418
0.261000	0.022933
0.261333	0.022417
0.261667	0.023231
0.262000	0.023218
0.262333	0.022511
0.262667	0.022847
0.263000	0.022713
0.263333	0.022873
0.263667	0.022992
0.264000	0.023283
0.264333	0.023029
0.264667	0.022694
0.265000	0.023262
0.265333	0.023333
0.265667	0.022749
0.266000	0.023270
0.266333	0.023220
0.266667	0.022760
0.267000	0.022335
0.267333	0.022852
0.267667	0.022832
0.268000	0.023413
0.268333	0.022523
0.268667	0.022709
0.269000	0.023045
0.269333	0.022759
0.269667	0.023070
0.270000	0.022900
0.270333	0.023116
0.270667	0.022682
0.271000	0.022336
0.271333	0.022750
0.271667	0.022958
0.272000	0.022599
0.272333	0.022235
0.272667	0.022640
0.273000	0.022756
0.273333	0.022947
0.273667	0.022540
0.274000	0.022499
0.274333	0.023311
0.274667	0.022580
0.275000	0.022907
0.275333	0.022718
0.275667	0.022930
0.276000	0.022095
0.276333	0.022719
0.276667	0.021955
0.277000	0.022992
0.277333	0.022569
0.277667	0.023067
0.278000	0.022516
0.278333	0.022808
0.278667	0.022413
0.279000	0.022835
0.279333	0.022970
0.279667	0.022716
0.280000	0.022939
0.280333	0.022482
0.280667	0.023123
0.281000	0.022515
0.281333	0.022831
0.281667	0.022448
0.282000	0.022429
0.282333	0.022870
0.282667	0.022914
0.283000	0.023163
0.283333	0.022301
0.283667	0.022809
0.284000	0.022768
0.284333	0.022526
0.284667	0.023158
0.285000	0.023760
0.285333	0.023161
0.285667	0.023357
0.286000	0.023369
0.286333	0.022463
0.286667	0.022705
0.287000	0.022771
0.287333	0.022964
0.287667	0.022420
0.288000	0.023070
0.288333	0.022420
0.288667	0.022824
0.289000	0.022865
0.289333	0.023403
0.289667	0.022962
0.290000	0.022401
0.290333	0.022586
0.290667	0.022548
0.291000	0.022959
0.291333	0.022950
0.291667	0.023451
0.292000	0.022864
0.292333	0.023214
0.292667	0.023064
0.293000	0.022923
0.293333	0.023020
0.293667	0.023168
0.294000	0.022628
0.294333	0.022934
0.294667	0.023150
0.295000	0.022619
0.295333	0.023048
0.295667	0.023745
0.296000	0.022367
0.296333	0.022987
0.296667	0.022799
0.297000	0.022828
0.297333	0.023267
0.297667	0.023247
0.298000	0.022555
0.298333	0.023004
0.298667	0.022979
0.299000	0.023549
0.299333	0.022913
0.299667	0.023085
0.300000	0.022830
0.300333	0.022954
0.300667	0.023485
0.301000	0.023167
0.301333	0.022833
0.301667	0.022669
0.302000	0.022210
0.302333	0.022668
0.302667	0.023233
0.303000	0.022804
0.303333	0.023019
0.303667	0.023099
0.304000	0.023301
0.304333	0.023547
0.304667	0.022063
0.305000	0.022923
0.305333	0.022874
0.305667	0.023094
0.306000	0.022337
0.306333	0.022412
0.306667	0.023461
0.307000	0.022412
0.307333	0.023210
0.307667	0.023017
0.308000	0.023177
0.308333	0.022972
0.308667	0.022527
0.309000	0.022614
0.309333	0.022575
0.309667	0.022818
0.310000	0.022664
0.310333	0.022542
0.310667	0.023882
0.311000	0.022952
0.311333	0.023368
0.311667	0.022885
0.312000	0.023024
0.312333	0.023008
0.312667	0.023014
0.313000	0.023171
0.313333	0.023119
0.313667	0.022662
0.314000	0.022905
0.314333	0.023322
0.314667	0.022850
0.315000	0.023048
0.315333	0.023019
0.315667	0.022928
0.316000	0.022982
0.316333	0.023541
0.316667	0.023364
0.317000	0.022687
0.317333	0.022985
0.317667	0.022968
0.318000	0.023627
0.318333	0.022754
0.318667	0.023849
0.319000	0.023160
0.319333	0.023022
0.319667	0.023055
0.320000	0.022931
0.320333	0.023287
0.320667	0.023078
0.321000	0.022566
0.321333	0.022986
0.321667	0.023380
0.322000	0.022917
0.322333	0.022562
0.322667	0.022950
0.323000	0.023152
0.323333	0.022769
0.323667	0.023532
0.324000	0.022968
0.324333	0.022905
0.324667	0.022911
0.325000	0.023651
0.325333	0.022800
0.325667	0.023447
0.326000	0.023613
0.326333	0.023721
0.326667	0.022333
0.327000	0.023291
0.327333	0.023568
0.327667	0.023160
0.328000	0.023340
0.328333	0.023583
0.328667	0.023443
0.329000	0.026717
0.329333	0.045815
0.329667	0.061230
0.330000	0.061911
0.330333	0.058464
0.330667	0.056026
0.331000	0.053965
0.331333	0.050794
0.331667	0.051022
0.332000	0.058448
0.332333	0.080523
0.332667	0.079946
0.333000	0.075554
0.333333	0.071513
0.333667	0.068082
0.334000	0.065511
0.334333	0.062826
0.334667	0.060035
0.335000	0.057634
0.335333	0.056059
0.335667	0.054788
0.336000	0.052889
0.336333	0.051946
0.336667	0.064068
0.337000	0.083274
0.337333	0.083375
0.337667	0.079452
0.338000	0.075848
0.338333	0.072188
0.338667	0.069177
0.339000	0.066372
0.339333	0.064649
0.339667	0.062676
0.340000	0.060893
0.340333	0.058767
0.340667	0.058988
0.341000	0.065879
0.341333	0.081388
0.341667	0.085633
0.342000	0.083297
0.342333	0.081030
0.342667	0.076496
0.343000	0.074576
0.343333	0.070990
0.343667	0.069248
0.344000	0.067658
0.344333	0.065512
0.344667	0.063702
0.345000	0.063523
0.345333	0.069721
0.345667	0.086926
0.346000	0.090987
0.346333	0.087516
0.346667	0.083872
0.347000	0.081272
0.347333	0.078221
0.347667	0.075609
0.348000	0.072917
0.348333	0.070828
0.348667	0.068741
0.349000	0.067806
0.349333	0.067920
0.349667	0.070863
0.350000	0.078750
0.350333	0.091834
0.350667	0.093474
0.351000	0.090812
0.351333	0.086824
0.351667	0.083256
0.352000	0.080724
0.352333	0.078073
0.352667	0.075008
0.353000	0.073655
0.353333	0.071687
0.353667	0.070247
0.354000	0.067738
0.354333	0.065630
0.354667	0.064392
0.355000	0.063534
0.355333	0.062504
0.355667	0.062819
0.356000	0.069087
0.356333	0.083341
0.356667	0.088517
0.357000	0.085989
0.357333	0.083466
0.357667	0.080133
0.358000	0.078041
0.358333	0.075222
0.358667	0.072773
0.359000	0.070856
0.359333	0.069483
0.359667	0.068201
0.360000	0.071040
0.360333	0.083909
0.360667	0.094193
0.361000	0.092091
0.361333	0.088901
0.361667	0.085422
0.362000	0.082478
0.362333	0.080644
0.362667	0.078426
0.363000	0.075141
0.363333	0.073173
0.363667	0.072685
0.364000	0.080900
0.364333	0.094784
0.364667	0.096751
0.365000	0.094422
0.365333	0.091236
0.365667	0.088098
0.366000	0.084901
0.366333	0.081690
0.366667	0.080208
0.367000	0.078367
0.367333	0.082132
0.367667	0.094053
0.368000	0.100853
0.368333	0.099155
0.368667	0.095204
0.369000	0.091179
0.369333	0.089548
0.369667	0.086296
0.370000	0.083197
0.370333	0.080952
0.370667	0.078585
0.371000	0.076865
0.371333	0.075299
0.371667	0.073539
0.372000	0.072755
0.372333	0.071159
0.372667	0.069276
0.373000	0.068094
0.373333	0.067511
0.373667	0.065615
0.374000	0.065216
0.374333	0.064042
0.374667	0.062949
0.375000	0.062393
0.375333	0.061799
0.375667	0.065896
0.376000	0.077221
0.376333	0.088518
0.376667	0.087518
0.377000	0.084479
0.377333	0.081819
0.377667	0.079799
0.378000	0.076278
0.378333	0.075321
0.378667	0.073089
0.379000	0.070915
0.379333	0.070030
0.379667	0.071257
0.380000	0.080106
0.380333	0.095250
0.380667	0.097136
0.381000	0.093585
0.381333	0.090213
0.381667	0.086995
0.382000	0.083146
0.382333	0.081697
0.382667	0.078862
0.383000	0.076405
0.383333	0.074943
0.383667	0.075320
0.384000	0.077551
0.384333	0.086534
0.384667	0.097165
0.385000	0.096554
0.385333	0.093367
0.385667	0.090906
0.386000	0.087552
0.386333	0.084061
0.386667	0.082156
0.387000	0.079797
0.387333	0.078080
0.387667	0.075757
0.388000	0.074488
0.388333	0.073419
0.388667	0.073243
0.389000	0.078014
0.389333	0.089176
0.389667	0.094611
0.390000	0.093278
0.390333	0.091206
0.390667	0.088597
0.391000	0.085032
0.391333	0.082406
0.391667	0.080445
0.392000	0.078881
0.392333	0.076465
0.392667	0.075181
0.393000	0.073532
0.393333	0.071914
0.393667	0.070771
0.394000	0.069467
0.394333	0.068317
0.394667	0.067013
0.395000	0.066260
0.395333	0.065729
0.395667	0.064720
0.396000	0.063531
0.396333	0.062688
0.396667	0.061370
0.397000	0.061796
0.397333	0.060430
0.397667	0.060334
0.398000	0.059320
0.398333	0.058211
0.398667	0.058415
0.399000	0.057983
0.399333	0.056900
0.399667	0.056991
0.400000	0.055624
0.400333	0.056126
0.400667	0.056167
0.401000	0.056074
0.401333	0.059553
0.401667	0.067664
0.402000	0.078760
0.402333	0.081092
0.402667	0.080151
0.403000	0.077207
0.403333	0.075262
0.403667	0.072635
0.404000	0.070631
0.404333	0.069087
0.404667	0.067806
0.405000	0.066294
0.405333	0.065322
0.405667	0.064051
0.406000	0.062251
0.406333	0.061867
0.406667	0.061162
0.407000	0.059519
0.407333	0.058989
0.407667	0.059050
0.408000	0.057415
0.408333	0.057502
0.408667	0.056312
0.409000	0.056114
0.409333	0.055121
0.409667	0.054757
0.410000	0.053668
0.410333	0.053297
0.410667	0.053202
0.411000	0.052960
0.411333	0.052630
0.411667	0.051818
0.412000	0.051791
0.412333	0.050852
0.412667	0.050255
0.413000	0.050147
0.413333	0.050002
0.413667	0.049281
0.414000	0.049697
0.414333	0.048635
0.414667	0.049116
0.415000	0.048652
0.415333	0.048011
0.415667	0.048581
0.416000	0.048065
0.416333	0.048788
0.416667	0.048308
0.417000	0.051323
0.417333	0.057864
0.417667	0.070466
0.418000	0.075649
0.418333	0.074240
0.418667	0.071747
0.419000	0.070193
0.419333	0.067863
0.419667	0.066082
0.420000	0.064188
0.420333	0.062551
0.420667	0.061002
0.421000	0.060647
0.421333	0.059447
0.421667	0.057730
0.422000	0.057130
0.422333	0.056212
0.422667	0.055716
0.423000	0.054749
0.423333	0.054325
0.423667	0.053752
0.424000	0.052586
0.424333	0.052349
0.424667	0.051662
0.425000	0.051286
0.425333	0.050337
0.425667	0.049094
0.426000	0.049306
0.426333	0.049125
0.426667	0.048259
0.427000	0.047773
0.427333	0.047558
0.427667	0.047708
0.428000	0.046751
0.428333	0.046420
0.428667	0.046894
0.429000	0.046073
0.429333	0.045941
0.429667	0.046144
0.430000	0.046063
0.430333	0.045728
0.430667	0.045247
0.431000	0.045009
0.431333	0.045418
0.431667	0.044552
0.432000	0.044219
0.432333	0.044514
0.432667	0.044298
0.433000	0.043315
0.433333	0.042903
0.433667	0.042891
0.434000	0.042917
0.434333	0.042599
0.434667	0.042471
0.435000	0.042084
0.435333	0.042502
0.435667	0.042524
0.436000	0.041662
0.436333	0.042399
0.436667	0.041987
0.437000	0.041857
0.437333	0.041887
0.437667	0.041994
0.438000	0.040628
0.438333	0.041388
0.438667	0.040789
0.439000	0.040983
0.439333	0.040060
0.439667	0.040438
0.440000	0.039968
0.440333	0.040043
0.440667	0.039603
0.441000	0.039477
0.441333	0.039860
0.441667	0.039112
0.442000	0.039614
0.442333	0.039688
0.442667	0.039313
0.443000	0.038569
0.443333	0.038751
0.443667	0.038981
0.444000	0.039084
0.444333	0.038878
0.444667	0.038815
0.445000	0.038938
0.445333	0.038387
0.445667	0.037483
0.446000	0.038548
0.446333	0.038656
0.446667	0.038276
0.447000	0.037996
0.447333	0.037754
0.447667	0.037439
0.448000	0.038560
0.448333	0.037769
0.448667	0.037615
0.449000	0.037505
0.449333	0.037247
0.449667	0.036803
0.450000	0.037282
0.450333	0.037506
0.450667	0.037140
0.451000	0.037187
0.451333	0.037097
0.451667	0.036811
0.452000	0.036818
0.452333	0.036887
0.452667	0.036692
0.453000	0.036306
0.453333	0.036533
0.453667	0.036392
0.454000	0.035756
0.454333	0.035947
0.454667	0.035950
0.455000	0.035836
0.455333	0.035636
0.455667	0.035629
0.456000	0.035724
0.456333	0.035847
0.456667	0.036474
0.457000	0.036689
0.457333	0.035652
0.457667	0.035791
0.458000	0.036076
0.458333	0.035423
0.458667	0.035231
0.459000	0.035163
0.459333	0.034671
0.459667	0.034824
0.460000	0.034730
0.460333	0.034934
0.460667	0.035554
0.461000	0.034826
0.461333	0.034415
0.461667	0.035083
0.462000	0.034265
0.462333	0.034167
0.462667	0.034747
0.463000	0.034097
0.463333	0.034634
0.463667	0.034168
0.464000	0.034386
0.464333	0.034206
0.464667	0.033501
0.465000	0.034498
0.465333	0.034339
0.465667	0.034111
0.466000	0.034195
0.466333	0.034084
0.466667	0.034040
0.467000	0.034392
0.467333	0.033794
0.467667	0.034296
0.468000	0.034097
0.468333	0.034362
0.468667	0.034714
0.469000	0.033259
0.469333	0.033384
0.469667	0.033974
0.470000	0.034286
0.470333	0.033614
0.470667	0.033299
0.471000	0.033225
0.471333	0.033506
0.471667	0.032847
0.472000	0.033378
0.472333	0.033426
0.472667	0.033142
0.473000	0.032441
0.473333	0.033511
0.473667	0.032757
0.474000	0.033116
0.474333	0.034046
0.474667	0.033237
0.475000	0.033339
0.475333	0.033569
0.475667	0.033370
0.476000	0.033483
0.476333	0.033158
0.476667	0.032793
0.477000	0.032770
0.477333	0.032462
0.477667	0.031871
0.478000	0.032599
0.478333	0.032334
0.478667	0.033147
0.479000	0.032527
0.479333	0.032637
0.479667	0.032238
0.480000	0.032294
0.480333	0.031883
0.480667	0.032810
0.481000	0.032910
0.481333	0.035319
0.481667	0.040694
0.482000	0.055146
0.482333	0.067634
0.482667	0.068279
0.483000	0.066916
0.483333	0.064686
0.483667	0.062834
0.484000	0.061207
0.484333	0.060999
0.484667	0.060161
0.485000	0.059858
0.485333	0.058554
0.485667	0.058124
0.486000	0.065383
0.486333	0.083337
0.486667	0.086160
0.487000	0.083303
0.487333	0.079632
0.487667	0.077129
0.488000	0.072984
0.488333	0.070596
0.488667	0.068616
0.489000	0.066527
0.489333	0.064512
0.489667	0.064077
0.490000	0.070974
0.490333	0.086172
0.490667	0.090364
0.491000	0.087622
0.491333	0.084607
0.491667	0.081216
0.492000	0.078504
0.492333	0.075750
0.492667	0.072636
0.493000	0.071189
0.493333	0.068526
0.493667	0.067613
0.494000	0.065958
0.494333	0.064390
0.494667	0.062426
0.495000	0.061083
0.495333	0.060591
0.495667	0.059627
0.496000	0.058687
0.496333	0.057156
0.496667	0.056721
0.497000	0.055634
0.497333	0.055216
0.497667	0.054468
0.498000	0.053840
0.498333	0.053761
0.498667	0.052870
0.499000	0.052115
0.499333	0.052244
0.499667	0.051439
0.500000	0.050460
0.500333	0.049454
0.500667	0.049665
0.501000	0.049483
0.501333	0.048884
0.501667	0.048702
0.502000	0.047241
0.502333	0.047716
0.502667	0.047359
0.503000	0.047728
0.503333	0.046404
0.503667	0.046206
0.504000	0.045788
0.504333	0.045863
0.504667	0.045376
0.505000	0.045044
0.505333	0.044794
0.505667	0.044839
0.506000	0.044006
0.506333	0.043918
0.506667	0.043729
0.507000	0.043715
0.507333	0.043625
0.507667	0.043006
0.508000	0.043152
0.508333	0.043013
0.508667	0.042854
0.509000	0.041723
0.509333	0.042362
0.509667	0.042015
0.510000	0.041562
0.510333	0.041723
0.510667	0.042006
0.511000	0.041525
0.511333	0.040684
0.511667	0.041050
0.512000	0.040660
0.512333	0.040749
0.512667	0.040398
0.513000	0.040139
0.513333	0.040305
0.513667	0.040051
0.514000	0.039575
0.514333	0.039624
0.514667	0.039069
0.515000	0.039478
0.515333	0.039609
0.515667	0.039360
0.516000	0.039227
0.516333	0.038797
0.516667	0.038832
0.517000	0.038579
0.517333	0.038618
0.517667	0.038475
0.518000	0.038358
0.518333	0.038153
0.518667	0.038437
0.519000	0.038135
0.519333	0.037929
0.519667	0.037757
0.520000	0.038467
0.520333	0.037501
0.520667	0.037590
0.521000	0.037415
0.521333	0.037339
0.521667	0.037161
0.522000	0.037042
0.522333	0.037182
0.522667	0.037258
0.523000	0.036782
0.523333	0.036871
0.523667	0.036779
0.524000	0.036821
0.524333	0.036460
0.524667	0.036292
0.525000	0.036997
0.525333	0.037016
0.525667	0.036517
0.526000	0.036253
0.526333	0.036197
0.526667	0.035905
0.527000	0.036628
0.527333	0.036275
0.527667	0.036186
0.528000	0.035820
0.528333	0.036213
0.528667	0.036273
0.529000	0.035742
0.529333	0.035779
0.529667	0.035720
0.530000	0.035361
0.530333	0.036013
0.530667	0.035450
0.531000	0.035188
0.531333	0.035691
0.531667	0.035560
0.532000	0.035561
0.532333	0.034939
0.532667	0.035494
0.533000	0.035035
0.533333	0.035239
0.533667	0.034978
0.534000	0.034388
0.534333	0.034097
0.534667	0.034768
0.535000	0.034237
0.535333	0.034447
0.535667	0.034451
0.536000	0.033607
0.536333	0.034101
0.536667	0.034257
0.537000	0.034257
0.537333	0.034619
0.537667	0.033860
0.538000	0.034168
0.538333	0.034131
0.538667	0.034425
0.539000	0.034169
0.539333	0.034346
0.539667	0.033604
0.540000	0.033514
0.540333	0.033833
0.540667	0.033560
0.541000	0.033726
0.541333	0.033435
0.541667	0.033222
0.542000	0.033766
0.542333	0.033030
0.542667	0.033339
0.543000	0.033738
0.543333	0.033710
0.543667	0.034008
0.544000	0.033547
0.544333	0.033525
0.544667	0.032799
0.545000	0.034011
0.545333	0.033206
0.545667	0.032911
0.546000	0.033640
0.546333	0.032629
0.546667	0.033145
0.547000	0.033457
0.547333	0.032940
0.547667	0.033765
0.548000	0.032417
0.548333	0.032910
0.548667	0.032851
0.549000	0.033086
0.549333	0.032244
0.549667	0.032603
0.550000	0.032954
0.550333	0.033255
0.550667	0.032874
0.551000	0.032884
0.551333	0.033066
0.551667	0.033012
0.552000	0.032114
0.552333	0.033039
0.552667	0.032271
0.553000	0.032383
0.553333	0.032809
0.553667	0.032995
0.554000	0.033120
0.554333	0.032452
0.554667	0.032805
0.555000	0.032606
0.555333	0.032101
0.555667	0.032100
0.556000	0.032125
0.556333	0.032159
0.556667	0.032491
0.557000	0.032371
0.557333	0.032270
0.557667	0.032959
0.558000	0.032165
0.558333	0.031965
0.558667	0.032216
0.559000	0.032032
0.559333	0.032031
0.559667	0.032508
0.560000	0.032055
0.560333	0.032768
0.560667	0.031857
0.561000	0.032338
0.561333	0.032196
0.561667	0.031886
0.562000	0.032699
0.562333	0.031117
0.562667	0.032426
0.563000	0.031911
0.563333	0.032277
0.563667	0.031945
0.564000	0.031827
0.564333	0.032044
0.564667	0.031631
0.565000	0.031459
0.565333	0.031073
0.565667	0.031954
0.566000	0.032282
0.566333	0.031745
0.566667	0.032028
0.567000	0.031879
0.567333	0.032162
0.567667	0.031672
0.568000	0.031320
0.568333	0.031639
0.568667	0.032162
0.569000	0.031681
0.569333	0.031158
0.569667	0.031361
0.570000	0.031224
0.570333	0.031720
0.570667	0.032302
0.571000	0.031394
0.571333	0.031085
0.571667	0.031667
0.572000	0.031456
0.572333	0.031531
0.572667	0.031377
0.573000	0.031783
0.573333	0.031553
0.573667	0.031572
0.574000	0.030800
0.574333	0.030919
0.574667	0.030970
0.575000	0.031677
0.575333	0.031616
0.575667	0.031193
0.576000	0.031227
0.576333	0.030931
0.576667	0.031623
0.577000	0.030842
0.577333	0.031099
0.577667	0.030998
0.578000	0.030911
0.578333	0.031143
0.578667	0.031005
0.579000	0.031647
0.579333	0.031020
0.579667	0.031949
0.580000	0.031321
0.580333	0.030781
0.580667	0.030667
0.581000	0.031156
0.581333	0.031011
0.581667	0.031646
0.582000	0.030809
0.582333	0.030892
0.582667	0.030559
0.583000	0.031451
0.583333	0.031221
0.583667	0.031123
0.584000	0.031168
0.584333	0.030669
0.584667	0.031210
0.585000	0.031616
0.585333	0.030990
0.585667	0.031221
0.586000	0.030387
0.586333	0.031310
0.586667	0.030831
0.587000	0.030394
0.587333	0.030521
0.587667	0.030710
0.588000	0.030768
0.588333	0.030839
0.588667	0.030528
0.589000	0.030429
0.589333	0.030948
0.589667	0.030628
0.590000	0.030715
0.590333	0.030973
0.590667	0.031295
0.591000	0.030808
0.591333	0.030779
0.591667	0.030719
0.592000	0.030381
0.592333	0.030220
0.592667	0.031021
0.593000	0.030773
0.593333	0.030568
0.593667	0.030636
0.594000	0.031004
0.594333	0.030565
0.594667	0.030526
0.595000	0.030133
0.595333	0.030571
0.595667	0.030908
0.596000	0.030521
0.596333	0.030153
0.596667	0.030315
0.597000	0.031069
0.597333	0.029655
0.597667	0.030643
0.598000	0.031055
0.598333	0.031014
0.598667	0.030478
0.599000	0.030188
0.599333	0.030006
0.599667	0.030598
0.600000	0.030482
0.600333	0.031068
0.600667	0.030508
0.601000	0.031079
0.601333	0.030456
0.601667	0.030613
0.602000	0.029585
0.602333	0.030637
0.602667	0.030504
0.603000	0.030400
0.603333	0.030818
0.603667	0.029786
0.604000	0.030598
0.604333	0.030357
0.604667	0.030399
0.605000	0.029913
0.605333	0.030562
0.605667	0.030110
0.606000	0.030121
0.606333	0.030653
0.606667	0.031022
0.607000	0.030290
0.607333	0.029934
0.607667	0.030561
0.608000	0.029765
0.608333	0.030232
0.608667	0.036246
0.609000	0.057302
0.609333	0.067279
0.609667	0.066435
0.610000	0.063119
0.610333	0.061156
0.610667	0.058580
0.611000	0.055833
0.611333	0.054867
0.611667	0.053814
0.612000	0.059083
0.612333	0.078708
0.612667	0.084717
0.613000	0.081306
0.613333	0.076832
0.613667	0.073748
0.614000	0.070658
0.614333	0.067180
0.614667	0.064754
0.615000	0.063734
0.615333	0.062704
0.615667	0.065539
0.616000	0.078924
0.616333	0.090062
0.616667	0.088148
0.617000	0.084771
0.617333	0.079956
0.617667	0.076689
0.618000	0.073886
0.618333	0.071265
0.618667	0.069288
0.619000	0.067769
0.619333	0.065883
0.619667	0.065928
0.620000	0.069010
0.620333	0.081506
0.620667	0.090362
0.621000	0.089346
0.621333	0.086220
0.621667	0.082866
0.622000	0.079903
0.622333	0.076676
0.622667	0.074732
0.623000	0.072674
0.623333	0.070339
0.623667	0.068826
0.624000	0.067685
0.624333	0.065867
0.624667	0.064753
0.625000	0.063892
0.625333	0.061284
0.625667	0.060968
0.626000	0.059864
0.626333	0.058070
0.626667	0.057735
0.627000	0.056993
0.627333	0.057212
0.627667	0.055736
0.628000	0.054718
0.628333	0.054467
0.628667	0.054610
0.629000	0.056864
0.629333	0.064142
0.629667	0.078178
0.630000	0.082295
0.630333	0.080415
0.630667	0.077991
0.631000	0.076232
0.631333	0.073148
0.631667	0.071249
0.632000	0.069412
0.632333	0.068036
0.632667	0.065435
0.633000	0.065253
0.633333	0.067407
0.633667	0.080105
0.634000	0.092000
0.634333	0.090866
0.634667	0.088109
0.635000	0.084559
0.635333	0.081777
0.635667	0.079607
0.636000	0.076543
0.636333	0.074727
0.636667	0.072666
0.637000	0.071311
0.637333	0.068793
0.637667	0.067979
0.638000	0.066694
0.638333	0.064736
0.638667	0.063846
0.639000	0.063057
0.639333	0.061612
0.639667	0.061483
0.640000	0.060053
0.640333	0.059597
0.640667	0.058575
0.641000	0.058054
0.641333	0.056437
0.641667	0.056236
0.642000	0.056480
0.642333	0.055234
0.642667	0.054395
0.643000	0.054142
0.643333	0.053468
0.643667	0.053152
0.644000	0.053306
0.644333	0.052720
0.644667	0.052018
0.645000	0.051964
0.645333	0.050902
0.645667	0.050760
0.646000	0.050554
0.646333	0.050355
0.646667	0.049750
0.647000	0.048991
0.647333	0.049372
0.647667	0.049058
0.648000	0.048271
0.648333	0.048041
0.648667	0.047477
0.649000	0.047420
0.649333	0.048047
0.649667	0.046530
0.650000	0.046847
0.650333	0.046768
0.650667	0.046638
0.651000	0.045916
0.651333	0.045305
0.651667	0.045045
0.652000	0.045598
0.652333	0.045301
0.652667	0.045033
0.653000	0.044361
0.653333	0.044687
0.653667	0.043723
0.654000	0.043493
0.654333	0.044528
0.654667	0.043875
0.655000	0.043303
0.655333	0.043645
0.655667	0.042955
0.656000	0.043123
0.656333	0.043171
0.656667	0.042107
0.657000	0.042815
0.657333	0.042133
0.657667	0.042261
0.658000	0.041910
0.658333	0.041393
0.658667	0.042598
0.659000	0.041822
0.659333	0.041223
0.659667	0.041059
0.660000	0.042086
0.660333	0.041786
0.660667	0.041114
0.661000	0.041431
0.661333	0.041037
0.661667	0.040669
0.662000	0.040169
0.662333	0.040823
0.662667	0.040531
0.663000	0.039878
0.663333	0.040102
0.663667	0.039795
0.664000	0.039933
0.664333	0.039493
0.664667	0.040279
0.665000	0.039230
0.665333	0.039822
0.665667	0.039236
0.666000	0.038964
0.666333	0.039433
0.666667	0.039442
0.667000	0.039114
0.667333	0.038477
0.667667	0.039164
0.668000	0.039262
0.668333	0.038546
0.668667	0.038167
0.669000	0.037750
0.669333	0.038266
0.669667	0.038111
0.670000	0.037557
0.670333	0.038107
0.670667	0.037908
0.671000	0.037982
0.671333	0.037998
0.671667	0.037787
0.672000	0.037809
0.672333	0.037094
0.672667	0.037662
0.673000	0.037683
0.673333	0.036867
0.673667	0.037172
0.674000	0.037247
0.674333	0.036918
0.674667	0.036544
0.675000	0.036425
0.675333	0.037270
0.675667	0.036501
0.676000	0.037256
0.676333	0.036239
0.676667	0.036845
0.677000	0.036530
0.677333	0.036652
0.677667	0.036176
0.678000	0.036497
0.678333	0.036544
0.678667	0.036258
0.679000	0.035611
0.679333	0.035945
0.679667	0.036626
0.680000	0.035856
0.680333	0.035878
0.680667	0.036118
0.681000	0.036011
0.681333	0.035577
0.681667	0.035594
0.682000	0.035714
0.682333	0.035602
0.682667	0.035499
0.683000	0.035299
0.683333	0.036146
0.683667	0.035305
0.684000	0.035113
0.684333	0.035703
0.684667	0.035376
0.685000	0.035609
0.685333	0.035355
0.685667	0.035484
0.686000	0.034901
0.686333	0.035373
0.686667	0.035053
0.687000	0.034782
0.687333	0.035009
0.687667	0.034719
0.688000	0.035225
0.688333	0.035125
0.688667	0.034821
0.689000	0.034607
0.689333	0.034129
0.689667	0.034876
0.690000	0.034093
0.690333	0.034583
0.690667	0.034657
0.691000	0.034584
0.691333	0.034267
0.691667	0.034360
0.692000	0.034118
0.692333	0.034135
0.692667	0.034094
0.693000	0.034004
0.693333	0.034313
0.693667	0.033998
0.694000	0.034316
0.694333	0.034223
0.694667	0.033298
0.695000	0.033051
0.695333	0.033956
0.695667	0.033833
0.696000	0.033260
0.696333	0.034227
0.696667	0.033721
0.697000	0.033472
0.697333	0.033414
0.697667	0.034510
0.698000	0.033331
0.698333	0.033500
0.698667	0.032789
0.699000	0.033324
0.699333	0.034292
0.699667	0.033011
0.700000	0.033588
0.700333	0.033673
0.700667	0.033047
0.701000	0.033616
0.701333	0.033252
0.701667	0.033206
0.702000	0.032950
0.702333	0.032807
0.702667	0.033216
0.703000	0.033059
0.703333	0.033030
0.703667	0.032956
0.704000	0.032755
0.704333	0.033494
0.704667	0.032718
0.705000	0.033117
0.705333	0.032869
0.705667	0.032801
0.706000	0.032773
0.706333	0.032705
0.706667	0.032748
0.707000	0.032739
0.707333	0.032284
0.707667	0.032509
0.708000	0.032286
0.708333	0.032457
0.708667	0.032123
0.709000	0.032698
0.709333	0.032300
0.709667	0.032854
0.710000	0.032487
0.710333	0.032038
0.710667	0.033025
0.711000	0.033069
0.711333	0.032704
0.711667	0.032179
0.712000	0.032519
0.712333	0.032431
0.712667	0.031773
0.713000	0.032964
0.713333	0.032273
0.713667	0.032422
0.714000	0.032305
0.714333	0.032138
0.714667	0.032262
0.715000	0.032126
0.715333	0.031446
0.715667	0.032193
0.716000	0.032032
0.716333	0.032274
0.716667	0.031580
0.717000	0.032506
0.717333	0.032435
0.717667	0.031447
0.718000	0.031434
0.718333	0.032096
0.718667	0.032107
0.719000	0.031175
0.719333	0.031644
0.719667	0.031520
0.720000	0.031206
0.720333	0.032186
0.720667	0.031796
0.721000	0.031652
0.721333	0.032102
0.721667	0.031621
0.722000	0.031701
0.722333	0.031803
0.722667	0.031286
0.723000	0.031781
0.723333	0.031483
0.723667	0.031496
0.724000	0.031046
0.724333	0.031480
0.724667	0.031259
0.725000	0.031336
0.725333	0.031491
0.725667	0.031486
0.726000	0.031173
0.726333	0.031512
0.726667	0.031387
0.727000	0.031577
0.727333	0.031419
0.727667	0.031214
0.728000	0.031885
0.728333	0.031445
0.728667	0.031263
0.729000	0.031033
0.729333	0.030249
0.729667	0.030767
0.730000	0.030665
0.730333	0.030836
0.730667	0.030915
0.731000	0.030885
0.731333	0.030733
0.731667	0.030817
0.732000	0.030839
0.732333	0.030969
0.732667	0.031153
0.733000	0.030832
0.733333	0.030539
0.733667	0.030730
0.734000	0.030934
0.734333	0.031053
0.734667	0.030607
0.735000	0.030603
0.735333	0.030675
0.735667	0.031613
0.736000	0.031302
0.736333	0.031309
0.736667	0.030772
0.737000	0.031080
0.737333	0.030584
0.737667	0.030523
0.738000	0.030433
0.738333	0.031255
0.738667	0.030961
0.739000	0.030716
0.739333	0.030389
0.739667	0.030842
0.740000	0.030725
0.740333	0.030711
0.740667	0.030442
0.741000	0.031013
0.741333	0.030558
0.741667	0.030406
0.742000	0.030645
0.742333	0.030945
0.742667	0.030186
0.743000	0.030362
0.743333	0.030663
0.743667	0.030983
0.744000	0.030755
0.744333	0.030768
0.744667	0.030390
0.745000	0.030932
0.745333	0.030791
0.745667	0.030712
0.746000	0.030674
0.746333	0.030811
0.746667	0.029781
0.747000	0.030388
0.747333	0.030521
0.747667	0.030034
0.748000	0.030281
0.748333	0.031500
0.748667	0.030622
0.749000	0.030075
0.749333	0.030295
0.749667	0.030326
0.750000	0.030986
0.750333	0.029860
0.750667	0.030519
0.751000	0.029517
0.751333	0.030405
0.751667	0.029901
0.752000	0.030040
0.752333	0.029916
0.752667	0.030155
0.753000	0.030296
0.753333	0.030175
0.753667	0.029848
0.754000	0.030417
0.754333	0.030135
0.754667	0.030486
0.755000	0.030141
0.755333	0.030660
0.755667	0.029671
0.756000	0.029844
0.756333	0.030396
0.756667	0.029938
0.757000	0.029385
0.757333	0.029470
0.757667	0.029785
0.758000	0.030239
0.758333	0.030629
0.758667	0.030480
0.759000	0.029611
0.759333	0.029779
0.759667	0.030384
0.760000	0.030464
0.760333	0.029851
0.760667	0.030005
0.761000	0.029804
0.761333	0.028981
0.761667	0.029463
0.762000	0.030275
0.762333	0.029665
0.762667	0.029665
0.763000	0.029467
0.763333	0.030049
0.763667	0.029950
0.764000	0.030256
0.764333	0.029840
0.764667	0.029687
0.765000	0.029712
0.765333	0.030598
0.765667	0.030095
0.766000	0.031425
0.766333	0.043876
0.766667	0.062628
0.767000	0.066264
0.767333	0.065272
0.767667	0.063017
0.768000	0.060000
0.768333	0.058170
0.768667	0.063901
0.769000	0.081825
0.769333	0.085531
0.769667	0.082959
0.770000	0.078361
0.770333	0.074668
0.770667	0.071244
0.771000	0.069131
0.771333	0.065935
0.771667	0.064617
0.772000	0.062326
0.772333	0.060784
0.772667	0.059947
0.773000	0.058722
0.773333	0.057714
0.773667	0.062429
0.774000	0.079137
0.774333	0.086157
0.774667	0.084090
0.775000	0.081397
0.775333	0.078563
0.775667	0.075586
0.776000	0.072532
0.776333	0.070481
0.776667	0.068345
0.777000	0.066104
0.777333	0.064219
0.777667	0.062971
0.778000	0.061966
0.778333	0.060013
0.778667	0.059462
0.779000	0.058010
0.779333	0.056283
0.779667	0.056008
0.780000	0.055839
0.780333	0.054932
0.780667	0.053823
0.781000	0.054179
0.781333	0.061756
0.781667	0.077395
0.782000	0.081793
0.782333	0.080260
0.782667	0.077922
0.783000	0.075857
0.783333	0.073283
0.783667	0.071406
0.784000	0.069187
0.784333	0.066959
0.784667	0.065836
0.785000	0.063631
0.785333	0.062709
0.785667	0.061479
0.786000	0.060418
0.786333	0.062111
0.786667	0.072038
0.787000	0.085796
0.787333	0.088571
0.787667	0.085725
0.788000	0.081949
0.788333	0.079172
0.788667	0.075876
0.789000	0.074042
0.789333	0.071435
0.789667	0.069510
0.790000	0.068432
0.790333	0.069801
0.790667	0.081120
0.791000	0.094534
0.791333	0.093589
0.791667	0.090700
0.792000	0.086776
0.792333	0.084007
0.792667	0.081330
0.793000	0.079239
0.793333	0.077059
0.793667	0.077397
0.794000	0.086758
0.794333	0.098496
0.794667	0.098047
0.795000	0.095226
0.795333	0.091516
0.795667	0.088931
0.796000	0.085926
0.796333	0.083583
0.796667	0.081138
0.797000	0.079430
0.797333	0.078596
0.797667	0.075983
0.798000	0.076265
0.798333	0.085562
0.798667	0.098146
0.799000	0.098927
0.799333	0.096614
0.799667	0.092390
0.800000	0.090265
0.800333	0.086713
0.800667	0.084651
0.801000	0.081788
0.801333	0.080272
0.801667	0.078660
0.802000	0.076894
0.802333	0.077103
0.802667	0.084363
0.803000	0.098099
0.803333	0.099377
0.803667	0.096661
0.804000	0.092668
0.804333	0.090759
0.804667	0.088316
0.805000	0.085178
0.805333	0.083040
0.805667	0.081149
0.806000	0.079097
0.806333	0.076509
0.806667	0.075613
0.807000	0.074114
0.807333	0.072991
0.807667	0.071548
0.808000	0.069922
0.808333	0.068827
0.808667	0.068232
0.809000	0.066881
0.809333	0.066882
0.809667	0.065088
0.810000	0.064921
0.810333	0.063821
0.810667	0.062835
0.811000	0.061941
0.811333	0.061184
0.811667	0.060581
0.812000	0.060102
0.812333	0.059566
0.812667	0.059035
0.813000	0.058484
0.813333	0.058305
0.813667	0.057464
0.814000	0.056869
0.814333	0.056848
0.814667	0.056461
0.815000	0.055713
0.815333	0.055437
0.815667	0.054420
0.816000	0.054740
0.816333	0.054153
0.816667	0.054123
0.817000	0.053470
0.817333	0.052524
0.817667	0.052786
0.818000	0.052311
0.818333	0.051291
0.818667	0.051785
0.819000	0.050962
0.819333	0.051438
0.819667	0.050141
0.820000	0.050066
0.820333	0.049920
0.820667	0.049631
0.821000	0.049614
0.821333	0.049603
0.821667	0.048877
0.822000	0.048485
0.822333	0.048854
0.822667	0.048672
0.823000	0.048281
0.823333	0.049566
0.823667	0.052899
0.824000	0.062920
0.824333	0.076251
0.824667	0.077269
0.825000	0.075425
0.825333	0.073980
0.825667	0.071209
0.826000	0.068984
0.826333	0.067613
0.826667	0.065492
0.827000	0.064941
0.827333	0.062678
0.827667	0.062081
0.828000	0.064933
0.828333	0.077317
0.828667	0.088122
0.829000	0.088052
0.829333	0.084646
0.829667	0.082274
0.830000	0.079170
0.830333	0.076579
0.830667	0.074004
0.831000	0.072286
0.831333	0.069692
0.831667	0.068359
0.832000	0.066912
0.832333	0.065963
0.832667	0.064586
0.833000	0.063682
0.833333	0.063752
0.833667	0.063850
0.834000	0.070001
0.834333	0.084208
0.834667	0.087898
0.835000	0.086502
0.835333	0.083958
0.835667	0.081079
0.836000	0.078223
0.836333	0.076776
0.836667	0.074164
0.837000	0.072592
0.837333	0.070631
0.837667	0.069420
0.838000	0.067686
0.838333	0.066796
0.838667	0.065181
0.839000	0.064211
0.839333	0.064372
0.839667	0.065633
0.840000	0.075815
0.840333	0.087950
0.840667	0.087419
0.841000	0.085720
0.841333	0.082279
0.841667	0.080283
0.842000	0.077737
0.842333	0.075491
0.842667	0.073240
0.843000	0.071565
0.843333	0.070091
0.843667	0.068695
0.844000	0.068119
0.844333	0.066122
0.844667	0.065101
0.845000	0.063987
0.845333	0.063319
0.845667	0.062081
0.846000	0.061298
0.846333	0.060744
0.846667	0.059607
0.847000	0.059065
0.847333	0.058452
0.847667	0.058235
0.848000	0.057135
0.848333	0.056354
0.848667	0.055540
0.849000	0.054834
0.849333	0.054750
0.849667	0.054626
0.850000	0.054528
0.850333	0.053796
0.850667	0.052841
0.851000	0.053318
0.851333	0.052693
0.851667	0.052493
0.852000	0.051490
0.852333	0.051668
0.852667	0.052140
0.853000	0.050905
0.853333	0.050156
0.853667	0.050247
0.854000	0.049686
0.854333	0.049515
0.854667	0.048961
0.855000	0.049217
0.855333	0.049050
0.855667	0.048785
0.856000	0.047926
0.856333	0.047861
0.856667	0.048013
0.857000	0.047190
0.857333	0.047373
0.857667	0.047129
0.858000	0.047200
0.858333	0.046563
0.858667	0.046469
0.859000	0.046563
0.859333	0.046247
0.859667	0.045895
0.860000	0.046203
0.860333	0.045461
0.860667	0.044753
0.861000	0.044178
0.861333	0.044099
0.861667	0.044120
0.862000	0.044779
0.862333	0.043826
0.862667	0.043670
0.863000	0.043729
0.863333	0.042748
0.863667	0.044011
0.864000	0.043495
0.864333	0.042927
0.864667	0.042962
0.865000	0.042692
0.865333	0.042744
0.865667	0.042273
0.866000	0.042671
0.866333	0.042183
0.866667	0.042519
0.867000	0.042233
0.867333	0.041991
0.867667	0.042031
0.868000	0.041284
0.868333	0.040911
0.868667	0.041214
0.869000	0.041010
0.869333	0.040864
0.869667	0.040321
0.870000	0.041240
0.870333	0.040306
0.870667	0.040369
0.871000	0.040245
0.871333	0.040539
0.871667	0.040432
0.872000	0.041123
0.872333	0.040227
0.872667	0.039605
0.873000	0.039832
0.873333	0.039813
0.873667	0.040183
0.874000	0.039622
0.874333	0.039775
0.874667	0.039484
0.875000	0.039306
0.875333	0.039187
0.875667	0.038919
0.876000	0.038281
0.876333	0.039001
0.876667	0.038666
0.877000	0.038742
0.877333	0.039056
0.877667	0.038390
0.878000	0.038575
0.878333	0.038497
0.878667	0.038740
0.879000	0.038058
0.879333	0.038096
0.879667	0.038253
0.880000	0.038591
0.880333	0.038351
0.880667	0.037823
0.881000	0.037931
0.881333	0.037862
0.881667	0.037328
0.882000	0.037987
0.882333	0.036692
0.882667	0.037540
0.883000	0.037422
0.883333	0.037071
0.883667	0.037311
0.884000	0.037392
0.884333	0.036444
0.884667	0.036774
0.885000	0.036842
0.885333	0.037310
0.885667	0.036614
0.886000	0.036069
0.886333	0.036730
0.886667	0.036333
0.887000	0.036224
0.887333	0.035947
0.887667	0.035564
0.888000	0.036373
0.888333	0.036106
0.888667	0.035662
0.889000	0.036219
0.889333	0.035789
0.889667	0.035939
0.890000	0.035546
0.890333	0.035410
0.890667	0.035349
0.891000	0.035552
0.891333	0.035470
0.891667	0.035233
0.892000	0.036186
0.892333	0.035527
0.892667	0.035141
0.893000	0.034399
0.893333	0.034963
0.893667	0.035214
0.894000	0.035527
0.894333	0.034766
0.894667	0.035446
0.895000	0.034785
0.895333	0.034882
0.895667	0.035164
0.896000	0.034494
0.896333	0.035212
0.896667	0.034677
0.897000	0.034725
0.897333	0.034176
0.897667	0.034876
0.898000	0.034111
0.898333	0.034348
0.898667	0.034272
0.899000	0.033649
0.899333	0.033164
0.899667	0.034674
0.900000	0.034330
0.900333	0.034206
0.900667	0.033489
0.901000	0.033878
0.901333	0.034282
0.901667	0.033911
0.902000	0.033242
0.902333	0.033803
0.902667	0.033778
0.903000	0.033394
0.903333	0.033831
0.903667	0.033257
0.904000	0.033509
0.904333	0.033157
0.904667	0.033971
0.905000	0.033333
0.905333	0.033072
0.905667	0.033082
0.906000	0.033488
0.906333	0.033485
0.906667	0.033235
0.907000	0.033581
0.907333	0.033027
0.907667	0.033265
0.908000	0.032347
0.908333	0.032971
0.908667	0.032594
0.909000	0.032875
0.909333	0.033500
0.909667	0.032315
0.910000	0.032081
0.910333	0.033049
0.910667	0.032596
0.911000	0.032935
0.911333	0.032497
0.911667	0.032229
0.912000	0.032733
0.912333	0.032987
0.912667	0.032608
0.913000	0.032124
0.913333	0.032046
0.913667	0.032529
0.914000	0.031951
0.914333	0.032333
0.914667	0.032907
0.915000	0.032214
0.915333	0.032248
0.915667	0.031741
0.916000	0.031766
0.916333	0.032826
0.916667	0.032091
0.917000	0.032336
0.917333	0.031821
0.917667	0.032330
0.918000	0.031762
0.918333	0.032035
0.918667	0.031323
0.919000	0.031915
0.919333	0.031663
0.919667	0.032131
0.920000	0.032173
0.920333	0.031389
0.920667	0.032299
0.921000	0.031418
0.921333	0.031430
0.921667	0.031510
0.922000	0.031997
0.922333	0.032090
0.922667	0.031273
0.923000	0.031528
0.923333	0.031083
0.923667	0.031314
0.924000	0.031709
0.924333	0.031439
0.924667	0.031692
0.925000	0.031486
0.925333	0.030434
0.925667	0.030923
0.926000	0.030540
0.926333	0.030453
0.926667	0.030643
0.927000	0.030642
0.927333	0.030676
0.927667	0.030811
0.928000	0.030542
0.928333	0.031065
0.928667	0.031350
0.929000	0.031385
0.929333	0.031275
0.929667	0.031725
0.930000	0.031424
0.930333	0.031545
0.930667	0.031463
0.931000	0.031583
0.931333	0.031191
0.931667	0.030790
0.932000	0.030526
0.932333	0.030745
0.932667	0.030616
0.933000	0.030487
0.933333	0.031039
0.933667	0.030173
0.934000	0.030734
0.934333	0.029829
0.934667	0.030657
0.935000	0.030617
0.935333	0.030504
0.935667	0.030417
0.936000	0.030121
0.936333	0.030696
0.936667	0.031135
0.937000	0.030065
0.937333	0.030348
0.937667	0.031141
0.938000	0.030785
0.938333	0.030886
0.938667	0.031039
0.939000	0.031100
0.939333	0.030517
0.939667	0.030853
0.940000	0.029979
0.940333	0.029981
0.940667	0.030251
0.941000	0.031022
0.941333	0.030297
0.941667	0.029967
0.942000	0.029230
0.942333	0.029897
0.942667	0.029735
0.943000	0.029728
0.943333	0.030021
0.943667	0.030284
0.944000	0.030290
0.944333	0.030117
0.944667	0.030022
0.945000	0.030328
0.945333	0.030208
0.945667	0.030440
0.946000	0.030379
0.946333	0.030442
0.946667	0.030312
0.947000	0.030076
0.947333	0.029922
0.947667	0.030090
0.948000	0.029873
0.948333	0.030274
0.948667	0.029678
0.949000	0.029274
0.949333	0.029108
0.949667	0.029592
0.950000	0.029664
0.950333	0.029137
0.950667	0.029991
0.951000	0.029262
0.951333	0.030227
0.951667	0.029543
0.952000	0.029561
0.952333	0.029593
0.952667	0.029942
0.953000	0.029649
0.953333	0.029372
0.953667	0.029828
0.954000	0.029788
0.954333	0.029076
0.954667	0.028616
0.955000	0.029372
0.955333	0.029347
0.955667	0.029289
0.956000	0.029259
0.956333	0.029982
0.956667	0.029062
0.957000	0.029178
0.957333	0.029524
0.957667	0.029132
0.958000	0.029638
0.958333	0.029159
0.958667	0.029445
0.959000	0.029353
0.959333	0.029213
0.959667	0.029516
0.960000	0.029511
0.960333	0.029542
0.960667	0.028816
0.961000	0.028948
0.961333	0.029246
0.961667	0.029266
0.962000	0.028379
0.962333	0.029055
0.962667	0.029169
0.963000	0.028753
0.963333	0.028818
0.963667	0.028826
0.964000	0.028718
0.964333	0.028629
0.964667	0.028989
0.965000	0.029049
0.965333	0.029446
0.965667	0.028776
0.966000	0.029159
0.966333	0.028627
0.966667	0.028906
0.967000	0.028627
0.967333	0.028888
0.967667	0.028556
0.968000	0.028425
0.968333	0.028127
0.968667	0.028724
0.969000	0.028368
0.969333	0.028651
0.969667	0.028219
0.970000	0.028215
0.970333	0.028426
0.970667	0.028571
0.971000	0.028140
0.971333	0.028405
0.971667	0.028319
0.972000	0.028916
0.972333	0.028413
0.972667	0.028280
0.973000	0.028676
0.973333	0.029035
0.973667	0.028299
0.974000	0.027733
0.974333	0.028097
0.974667	0.027761
0.975000	0.028126
0.975333	0.028489
0.975667	0.028051
0.976000	0.028183
0.976333	0.027682
0.976667	0.028072
0.977000	0.028392
0.977333	0.027958
0.977667	0.027502
0.978000	0.027942
0.978333	0.028397
0.978667	0.028690
0.979000	0.029377
0.979333	0.029140
0.979667	0.028103
0.980000	0.028721
0.980333	0.028979
0.980667	0.028408
0.981000	0.029128
0.981333	0.027703
0.981667	0.027798
0.982000	0.027892
0.982333	0.028390
0.982667	0.028119
0.983000	0.027926
0.983333	0.028861
0.983667	0.027733
0.984000	0.027704
0.984333	0.027943
0.984667	0.027960
0.985000	0.027971
0.985333	0.027957
0.985667	0.027959
0.986000	0.028164
0.986333	0.028089
0.986667	0.028882
0.987000	0.037831
0.987333	0.058501
0.987667	0.064197
0.988000	0.063579
0.988333	0.060865
0.988667	0.057011
0.989000	0.055351
0.989333	0.052713
0.989667	0.051693
0.990000	0.052815
0.990333	0.066057
0.990667	0.080143
0.991000	0.079328
0.991333	0.075686
0.991667	0.072337
0.992000	0.068937
0.992333	0.066465
0.992667	0.063599
0.993000	0.061391
0.993333	0.059244
0.993667	0.057573
0.994000	0.055987
0.994333	0.056945
0.994667	0.062636
0.995000	0.079042
0.995333	0.082517
0.995667	0.080441
0.996000	0.077359
0.996333	0.074631
0.996667	0.070830
0.997000	0.068228
0.997333	0.066520
0.997667	0.064435
0.998000	0.063737
0.998333	0.065134
0.998667	0.075832
0.999000	0.087860
0.999333	0.088925
0.999667	0.085053
1.000000	0.081908
1.000333	0.061546
1.000667	0.061226
1.001000	0.060457
1.001333	0.058847
1.001667	0.058930
1.002000	0.058385
1.002333	0.059681
1.002667	0.065621
1.003000	0.077717
1.003333	0.083640
1.003667	0.081974
1.004000	0.079841
1.004333	0.077283
1.004667	0.075294
1.005000	0.072877
1.005333	0.071257
1.005667	0.069738
1.006000	0.068059
1.006333	0.067727
1.006667	0.067589
1.007000	0.068381
1.007333	0.070783
1.007667	0.080293
1.008000	0.089743
1.008333	0.092527
1.008667	0.090485
1.009000	0.087330
1.009333	0.083909
1.009667	0.080970
1.010000	0.079288
1.010333	0.076807
1.010667	0.075015
1.011000	0.072825
1.011333	0.071368
1.011667	0.070265
1.012000	0.069139
1.012333	0.067604
1.012667	0.066317
1.013000	0.066109
1.013333	0.064418
1.013667	0.062902
1.014000	0.062561
1.014333	0.061845
1.014667	0.060995
1.015000	0.063688
1.015333	0.070877
1.015667	0.083850
1.016000	0.085832
1.016333	0.084211
1.016667	0.081068
1.017000	0.078448
1.017333	0.075921
1.017667	0.074411
1.018000	0.072788
1.018333	0.071209
1.018667	0.069577
1.019000	0.068460
1.019333	0.066337
1.019667	0.066132
1.020000	0.064316
1.020333	0.063479
1.020667	0.062257
1.021000	0.061753
1.021333	0.060739
1.021667	0.060508
1.022000	0.059397
1.022333	0.058370
1.022667	0.058037
1.023000	0.057567
1.023333	0.056740
1.023667	0.056986
1.024000	0.055966
1.024333	0.055235
1.024667	0.055537
1.025000	0.054367
1.025333	0.053926
1.025667	0.053816
1.026000	0.053110
1.026333	0.052026
1.026667	0.052262
1.027000	0.051874
1.027333	0.051447
1.027667	0.051994
1.028000	0.051495
1.028333	0.050464
1.028667	0.049677
1.029000	0.049293
1.029333	0.049087
1.029667	0.048959
1.030000	0.048943
1.030333	0.048477
1.030667	0.048819
1.031000	0.047793
1.031333	0.047398
1.031667	0.047514
1.032000	0.047552
1.032333	0.047137
1.032667	0.046279
1.033000	0.045964
1.033333	0.046643
1.033667	0.045928
1.034000	0.046289
1.034333	0.045401
1.034667	0.045312
1.035000	0.045731
1.035333	0.044929
1.035667	0.045265
1.036000	0.044664
1.036333	0.044250
1.036667	0.044877
1.037000	0.045323
1.037333	0.044653
1.037667	0.044533
1.038000	0.044872
1.038333	0.043760
1.038667	0.043371
1.039000	0.043653
1.039333	0.043660
1.039667	0.043779
1.040000	0.042855
1.040333	0.043318
1.040667	0.042556
1.041000	0.042738
1.041333	0.042981
1.041667	0.041885
1.042000	0.041318
1.042333	0.041947
1.042667	0.041668
1.043000	0.041635
1.043333	0.041276
1.043667	0.040810
1.044000	0.041219
1.044333	0.041158
1.044667	0.041189
1.045000	0.040528
1.045333	0.040543
1.045667	0.040625
1.046000	0.040478
1.046333	0.040411
1.046667	0.040954
1.047000	0.039643
1.047333	0.040953
1.047667	0.040713
1.048000	0.040480
1.048333	0.040043
1.048667	0.039966
1.049000	0.039342
1.049333	0.039602
1.049667	0.039356
1.050000	0.038803
1.050333	0.038633
1.050667	0.038959
1.051000	0.038788
1.051333	0.038450
1.051667	0.038548
1.052000	0.038399
1.052333	0.038207
1.052667	0.037664
1.053000	0.037796
1.053333	0.038221
1.053667	0.038040
1.054000	0.037577
1.054333	0.037570
1.054667	0.037130
1.055000	0.037821
1.055333	0.037563
1.055667	0.037185
1.056000	0.037814
1.056333	0.038531
1.056667	0.037499
1.057000	0.037377
1.057333	0.037323
1.057667	0.037509
1.058000	0.037459
1.058333	0.037277
1.058667	0.037179
1.059000	0.038229
1.059333	0.036957
1.059667	0.036477
1.060000	0.037593
1.060333	0.036951
1.060667	0.037042
1.061000	0.036034
1.061333	0.036526
1.061667	0.035902
1.062000	0.035702
1.062333	0.035957
1.062667	0.034933
1.063000	0.035165
1.063333	0.035559
1.063667	0.035371
1.064000	0.035699
1.064333	0.034877
1.064667	0.035555
1.065000	0.035962
1.065333	0.035803
1.065667	0.035896
1.066000	0.036355
1.066333	0.035793
1.066667	0.036116
1.067000	0.035693
1.067333	0.036116
1.067667	0.036204
1.068000	0.035759
1.068333	0.035653
1.068667	0.035086
1.069000	0.035266
1.069333	0.035023
1.069667	0.034151
1.070000	0.034596
1.070333	0.034849
1.070667	0.034582
1.071000	0.034313
1.071333	0.034467
1.071667	0.034407
1.072000	0.034506
1.072333	0.034177
1.072667	0.033375
1.073000	0.034582
1.073333	0.035165
1.073667	0.034726
1.074000	0.034135
1.074333	0.034793
1.074667	0.034360
1.075000	0.034680
1.075333	0.035254
1.075667	0.034710
1.076000	0.034378
1.076333	0.033908
1.076667	0.034549
1.077000	0.033984
1.077333	0.033967
1.077667	0.034296
1.078000	0.034220
1.078333	0.033747
1.078667	0.034322
1.079000	0.033680
1.079333	0.033267
1.079667	0.034167
1.080000	0.034620
1.080333	0.034798
1.080667	0.034696
1.081000	0.034908
1.081333	0.034129
1.081667	0.034334
1.082000	0.033835
1.082333	0.033446
1.082667	0.033717
1.083000	0.033565
1.083333	0.033157
1.083667	0.032865
1.084000	0.033008
1.084333	0.032835
1.084667	0.032576
1.085000	0.032174
1.085333	0.031821
1.085667	0.032228
1.086000	0.033137
1.086333	0.032354
1.086667	0.032141
1.087000	0.033111
1.087333	0.033125
1.087667	0.033668
1.088000	0.033345
1.088333	0.033601
1.088667	0.033411
1.089000	0.033528
1.089333	0.033349
1.089667	0.033879
1.090000	0.033192
1.090333	0.032802
1.090667	0.032915
1.091000	0.032779
1.091333	0.032376
1.091667	0.032048
1.092000	0.032891
1.092333	0.032668
1.092667	0.032096
1.093000	0.032046
1.093333	0.032661
1.093667	0.031898
1.094000	0.032744
1.094333	0.032482
1.094667	0.031643
1.095000	0.032034
1.095333	0.033008
1.095667	0.032421
1.096000	0.031964
1.096333	0.032499
1.096667	0.032627
1.097000	0.032320
1.097333	0.032548
1.097667	0.031997
1.098000	0.032247
1.098333	0.032016
1.098667	0.032665
1.099000	0.032406
1.099333	0.032541
1.099667	0.032926
1.100000	0.032284
1.100333	0.032174
1.100667	0.032624
1.101000	0.032684
1.101333	0.032425
1.101667	0.032554
1.102000	0.033108
1.102333	0.032613
1.102667	0.032462
1.103000	0.032270
1.103333	0.032040
1.103667	0.031408
1.104000	0.032342
1.104333	0.031605
1.104667	0.032085
1.105000	0.031264
1.105333	0.031964
1.105667	0.031386
1.106000	0.031814
1.106333	0.031553
1.106667	0.031542
1.107000	0.031361
1.107333	0.031827
1.107667	0.032258
1.108000	0.032248
1.108333	0.031486
1.108667	0.032340
1.109000	0.032003
1.109333	0.031242
1.109667	0.031518
1.110000	0.031308
1.110333	0.031707
1.110667	0.031361
1.111000	0.031758
1.111333	0.031985
1.111667	0.031368
1.112000	0.030844
1.112333	0.030824
1.112667	0.031414
1.113000	0.030932
1.113333	0.031204
1.113667	0.031400
1.114000	0.031063
1.114333	0.031698
1.114667	0.031479
1.115000	0.031795
1.115333	0.032282
1.115667	0.031914
1.116000	0.031915
1.116333	0.031263
1.116667	0.031206
1.117000	0.031583
1.117333	0.030705
1.117667	0.031366
1.118000	0.030892
1.118333	0.030478
1.118667	0.031290
1.119000	0.031692
1.119333	0.031106
1.119667	0.031489
1.120000	0.031426
1.120333	0.031462
1.120667	0.030876
1.121000	0.031580
1.121333	0.030994
1.121667	0.031028
1.122000	0.031324
1.122333	0.031212
1.122667	0.031276
1.123000	0.031534
1.123333	0.031495
1.123667	0.030841
1.124000	0.031068
1.124333	0.030886
1.124667	0.030335
1.125000	0.031420
1.125333	0.031055
1.125667	0.030604
1.126000	0.031001
1.126333	0.031278
1.126667	0.031168
1.127000	0.031343
1.127333	0.030633
1.127667	0.030947
1.128000	0.030358
1.128333	0.030923
1.128667	0.031215
1.129000	0.030441
1.129333	0.030962
1.129667	0.031105
1.130000	0.031131
1.130333	0.031022
1.130667	0.031035
1.131000	0.030716
1.131333	0.031646
1.131667	0.030729
1.132000	0.030528
1.132333	0.030957
1.132667	0.030940
1.133000	0.031372
1.133333	0.030357
1.133667	0.030606
1.134000	0.030749
1.134333	0.030554
1.134667	0.030589
1.135000	0.030367
1.135333	0.030332
1.135667	0.030875
1.136000	0.030549
1.136333	0.031061
1.136667	0.031358
1.137000	0.030621
1.137333	0.031112
1.137667	0.030451
1.138000	0.030037
1.138333	0.030814
1.138667	0.031676
1.139000	0.030446
1.139333	0.030614
1.139667	0.029925
1.140000	0.029952
1.140333	0.030412
1.140667	0.030118
1.141000	0.031126
1.141333	0.030940
1.141667	0.030530
1.142000	0.030759
1.142333	0.031121
1.142667	0.031520
1.143000	0.031172
1.143333	0.030445
1.143667	0.030566
1.144000	0.030176
1.144333	0.030555
1.144667	0.030732
1.145000	0.030826
1.145333	0.031010
1.145667	0.030266
1.146000	0.030677
1.146333	0.030077
1.146667	0.030424
1.147000	0.029819
1.147333	0.029962
1.147667	0.030166
1.148000	0.030133
1.148333	0.030178
1.148667	0.030057
1.149000	0.030554
1.149333	0.030282
1.149667	0.030304
1.150000	0.030190
1.150333	0.031037
1.150667	0.030633
1.151000	0.030613
1.151333	0.030163
1.151667	0.029790
1.152000	0.030411
1.152333	0.030234
1.152667	0.030492
1.153000	0.030642
1.153333	0.030167
1.153667	0.030048
1.154000	0.030259
1.154333	0.030435
1.154667	0.029807
1.155000	0.029778
1.155333	0.030264
1.155667	0.030190
1.156000	0.030283
1.156333	0.029954
1.156667	0.030373
1.157000	0.030372
1.157333	0.030577
1.157667	0.030194
1.158000	0.030444
1.158333	0.031096
1.158667	0.030109
1.159000	0.029922
1.159333	0.030074
1.159667	0.030087
1.160000	0.030163
1.160333	0.030739
1.160667	0.030803
1.161000	0.031419
1.161333	0.030264
1.161667	0.030106
1.162000	0.030805
1.162333	0.030204
1.162667	0.029824
1.163000	0.029780
1.163333	0.030108
1.163667	0.029902
1.164000	0.030547
1.164333	0.029742
1.164667	0.029815
1.165000	0.030220
1.165333	0.029786
1.165667	0.030184
1.166000	0.029923
1.166333	0.030059
1.166667	0.029948
1.167000	0.029918
1.167333	0.030311
1.167667	0.029729
1.168000	0.029508
1.168333	0.030406
1.168667	0.030885
1.169000	0.030614
1.169333	0.030371
1.169667	0.030426
1.170000	0.030369
1.170333	0.030010
1.170667	0.030892
1.171000	0.029450
1.171333	0.029718
1.171667	0.029995
1.172000	0.030287
1.172333	0.030341
1.172667	0.030255
1.173000	0.029749
1.173333	0.030036
1.173667	0.030258
1.174000	0.030861
1.174333	0.029859
1.174667	0.030419
1.175000	0.029684
1.175333	0.030381
1.175667	0.029982
1.176000	0.030118
1.176333	0.029991
1.176667	0.030597
1.177000	0.029974
1.177333	0.029883
1.177667	0.029679
1.178000	0.030143
1.178333	0.030043
1.178667	0.030747
1.179000	0.030122
1.179333	0.029931
1.179667	0.030328
1.180000	0.030047
1.180333	0.029782
1.180667	0.030206
1.181000	0.029642
1.181333	0.030511
1.181667	0.029595
1.182000	0.029729
1.182333	0.030243
1.182667	0.029478
1.183000	0.029917
1.183333	0.029960
1.183667	0.029661
1.184000	0.029291
1.184333	0.029395
1.184667	0.030430
1.185000	0.029875
1.185333	0.030183
1.185667	0.030082
1.186000	0.029736
1.186333	0.030047
1.186667	0.029672
1.187000	0.030243
1.187333	0.029710
1.187667	0.030079
1.188000	0.030175
1.188333	0.029611
1.188667	0.029669
1.189000	0.029447
1.189333	0.030149
1.189667	0.030349
1.190000	0.030273
1.190333	0.030103
1.190667	0.030114
1.191000	0.029826
1.191333	0.030421
1.191667	0.029216
1.192000	0.029757
1.192333	0.029681
1.192667	0.029792
1.193000	0.029850
1.193333	0.029599
1.193667	0.029548
1.194000	0.030307
1.194333	0.029987
1.194667	0.029860
1.195000	0.029785
1.195333	0.030128
1.195667	0.030104
1.196000	0.029447
1.196333	0.029887
1.196667	0.030330
1.197000	0.029446
1.197333	0.029990
1.197667	0.029573
1.198000	0.030040
1.198333	0.029356
1.198667	0.029661
1.199000	0.029889
1.199333	0.029830
1.199667	0.029869
1.200000	0.029605
1.200333	0.030016
1.200667	0.030232
1.201000	0.030223
1.201333	0.029799
1.201667	0.030172
1.202000	0.029562
1.202333	0.029613
1.202667	0.029969
1.203000	0.029533
1.203333	0.029502
1.203667	0.029648
1.204000	0.029484
1.204333	0.030345
1.204667	0.029960
1.205000	0.029910
1.205333	0.029597
1.205667	0.029648
1.206000	0.029865
1.206333	0.029244
1.206667	0.029896
1.207000	0.029669
1.207333	0.029170
1.207667	0.029374
1.208000	0.030119
1.208333	0.029740
1.208667	0.029677
1.209000	0.029658
1.209333	0.029537
1.209667	0.029763
1.210000	0.029234
1.210333	0.029210
1.210667	0.029583
1.211000	0.029893
1.211333	0.029585
1.211667	0.029382
1.212000	0.030060
1.212333	0.029660
1.212667	0.029432
1.213000	0.029859
1.213333	0.029757
1.213667	0.029778
1.214000	0.029510
1.214333	0.030056
1.214667	0.029486
1.215000	0.029799
1.215333	0.029123
1.215667	0.029482
1.216000	0.029605
1.216333	0.030255
1.216667	0.029804
1.217000	0.029685
1.217333	0.030136
1.217667	0.030012
1.218000	0.029482
1.218333	0.029975
1.218667	0.029804
1.219000	0.029872
1.219333	0.029764
1.219667	0.029521
1.220000	0.030274
1.220333	0.029162
1.220667	0.029885
1.221000	0.030120
1.221333	0.029550
1.221667	0.029412
1.222000	0.029677
1.222333	0.029827
1.222667	0.029112
1.223000	0.029036
1.223333	0.029306
1.223667	0.029118
1.224000	0.029551
1.224333	0.029540
1.224667	0.029431
1.225000	0.029572
1.225333	0.029795
1.225667	0.029674
1.226000	0.030084
1.226333	0.029168
1.226667	0.029319
1.227000	0.029481
1.227333	0.029512
1.227667	0.029292
1.228000	0.029313
1.228333	0.029986
1.228667	0.030076
1.229000	0.029584
1.229333	0.029629
1.229667	0.030057
1.230000	0.028802
1.230333	0.029789
1.230667	0.029263
1.231000	0.029578
1.231333	0.030045
1.231667	0.030124
1.232000	0.029120
1.232333	0.030313
1.232667	0.030136
1.233000	0.028954
1.233333	0.029294
1.233667	0.029788
1.234000	0.029490
1.234333	0.029200
1.234667	0.029322
1.235000	0.029372
1.235333	0.029146
1.235667	0.029934
1.236000	0.029409
1.236333	0.029326
1.236667	0.029377
1.237000	0.029783
1.237333	0.029365
1.237667	0.029976
1.238000	0.029590
1.238333	0.029180
1.238667	0.029710
1.239000	0.028993
1.239333	0.029722
1.239667	0.030089
1.240000	0.029158
1.240333	0.029125
1.240667	0.030150
1.241000	0.030059
1.241333	0.029506
1.241667	0.029624
1.242000	0.029821
1.242333	0.029746
1.242667	0.029890
1.243000	0.028787
1.243333	0.029404
1.243667	0.029228
1.244000	0.029693
1.244333	0.029272
1.244667	0.029612
1.245000	0.029898
1.245333	0.029777
1.245667	0.039709
1.246000	0.060699
1.246333	0.067816
1.246667	0.065222
1.247000	0.063330
1.247333	0.060168
1.247667	0.058016
1.248000	0.056403
1.248333	0.056278
1.248667	0.063915
1.249000	0.081790
1.249333	0.084758
1.249667	0.080579
1.250000	0.077688
1.250333	0.073588
1.250667	0.070951
1.251000	0.068773
1.251333	0.068712
1.251667	0.070907
1.252000	0.082606
1.252333	0.095091
1.252667	0.093367
1.253000	0.088347
1.253333	0.085110
1.253667	0.081076
1.254000	0.077219
1.254333	0.074501
1.254667	0.072479
1.255000	0.072343
1.255333	0.077201
1.255667	0.092177
1.256000	0.096701
1.256333	0.093265
1.256667	0.089756
1.257000	0.086038
1.257333	0.083499
1.257667	0.080100
1.258000	0.078333
1.258333	0.077395
1.258667	0.082603
1.259000	0.094194
1.259333	0.098671
1.259667	0.096084
1.260000	0.092818
1.260333	0.090313
1.260667	0.086796
1.261000	0.083660
1.261333	0.080525
1.261667	0.078797
1.262000	0.076673
1.262333	0.075221
1.262667	0.072943
1.263000	0.071623
1.263333	0.070503
1.263667	0.069120
1.264000	0.067433
1.264333	0.070230
1.264667	0.080450
1.265000	0.093238
1.265333	0.093258
1.265667	0.090157
1.266000	0.087087
1.266333	0.084344
1.266667	0.082057
1.267000	0.079823
1.267333	0.077485
1.267667	0.079453
1.268000	0.091756
1.268333	0.102747
1.268667	0.100557
1.269000	0.097382
1.269333	0.093456
1.269667	0.090437
1.270000	0.086988
1.270333	0.084655
1.270667	0.082214
1.271000	0.079225
1.271333	0.077474
1.271667	0.078851
1.272000	0.089627
1.272333	0.101396
1.272667	0.101041
1.273000	0.098638
1.273333	0.094705
1.273667	0.091443
1.274000	0.088942
1.274333	0.085425
1.274667	0.083425
1.275000	0.081432
1.275333	0.079712
1.275667	0.078169
1.276000	0.076266
1.276333	0.074188
1.276667	0.073592
1.277000	0.071726
1.277333	0.070171
1.277667	0.072386
1.278000	0.080086
1.278333	0.094010
1.278667	0.095348
1.279000	0.093065
1.279333	0.090587
1.279667	0.087307
1.280000	0.085634
1.280333	0.082739
1.280667	0.083253
1.281000	0.088727
1.281333	0.099799
1.281667	0.102109
1.282000	0.099962
1.282333	0.097092
1.282667	0.093222
1.283000	0.089962
1.283333	0.087697
1.283667	0.085379
1.284000	0.083219
1.284333	0.081147
1.284667	0.079477
1.285000	0.078724
1.285333	0.076787
1.285667	0.077311
1.286000	0.077427
1.286333	0.086379
1.286667	0.102943
1.287000	0.102071
1.287333	0.098611
1.287667	0.095055
1.288000	0.091513
1.288333	0.087750
1.288667	0.085668
1.289000	0.083573
1.289333	0.082060
1.289667	0.080690
1.290000	0.081882
1.290333	0.092473
1.290667	0.104276
1.291000	0.103417
1.291333	0.099533
1.291667	0.096463
1.292000	0.092797
1.292333	0.089817
1.292667	0.087596
1.293000	0.084930
1.293333	0.082960
1.293667	0.081174
1.294000	0.080330
1.294333	0.079419
1.294667	0.084587
1.295000	0.097599
1.295333	0.100935
1.295667	0.099582
1.296000	0.096567
1.296333	0.093540
1.296667	0.090717
1.297000	0.088916
1.297333	0.085732
1.297667	0.083741
1.298000	0.082424
1.298333	0.080539
1.298667	0.079798
1.299000	0.077722
1.299333	0.075960
1.299667	0.074322
1.300000	0.074034
1.300333	0.072220
1.300667	0.071435
1.301000	0.070705
1.301333	0.069370
1.301667	0.069755
1.302000	0.069678
1.302333	0.077656
1.302667	0.089342
1.303000	0.092675
1.303333	0.089699
1.303667	0.086849
1.304000	0.085025
1.304333	0.082063
1.304667	0.079826
1.305000	0.078441
1.305333	0.076533
1.305667	0.075910
1.306000	0.073907
1.306333	0.072620
1.306667	0.071601
1.307000	0.069912
1.307333	0.069574
1.307667	0.068079
1.308000	0.067604
1.308333	0.066847
1.308667	0.065922
1.309000	0.065310
1.309333	0.064285
1.309667	0.063897
1.310000	0.062590
1.310333	0.062184
1.310667	0.061592
1.311000	0.061554
1.311333	0.061009
1.311667	0.060446
1.312000	0.059645
1.312333	0.059013
1.312667	0.058523
1.313000	0.058746
1.313333	0.057578
1.313667	0.057203
1.314000	0.057709
1.314333	0.057136
1.314667	0.056448
1.315000	0.056626
1.315333	0.055789
1.315667	0.055787
1.316000	0.054790
1.316333	0.054507
1.316667	0.054172
1.317000	0.054678
1.317333	0.053676
1.317667	0.053551
1.318000	0.052917
1.318333	0.053290
1.318667	0.053226
1.319000	0.051929
1.319333	0.052594
1.319667	0.053209
1.320000	0.056626
1.320333	0.061919
1.320667	0.074200
1.321000	0.080222
1.321333	0.078718
1.321667	0.077541
1.322000	0.074814
1.322333	0.073127
1.322667	0.070893
1.323000	0.069107
1.323333	0.067383
1.323667	0.066422
1.324000	0.065384
1.324333	0.063733
1.324667	0.062788
1.325000	0.061239
1.325333	0.061059
1.325667	0.059466
1.326000	0.060037
1.326333	0.057979
1.326667	0.058282
1.327000	0.056804
1.327333	0.056070
1.327667	0.055694
1.328000	0.055767
1.328333	0.054721
1.328667	0.054563
1.329000	0.053969
1.329333	0.053559
1.329667	0.054790
1.330000	0.052528
1.330333	0.053122
1.330667	0.052073
1.331000	0.052031
1.331333	0.050891
1.331667	0.050571
1.332000	0.050781
1.332333	0.050510
1.332667	0.050110
1.333000	0.050264
1.333333	0.050272
1.333667	0.049155
1.334000	0.049706
1.334333	0.049622
1.334667	0.049423
1.335000	0.048979
1.335333	0.048381
1.335667	0.048392
1.336000	0.047887
1.336333	0.048188
1.336667	0.047922
1.337000	0.047084
1.337333	0.046928
1.337667	0.047004
1.338000	0.046659
1.338333	0.046465
1.338667	0.046544
1.339000	0.046743
1.339333	0.045666
1.339667	0.045363
1.340000	0.045599
1.340333	0.045733
1.340667	0.045246
1.341000	0.044936
1.341333	0.045448
1.341667	0.045094
1.342000	0.044872
1.342333	0.045054
1.342667	0.044485
1.343000	0.044154
1.343333	0.044367
1.343667	0.045043
1.344000	0.043888
1.344333	0.043448
1.344667	0.043921
1.345000	0.044087
1.345333	0.043770
1.345667	0.043781
1.346000	0.043011
1.346333	0.043241
1.346667	0.042481
1.347000	0.042593
1.347333	0.042698
1.347667	0.042426
1.348000	0.043112
1.348333	0.042820
1.348667	0.042817
1.349000	0.042289
1.349333	0.042450
1.349667	0.041631
1.350000	0.042134
1.350333	0.041404
1.350667	0.041538
1.351000	0.041599
1.351333	0.041998
1.351667	0.042308
1.352000	0.041056
1.352333	0.041767
1.352667	0.041463
1.353000	0.040854
1.353333	0.040734
1.353667	0.041103
1.354000	0.040247
1.354333	0.040789
1.354667	0.040066
1.355000	0.040299
1.355333	0.040578
1.355667	0.040608
1.356000	0.039265
1.356333	0.040914
1.356667	0.040094
1.357000	0.040023
1.357333	0.039554
1.357667	0.040214
1.358000	0.040022
1.358333	0.039579
1.358667	0.039274
1.359000	0.039287
1.359333	0.039304
1.359667	0.039774
1.360000	0.038794
1.360333	0.039831
1.360667	0.039509
1.361000	0.039168
1.361333	0.039806
1.361667	0.039418
1.362000	0.038904
1.362333	0.039052
1.362667	0.038462
1.363000	0.038729
1.363333	0.038613
1.363667	0.038249
1.364000	0.038350
1.364333	0.038612
1.364667	0.037980
1.365000	0.038362
1.365333	0.038229
1.365667	0.038321
1.366000	0.037503
1.366333	0.037555
1.366667	0.037777
1.367000	0.038148
1.367333	0.038659
1.367667	0.038463
1.368000	0.038335
1.368333	0.037866
1.368667	0.037856
1.369000	0.037358
1.369333	0.038139
1.369667	0.037199
1.370000	0.037367
1.370333	0.037662
1.370667	0.037288
1.371000	0.037222
1.371333	0.036630
1.371667	0.037566
1.372000	0.036674
1.372333	0.037161
1.372667	0.036486
1.373000	0.036896
1.373333	0.037155
1.373667	0.036815
1.374000	0.037687
1.374333	0.037118
1.374667	0.036940
1.375000	0.036368
1.375333	0.036764
1.375667	0.036439
1.376000	0.035903
1.376333	0.035730
1.376667	0.036301
1.377000	0.035709
1.377333	0.035408
1.377667	0.035400
1.378000	0.036411
1.378333	0.035022
1.378667	0.035479
1.379000	0.035858
1.379333	0.035862
1.379667	0.036289
1.380000	0.036391
1.380333	0.036045
1.380667	0.036916
1.381000	0.037355
1.381333	0.036503
1.381667	0.036037
1.382000	0.036324
1.382333	0.036101
1.382667	0.035685
1.383000	0.035583
1.383333	0.037163
1.383667	0.047103
1.384000	0.065488
1.384333	0.070434
1.384667	0.067902
1.385000	0.065634
1.385333	0.062781
1.385667	0.060443
1.386000	0.059294
1.386333	0.058456
1.386667	0.057738
1.387000	0.063373
1.387333	0.084614
1.387667	0.087704
1.388000	0.082750
1.388333	0.079278
1.388667	0.076248
1.389000	0.072267
1.389333	0.070368
1.389667	0.067893
1.390000	0.065928
1.390333	0.063983
1.390667	0.063659
1.391000	0.069517
1.391333	0.086281
1.391667	0.091485
1.392000	0.087658
1.392333	0.083954
1.392667	0.080349
1.393000	0.077421
1.393333	0.074908
1.393667	0.072848
1.394000	0.071483
1.394333	0.069415
1.394667	0.068488
1.395000	0.065963
1.395333	0.064652
1.395667	0.064033
1.396000	0.062524
1.396333	0.061048
1.396667	0.060318
1.397000	0.059514
1.397333	0.057981
1.397667	0.056934
1.398000	0.056896
1.398333	0.055147
1.398667	0.055436
1.399000	0.054743
1.399333	0.053977
1.399667	0.052884
1.400000	0.052673
1.400333	0.052685
1.400667	0.051805
1.401000	0.051180
1.401333	0.051291
1.401667	0.050680
1.402000	0.050549
1.402333	0.050240
1.402667	0.049216
1.403000	0.049600
1.403333	0.048245
1.403667	0.048487
1.404000	0.047451
1.404333	0.047487
1.404667	0.047686
1.405000	0.046859
1.405333	0.046504
1.405667	0.046392
1.406000	0.046429
1.406333	0.046182
1.406667	0.046026
1.407000	0.045501
1.407333	0.045370
1.407667	0.045151
1.408000	0.045818
1.408333	0.044652
1.408667	0.044232
1.409000	0.044329
1.409333	0.044082
1.409667	0.044816
1.410000	0.044198
1.410333	0.043281
1.410667	0.043015
1.411000	0.043427
1.411333	0.043163
1.411667	0.042405
1.412000	0.043033
1.412333	0.042044
1.412667	0.041730
1.413000	0.042090
1.413333	0.041303
1.413667	0.041271
1.414000	0.040961
1.414333	0.041401
1.414667	0.040912
1.415000	0.040716
1.415333	0.040228
1.415667	0.040607
1.416000	0.040601
1.416333	0.041079
1.416667	0.040462
1.417000	0.040641
1.417333	0.040777
1.417667	0.040453
1.418000	0.039995
1.418333	0.040563
1.418667	0.039580
1.419000	0.039772
1.419333	0.039561
1.419667	0.039997
1.420000	0.039839
1.420333	0.038919
1.420667	0.039738
1.421000	0.039616
1.421333	0.038818
1.421667	0.038643
1.422000	0.038918
1.422333	0.038815
1.422667	0.038787
1.423000	0.038484
1.423333	0.037805
1.423667	0.038070
1.424000	0.037754
1.424333	0.038011
1.424667	0.038129
1.425000	0.038177
1.425333	0.038038
1.425667	0.037211
1.426000	0.038150
1.426333	0.037813
1.426667	0.037559
1.427000	0.037669
1.427333	0.037469
1.427667	0.037548
1.428000	0.037785
1.428333	0.036537
1.428667	0.037092
1.429000	0.036399
1.429333	0.036362
1.429667	0.037287
1.430000	0.037286
1.430333	0.036885
1.430667	0.036734
1.431000	0.036600
1.431333	0.036405
1.431667	0.036924
1.432000	0.036379
1.432333	0.036274
1.432667	0.037074
1.433000	0.036480
1.433333	0.036071
1.433667	0.036491
1.434000	0.035478
1.434333	0.035517
1.434667	0.036068
1.435000	0.035226
1.435333	0.035108
1.435667	0.035864
1.436000	0.035425
1.436333	0.035902
1.436667	0.035853
1.437000	0.036311
1.437333	0.036070
1.437667	0.036008
1.438000	0.036228
1.438333	0.036079
1.438667	0.036010
1.439000	0.036086
1.439333	0.036729
1.439667	0.035688
1.440000	0.035573
1.440333	0.035465
1.440667	0.035845
1.441000	0.035422
1.441333	0.035330
1.441667	0.035604
1.442000	0.034682
1.442333	0.035107
1.442667	0.035429
1.443000	0.035450
1.443333	0.035300
1.443667	0.035663
1.444000	0.035263
1.444333	0.036163
1.444667	0.035623
1.445000	0.034851
1.445333	0.035044
1.445667	0.034793
1.446000	0.034635
1.446333	0.034881
1.446667	0.034819
1.447000	0.034794
1.447333	0.034536
1.447667	0.034721
1.448000	0.034435
1.448333	0.034790
1.448667	0.034376
1.449000	0.033930
1.449333	0.034461
1.449667	0.035475
1.450000	0.035053
1.450333	0.035379
1.450667	0.034850
1.451000	0.034919
1.451333	0.034592
1.451667	0.034446
1.452000	0.034517
1.452333	0.034681
1.452667	0.034759
1.453000	0.034374
1.453333	0.034751
1.453667	0.034119
1.454000	0.033563
1.454333	0.033271
1.454667	0.033686
1.455000	0.033896
1.455333	0.033985
1.455667	0.033872
1.456000	0.033323
1.456333	0.034338
1.456667	0.033832
1.457000	0.034001
1.457333	0.034370
1.457667	0.034421
1.458000	0.033993
1.458333	0.033623
1.458667	0.034026
1.459000	0.033609
1.459333	0.034258
1.459667	0.033669
1.460000	0.033099
1.460333	0.032769
1.460667	0.034014
1.461000	0.033171
1.461333	0.033228
1.461667	0.033223
1.462000	0.033726
1.462333	0.033558
1.462667	0.033015
1.463000	0.033401
1.463333	0.033804
1.463667	0.033052
1.464000	0.033720
1.464333	0.033269
1.464667	0.033407
1.465000	0.033673
1.465333	0.033623
1.465667	0.033609
1.466000	0.033504
1.466333	0.032938
1.466667	0.032400
1.467000	0.033151
1.467333	0.033371
1.467667	0.032864
1.468000	0.032821
1.468333	0.032719
1.468667	0.032590
1.469000	0.032900
1.469333	0.032502
1.469667	0.033560
1.470000	0.032706
1.470333	0.032753
1.470667	0.033165
1.471000	0.033969
1.471333	0.033324
1.471667	0.032771
1.472000	0.032756
1.472333	0.033425
1.472667	0.032480
1.473000	0.032813
1.473333	0.033091
1.473667	0.032762
1.474000	0.032513
1.474333	0.032621
1.474667	0.032864
1.475000	0.032100
1.475333	0.032349
1.475667	0.032843
1.476000	0.031481
1.476333	0.032243
1.476667	0.032789
1.477000	0.032497
1.477333	0.032857
1.477667	0.032414
1.478000	0.032095
1.478333	0.032582
1.478667	0.032681
1.479000	0.032258
1.479333	0.032214
1.479667	0.032207
1.480000	0.032406
1.480333	0.032465
1.480667	0.032388
1.481000	0.032909
1.481333	0.032320
1.481667	0.032143
1.482000	0.032112
1.482333	0.032851
1.482667	0.031946
1.483000	0.032179
1.483333	0.032449
1.483667	0.032477
1.484000	0.032440
1.484333	0.032008
1.484667	0.031228
1.485000	0.032578
1.485333	0.031702
1.485667	0.032146
1.486000	0.032406
1.486333	0.032079
1.486667	0.031832
1.487000	0.032267
1.487333	0.031682
1.487667	0.032661
1.488000	0.031749
1.488333	0.031626
1.488667	0.031781
1.489000	0.032547
1.489333	0.032097
1.489667	0.031575
1.490000	0.031924
1.490333	0.031541
1.490667	0.031810
1.491000	0.032099
1.491333	0.032194
1.491667	0.031438
1.492000	0.031255
1.492333	0.031824
1.492667	0.031672
1.493000	0.032063
1.493333	0.032065
1.493667	0.032101
1.494000	0.031689
1.494333	0.031379
1.494667	0.030939
1.495000	0.030957
1.495333	0.031464
1.495667	0.032003
1.496000	0.031054
1.496333	0.031291
1.496667	0.030891
1.497000	0.031476
1.497333	0.031477
1.497667	0.031784
1.498000	0.031522
1.498333	0.031807
1.498667	0.032212
1.499000	0.031725
1.499333	0.031301
1.499667	0.031930
1.500000	0.031935
1.500333	0.031479
1.500667	0.032005
1.501000	0.031768
1.501333	0.031951
1.501667	0.032000
1.502000	0.031106
1.502333	0.031188
1.502667	0.031773
1.503000	0.030829
1.503333	0.031124
1.503667	0.031805
1.504000	0.031845
1.504333	0.030849
1.504667	0.030591
1.505000	0.031222
1.505333	0.031727
1.505667	0.031690
1.506000	0.031648
1.506333	0.031263
1.506667	0.031782
1.507000	0.031387
1.507333	0.031294
1.507667	0.031215
1.508000	0.030532
1.508333	0.031198
1.508667	0.031349
1.509000	0.031364
1.509333	0.030967
1.509667	0.031059
1.510000	0.031605
1.510333	0.031298
1.510667	0.030939
1.511000	0.031070
1.511333	0.031937
1.511667	0.030957
1.512000	0.031762
1.512333	0.031159
1.512667	0.031882
1.513000	0.031025
1.513333	0.031118
1.513667	0.030675
1.514000	0.031470
1.514333	0.031369
1.514667	0.031386
1.515000	0.031595
1.515333	0.030759
1.515667	0.031170
1.516000	0.031208
1.516333	0.030752
1.516667	0.031424
1.517000	0.030977
1.517333	0.031246
1.517667	0.030640
1.518000	0.030764
1.518333	0.030945
1.518667	0.031231
1.519000	0.031471
1.519333	0.031439
1.519667	0.030841
1.520000	0.030942
1.520333	0.031275
1.520667	0.030582
1.521000	0.031220
1.521333	0.030337
1.521667	0.030919
1.522000	0.030271
1.522333	0.031241
1.522667	0.030605
1.523000	0.031577
1.523333	0.030873
1.523667	0.031254
1.524000	0.030924
1.524333	0.030755
1.524667	0.031271
1.525000	0.030798
1.525333	0.030097
1.525667	0.031228
1.526000	0.031452
1.526333	0.030808
1.526667	0.030421
1.527000	0.030400
1.527333	0.030180
1.527667	0.030856
1.528000	0.030567
1.528333	0.030064
1.528667	0.030373
1.529000	0.030411
1.529333	0.030245
1.529667	0.029612
1.530000	0.030027
1.530333	0.029393
1.530667	0.030009
1.531000	0.030183
1.531333	0.031045
1.531667	0.030452
1.532000	0.030720
1.532333	0.030978
1.532667	0.030591
1.533000	0.031422
1.533333	0.031339
1.533667	0.031412
1.534000	0.030664
1.534333	0.031762
1.534667	0.031763
1.535000	0.031524
1.535333	0.031115
1.535667	0.030893
1.536000	0.031079
1.536333	0.030666
1.536667	0.030160
1.537000	0.030338
1.537333	0.030313
1.537667	0.030209
1.538000	0.030289
1.538333	0.030538
1.538667	0.030164
1.539000	0.029926
1.539333	0.030141
1.539667	0.030267
1.540000	0.030335
1.540333	0.030703
1.540667	0.030752
1.541000	0.029869
1.541333	0.030339
1.541667	0.030277
1.542000	0.030331
1.542333	0.030923
1.542667	0.030361
1.543000	0.030147
1.543333	0.030027
1.543667	0.030123
1.544000	0.030453
1.544333	0.030193
1.544667	0.030007
1.545000	0.030559
1.545333	0.030144
1.545667	0.029945
1.546000	0.030219
1.546333	0.030926
1.546667	0.030371
1.547000	0.030157
1.547333	0.030378
1.547667	0.030493
1.548000	0.030588
1.548333	0.030723
1.548667	0.030447
1.549000	0.030371
1.549333	0.030224
1.549667	0.030609
1.550000	0.030326
1.550333	0.030464
1.550667	0.030204
1.551000	0.029940
1.551333	0.030134
1.551667	0.030240
1.552000	0.030833
1.552333	0.030639
1.552667	0.029928
1.553000	0.030303
1.553333	0.030540
1.553667	0.030187
1.554000	0.029845
1.554333	0.030602
1.554667	0.030333
1.555000	0.030947
1.555333	0.030450
1.555667	0.030437
1.556000	0.029950
1.556333	0.030100
1.556667	0.030717
1.557000	0.029973
1.557333	0.029804
1.557667	0.030090
1.558000	0.029878
1.558333	0.030498
1.558667	0.029463
1.559000	0.029885
1.559333	0.030578
1.559667	0.030081
1.560000	0.030495
1.560333	0.031010
1.560667	0.029923
1.561000	0.029505
1.561333	0.030843
1.561667	0.030725
1.562000	0.029950
1.562333	0.029894
1.562667	0.030280
1.563000	0.029854
1.563333	0.029535
1.563667	0.029799
1.564000	0.030090
1.564333	0.030286
1.564667	0.029592
1.565000	0.029346
1.565333	0.029240
1.565667	0.029203
1.566000	0.029891
1.566333	0.029696
1.566667	0.029917
1.567000	0.029611
1.567333	0.030400
1.567667	0.030116
1.568000	0.029617
1.568333	0.029861
1.568667	0.030112
1.569000	0.030162
1.569333	0.030287
1.569667	0.029560
1.570000	0.030182
1.570333	0.030282
1.570667	0.030518
1.571000	0.029483
1.571333	0.030266
1.571667	0.029831
1.572000	0.029054
1.572333	0.029333
1.572667	0.029794
1.573000	0.029702
1.573333	0.029355
1.573667	0.029700
1.574000	0.029436
1.574333	0.030286
1.574667	0.029993
1.575000	0.029637
1.575333	0.029896
1.575667	0.030327
1.576000	0.029153
1.576333	0.029753
1.576667	0.029111
1.577000	0.030333
1.577333	0.029165
1.577667	0.029774
1.578000	0.029994
1.578333	0.029684
1.578667	0.029372
1.579000	0.029338
1.579333	0.029454
1.579667	0.030467
1.580000	0.029363
1.580333	0.029438
1.580667	0.029857
1.581000	0.029115
1.581333	0.029717
1.581667	0.029296
1.582000	0.029976
1.582333	0.029941
1.582667	0.029454
1.583000	0.029896
1.583333	0.029865
1.583667	0.029150
1.584000	0.029626
1.584333	0.029641
1.584667	0.029581
1.585000	0.029498
1.585333	0.029340
1.585667	0.029975
1.586000	0.029932
1.586333	0.029613
1.586667	0.029302
1.587000	0.029771
1.587333	0.029577
1.587667	0.030011
1.588000	0.029481
1.588333	0.029521
1.588667	0.030044
1.589000	0.029119
1.589333	0.029213
1.589667	0.029478
1.590000	0.029226
1.590333	0.029468
1.590667	0.029496
1.591000	0.029729
1.591333	0.029846
1.591667	0.029828
1.592000	0.030325
1.592333	0.030161
1.592667	0.029405
1.593000	0.030108
1.593333	0.030148
1.593667	0.029248
1.594000	0.029787
1.594333	0.029262
1.594667	0.030245
1.595000	0.029270
1.595333	0.029045
1.595667	0.029518
1.596000	0.029622
1.596333	0.030187
1.596667	0.030119
1.597000	0.029238
1.597333	0.029512
1.597667	0.029305
1.598000	0.030357
1.598333	0.028821
1.598667	0.029085
1.599000	0.029384
1.599333	0.029460
1.599667	0.029293
1.600000	0.029119
1.600333	0.028887
1.600667	0.029125
1.601000	0.029357
1.601333	0.029940
1.601667	0.029937
1.602000	0.029790
1.602333	0.029416
1.602667	0.028792
1.603000	0.029127
1.603333	0.029654
1.603667	0.028993
1.604000	0.030129
1.604333	0.029303
1.604667	0.029588
1.605000	0.029220
1.605333	0.029385
1.605667	0.029201
1.606000	0.028560
1.606333	0.028936
1.606667	0.028996
1.607000	0.028939
1.607333	0.029574
1.607667	0.029602
1.608000	0.029242
1.608333	0.029547
1.608667	0.029384
1.609000	0.029030
1.609333	0.028902
1.609667	0.029400
1.610000	0.029443
1.610333	0.029425
1.610667	0.028888
1.611000	0.028807
1.611333	0.029101
1.611667	0.029196
1.612000	0.029437
1.612333	0.029576
1.612667	0.029088
1.613000	0.029090
1.613333	0.029095
1.613667	0.029157
1.614000	0.029435
1.614333	0.033429
1.614667	0.049648
1.615000	0.064803
1.615333	0.065537
1.615667	0.063803
1.616000	0.061193
1.616333	0.059015
1.616667	0.057813
1.617000	0.063472
1.617333	0.079366
1.617667	0.082987
1.618000	0.079931
1.618333	0.076770
1.618667	0.072802
1.619000	0.070034
1.619333	0.067645
1.619667	0.066255
1.620000	0.066515
1.620333	0.078904
1.620667	0.091738
1.621000	0.089911
1.621333	0.086294
1.621667	0.082422
1.622000	0.079385
1.622333	0.076326
1.622667	0.072952
1.623000	0.070599
1.623333	0.069320
1.623667	0.067859
1.624000	0.072082
1.624333	0.085328
1.624667	0.092954
1.625000	0.091386
1.625333	0.087673
1.625667	0.084098
1.626000	0.080734
1.626333	0.078529
1.626667	0.075847
1.627000	0.073727
1.627333	0.071420
1.627667	0.069770
1.628000	0.067713
1.628333	0.066228
1.628667	0.064420
1.629000	0.064278
1.629333	0.062461
1.629667	0.060899
1.630000	0.060818
1.630333	0.059748
1.630667	0.058946
1.631000	0.058819
1.631333	0.058160
1.631667	0.059573
1.632000	0.062242
1.632333	0.067710
1.632667	0.083841
1.633000	0.087954
1.633333	0.085115
1.633667	0.081061
1.634000	0.078802
1.634333	0.075698
1.634667	0.072442
1.635000	0.070987
1.635333	0.069756
1.635667	0.068818
1.636000	0.070472
1.636333	0.076053
1.636667	0.092813
1.637000	0.096528
1.637333	0.093145
1.637667	0.090070
1.638000	0.085741
1.638333	0.082795
1.638667	0.080569
1.639000	0.078657
1.639333	0.075863
1.639667	0.073962
1.640000	0.073113
1.640333	0.074979
1.640667	0.089615
1.641000	0.098559
1.641333	0.096377
1.641667	0.092419
1.642000	0.089265
1.642333	0.086694
1.642667	0.083703
1.643000	0.082398
1.643333	0.079727
1.643667	0.077487
1.644000	0.076462
1.644333	0.074159
1.644667	0.072968
1.645000	0.072149
1.645333	0.079349
1.645667	0.093767
1.646000	0.096889
1.646333	0.094168
1.646667	0.090828
1.647000	0.088083
1.647333	0.085162
1.647667	0.081933
1.648000	0.080555
1.648333	0.078755
1.648667	0.081009
1.649000	0.093058
1.649333	0.101709
1.649667	0.099840
1.650000	0.097055
1.650333	0.092846
1.650667	0.089322
1.651000	0.086559
1.651333	0.084956
1.651667	0.082181
1.652000	0.085482
1.652333	0.096891
1.652667	0.103237
1.653000	0.101435
1.653333	0.097965
1.653667	0.094538
1.654000	0.091828
1.654333	0.088883
1.654667	0.086629
1.655000	0.084052
1.655333	0.082071
1.655667	0.080273
1.656000	0.078171
1.656333	0.076868
1.656667	0.075681
1.657000	0.073789
1.657333	0.072966
1.657667	0.076677
1.658000	0.087970
1.658333	0.095498
1.658667	0.093992
1.659000	0.091884
1.659333	0.089195
1.659667	0.087241
1.660000	0.084692
1.660333	0.082593
1.660667	0.081039
1.661000	0.078564
1.661333	0.077001
1.661667	0.079206
1.662000	0.089768
1.662333	0.098443
1.662667	0.098410
1.663000	0.095623
1.663333	0.092590
1.663667	0.090037
1.664000	0.086910
1.664333	0.083829
1.664667	0.082579
1.665000	0.081567
1.665333	0.080645
1.665667	0.081978
1.666000	0.090254
1.666333	0.099342
1.666667	0.099494
1.667000	0.096503
1.667333	0.093538
1.667667	0.090885
1.668000	0.087686
1.668333	0.086164
1.668667	0.084058
1.669000	0.082682
1.669333	0.087935
1.669667	0.098029
1.670000	0.100383
1.670333	0.099383
1.670667	0.096703
1.671000	0.092980
1.671333	0.090633
1.671667	0.087978
1.672000	0.085804
1.672333	0.084075
1.672667	0.081347
1.673000	0.080424
1.673333	0.078278
1.673667	0.076691
1.674000	0.075711
1.674333	0.074904
1.674667	0.073564
1.675000	0.072385
1.675333	0.070872
1.675667	0.070226
1.676000	0.068709
1.676333	0.068649
1.676667	0.067665
1.677000	0.066424
1.677333	0.065442
1.677667	0.065178
1.678000	0.064383
1.678333	0.063904
1.678667	0.063609
1.679000	0.062474
1.679333	0.062715
1.679667	0.062219
1.680000	0.063005
1.680333	0.067196
1.680667	0.079503
1.681000	0.086381
1.681333	0.084916
1.681667	0.082082
1.682000	0.078899
1.682333	0.077232
1.682667	0.075550
1.683000	0.073292
1.683333	0.072683
1.683667	0.071091
1.684000	0.069558
1.684333	0.067376
1.684667	0.067611
1.685000	0.066944
1.685333	0.069902
1.685667	0.079027
1.686000	0.089481
1.686333	0.089209
1.686667	0.087283
1.687000	0.084582
1.687333	0.082950
1.687667	0.080985
1.688000	0.078171
1.688333	0.076518
1.688667	0.075010
1.689000	0.073194
1.689333	0.071540
1.689667	0.070239
1.690000	0.069403
1.690333	0.068155
1.690667	0.066829
1.691000	0.066011
1.691333	0.064940
1.691667	0.063918
1.692000	0.063719
1.692333	0.062366
1.692667	0.061936
1.693000	0.061524
1.693333	0.061790
1.693667	0.060362
1.694000	0.059598
1.694333	0.058783
1.694667	0.058437
1.695000	0.058201
1.695333	0.057528
1.695667	0.056234
1.696000	0.056051
1.696333	0.056337
1.696667	0.055899
1.697000	0.055218
1.697333	0.055247
1.697667	0.055219
1.698000	0.054476
1.698333	0.053998
1.698667	0.053588
1.699000	0.053039
1.699333	0.053110
1.699667	0.052594
1.700000	0.052609
1.700333	0.051664
1.700667	0.051563
1.701000	0.051289
1.701333	0.051304
1.701667	0.050565
1.702000	0.050051
1.702333	0.050538
1.702667	0.050059
1.703000	0.050099
1.703333	0.049815
1.703667	0.049081
1.704000	0.048814
1.704333	0.049007
1.704667	0.048245
1.705000	0.048342
1.705333	0.048330
1.705667	0.048724
1.706000	0.047999
1.706333	0.047861
1.706667	0.047604
1.707000	0.048122
1.707333	0.046702
1.707667	0.047088
1.708000	0.046732
1.708333	0.046649
1.708667	0.046371
1.709000	0.046072
1.709333	0.046196
1.709667	0.046391
1.710000	0.045819
1.710333	0.045301
1.710667	0.046162
1.711000	0.045614
1.711333	0.045074
1.711667	0.044966
1.712000	0.044864
1.712333	0.044508
1.712667	0.044244
1.713000	0.045099
1.713333	0.044330
1.713667	0.044317
1.714000	0.044445
1.714333	0.043422
1.714667	0.042979
1.715000	0.043591
1.715333	0.042831
1.715667	0.043408
1.716000	0.042717
1.716333	0.042651
1.716667	0.042742
1.717000	0.042656
1.717333	0.043139
1.717667	0.042754
1.718000	0.041759
1.718333	0.042192
1.718667	0.042696
1.719000	0.042546
1.719333	0.042065
1.719667	0.041733
1.720000	0.041511
1.720333	0.041695
1.720667	0.041431
1.721000	0.041926
1.721333	0.041909
1.721667	0.041310
1.722000	0.041030
1.722333	0.040774
1.722667	0.041132
1.723000	0.040571
1.723333	0.040781
1.723667	0.040629
1.724000	0.040074
1.724333	0.040342
1.724667	0.040191
1.725000	0.040306
1.725333	0.040265
1.725667	0.039882
1.726000	0.040111
1.726333	0.040204
1.726667	0.039703
1.727000	0.039665
1.727333	0.039276
1.727667	0.039727
1.728000	0.039630
1.728333	0.039450
1.728667	0.039265
1.729000	0.038888
1.729333	0.039225
1.729667	0.038836
1.730000	0.039105
1.730333	0.038842
1.730667	0.038730
1.731000	0.038804
1.731333	0.038461
1.731667	0.038577
1.732000	0.038894
1.732333	0.038918
1.732667	0.038069
1.733000	0.038617
1.733333	0.037752
1.733667	0.038115
1.734000	0.038496
1.734333	0.038071
1.734667	0.037636
1.735000	0.037428
1.735333	0.037848
1.735667	0.037755
1.736000	0.037266
1.736333	0.037184
1.736667	0.037755
1.737000	0.036882
1.737333	0.037417
1.737667	0.037769
1.738000	0.036906
1.738333	0.036549
1.738667	0.037604
1.739000	0.037096
1.739333	0.037443
1.739667	0.036356
1.740000	0.036389
1.740333	0.036327
1.740667	0.036844
1.741000	0.036687
1.741333	0.036593
1.741667	0.036104
1.742000	0.036278
1.742333	0.035834
1.742667	0.036220
1.743000	0.035931
1.743333	0.036128
1.743667	0.035976
1.744000	0.035966
1.744333	0.035213
1.744667	0.035608
1.745000	0.036043
1.745333	0.035296
1.745667	0.035643
1.746000	0.036643
1.746333	0.035980
1.746667	0.035369
1.747000	0.035388
1.747333	0.035817
1.747667	0.034764
1.748000	0.035351
1.748333	0.034991
1.748667	0.035167
1.749000	0.035315
1.749333	0.035003
1.749667	0.035590
1.750000	0.035495
1.750333	0.034911
1.750667	0.034237
1.751000	0.034590
1.751333	0.034709
1.751667	0.034715
1.752000	0.034908
1.752333	0.034874
1.752667	0.035137
1.753000	0.034580
1.753333	0.034444
1.753667	0.034567
1.754000	0.034532
1.754333	0.034425
1.754667	0.033815
1.755000	0.034193
1.755333	0.034444
1.755667	0.034249
1.756000	0.034156
1.756333	0.034743
1.756667	0.033668
1.757000	0.033681
1.757333	0.034089
1.757667	0.033912
1.758000	0.033718
1.758333	0.033150
1.758667	0.033814
1.759000	0.033626
1.759333	0.033712
1.759667	0.032833
1.760000	0.033453
1.760333	0.033494
1.760667	0.032941
1.761000	0.033836
1.761333	0.032917
1.761667	0.033512
1.762000	0.033352
1.762333	0.033813
1.762667	0.033734
1.763000	0.033793
1.763333	0.033448
1.763667	0.033681
1.764000	0.033573
1.764333	0.033573
1.764667	0.033251
1.765000	0.033549
1.765333	0.033014
1.765667	0.033568
1.766000	0.033393
1.766333	0.033058
1.766667	0.033214
1.767000	0.032830
1.767333	0.033148
1.767667	0.033600
1.768000	0.033176
1.768333	0.032916
1.768667	0.032532
1.769000	0.032463
1.769333	0.032838
1.769667	0.032693
1.770000	0.032382
1.770333	0.032915
1.770667	0.032682
1.771000	0.033187
1.771333	0.033022
1.771667	0.032175
1.772000	0.032461
1.772333	0.032369
1.772667	0.032099
1.773000	0.032060
1.773333	0.032294
1.773667	0.032256
1.774000	0.032734
1.774333	0.032178
1.774667	0.032969
1.775000	0.032690
1.775333	0.031828
1.775667	0.032474
1.776000	0.031968
1.776333	0.032738
1.776667	0.032296
1.777000	0.032097
1.777333	0.032117
1.777667	0.032346
1.778000	0.032103
1.778333	0.032078
1.778667	0.031438
1.779000	0.031893
1.779333	0.032001
1.779667	0.031797
1.780000	0.032011
1.780333	0.031108
1.780667	0.031759
1.781000	0.032038
1.781333	0.031898
1.781667	0.032071
1.782000	0.031558
1.782333	0.031763
1.782667	0.031757
1.783000	0.031348
1.783333	0.031976
1.783667	0.031813
1.784000	0.031656
1.784333	0.031371
1.784667	0.031283
1.785000	0.031577
1.785333	0.031959
1.785667	0.030870
1.786000	0.031023
1.786333	0.031819
1.786667	0.031173
1.787000	0.031951
1.787333	0.031482
1.787667	0.031617
1.788000	0.031876
1.788333	0.031997
1.788667	0.030890
1.789000	0.030576
1.789333	0.031573
1.789667	0.031058
1.790000	0.031309
1.790333	0.031402
1.790667	0.031129
1.791000	0.031328
1.791333	0.031224
1.791667	0.031534
1.792000	0.031455
1.792333	0.030962
1.792667	0.031511
1.793000	0.031655
1.793333	0.031218
1.793667	0.030729
1.794000	0.030336
1.794333	0.031305
1.794667	0.030731
1.795000	0.030796
1.795333	0.030183
1.795667	0.030716
1.796000	0.030277
1.796333	0.030968
1.796667	0.031112
1.797000	0.030894
1.797333	0.030931
1.797667	0.030955
1.798000	0.031059
1.798333	0.030500
1.798667	0.031144
1.799000	0.031000
1.799333	0.030693
1.799667	0.030429
1.800000	0.030696
1.800333	0.030611
1.800667	0.030533
1.801000	0.030277
1.801333	0.030517
1.801667	0.030192
1.802000	0.030959
1.802333	0.030775
1.802667	0.031171
1.803000	0.030231
1.803333	0.030648
1.803667	0.030073
1.804000	0.031194
1.804333	0.029822
1.804667	0.030584
1.805000	0.030430
1.805333	0.030637
1.805667	0.030369
1.806000	0.030086
1.806333	0.030373
1.806667	0.030061
1.807000	0.030488
1.807333	0.029745
1.807667	0.030180
1.808000	0.029941
1.808333	0.030749
1.808667	0.030374
1.809000	0.030149
1.809333	0.030941
1.809667	0.031238
1.810000	0.030658
1.810333	0.030639
1.810667	0.030149
1.811000	0.030369
1.811333	0.029467
1.811667	0.030343
1.812000	0.030680
1.812333	0.030025
1.812667	0.029190
1.813000	0.030115
1.813333	0.030262
1.813667	0.029881
1.814000	0.030126
1.814333	0.029877
1.814667	0.030062
1.815000	0.029748
1.815333	0.029249
1.815667	0.029763
1.816000	0.030015
1.816333	0.030144
1.816667	0.029457
1.817000	0.029313
1.817333	0.029902
1.817667	0.029880
1.818000	0.029971
1.818333	0.029769
1.818667	0.030253
1.819000	0.030293
1.819333	0.029279
1.819667	0.029444
1.820000	0.029974
1.820333	0.030045
1.820667	0.029505
1.821000	0.029941
1.821333	0.029133
1.821667	0.029336
1.822000	0.029709
1.822333	0.029596
1.822667	0.028757
1.823000	0.029666
1.823333	0.030181
1.823667	0.029676
1.824000	0.029452
1.824333	0.029423
1.824667	0.029544
1.825000	0.029468
1.825333	0.029322
1.825667	0.029267
1.826000	0.029426
1.826333	0.029775
1.826667	0.029561
1.827000	0.028519
1.827333	0.029263
1.827667	0.029287
1.828000	0.028828
1.828333	0.029502
1.828667	0.029091
1.829000	0.028563
1.829333	0.028719
1.829667	0.029136
1.830000	0.028781
1.830333	0.029264
1.830667	0.028655
1.831000	0.029025
1.831333	0.029318
1.831667	0.028304
1.832000	0.029244
1.832333	0.029024
1.832667	0.028899
1.833000	0.028801
1.833333	0.029431
1.833667	0.028776
1.834000	0.029971
1.834333	0.028866
1.834667	0.028607
1.835000	0.029062
1.835333	0.029154
1.835667	0.029027
1.836000	0.028996
1.836333	0.028457
1.836667	0.028735
1.837000	0.029127
1.837333	0.029560
1.837667	0.028925
1.838000	0.028769
1.838333	0.029049
1.838667	0.029032
1.839000	0.029341
1.839333	0.028844
1.839667	0.029073
1.840000	0.029187
1.840333	0.027927
1.840667	0.028264
1.841000	0.028815
1.841333	0.028392
1.841667	0.028637
1.842000	0.029159
1.842333	0.028547
1.842667	0.028950
1.843000	0.028743
1.843333	0.027759
1.843667	0.028632
1.844000	0.028444
1.844333	0.029212
1.844667	0.028598
1.845000	0.028484
1.845333	0.028340
1.845667	0.028111
1.846000	0.028801
1.846333	0.029438
1.846667	0.028908
1.847000	0.028560
1.847333	0.028808
1.847667	0.028887
1.848000	0.028748
1.848333	0.028743
1.848667	0.028893
1.849000	0.029370
1.849333	0.028524
1.849667	0.028806
1.850000	0.028490
1.850333	0.028718
1.850667	0.028691
1.851000	0.029060
1.851333	0.028464
1.851667	0.027925
1.852000	0.029070
1.852333	0.029205
1.852667	0.028660
1.853000	0.028566
1.853333	0.028810
1.853667	0.028214
1.854000	0.028139
1.854333	0.028359
1.854667	0.028266
1.855000	0.027871
1.855333	0.029042
1.855667	0.028057
1.856000	0.028113
1.856333	0.028532
1.856667	0.028521
1.857000	0.028353
1.857333	0.027986
1.857667	0.028766
1.858000	0.028656
1.858333	0.028195
1.858667	0.028417
1.859000	0.027972
1.859333	0.028015
1.859667	0.028292
1.860000	0.028382
1.860333	0.028413
1.860667	0.028542
1.861000	0.028405
1.861333	0.028566
1.861667	0.027657
1.862000	0.027876
1.862333	0.028031
1.862667	0.028600
1.863000	0.027867
1.863333	0.027985
1.863667	0.027949
1.864000	0.028402
1.864333	0.028191
1.864667	0.027386
1.865000	0.028302
1.865333	0.028218
1.865667	0.028265
1.866000	0.027819
1.866333	0.028084
1.866667	0.027683
1.867000	0.028088
1.867333	0.027529
1.867667	0.027981
1.868000	0.027907
1.868333	0.027635
1.868667	0.027720
1.869000	0.028018
1.869333	0.027756
1.869667	0.027807
1.870000	0.027661
1.870333	0.027413
1.870667	0.027856
1.871000	0.028031
1.871333	0.027999
1.871667	0.027381
1.872000	0.027666
1.872333	0.027709
1.872667	0.027362
1.873000	0.026920
1.873333	0.028082
1.873667	0.027369
1.874000	0.027232
1.874333	0.027033
1.874667	0.027171
1.875000	0.027316
1.875333	0.027830
1.875667	0.027563
1.876000	0.027314
1.876333	0.027554
1.876667	0.027280
1.877000	0.028122
1.877333	0.027665
1.877667	0.027592
1.878000	0.027572
1.878333	0.027283
1.878667	0.026424
1.879000	0.027287
1.879333	0.027871
1.879667	0.027387
1.880000	0.027853
1.880333	0.027748
1.880667	0.027469
1.881000	0.027861
1.881333	0.027522
1.881667	0.027239
1.882000	0.026965
1.882333	0.027716
1.882667	0.027265
1.883000	0.027705
1.883333	0.027283
1.883667	0.027580
1.884000	0.026043
1.884333	0.027513
1.884667	0.027032
1.885000	0.028075
1.885333	0.027317
1.885667	0.027237
1.886000	0.027904
1.886333	0.027166
1.886667	0.027366
1.887000	0.027889
1.887333	0.026499
1.887667	0.027092
1.888000	0.026798
1.888333	0.027485
1.888667	0.027355
1.889000	0.027569
1.889333	0.026994
1.889667	0.027623
1.890000	0.027104
1.890333	0.026959
1.890667	0.027308
1.891000	0.027294
1.891333	0.027507
1.891667	0.027808
1.892000	0.027728
1.892333	0.027243
1.892667	0.026958
1.893000	0.027374
1.893333	0.027517
1.893667	0.026915
1.894000	0.026966
1.894333	0.027475
1.894667	0.027320
1.895000	0.026947
1.895333	0.027006
1.895667	0.027165
1.896000	0.026582
1.896333	0.026877
1.896667	0.026852
1.897000	0.027142
1.897333	0.027577
1.897667	0.026877
1.898000	0.026500
1.898333	0.026999
1.898667	0.026362
1.899000	0.026971
1.899333	0.026813
1.899667	0.026716
1.900000	0.026818
1.900333	0.026885
1.900667	0.026820
1.901000	0.027064
1.901333	0.026057
1.901667	0.027107
1.902000	0.027469
1.902333	0.026788
1.902667	0.026727
1.903000	0.026704
1.903333	0.027387
1.903667	0.026723
1.904000	0.026630
1.904333	0.026639
1.904667	0.026798
1.905000	0.027394
1.905333	0.027252
1.905667	0.026903
1.906000	0.026960
1.906333	0.025961
1.906667	0.026901
1.907000	0.026339
1.907333	0.027523
1.907667	0.027505
1.908000	0.028999
1.908333	0.041975
1.908667	0.060704
1.909000	0.062770
1.909333	0.060533
1.909667	0.057866
1.910000	0.055090
1.910333	0.053168
1.910667	0.052267
1.911000	0.056849
1.911333	0.073243
1.911667	0.079582
1.912000	0.076019
1.912333	0.073617
1.912667	0.070117
1.913000	0.067261
1.913333	0.064260
1.913667	0.061408
1.914000	0.060163
1.914333	0.058629
1.914667	0.059824
1.915000	0.073066
1.915333	0.084612
1.915667	0.083357
1.916000	0.080959
1.916333	0.076828
1.916667	0.074227
1.917000	0.071546
1.917333	0.068026
1.917667	0.066265
1.918000	0.063366
1.918333	0.062176
1.918667	0.060596
1.919000	0.059993
1.919333	0.057177
1.919667	0.056605
1.920000	0.055315
1.920333	0.053744
1.920667	0.054197
1.921000	0.052448
1.921333	0.053298
1.921667	0.057468
1.922000	0.071049
1.922333	0.079053
1.922667	0.078078
1.923000	0.076497
1.923333	0.073484
1.923667	0.070665
1.924000	0.068756
1.924333	0.066464
1.924667	0.064618
1.925000	0.062856
1.925333	0.060963
1.925667	0.059524
1.926000	0.058267
1.926333	0.057077
1.926667	0.056124
1.927000	0.055055
1.927333	0.054110
1.927667	0.052503
1.928000	0.052254
1.928333	0.052184
1.928667	0.051271
1.929000	0.050390
1.929333	0.049650
1.929667	0.049236
1.930000	0.048815
1.930333	0.048349
1.930667	0.047339
1.931000	0.046558
1.931333	0.046250
1.931667	0.045724
1.932000	0.045542
1.932333	0.045225
1.932667	0.044004
1.933000	0.043786
1.933333	0.043421
1.933667	0.043432
1.934000	0.042983
1.934333	0.042941
1.934667	0.043132
1.935000	0.042003
1.935333	0.041931
1.935667	0.041164
1.936000	0.041774
1.936333	0.041718
1.936667	0.040771
1.937000	0.040405
1.937333	0.040158
1.937667	0.040316
1.938000	0.039888
1.938333	0.040123
1.938667	0.039603
1.939000	0.039432
1.939333	0.039522
1.939667	0.038771
1.940000	0.038080
1.940333	0.038018
1.940667	0.038030
1.941000	0.037652
1.941333	0.037710
1.941667	0.037755
1.942000	0.037329
1.942333	0.037280
1.942667	0.036730
1.943000	0.036358
1.943333	0.037159
1.943667	0.037023
1.944000	0.036892
1.944333	0.036577
1.944667	0.036532
1.945000	0.036341
1.945333	0.036615
1.945667	0.036061
1.946000	0.035517
1.946333	0.035059
1.946667	0.035684
1.947000	0.035248
1.947333	0.035214
1.947667	0.035331
1.948000	0.034951
1.948333	0.035201
1.948667	0.035702
1.949000	0.034822
1.949333	0.035257
1.949667	0.034199
1.950000	0.034883
1.950333	0.033819
1.950667	0.034428
1.951000	0.033895
1.951333	0.033706
1.951667	0.034385
1.952000	0.033702
1.952333	0.033875
1.952667	0.034065
1.953000	0.032995
1.953333	0.033245
1.953667	0.033403
1.954000	0.033643
1.954333	0.033337
1.954667	0.033262
1.955000	0.033133
1.955333	0.032641
1.955667	0.032864
1.956000	0.032472
1.956333	0.032732
1.956667	0.032169
1.957000	0.032912
1.957333	0.033205
1.957667	0.032138
1.958000	0.032423
1.958333	0.031780
1.958667	0.032569
1.959000	0.031986
1.959333	0.031967
1.959667	0.031934
1.960000	0.031814
1.960333	0.031581
1.960667	0.031495
1.961000	0.031903
1.961333	0.031813
1.961667	0.031082
1.962000	0.031427
1.962333	0.031443
1.962667	0.031208
1.963000	0.031469
1.963333	0.030914
1.963667	0.031071
1.964000	0.030768
1.964333	0.031503
1.964667	0.030948
1.965000	0.031167
1.965333	0.031129
1.965667	0.031091
1.966000	0.031248
1.966333	0.031096
1.966667	0.030412
1.967000	0.029990
1.967333	0.030669
1.967667	0.030714
1.968000	0.029955
1.968333	0.032134
1.968667	0.039316
1.969000	0.056180
1.969333	0.064036
1.969667	0.063319
1.970000	0.061295
1.970333	0.058543
1.970667	0.056820
1.971000	0.054963
1.971333	0.058910
1.971667	0.076370
1.972000	0.082771
1.972333	0.080179
1.972667	0.076411
1.973000	0.072661
1.973333	0.069914
1.973667	0.066647
1.974000	0.064570
1.974333	0.063199
1.974667	0.065563
1.975000	0.080894
1.975333	0.088894
1.975667	0.086702
1.976000	0.082982
1.976333	0.079452
1.976667	0.075792
1.977000	0.073303
1.977333	0.071348
1.977667	0.068913
1.978000	0.066898
1.978333	0.068889
1.978667	0.080906
1.979000	0.089792
1.979333	0.089481
1.979667	0.085878
1.980000	0.082594
1.980333	0.079738
1.980667	0.076207
1.981000	0.073802
1.981333	0.072482
1.981667	0.070369
1.982000	0.069003
1.982333	0.066554
1.982667	0.071183
1.983000	0.085150
1.983333	0.090642
1.983667	0.088709
1.984000	0.085863
1.984333	0.082586
1.984667	0.079181
1.985000	0.076489
1.985333	0.074098
1.985667	0.072667
1.986000	0.070923
1.986333	0.069651
1.986667	0.067514
1.987000	0.065749
1.987333	0.064732
1.987667	0.063651
1.988000	0.062075
1.988333	0.061833
1.988667	0.064186
1.989000	0.076530
1.989333	0.086262
1.989667	0.085182
1.990000	0.083869
1.990333	0.080191
1.990667	0.078100
1.991000	0.075416
1.991333	0.072365
1.991667	0.070691
1.992000	0.071416
1.992333	0.080653
1.992667	0.092963
1.993000	0.092797
1.993333	0.090313
1.993667	0.087014
1.994000	0.084323
1.994333	0.080844
1.994667	0.078789
1.995000	0.076419
1.995333	0.075305
1.995667	0.077819
1.996000	0.090711
1.996333	0.096636
1.996667	0.093678
1.997000	0.091048
1.997333	0.087197
1.997667	0.085035
1.998000	0.082031
1.998333	0.079362
1.998667	0.077478
1.999000	0.075883
1.999333	0.079100
1.999667	0.089174
2.000000	0.095091
2.000333	0.046895
2.000667	0.046718
2.001000	0.045796
2.001333	0.045703
2.001667	0.045702
2.002000	0.044991
2.002333	0.045539
2.002667	0.044850
2.003000	0.043798
2.003333	0.043786
2.003667	0.044062
2.004000	0.044032
2.004333	0.043457
2.004667	0.043923
2.005000	0.043150
2.005333	0.043470
2.005667	0.042969
2.006000	0.042763
2.006333	0.042832
2.006667	0.041861
2.007000	0.041576
2.007333	0.041764
2.007667	0.041749
2.008000	0.041319
2.008333	0.041162
2.008667	0.040394
2.009000	0.040055
2.009333	0.040641
2.009667	0.040425
2.010000	0.040503
2.010333	0.040150
2.010667	0.040370
2.011000	0.040616
2.011333	0.039764
2.011667	0.040644
2.012000	0.040649
2.012333	0.039502
2.012667	0.039598
2.013000	0.040256
2.013333	0.039734
2.013667	0.039315
2.014000	0.039443
2.014333	0.039015
2.014667	0.039579
2.015000	0.038005
2.015333	0.038510
2.015667	0.038962
2.016000	0.038419
2.016333	0.038762
2.016667	0.038190
2.017000	0.038606
2.017333	0.037935
2.017667	0.037640
2.018000	0.037037
2.018333	0.037843
2.018667	0.037056
2.019000	0.037881
2.019333	0.037407
2.019667	0.036137
2.020000	0.036870
2.020333	0.037036
2.020667	0.036702
2.021000	0.036678
2.021333	0.036406
2.021667	0.036405
2.022000	0.036269
2.022333	0.036479
2.022667	0.036552
2.023000	0.035953
2.023333	0.035995
2.023667	0.036693
2.024000	0.035954
2.024333	0.035786
2.024667	0.036466
2.025000	0.036029
2.025333	0.035985
2.025667	0.036013
2.026000	0.035935
2.026333	0.035496
2.026667	0.035299
2.027000	0.035065
2.027333	0.034760
2.027667	0.034163
2.028000	0.034321
2.028333	0.034630
2.028667	0.034557
2.029000	0.034412
2.029333	0.033898
2.029667	0.034686
2.030000	0.034068
2.030333	0.035284
2.030667	0.034143
2.031000	0.034640
2.031333	0.034685
2.031667	0.034473
2.032000	0.035321
2.032333	0.034598
2.032667	0.034336
2.033000	0.034651
2.033333	0.034742
2.033667	0.033411
2.034000	0.033940
2.034333	0.033983
2.034667	0.035303
2.035000	0.038412
2.035333	0.046143
2.035667	0.059024
2.036000	0.064553
2.036333	0.062554
2.036667	0.060832
2.037000	0.058922
2.037333	0.059618
2.037667	0.065010
2.038000	0.075501
2.038333	0.080589
2.038667	0.078984
2.039000	0.075881
2.039333	0.072828
2.039667	0.070271
2.040000	0.067538
2.040333	0.065763
2.040667	0.062791
2.041000	0.061566
2.041333	0.058599
2.041667	0.057972
2.042000	0.056226
2.042333	0.055797
2.042667	0.054090
2.043000	0.053161
2.043333	0.051833
2.043667	0.051374
2.044000	0.050664
2.044333	0.050176
2.044667	0.050364
2.045000	0.049048
2.045333	0.048619
2.045667	0.048031
2.046000	0.047969
2.046333	0.047909
2.046667	0.046238
2.047000	0.046449
2.047333	0.045136
2.047667	0.045337
2.048000	0.044097
2.048333	0.044924
2.048667	0.044091
2.049000	0.043578
2.049333	0.044524
2.049667	0.046919
2.050000	0.053086
2.050333	0.063755
2.050667	0.069286
2.051000	0.068777
2.051333	0.067214
2.051667	0.065310
2.052000	0.063264
2.052333	0.061594
2.052667	0.060154
2.053000	0.058482
2.053333	0.057490
2.053667	0.056456
2.054000	0.054519
2.054333	0.053732
2.054667	0.052584
2.055000	0.052320
2.055333	0.050531
2.055667	0.050329
2.056000	0.049827
2.056333	0.048342
2.056667	0.049045
2.057000	0.047432
2.057333	0.047661
2.057667	0.047130
2.058000	0.046263
2.058333	0.045455
2.058667	0.045549
2.059000	0.044877
2.059333	0.044543
2.059667	0.044309
2.060000	0.043181
2.060333	0.043639
2.060667	0.042957
2.061000	0.042859
2.061333	0.042317
2.061667	0.042660
2.062000	0.042519
2.062333	0.042395
2.062667	0.042036
2.063000	0.042134
2.063333	0.041591
2.063667	0.041462
2.064000	0.041502
2.064333	0.041800
2.064667	0.041013
2.065000	0.040549
2.065333	0.039758
2.065667	0.040282
2.066000	0.039952
2.066333	0.039449
2.066667	0.039362
2.067000	0.038665
2.067333	0.038477
2.067667	0.038682
2.068000	0.037857
2.068333	0.039078
2.068667	0.038458
2.069000	0.038676
2.069333	0.038455
2.069667	0.038047
2.070000	0.038401
2.070333	0.038714
2.070667	0.038489
2.071000	0.037993
2.071333	0.038568
2.071667	0.037909
2.072000	0.037255
2.072333	0.037711
2.072667	0.038069
2.073000	0.037554
2.073333	0.036442
2.073667	0.036553
2.074000	0.036581
2.074333	0.036500
2.074667	0.035716
2.075000	0.035689
2.075333	0.035515
2.075667	0.036026
2.076000	0.035673
2.076333	0.036412
2.076667	0.035770
2.077000	0.035855
2.077333	0.036822
2.077667	0.036301
2.078000	0.036495
2.078333	0.037106
2.078667	0.037041
2.079000	0.036779
2.079333	0.036815
2.079667	0.036661
2.080000	0.036466
2.080333	0.035685
2.080667	0.035550
2.081000	0.036403
2.081333	0.035393
2.081667	0.035886
2.082000	0.035610
2.082333	0.034318
2.082667	0.034775
2.083000	0.035159
2.083333	0.033973
2.083667	0.034195
2.084000	0.034516
2.084333	0.034816
2.084667	0.034423
2.085000	0.034085
2.085333	0.034704
2.085667	0.034221
2.086000	0.034671
2.086333	0.034127
2.086667	0.035171
2.087000	0.035098
2.087333	0.035201
2.087667	0.034625
2.088000	0.034901
2.088333	0.034063
2.088667	0.034431
2.089000	0.034159
2.089333	0.033726
2.089667	0.034107
2.090000	0.033609
2.090333	0.032871
2.090667	0.033777
2.091000	0.033361
2.091333	0.033450
2.091667	0.033238
2.092000	0.033929
2.092333	0.033309
2.092667	0.033335
2.093000	0.033967
2.093333	0.034216
2.093667	0.033821
2.094000	0.034446
2.094333	0.034024
2.094667	0.034378
2.095000	0.033717
2.095333	0.034459
2.095667	0.033836
2.096000	0.033510
2.096333	0.033679
2.096667	0.033986
2.097000	0.032665
2.097333	0.033482
2.097667	0.033619
2.098000	0.033655
2.098333	0.032809
2.098667	0.031960
2.099000	0.032509
2.099333	0.032776
2.099667	0.031981
2.100000	0.032244
2.100333	0.033261
2.100667	0.032542
2.101000	0.032885
2.101333	0.032980
2.101667	0.033136
2.102000	0.032859
2.102333	0.033100
2.102667	0.033419
2.103000	0.033496
2.103333	0.034102
2.103667	0.032378
2.104000	0.033072
2.104333	0.033097
2.104667	0.032345
2.105000	0.032924
2.105333	0.032563
2.105667	0.031962
2.106000	0.032675
2.106333	0.031722
2.106667	0.032459
2.107000	0.031932
2.107333	0.031796
2.107667	0.032113
2.108000	0.032828
2.108333	0.032249
2.108667	0.032859
2.109000	0.032268
2.109333	0.032891
2.109667	0.032283
2.110000	0.032509
2.110333	0.032843
2.110667	0.032575
2.111000	0.032322
2.111333	0.032600
2.111667	0.032417
2.112000	0.031899
2.112333	0.032045
2.112667	0.032340
2.113000	0.031481
2.113333	0.031462
2.113667	0.032095
2.114000	0.031965
2.114333	0.031301
2.114667	0.032264
2.115000	0.031676
2.115333	0.031641
2.115667	0.032202
2.116000	0.031492
2.116333	0.032351
2.116667	0.031956
2.117000	0.031997
2.117333	0.032074
2.117667	0.031922
2.118000	0.032092
2.118333	0.032109
2.118667	0.032255
2.119000	0.031767
2.119333	0.031407
2.119667	0.031683
2.120000	0.031936
2.120333	0.031187
2.120667	0.031576
2.121000	0.032258
2.121333	0.032534
2.121667	0.032410
2.122000	0.032100
2.122333	0.031904
2.122667	0.032229
2.123000	0.032013
2.123333	0.031367
2.123667	0.032253
2.124000	0.031920
2.124333	0.031640
2.124667	0.031876
2.125000	0.031790
2.125333	0.031604
2.125667	0.032289
2.126000	0.031107
2.126333	0.031644
2.126667	0.031495
2.127000	0.032098
2.127333	0.031207
2.127667	0.031235
2.128000	0.031464
2.128333	0.031699
2.128667	0.031433
2.129000	0.031708
2.129333	0.031756
2.129667	0.031924
2.130000	0.031647
2.130333	0.031917
2.130667	0.031525
2.131000	0.031809
2.131333	0.031871
2.131667	0.031757
2.132000	0.031319
2.132333	0.031721
2.132667	0.031418
2.133000	0.032418
2.133333	0.030719
2.133667	0.031721
2.134000	0.031143
2.134333	0.030968
2.134667	0.031635
2.135000	0.031680
2.135333	0.031716
2.135667	0.031107
2.136000	0.031236
2.136333	0.031473
2.136667	0.032069
2.137000	0.031891
2.137333	0.030916
2.137667	0.030974
2.138000	0.031438
2.138333	0.031342
2.138667	0.030996
2.139000	0.031359
2.139333	0.031245
2.139667	0.030693
2.140000	0.030568
2.140333	0.030897
2.140667	0.031281
2.141000	0.035017
2.141333	0.042767
2.141667	0.060290
2.142000	0.066623
2.142333	0.065909
2.142667	0.063977
2.143000	0.061175
2.143333	0.058533
2.143667	0.057318
2.144000	0.055199
2.144333	0.054180
2.144667	0.056277
2.145000	0.071150
2.145333	0.080883
2.145667	0.079466
2.146000	0.075367
2.146333	0.071931
2.146667	0.068168
2.147000	0.065322
2.147333	0.063311
2.147667	0.062353
2.148000	0.060442
2.148333	0.059215
2.148667	0.057328
2.149000	0.056354
2.149333	0.056204
2.149667	0.059055
2.150000	0.068230
2.150333	0.082696
2.150667	0.081425
2.151000	0.078167
2.151333	0.074738
2.151667	0.072165
2.152000	0.069432
2.152333	0.067972
2.152667	0.065551
2.153000	0.063584
2.153333	0.062201
2.153667	0.061467
2.154000	0.059782
2.154333	0.058545
2.154667	0.057137
2.155000	0.056899
2.155333	0.055535
2.155667	0.055113
2.156000	0.055427
2.156333	0.058231
2.156667	0.068016
2.157000	0.079419
2.157333	0.079559
2.157667	0.077038
2.158000	0.074553
2.158333	0.072946
2.158667	0.069653
2.159000	0.067493
2.159333	0.065699
2.159667	0.065004
2.160000	0.069606
2.160333	0.082122
2.160667	0.087760
2.161000	0.085453
2.161333	0.081907
2.161667	0.079006
2.162000	0.077041
2.162333	0.073601
2.162667	0.072230
2.163000	0.069976
2.163333	0.068456
2.163667	0.066989
2.164000	0.066119
2.164333	0.066573
2.164667	0.074322
2.165000	0.085881
2.165333	0.087312
2.165667	0.084915
2.166000	0.082256
2.166333	0.079694
2.166667	0.077376
2.167000	0.075042
2.167333	0.072568
2.167667	0.071526
2.168000	0.069178
2.168333	0.068311
2.168667	0.068573
2.169000	0.075615
2.169333	0.087874
2.169667	0.090152
2.170000	0.088298
2.170333	0.084241
2.170667	0.082441
2.171000	0.079200
2.171333	0.076358
2.171667	0.074528
2.172000	0.073594
2.172333	0.072227
2.172667	0.075538
2.173000	0.086041
2.173333	0.093269
2.173667	0.092309
2.174000	0.088738
2.174333	0.085993
2.174667	0.082957
2.175000	0.080382
2.175333	0.078269
2.175667	0.076069
2.176000	0.074391
2.176333	0.072384
2.176667	0.071533
2.177000	0.069708
2.177333	0.069191
2.177667	0.068324
2.178000	0.067032
2.178333	0.065873
2.178667	0.064143
2.179000	0.062953
2.179333	0.062523
2.179667	0.062322
2.180000	0.061369
2.180333	0.060677
2.180667	0.060287
2.181000	0.059389
2.181333	0.059048
2.181667	0.057948
2.182000	0.058651
2.182333	0.057179
2.182667	0.056703
2.183000	0.056187
2.183333	0.055984
2.183667	0.055659
2.184000	0.054600
2.184333	0.054152
2.184667	0.053436
2.185000	0.053722
2.185333	0.053019
2.185667	0.052680
2.186000	0.052181
2.186333	0.051958
2.186667	0.052013
2.187000	0.051732
2.187333	0.051586
2.187667	0.051237
2.188000	0.050910
2.188333	0.050346
2.188667	0.050310
2.189000	0.050116
2.189333	0.050559
2.189667	0.050312
2.190000	0.049429
2.190333	0.049669
2.190667	0.048829
2.191000	0.048683
2.191333	0.048550
2.191667	0.047953
2.192000	0.047582
2.192333	0.047335
2.192667	0.047354
2.193000	0.047120
2.193333	0.047415
2.193667	0.046791
2.194000	0.047251
2.194333	0.046409
2.194667	0.046379
2.195000	0.046383
2.195333	0.046016
2.195667	0.045715
2.196000	0.045424
2.196333	0.045097
2.196667	0.044362
2.197000	0.045661
2.197333	0.045156
2.197667	0.045252
2.198000	0.045295
2.198333	0.044852
2.198667	0.044622
2.199000	0.044310
2.199333	0.044369
2.199667	0.044307
2.200000	0.043855
2.200333	0.043938
2.200667	0.043529
2.201000	0.044190
2.201333	0.043739
2.201667	0.043145
2.202000	0.043521
2.202333	0.043254
2.202667	0.043081
2.203000	0.043092
2.203333	0.042358
2.203667	0.042459
2.204000	0.042803
2.204333	0.043443
2.204667	0.042365
2.205000	0.042530
2.205333	0.042161
2.205667	0.041951
2.206000	0.041612
2.206333	0.041609
2.206667	0.041670
2.207000	0.040891
2.207333	0.042378
2.207667	0.041805
2.208000	0.041503
2.208333	0.041907
2.208667	0.041051
2.209000	0.040948
2.209333	0.041071
2.209667	0.041254
2.210000	0.040413
2.210333	0.040179
2.210667	0.041087
2.211000	0.040150
2.211333	0.041118
2.211667	0.040033
2.212000	0.040116
2.212333	0.040789
2.212667	0.040480
2.213000	0.040588
2.213333	0.040756
2.213667	0.040016
2.214000	0.040379
2.214333	0.040762
2.214667	0.040223
2.215000	0.040242
2.215333	0.039583
2.215667	0.039661
2.216000	0.039083
2.216333	0.039288
2.216667	0.039291
2.217000	0.038719
2.217333	0.039167
2.217667	0.039289
2.218000	0.038996
2.218333	0.039028
2.218667	0.039306
2.219000	0.038672
2.219333	0.039008
2.219667	0.039140
2.220000	0.038947
2.220333	0.039399
2.220667	0.039560
2.221000	0.039390
2.221333	0.038356
2.221667	0.038364
2.222000	0.038226
2.222333	0.037983
2.222667	0.037996
2.223000	0.037437
2.223333	0.037812
2.223667	0.037884
2.224000	0.037253
2.224333	0.037886
2.224667	0.037621
2.225000	0.037480
2.225333	0.037231
2.225667	0.038381
2.226000	0.038168
2.226333	0.038115
2.226667	0.037525
2.227000	0.038302
2.227333	0.037982
2.227667	0.037888
2.228000	0.038558
2.228333	0.038231
2.228667	0.038485
2.229000	0.038225
2.229333	0.037781
2.229667	0.038020
2.230000	0.037743
2.230333	0.037202
2.230667	0.038022
2.231000	0.037430
2.231333	0.036552
2.231667	0.037185
2.232000	0.036247
2.232333	0.037403
2.232667	0.037217
2.233000	0.037294
2.233333	0.037450
2.233667	0.037302
2.234000	0.037019
2.234333	0.038148
2.234667	0.037125
2.235000	0.037195
2.235333	0.037226
2.235667	0.037198
2.236000	0.036716
2.236333	0.037594
2.236667	0.037017
2.237000	0.036694
2.237333	0.037254
2.237667	0.036762
2.238000	0.037523
2.238333	0.037299
2.238667	0.036719
2.239000	0.036744
2.239333	0.037034
2.239667	0.036301
2.240000	0.036671
2.240333	0.036310
2.240667	0.036256
2.241000	0.036502
2.241333	0.036264
2.241667	0.035987
2.242000	0.036095
2.242333	0.035931
2.242667	0.036533
2.243000	0.036076
2.243333	0.036935
2.243667	0.036563
2.244000	0.036141
2.244333	0.036583
2.244667	0.036467
2.245000	0.036341
2.245333	0.036427
2.245667	0.037273
2.246000	0.035876
2.246333	0.035732
2.246667	0.035653
2.247000	0.035809
2.247333	0.035388
2.247667	0.035328
2.248000	0.035605
2.248333	0.035843
2.248667	0.035706
2.249000	0.036121
2.249333	0.035881
2.249667	0.035960
2.250000	0.035735
2.250333	0.036156
2.250667	0.036495
2.251000	0.036591
2.251333	0.036502
2.251667	0.036032
2.252000	0.036108
2.252333	0.036270
2.252667	0.035752
2.253000	0.035492
2.253333	0.035520
2.253667	0.035137
2.254000	0.034765
2.254333	0.035662
2.254667	0.034737
2.255000	0.034906
2.255333	0.035303
2.255667	0.036340
2.256000	0.036453
2.256333	0.035180
2.256667	0.035894
2.257000	0.035058
2.257333	0.035655
2.257667	0.036373
2.258000	0.036249
2.258333	0.036632
2.258667	0.035864
2.259000	0.035827
2.259333	0.035889
2.259667	0.035738
2.260000	0.035441
2.260333	0.035965
2.260667	0.035420
2.261000	0.035001
2.261333	0.034755
2.261667	0.034902
2.262000	0.034742
2.262333	0.034395
2.262667	0.034602
2.263000	0.034445
2.263333	0.035304
2.263667	0.035833
2.264000	0.034849
2.264333	0.035282
2.264667	0.035645
2.265000	0.035352
2.265333	0.036301
2.265667	0.035623
2.266000	0.035277
2.266333	0.035639
2.266667	0.035045
2.267000	0.035568
2.267333	0.035876
2.267667	0.035362
2.268000	0.035038
2.268333	0.034896
2.268667	0.034758
2.269000	0.034960
2.269333	0.035168
2.269667	0.034731
2.270000	0.034099
2.270333	0.034424
2.270667	0.034658
2.271000	0.034591
2.271333	0.034482
2.271667	0.034974
2.272000	0.035356
2.272333	0.034646
2.272667	0.034286
2.273000	0.034935
2.273333	0.035193
2.273667	0.034946
2.274000	0.034312
2.274333	0.035426
2.274667	0.034773
2.275000	0.034865
2.275333	0.034766
2.275667	0.034330
2.276000	0.034926
2.276333	0.034848
2.276667	0.034689
2.277000	0.034860
2.277333	0.035238
2.277667	0.035302
2.278000	0.039943
2.278333	0.057195
2.278667	0.068860
2.279000	0.067969
2.279333	0.065717
2.279667	0.062616
2.280000	0.060194
2.280333	0.057925
2.280667	0.057076
2.281000	0.063990
2.281333	0.080027
2.281667	0.083775
2.282000	0.080588
2.282333	0.077402
2.282667	0.074194
2.283000	0.070692
2.283333	0.068786
2.283667	0.066151
2.284000	0.064107
2.284333	0.062881
2.284667	0.060643
2.285000	0.059984
2.285333	0.058627
2.285667	0.058101
2.286000	0.055994
2.286333	0.055895
2.286667	0.055001
2.287000	0.053834
2.287333	0.053464
2.287667	0.052831
2.288000	0.052268
2.288333	0.051758
2.288667	0.051412
2.289000	0.050508
2.289333	0.054064
2.289667	0.063343
2.290000	0.075167
2.290333	0.077961
2.290667	0.075470
2.291000	0.072202
2.291333	0.069973
2.291667	0.068078
2.292000	0.065528
2.292333	0.064003
2.292667	0.062386
2.293000	0.061265
2.293333	0.059058
2.293667	0.059205
2.294000	0.058437
2.294333	0.060458
2.294667	0.070304
2.295000	0.082292
2.295333	0.084302
2.295667	0.082439
2.296000	0.078343
2.296333	0.076116
2.296667	0.074180
2.297000	0.071249
2.297333	0.069624
2.297667	0.067326
2.298000	0.065947
2.298333	0.065001
2.298667	0.062691
2.299000	0.061935
2.299333	0.060811
2.299667	0.060318
2.300000	0.058071
2.300333	0.058335
2.300667	0.057048
2.301000	0.056757
2.301333	0.055541
2.301667	0.053881
2.302000	0.053853
2.302333	0.053638
2.302667	0.052183
2.303000	0.052016
2.303333	0.051814
2.303667	0.052111
2.304000	0.052638
2.304333	0.051659
2.304667	0.052076
2.305000	0.052088
2.305333	0.051723
2.305667	0.052293
2.306000	0.051518
2.306333	0.051137
2.306667	0.051658
2.307000	0.050846
2.307333	0.051063
2.307667	0.049792
2.308000	0.050195
2.308333	0.050008
2.308667	0.048955
2.309000	0.048570
2.309333	0.048135
2.309667	0.047659
2.310000	0.047108
2.310333	0.046621
2.310667	0.045704
2.311000	0.045281
2.311333	0.044978
2.311667	0.044989
2.312000	0.044043
2.312333	0.043773
2.312667	0.043962
2.313000	0.043257
2.313333	0.044096
2.313667	0.043826
2.314000	0.043356
2.314333	0.043027
2.314667	0.043673
2.315000	0.043109
2.315333	0.043350
2.315667	0.043910
2.316000	0.043725
2.316333	0.044031
2.316667	0.043283
2.317000	0.043262
2.317333	0.043610
2.317667	0.042731
2.318000	0.043746
2.318333	0.043440
2.318667	0.042700
2.319000	0.042874
2.319333	0.043238
2.319667	0.043502
2.320000	0.043543
2.320333	0.042883
2.320667	0.043035
2.321000	0.043082
2.321333	0.042868
2.321667	0.042750
2.322000	0.042149
2.322333	0.041749
2.322667	0.042369
2.323000	0.041901
2.323333	0.041848
2.323667	0.041470
2.324000	0.040281
2.324333	0.040924
2.324667	0.040587
2.325000	0.040377
2.325333	0.039926
2.325667	0.040196
2.326000	0.040144
2.326333	0.039556
2.326667	0.039840
2.327000	0.040282
2.327333	0.040864
2.327667	0.040916
2.328000	0.040009
2.328333	0.041307
2.328667	0.041514
2.329000	0.040731
2.329333	0.040821
2.329667	0.040812
2.330000	0.041246
2.330333	0.041033
2.330667	0.040426
2.331000	0.040219
2.331333	0.040393
2.331667	0.039689
2.332000	0.039786
2.332333	0.039461
2.332667	0.039174
2.333000	0.039733
2.333333	0.039126
2.333667	0.039377
2.334000	0.038604
2.334333	0.038688
2.334667	0.038991
2.335000	0.039648
2.335333	0.038835
2.335667	0.039044
2.336000	0.039079
2.336333	0.039064
2.336667	0.039051
2.337000	0.039460
2.337333	0.038918
2.337667	0.039221
2.338000	0.039451
2.338333	0.039240
2.338667	0.039067
2.339000	0.039324
2.339333	0.039769
2.339667	0.038992
2.340000	0.038867
2.340333	0.038543
2.340667	0.039342
2.341000	0.044043
2.341333	0.054406
2.341667	0.068565
2.342000	0.069682
2.342333	0.068615
2.342667	0.066016
2.343000	0.063235
2.343333	0.061230
2.343667	0.059818
2.344000	0.058264
2.344333	0.056873
2.344667	0.057407
2.345000	0.066600
2.345333	0.081054
2.345667	0.083474
2.346000	0.080933
2.346333	0.078609
2.346667	0.074970
2.347000	0.072404
2.347333	0.069665
2.347667	0.067744
2.348000	0.065808
2.348333	0.066057
2.348667	0.074749
2.349000	0.087571
2.349333	0.088930
2.349667	0.085757
2.350000	0.082504
2.350333	0.079884
2.350667	0.077159
2.351000	0.074657
2.351333	0.072852
2.351667	0.070576
2.352000	0.069491
2.352333	0.069402
2.352667	0.074566
2.353000	0.085166
2.353333	0.091607
2.353667	0.088927
2.354000	0.085858
2.354333	0.083970
2.354667	0.079935
2.355000	0.078390
2.355333	0.075634
2.355667	0.073871
2.356000	0.071864
2.356333	0.070292
2.356667	0.067994
2.357000	0.067575
2.357333	0.066371
2.357667	0.065380
2.358000	0.064829
2.358333	0.063939
2.358667	0.062441
2.359000	0.062364
2.359333	0.061645
2.359667	0.061212
2.360000	0.060386
2.360333	0.059182
2.360667	0.059125
2.361000	0.058532
2.361333	0.057774
2.361667	0.056548
2.362000	0.055814
2.362333	0.055728
2.362667	0.055758
2.363000	0.053835
2.363333	0.054385
2.363667	0.053487
2.364000	0.053114
2.364333	0.053211
2.364667	0.053063
2.365000	0.052311
2.365333	0.052389
2.365667	0.051673
2.366000	0.052238
2.366333	0.051861
2.366667	0.051940
2.367000	0.051044
2.367333	0.051772
2.367667	0.050344
2.368000	0.051023
2.368333	0.049707
2.368667	0.049212
2.369000	0.049185
2.369333	0.048849
2.369667	0.049440
2.370000	0.048259
2.370333	0.048253
2.370667	0.048280
2.371000	0.047877
2.371333	0.047931
2.371667	0.047551
2.372000	0.047446
2.372333	0.048031
2.372667	0.048030
2.373000	0.048094
2.373333	0.047295
2.373667	0.047214
2.374000	0.047605
2.374333	0.046834
2.374667	0.046018
2.375000	0.046416
2.375333	0.045755
2.375667	0.045491
2.376000	0.045385
2.376333	0.045267
2.376667	0.045047
2.377000	0.045388
2.377333	0.044538
2.377667	0.044967
2.378000	0.044543
2.378333	0.044935
2.378667	0.044008
2.379000	0.044923
2.379333	0.044344
2.379667	0.044115
2.380000	0.044905
2.380333	0.044126
2.380667	0.044446
2.381000	0.044739
2.381333	0.044462
2.381667	0.043482
2.382000	0.044777
2.382333	0.044048
2.382667	0.043578
2.383000	0.042563
2.383333	0.042789
2.383667	0.042584
2.384000	0.042763
2.384333	0.042668
2.384667	0.043450
2.385000	0.042809
2.385333	0.042766
2.385667	0.042727
2.386000	0.042913
2.386333	0.042802
2.386667	0.042889
2.387000	0.042938
2.387333	0.042620
2.387667	0.042684
2.388000	0.042473
2.388333	0.042508
2.388667	0.042197
2.389000	0.042004
2.389333	0.042346
2.389667	0.041632
2.390000	0.041252
2.390333	0.041626
2.390667	0.041575
2.391000	0.041623
2.391333	0.041140
2.391667	0.041440
2.392000	0.041245
2.392333	0.041961
2.392667	0.041351
2.393000	0.041089
2.393333	0.040882
2.393667	0.041161
2.394000	0.041351
2.394333	0.041014
2.394667	0.041189
2.395000	0.040561
2.395333	0.040513
2.395667	0.040587
2.396000	0.040890
2.396333	0.041309
2.396667	0.040484
2.397000	0.040775
2.397333	0.040253
2.397667	0.040072
2.398000	0.040912
2.398333	0.040681
2.398667	0.039744
2.399000	0.039878
2.399333	0.040293
2.399667	0.040319
2.400000	0.041056
2.400333	0.039843
2.400667	0.040461
2.401000	0.039976
2.401333	0.040433
2.401667	0.039886
2.402000	0.040179
2.402333	0.040090
2.402667	0.039975
2.403000	0.039625
2.403333	0.039417
2.403667	0.038754
2.404000	0.039342
2.404333	0.038743
2.404667	0.039453
2.405000	0.038897
2.405333	0.039024
2.405667	0.038867
2.406000	0.037884
2.406333	0.039061
2.406667	0.038665
2.407000	0.038642
2.407333	0.038750
2.407667	0.039171
2.408000	0.038673
2.408333	0.039518
2.408667	0.038675
2.409000	0.038684
2.409333	0.038694
2.409667	0.039195
2.410000	0.039270
2.410333	0.038678
2.410667	0.038696
2.411000	0.038833
2.411333	0.038198
2.411667	0.038349
2.412000	0.038954
2.412333	0.038352
2.412667	0.038372
2.413000	0.038393
2.413333	0.038797
2.413667	0.038413
2.414000	0.038436
2.414333	0.038685
2.414667	0.038710
2.415000	0.038892
2.415333	0.038424
2.415667	0.038729
2.416000	0.038801
2.416333	0.038924
2.416667	0.038057
2.417000	0.037943
2.417333	0.037444
2.417667	0.038482
2.418000	0.037915
2.418333	0.037485
2.418667	0.038172
2.419000	0.037375
2.419333	0.038421
2.419667	0.037213
2.420000	0.037599
2.420333	0.038015
2.420667	0.037701
2.421000	0.037895
2.421333	0.037948
2.421667	0.037612
2.422000	0.037721
2.422333	0.038036
2.422667	0.037701
2.423000	0.038055
2.423333	0.037704
2.423667	0.038057
2.424000	0.037457
2.424333	0.037061
2.424667	0.036551
2.425000	0.036493
2.425333	0.037330
2.425667	0.036762
2.426000	0.036634
2.426333	0.036927
2.426667	0.036991
2.427000	0.037509
2.427333	0.037442
2.427667	0.037640
2.428000	0.038513
2.428333	0.037713
2.428667	0.038256
2.429000	0.037718
2.429333	0.038434
2.429667	0.037699
2.430000	0.037841
2.430333	0.037270
2.430667	0.037718
2.431000	0.037420
2.431333	0.037338
2.431667	0.037115
2.432000	0.037328
2.432333	0.037240
2.432667	0.036663
2.433000	0.036027
2.433333	0.036720
2.433667	0.036799
2.434000	0.037214
2.434333	0.036778
2.434667	0.037096
2.435000	0.037213
2.435333	0.037122
2.435667	0.037793
2.436000	0.037836
2.436333	0.037026
2.436667	0.036958
2.437000	0.037458
2.437333	0.037199
2.437667	0.036587
2.438000	0.038151
2.438333	0.037068
2.438667	0.037214
2.439000	0.036941
2.439333	0.036665
2.439667	0.036502
2.440000	0.036474
2.440333	0.036416
2.440667	0.036744
2.441000	0.036267
2.441333	0.036731
2.441667	0.036550
2.442000	0.037288
2.442333	0.037183
2.442667	0.037128
2.443000	0.036894
2.443333	0.037624
2.443667	0.037736
2.444000	0.036754
2.444333	0.036627
2.444667	0.036678
2.445000	0.037578
2.445333	0.036490
2.445667	0.036826
2.446000	0.035809
2.446333	0.036230
2.446667	0.035822
2.447000	0.036406
2.447333	0.036639
2.447667	0.036639
2.448000	0.036617
2.448333	0.036412
2.448667	0.035495
2.449000	0.037166
2.449333	0.036598
2.449667	0.036469
2.450000	0.037154
2.450333	0.037131
2.450667	0.036896
2.451000	0.037319
2.451333	0.037014
2.451667	0.036796
2.452000	0.036432
2.452333	0.037062
2.452667	0.036454
2.453000	0.036403
2.453333	0.036553
2.453667	0.036121
2.454000	0.036149
2.454333	0.036500
2.454667	0.036803
2.455000	0.035424
2.455333	0.036776
2.455667	0.036722
2.456000	0.036020
2.456333	0.036549
2.456667	0.036471
2.457000	0.036094
2.457333	0.036878
2.457667	0.036930
2.458000	0.036415
2.458333	0.036953
2.458667	0.036535
2.459000	0.036565
2.459333	0.036442
2.459667	0.036387
2.460000	0.036399
2.460333	0.036655
2.460667	0.035661
2.461000	0.035632
2.461333	0.036168
2.461667	0.035776
2.462000	0.036062
2.462333	0.036354
2.462667	0.035902
2.463000	0.036903
2.463333	0.036368
2.463667	0.036688
2.464000	0.037258
2.464333	0.036481
2.464667	0.036471
2.465000	0.036205
2.465333	0.036324
2.465667	0.036044
2.466000	0.036623
2.466333	0.036089
2.466667	0.035351
2.467000	0.036207
2.467333	0.035983
2.467667	0.035704
2.468000	0.035265
2.468333	0.035544
2.468667	0.035926
2.469000	0.035593
2.469333	0.035537
2.469667	0.035767
2.470000	0.036594
2.470333	0.036578
2.470667	0.036377
2.471000	0.036722
2.471333	0.036582
2.471667	0.036061
2.472000	0.036399
2.472333	0.036280
2.472667	0.036460
2.473000	0.036027
2.473333	0.036057
2.473667	0.035887
2.474000	0.035375
2.474333	0.035433
2.474667	0.035950
2.475000	0.035526
2.475333	0.035787
2.475667	0.035780
2.476000	0.036086
2.476333	0.035102
2.476667	0.035387
2.477000	0.035124
2.477333	0.035293
2.477667	0.034569
2.478000	0.035604
2.478333	0.034894
2.478667	0.035389
2.479000	0.035619
2.479333	0.035516
2.479667	0.036446
2.480000	0.035867
2.480333	0.035765
2.480667	0.035660
2.481000	0.036630
2.481333	0.037134
2.481667	0.035890
2.482000	0.036311
2.482333	0.036328
2.482667	0.036434
2.483000	0.035882
2.483333	0.035139
2.483667	0.035738
2.484000	0.035266
2.484333	0.035486
2.484667	0.035020
2.485000	0.035699
2.485333	0.035324
2.485667	0.034452
2.486000	0.035154
2.486333	0.035149
2.486667	0.035534
2.487000	0.034890
2.487333	0.035781
2.487667	0.035876
2.488000	0.035282
2.488333	0.035573
2.488667	0.036115
2.489000	0.035830
2.489333	0.035994
2.489667	0.035177
2.490000	0.036160
2.490333	0.035781
2.490667	0.036042
2.491000	0.035708
2.491333	0.035260
2.491667	0.035967
2.492000	0.035304
2.492333	0.035463
2.492667	0.035277
2.493000	0.035691
2.493333	0.035194
2.493667	0.035033
2.494000	0.035550
2.494333	0.034838
2.494667	0.035378
2.495000	0.035839
2.495333	0.035561
2.495667	0.035178
2.496000	0.035231
2.496333	0.035344
2.496667	0.035164
2.497000	0.035200
2.497333	0.035032
2.497667	0.035807
2.498000	0.036144
2.498333	0.035085
2.498667	0.035076
2.499000	0.035375
2.499333	0.036041
2.499667	0.035143
2.500000	0.035707
2.500333	0.035319
2.500667	0.034928
2.501000	0.034866
2.501333	0.035526
2.501667	0.035520
2.502000	0.035437
2.502333	0.034886
2.502667	0.034191
2.503000	0.035163
2.503333	0.034715
2.503667	0.035074
2.504000	0.035065
2.504333	0.035133
2.504667	0.035284
2.505000	0.035132
2.505333	0.036024
2.505667	0.034598
2.506000	0.035553
2.506333	0.034819
2.506667	0.035436
2.507000	0.035490
2.507333	0.035192
2.507667	0.035609
2.508000	0.035728
2.508333	0.035496
2.508667	0.035035
2.509000	0.035825
2.509333	0.035054
2.509667	0.035336
2.510000	0.034771
2.510333	0.035168
2.510667	0.034373
2.511000	0.034461
2.511333	0.035071
2.511667	0.034351
2.512000	0.035499
2.512333	0.034949
2.512667	0.034931
2.513000	0.035293
2.513333	0.035403
2.513667	0.035680
2.514000	0.035560
2.514333	0.035132
2.514667	0.035404
2.515000	0.035120
2.515333	0.035182
2.515667	0.034759
2.516000	0.035229
2.516333	0.035148
2.516667	0.035478
2.517000	0.034894
2.517333	0.034824
2.517667	0.034853
2.518000	0.034982
2.518333	0.035297
2.518667	0.034712
2.519000	0.034623
2.519333	0.034715
2.519667	0.034534
2.520000	0.034729
2.520333	0.035899
2.520667	0.034725
2.521000	0.034587
2.521333	0.035058
2.521667	0.035051
2.522000	0.035179
2.522333	0.034920
2.522667	0.034965
2.523000	0.034685
2.523333	0.033731
2.523667	0.035221
2.524000	0.035243
2.524333	0.033862
2.524667	0.034369
2.525000	0.034440
2.525333	0.035367
2.525667	0.034938
2.526000	0.035220
2.526333	0.034426
2.526667	0.034618
2.527000	0.035346
2.527333	0.035580
2.527667	0.034326
2.528000	0.035276
2.528333	0.035010
2.528667	0.035609
2.529000	0.035049
2.529333	0.035473
2.529667	0.034466
2.530000	0.034640
2.530333	0.034601
2.530667	0.034903
2.531000	0.035132
2.531333	0.035343
2.531667	0.034286
2.532000	0.033999
2.532333	0.034593
2.532667	0.035152
2.533000	0.034037
2.533333	0.034271
2.533667	0.033978
2.534000	0.034537
2.534333	0.034530
2.534667	0.033644
2.535000	0.034697
2.535333	0.034749
2.535667	0.034236
2.536000	0.035286
2.536333	0.035626
2.536667	0.034509
2.537000	0.034726
2.537333	0.033961
2.537667	0.034709
2.538000	0.034842
2.538333	0.034644
2.538667	0.034475
2.539000	0.034595
2.539333	0.034739
2.539667	0.034574
2.540000	0.034620
2.540333	0.034112
2.540667	0.034350
2.541000	0.034635
2.541333	0.035005
2.541667	0.033983
2.542000	0.034439
2.542333	0.034877
2.542667	0.034388
2.543000	0.034148
2.543333	0.034589
2.543667	0.034261
2.544000	0.035287
2.544333	0.034469
2.544667	0.034786
2.545000	0.033959
2.545333	0.034847
2.545667	0.033535
2.546000	0.034161
2.546333	0.034493
2.546667	0.034289
2.547000	0.034763
2.547333	0.034595
2.547667	0.034612
2.548000	0.033626
2.548333	0.034128
2.548667	0.034750
2.549000	0.034577
2.549333	0.033547
2.549667	0.034189
2.550000	0.034532
2.550333	0.034437
2.550667	0.034328
2.551000	0.034795
2.551333	0.033712
2.551667	0.034573
2.552000	0.033887
2.552333	0.034530
2.552667	0.034239
2.553000	0.034813
2.553333	0.033905
2.553667	0.034329
2.554000	0.034563
2.554333	0.033825
2.554667	0.034101
2.555000	0.033816
2.555333	0.033467
2.555667	0.033478
2.556000	0.034896
2.556333	0.033833
2.556667	0.034413
2.557000	0.033399
2.557333	0.034353
2.557667	0.033944
2.558000	0.034053
2.558333	0.034122
2.558667	0.034215
2.559000	0.032957
2.559333	0.034058
2.559667	0.033676
2.560000	0.033172
2.560333	0.033828
2.560667	0.033738
2.561000	0.033632
2.561333	0.033918
2.561667	0.033543
2.562000	0.034248
2.562333	0.033627
2.562667	0.033674
2.563000	0.033872
2.563333	0.033697
2.563667	0.034539
2.564000	0.033664
2.564333	0.034395
2.564667	0.034777
2.565000	0.033743
2.565333	0.035190
2.565667	0.045870
2.566000	0.064271
2.566333	0.068050
2.566667	0.065622
2.567000	0.062526
2.567333	0.060264
2.567667	0.058326
2.568000	0.057440
2.568333	0.059446
2.568667	0.069722
2.569000	0.081437
2.569333	0.080909
2.569667	0.078394
2.570000	0.075307
2.570333	0.071293
2.570667	0.068910
2.571000	0.066724
2.571333	0.065217
2.571667	0.062556
2.572000	0.063386
2.572333	0.069811
2.572667	0.082885
2.573000	0.087369
2.573333	0.085460
2.573667	0.081560
2.574000	0.078862
2.574333	0.075977
2.574667	0.073575
2.575000	0.071343
2.575333	0.068560
2.575667	0.067073
2.576000	0.066281
2.576333	0.064533
2.576667	0.063152
2.577000	0.061971
2.577333	0.060122
2.577667	0.059516
2.578000	0.059166
2.578333	0.057732
2.578667	0.056647
2.579000	0.056003
2.579333	0.056061
2.579667	0.055709
2.580000	0.054434
2.580333	0.053620
2.580667	0.054316
2.581000	0.052898
2.581333	0.052906
2.581667	0.053045
2.582000	0.053343
2.582333	0.055056
2.582667	0.063424
2.583000	0.077664
2.583333	0.081416
2.583667	0.080142
2.584000	0.078458
2.584333	0.075629
2.584667	0.072866
2.585000	0.071615
2.585333	0.069565
2.585667	0.068044
2.586000	0.065648
2.586333	0.064601
2.586667	0.063153
2.587000	0.062171
2.587333	0.060061
2.587667	0.059113
2.588000	0.058890
2.588333	0.058066
2.588667	0.056756
2.589000	0.056412
2.589333	0.055708
2.589667	0.055218
2.590000	0.053954
2.590333	0.053551
2.590667	0.054250
2.591000	0.053048
2.591333	0.053163
2.591667	0.052226
2.592000	0.051869
2.592333	0.050826
2.592667	0.051153
2.593000	0.051215
2.593333	0.049686
2.593667	0.050196
2.594000	0.049594
2.594333	0.049347
2.594667	0.049409
2.595000	0.048472
2.595333	0.048039
2.595667	0.047507
2.596000	0.047066
2.596333	0.047125
2.596667	0.046309
2.597000	0.047084
2.597333	0.046707
2.597667	0.046162
2.598000	0.046710
2.598333	0.046024
2.598667	0.045849
2.599000	0.045934
2.599333	0.045664
2.599667	0.045840
2.600000	0.045780
2.600333	0.045411
2.600667	0.045265
2.601000	0.045431
2.601333	0.044749
2.601667	0.044730
2.602000	0.044273
2.602333	0.043783
2.602667	0.043985
2.603000	0.043003
2.603333	0.043241
2.603667	0.042553
2.604000	0.042558
2.604333	0.043122
2.604667	0.042815
2.605000	0.042609
2.605333	0.042870
2.605667	0.042448
2.606000	0.041831
2.606333	0.042287
2.606667	0.042263
2.607000	0.042368
2.607333	0.042369
2.607667	0.042509
2.608000	0.042542
2.608333	0.041658
2.608667	0.042596
2.609000	0.041929
2.609333	0.041233
2.609667	0.041160
2.610000	0.041551
2.610333	0.041230
2.610667	0.041100
2.611000	0.041517
2.611333	0.041158
2.611667	0.040771
2.612000	0.041252
2.612333	0.040917
2.612667	0.040236
2.613000	0.040092
2.613333	0.040026
2.613667	0.040339
2.614000	0.040078
2.614333	0.039347
2.614667	0.040176
2.615000	0.040708
2.615333	0.040193
2.615667	0.039580
2.616000	0.039647
2.616333	0.040089
2.616667	0.039476
2.617000	0.038919
2.617333	0.039693
2.617667	0.039231
2.618000	0.039724
2.618333	0.038976
2.618667	0.038804
2.619000	0.039048
2.619333	0.038788
2.619667	0.039042
2.620000	0.038578
2.620333	0.038560
2.620667	0.038069
2.621000	0.039284
2.621333	0.039007
2.621667	0.038940
2.622000	0.038847
2.622333	0.039018
2.622667	0.038574
2.623000	0.038841
2.623333	0.038250
2.623667	0.038152
2.624000	0.038360
2.624333	0.038277
2.624667	0.038537
2.625000	0.038093
2.625333	0.038720
2.625667	0.038504
2.626000	0.037561
2.626333	0.038075
2.626667	0.037511
2.627000	0.038362
2.627333	0.037351
2.627667	0.037030
2.628000	0.037534
2.628333	0.036873
2.628667	0.036901
2.629000	0.037077
2.629333	0.036773
2.629667	0.037026
2.630000	0.036896
2.630333	0.037228
2.630667	0.037029
2.631000	0.036641
2.631333	0.037440
2.631667	0.037218
2.632000	0.037141
2.632333	0.037297
2.632667	0.036689
2.633000	0.037316
2.633333	0.036682
2.633667	0.036528
2.634000	0.036673
2.634333	0.035974
2.634667	0.036813
2.635000	0.036328
2.635333	0.036378
2.635667	0.035652
2.636000	0.036148
2.636333	0.035586
2.636667	0.036234
2.637000	0.036244
2.637333	0.036519
2.637667	0.035828
2.638000	0.035829
2.638333	0.036669
2.638667	0.036548
2.639000	0.036605
2.639333	0.035967
2.639667	0.036656
2.640000	0.036574
2.640333	0.035919
2.640667	0.035499
2.641000	0.036416
2.641333	0.036231
2.641667	0.035786
2.642000	0.035575
2.642333	0.035900
2.642667	0.035149
2.643000	0.034610
2.643333	0.034841
2.643667	0.035512
2.644000	0.035543
2.644333	0.035838
2.644667	0.035425
2.645000	0.035246
2.645333	0.035912
2.645667	0.035761
2.646000	0.036244
2.646333	0.035775
2.646667	0.035871
2.647000	0.036402
2.647333	0.035051
2.647667	0.035747
2.648000	0.035463
2.648333	0.035279
2.648667	0.034604
2.649000	0.035160
2.649333	0.034515
2.649667	0.034360
2.650000	0.035843
2.650333	0.035682
2.650667	0.034807
2.651000	0.035149
2.651333	0.035514
2.651667	0.035379
2.652000	0.035412
2.652333	0.035207
2.652667	0.035349
2.653000	0.034668
2.653333	0.034242
2.653667	0.034663
2.654000	0.034789
2.654333	0.034618
2.654667	0.034445
2.655000	0.034040
2.655333	0.034078
2.655667	0.033781
2.656000	0.034012
2.656333	0.034279
2.656667	0.034158
2.657000	0.034462
2.657333	0.035316
2.657667	0.034629
2.658000	0.035058
2.658333	0.035260
2.658667	0.035233
2.659000	0.034978
2.659333	0.034729
2.659667	0.034706
2.660000	0.035237
2.660333	0.034501
2.660667	0.034598
2.661000	0.034449
2.661333	0.034176
2.661667	0.033847
2.662000	0.034850
2.662333	0.034404
2.662667	0.034324
2.663000	0.034824
2.663333	0.034687
2.663667	0.034343
2.664000	0.034635
2.664333	0.034723
2.664667	0.034439
2.665000	0.034163
2.665333	0.034159
2.665667	0.033607
2.666000	0.034296
2.666333	0.034445
2.666667	0.034040
2.667000	0.034043
2.667333	0.034047
2.667667	0.033719
2.668000	0.034219
2.668333	0.033260
2.668667	0.033846
2.669000	0.033191
2.669333	0.032980
2.669667	0.033213
2.670000	0.033323
2.670333	0.033460
2.670667	0.033400
2.671000	0.033785
2.671333	0.033569
2.671667	0.033687
2.672000	0.033605
2.672333	0.033769
2.672667	0.035070
2.673000	0.034430
2.673333	0.033843
2.673667	0.033870
2.674000	0.033439
2.674333	0.034351
2.674667	0.033708
2.675000	0.034104
2.675333	0.033548
2.675667	0.033598
2.676000	0.033285
2.676333	0.033580
2.676667	0.034110
2.677000	0.033813
2.677333	0.033495
2.677667	0.033605
2.678000	0.033258
2.678333	0.033532
2.678667	0.033413
2.679000	0.033585
2.679333	0.033504
2.679667	0.033232
2.680000	0.032809
2.680333	0.033849
2.680667	0.034051
2.681000	0.032607
2.681333	0.032917
2.681667	0.033209
2.682000	0.033514
2.682333	0.033364
2.682667	0.033270
2.683000	0.032458
2.683333	0.032450
2.683667	0.033296
2.684000	0.032887
2.684333	0.033630
2.684667	0.032657
2.685000	0.032992
2.685333	0.032990
2.685667	0.033050
2.686000	0.032930
2.686333	0.033285
2.686667	0.032931
2.687000	0.033218
2.687333	0.033186
2.687667	0.033069
2.688000	0.033236
2.688333	0.033380
2.688667	0.033975
2.689000	0.033825
2.689333	0.033514
2.689667	0.034142
2.690000	0.033965
2.690333	0.033997
2.690667	0.034155
2.691000	0.034070
2.691333	0.033957
2.691667	0.033472
2.692000	0.033325
2.692333	0.032526
2.692667	0.033130
2.693000	0.032385
2.693333	0.032469
2.693667	0.032821
2.694000	0.032614
2.694333	0.032731
2.694667	0.032281
2.695000	0.032218
2.695333	0.032937
2.695667	0.032975
2.696000	0.031893
2.696333	0.032333
2.696667	0.032741
2.697000	0.032981
2.697333	0.032881
2.697667	0.032952
2.698000	0.033680
2.698333	0.033268
2.698667	0.033792
2.699000	0.033165
2.699333	0.032926
2.699667	0.033107
2.700000	0.032766
2.700333	0.032595
2.700667	0.032694
2.701000	0.032157
2.701333	0.033049
2.701667	0.032798
2.702000	0.033212
2.702333	0.033050
2.702667	0.032628
2.703000	0.032025
2.703333	0.032518
2.703667	0.032953
2.704000	0.033063
2.704333	0.034166
2.704667	0.033077
2.705000	0.032727
2.705333	0.032403
2.705667	0.032898
2.706000	0.032651
2.706333	0.032498
2.706667	0.031754
2.707000	0.032463
2.707333	0.032800
2.707667	0.032312
2.708000	0.032354
2.708333	0.032049
2.708667	0.032241
2.709000	0.032562
2.709333	0.032707
2.709667	0.032961
2.710000	0.033193
2.710333	0.032989
2.710667	0.033124
2.711000	0.033458
2.711333	0.032914
2.711667	0.032685
2.712000	0.033386
2.712333	0.033253
2.712667	0.032393
2.713000	0.032533
2.713333	0.032079
2.713667	0.032520
2.714000	0.032498
2.714333	0.031958
2.714667	0.032162
2.715000	0.032427
2.715333	0.031554
2.715667	0.032390
2.716000	0.032451
2.716333	0.032140
2.716667	0.032090
2.717000	0.032695
2.717333	0.032378
2.717667	0.032177
2.718000	0.032570
2.718333	0.032747
2.718667	0.032589
2.719000	0.032385
2.719333	0.032802
2.719667	0.032564
2.720000	0.031502
2.720333	0.032546
2.720667	0.032825
2.721000	0.031640
2.721333	0.031661
2.721667	0.031511
2.722000	0.031681
2.722333	0.031642
2.722667	0.032269
2.723000	0.031929
2.723333	0.032227
2.723667	0.032257
2.724000	0.032460
2.724333	0.031589
2.724667	0.032318
2.725000	0.032259
2.725333	0.031974
2.725667	0.032590
2.726000	0.031245
2.726333	0.031477
2.726667	0.031958
2.727000	0.031263
2.727333	0.031747
2.727667	0.032185
2.728000	0.032486
2.728333	0.032506
2.728667	0.031942
2.729000	0.031585
2.729333	0.031573
2.729667	0.031666
2.730000	0.032027
2.730333	0.032407
2.730667	0.032508
2.731000	0.031934
2.731333	0.033048
2.731667	0.032097
2.732000	0.032399
2.732333	0.032037
2.732667	0.031599
2.733000	0.031812
2.733333	0.031644
2.733667	0.031971
2.734000	0.030974
2.734333	0.031663
2.734667	0.031341
2.735000	0.031098
2.735333	0.031866
2.735667	0.031810
2.736000	0.032360
2.736333	0.032053
2.736667	0.032491
2.737000	0.031840
2.737333	0.031551
2.737667	0.032008
2.738000	0.031466
2.738333	0.031147
2.738667	0.030631
2.739000	0.031119
2.739333	0.030719
2.739667	0.030744
2.740000	0.030279
2.740333	0.031115
2.740667	0.030712
2.741000	0.031453
2.741333	0.030891
2.741667	0.031214
2.742000	0.030937
2.742333	0.031498
2.742667	0.032162
2.743000	0.031617
2.743333	0.032169
2.743667	0.031810
2.744000	0.032448
2.744333	0.032621
2.744667	0.032186
2.745000	0.031335
2.745333	0.030968
2.745667	0.031469
2.746000	0.030474
2.746333	0.031447
2.746667	0.030198
2.747000	0.029618
2.747333	0.029761
2.747667	0.030567
2.748000	0.029820
2.748333	0.029253
2.748667	0.030050
2.749000	0.031331
2.749333	0.031336
2.749667	0.031140
2.750000	0.032012
2.750333	0.032290
2.750667	0.032266
2.751000	0.032104
2.751333	0.032025
2.751667	0.031617
2.752000	0.032169
2.752333	0.031298
2.752667	0.030879
2.753000	0.030956
2.753333	0.030761
2.753667	0.030230
2.754000	0.030673
2.754333	0.029697
2.754667	0.029993
2.755000	0.029311
2.755333	0.029842
2.755667	0.030532
2.756000	0.030828
2.756333	0.030266
2.756667	0.031328
2.757000	0.031320
2.757333	0.031324
2.757667	0.031312
2.758000	0.031621
2.758333	0.031496
2.758667	0.031142
2.759000	0.030526
2.759333	0.031125
2.759667	0.031485
2.760000	0.030800
2.760333	0.030399
2.760667	0.030460
2.761000	0.029919
2.761333	0.030210
2.761667	0.030583
2.762000	0.030810
2.762333	0.030477
2.762667	0.030266
2.763000	0.030201
2.763333	0.030787
2.763667	0.030911
2.764000	0.030834
2.764333	0.030291
2.764667	0.031095
2.765000	0.030653
2.765333	0.031441
2.765667	0.031195
2.766000	0.030685
2.766333	0.030918
2.766667	0.030118
2.767000	0.030358
2.767333	0.030165
2.767667	0.029994
2.768000	0.030899
2.768333	0.030835
2.768667	0.030383
2.769000	0.030467
2.769333	0.030130
2.769667	0.030524
2.770000	0.030103
2.770333	0.031534
2.770667	0.031236
2.771000	0.030704
2.771333	0.030852
2.771667	0.031318
2.772000	0.030879
2.772333	0.030709
2.772667	0.030469
2.773000	0.030456
2.773333	0.030670
2.773667	0.030247
2.774000	0.029318
2.774333	0.030283
2.774667	0.029130
2.775000	0.029611
2.775333	0.029261
2.775667	0.029380
2.776000	0.029632
2.776333	0.030138
2.776667	0.030552
2.777000	0.030207
2.777333	0.030850
2.777667	0.030220
2.778000	0.031741
2.778333	0.030211
2.778667	0.030459
2.779000	0.030800
2.779333	0.031217
2.779667	0.034128
2.780000	0.046748
2.780333	0.061648
2.780667	0.063672
2.781000	0.060987
2.781333	0.058205
2.781667	0.056323
2.782000	0.054410
2.782333	0.056270
2.782667	0.066495
2.783000	0.079547
2.783333	0.078843
2.783667	0.076175
2.784000	0.072094
2.784333	0.069096
2.784667	0.067445
2.785000	0.064435
2.785333	0.062835
2.785667	0.061641
2.786000	0.064732
2.786333	0.078509
2.786667	0.086712
2.787000	0.083563
2.787333	0.080589
2.787667	0.076785
2.788000	0.073625
2.788333	0.070609
2.788667	0.068347
2.789000	0.067750
2.789333	0.069978
2.789667	0.080024
2.790000	0.088664
2.790333	0.086858
2.790667	0.083234
2.791000	0.080254
2.791333	0.077388
2.791667	0.074332
2.792000	0.073169
2.792333	0.069864
2.792667	0.069221
2.793000	0.066965
2.793333	0.066563
2.793667	0.069391
2.794000	0.083123
2.794333	0.089320
2.794667	0.087049
2.795000	0.083768
2.795333	0.081098
2.795667	0.077600
2.796000	0.074777
2.796333	0.073624
2.796667	0.072732
2.797000	0.070757
2.797333	0.072728
2.797667	0.082829
2.798000	0.091471
2.798333	0.090639
2.798667	0.086978
2.799000	0.083906
2.799333	0.081851
2.799667	0.078966
2.800000	0.077035
2.800333	0.074961
2.800667	0.073975
2.801000	0.071810
2.801333	0.072022
2.801667	0.080140
2.802000	0.092062
2.802333	0.092331
2.802667	0.089461
2.803000	0.086356
2.803333	0.083578
2.803667	0.080771
2.804000	0.078246
2.804333	0.075872
2.804667	0.074145
2.805000	0.073967
2.805333	0.076757
2.805667	0.089089
2.806000	0.093056
2.806333	0.091928
2.806667	0.088724
2.807000	0.086198
2.807333	0.083080
2.807667	0.080221
2.808000	0.078378
2.808333	0.079075
2.808667	0.078547
2.809000	0.077111
2.809333	0.076678
2.809667	0.079672
2.810000	0.092518
2.810333	0.098768
2.810667	0.095405
2.811000	0.091188
2.811333	0.088036
2.811667	0.085162
2.812000	0.082507
2.812333	0.080297
2.812667	0.078607
2.813000	0.077117
2.813333	0.075517
2.813667	0.073615
2.814000	0.072439
2.814333	0.070958
2.814667	0.069896
2.815000	0.069419
2.815333	0.069234
2.815667	0.075201
2.816000	0.088170
2.816333	0.090706
2.816667	0.088478
2.817000	0.084033
2.817333	0.081158
2.817667	0.078791
2.818000	0.076931
2.818333	0.075273
2.818667	0.073372
2.819000	0.071592
2.819333	0.070899
2.819667	0.069392
2.820000	0.069407
2.820333	0.075103
2.820667	0.087861
2.821000	0.091172
2.821333	0.089249
2.821667	0.086167
2.822000	0.082957
2.822333	0.080811
2.822667	0.077954
2.823000	0.076348
2.823333	0.074881
2.823667	0.072843
2.824000	0.070717
2.824333	0.070501
2.824667	0.072377
2.825000	0.080862
2.825333	0.091890
2.825667	0.091627
2.826000	0.088822
2.826333	0.085984
2.826667	0.083071
2.827000	0.080843
2.827333	0.078063
2.827667	0.076018
2.828000	0.074398
2.828333	0.073069
2.828667	0.072332
2.829000	0.070596
2.829333	0.069005
2.829667	0.068782
2.830000	0.066895
2.830333	0.066296
2.830667	0.065677
2.831000	0.066385
2.831333	0.066599
2.831667	0.068221
2.832000	0.075542
2.832333	0.084809
2.832667	0.086385
2.833000	0.084556
2.833333	0.080997
2.833667	0.079157
2.834000	0.076381
2.834333	0.074583
2.834667	0.072067
2.835000	0.071252
2.835333	0.069781
2.835667	0.068048
2.836000	0.067275
2.836333	0.066462
2.836667	0.065116
2.837000	0.063719
2.837333	0.063883
2.837667	0.066834
2.838000	0.076047
2.838333	0.085410
2.838667	0.083609
2.839000	0.082101
2.839333	0.079106
2.839667	0.076750
2.840000	0.074744
2.840333	0.072984
2.840667	0.071208
2.841000	0.071088
2.841333	0.070816
2.841667	0.076766
2.842000	0.087037
2.842333	0.089163
2.842667	0.087391
2.843000	0.084476
2.843333	0.081854
2.843667	0.079569
2.844000	0.076886
2.844333	0.075738
2.844667	0.074402
2.845000	0.073780
2.845333	0.072863
2.845667	0.078096
2.846000	0.088452
2.846333	0.090937
2.846667	0.089643
2.847000	0.086335
2.847333	0.084537
2.847667	0.081116
2.848000	0.079178
2.848333	0.077122
2.848667	0.075317
2.849000	0.073558
2.849333	0.072734
2.849667	0.073226
2.850000	0.072802
2.850333	0.073504
2.850667	0.082193
2.851000	0.091333
2.851333	0.090680
2.851667	0.088111
2.852000	0.085990
2.852333	0.083161
2.852667	0.080875
2.853000	0.078613
2.853333	0.076223
2.853667	0.075630
2.854000	0.073519
2.854333	0.072255
2.854667	0.070729
2.855000	0.070334
2.855333	0.068226
2.855667	0.067794
2.856000	0.068395
2.856333	0.073277
2.856667	0.080742
2.857000	0.084772
2.857333	0.084494
2.857667	0.082626
2.858000	0.080404
2.858333	0.078062
2.858667	0.075909
2.859000	0.073803
2.859333	0.072688
2.859667	0.071423
2.860000	0.068963
2.860333	0.068973
2.860667	0.067308
2.861000	0.065776
2.861333	0.064934
2.861667	0.063552
2.862000	0.063024
2.862333	0.061592
2.862667	0.061169
2.863000	0.061150
2.863333	0.059997
2.863667	0.058953
2.864000	0.058687
2.864333	0.058919
2.864667	0.057460
2.865000	0.057626
2.865333	0.056604
2.865667	0.057661
2.866000	0.056057
2.866333	0.056025
2.866667	0.056068
2.867000	0.055203
2.867333	0.054410
2.867667	0.053648
2.868000	0.053227
2.868333	0.053212
2.868667	0.052305
2.869000	0.052149
2.869333	0.051302
2.869667	0.051804
2.870000	0.051188
2.870333	0.051202
2.870667	0.050646
2.871000	0.051187
2.871333	0.049990
2.871667	0.051353
2.872000	0.051075
2.872333	0.052594
2.872667	0.055535
2.873000	0.061913
2.873333	0.070059
2.873667	0.071900
2.874000	0.072131
2.874333	0.070210
2.874667	0.068153
2.875000	0.066186
2.875333	0.064912
2.875667	0.063286
2.876000	0.061587
2.876333	0.060640
2.876667	0.059507
2.877000	0.059206
2.877333	0.057838
2.877667	0.057699
2.878000	0.056435
2.878333	0.056989
2.878667	0.061841
2.879000	0.072581
2.879333	0.078475
2.879667	0.078252
2.880000	0.075063
2.880333	0.073686
2.880667	0.071184
2.881000	0.068934
2.881333	0.067308
2.881667	0.065866
2.882000	0.064337
2.882333	0.063035
2.882667	0.061471
2.883000	0.059853
2.883333	0.060040
2.883667	0.058423
2.884000	0.058275
2.884333	0.057915
2.884667	0.056844
2.885000	0.056763
2.885333	0.055020
2.885667	0.055161
2.886000	0.054418
2.886333	0.053465
2.886667	0.052923
2.887000	0.052617
2.887333	0.051332
2.887667	0.051459
2.888000	0.051471
2.888333	0.050922
2.888667	0.050033
2.889000	0.050100
2.889333	0.049831
2.889667	0.049433
2.890000	0.049155
2.890333	0.049248
2.890667	0.048464
2.891000	0.048215
2.891333	0.047514
2.891667	0.047704
2.892000	0.047028
2.892333	0.047124
2.892667	0.046911
2.893000	0.047102
2.893333	0.047404
2.893667	0.046339
2.894000	0.046687
2.894333	0.046086
2.894667	0.044694
2.895000	0.044882
2.895333	0.044741
2.895667	0.044594
2.896000	0.044043
2.896333	0.043525
2.896667	0.044102
2.897000	0.043296
2.897333	0.043683
2.897667	0.042862
2.898000	0.043988
2.898333	0.043476
2.898667	0.043179
2.899000	0.043302
2.899333	0.043173
2.899667	0.043362
2.900000	0.043383
2.900333	0.042644
2.900667	0.042916
2.901000	0.042677
2.901333	0.042023
2.901667	0.042360
2.902000	0.042467
2.902333	0.041730
2.902667	0.041052
2.903000	0.041553
2.903333	0.040608
2.903667	0.040609
2.904000	0.040900
2.904333	0.040273
2.904667	0.040632
2.905000	0.040223
2.905333	0.040641
2.905667	0.040260
2.906000	0.039354
2.906333	0.039861
2.906667	0.039998
2.907000	0.039484
2.907333	0.039675
2.907667	0.039066
2.908000	0.039891
2.908333	0.039491
2.908667	0.039139
2.909000	0.039176
2.909333	0.038330
2.909667	0.038989
2.910000	0.038909
2.910333	0.039464
2.910667	0.037641
2.911000	0.038343
2.911333	0.038186
2.911667	0.038594
2.912000	0.038199
2.912333	0.038131
2.912667	0.038271
2.913000	0.038463
2.913333	0.037535
2.913667	0.038088
2.914000	0.038187
2.914333	0.038449
2.914667	0.037905
2.915000	0.037762
2.915333	0.037979
2.915667	0.037729
2.916000	0.037569
2.916333	0.037268
2.916667	0.037442
2.917000	0.036835
2.917333	0.036422
2.917667	0.036482
2.918000	0.036053
2.918333	0.036294
2.918667	0.036124
2.919000	0.035680
2.919333	0.036045
2.919667	0.036178
2.920000	0.036694
2.920333	0.036398
2.920667	0.035606
2.921000	0.036002
2.921333	0.036720
2.921667	0.036440
2.922000	0.036137
2.922333	0.036392
2.922667	0.036183
2.923000	0.036094
2.923333	0.035271
2.923667	0.035181
2.924000	0.034571
2.924333	0.034942
2.924667	0.034838
2.925000	0.034042
2.925333	0.034640
2.925667	0.034614
2.926000	0.034615
2.926333	0.034648
2.926667	0.034555
2.927000	0.035097
2.927333	0.034884
2.927667	0.034922
2.928000	0.034133
2.928333	0.034006
2.928667	0.034755
2.929000	0.034993
2.929333	0.035268
2.929667	0.035052
2.930000	0.033977
2.930333	0.034495
2.930667	0.034662
2.931000	0.034534
2.931333	0.033363
2.931667	0.033885
2.932000	0.034443
2.932333	0.033292
2.932667	0.033986
2.933000	0.032978
2.933333	0.033037
2.933667	0.034199
2.934000	0.033662
2.934333	0.033009
2.934667	0.033125
2.935000	0.033058
2.935333	0.033333
2.935667	0.033597
2.936000	0.033144
2.936333	0.033544
2.936667	0.033184
2.937000	0.033930
2.937333	0.033494
2.937667	0.033197
2.938000	0.032601
2.938333	0.032954
2.938667	0.033202
2.939000	0.032596
2.939333	0.032634
2.939667	0.032407
2.940000	0.032029
2.940333	0.031892
2.940667	0.032238
2.941000	0.032182
2.941333	0.032116
2.941667	0.032177
2.942000	0.032310
2.942333	0.032293
2.942667	0.031728
2.943000	0.031731
2.943333	0.031871
2.943667	0.031821
2.944000	0.032002
2.944333	0.031422
2.944667	0.031439
2.945000	0.030592
2.945333	0.031520
2.945667	0.031527
2.946000	0.031331
2.946333	0.031356
2.946667	0.031738
2.947000	0.031942
2.947333	0.031573
2.947667	0.032433
2.948000	0.031697
2.948333	0.032183
2.948667	0.032448
2.949000	0.031486
2.949333	0.031905
2.949667	0.031908
2.950000	0.031995
2.950333	0.030742
2.950667	0.031531
2.951000	0.031149
2.951333	0.030652
2.951667	0.030318
2.952000	0.030226
2.952333	0.030379
2.952667	0.029803
2.953000	0.029568
2.953333	0.029804
2.953667	0.029997
2.954000	0.029525
2.954333	0.030277
2.954667	0.029851
2.955000	0.030666
2.955333	0.030672
2.955667	0.030778
2.956000	0.030990
2.956333	0.030723
2.956667	0.031266
2.957000	0.031035
2.957333	0.031142
2.957667	0.031093
2.958000	0.031323
2.958333	0.031078
2.958667	0.030810
2.959000	0.030703
2.959333	0.029932
2.959667	0.029950
2.960000	0.030174
2.960333	0.029596
2.960667	0.029351
2.961000	0.029689
2.961333	0.029730
2.961667	0.029645
2.962000	0.029438
2.962333	0.028842
2.962667	0.030284
2.963000	0.030121
2.963333	0.029847
2.963667	0.029441
2.964000	0.030122
2.964333	0.029877
2.964667	0.029655
2.965000	0.029799
2.965333	0.030391
2.965667	0.029919
2.966000	0.029890
2.966333	0.029285
2.966667	0.029661
2.967000	0.029120
2.967333	0.029162
2.967667	0.028893
2.968000	0.028289
2.968333	0.028533
2.968667	0.028701
2.969000	0.028757
2.969333	0.028964
2.969667	0.029447
2.970000	0.029555
2.970333	0.029442
2.970667	0.029155
2.971000	0.028994
2.971333	0.029471
2.971667	0.029446
2.972000	0.029020
2.972333	0.029049
2.972667	0.029324
2.973000	0.028599
2.973333	0.028645
2.973667	0.028518
2.974000	0.028910
2.974333	0.028782
2.974667	0.029352
2.975000	0.028989
2.975333	0.028951
2.975667	0.028618
2.976000	0.028922
2.976333	0.028533
2.976667	0.028430
2.977000	0.028714
2.977333	0.028538
2.977667	0.028545
2.978000	0.028102
2.978333	0.028310
2.978667	0.028112
2.979000	0.028239
2.979333	0.028401
2.979667	0.027296
2.980000	0.028220
2.980333	0.027448
2.980667	0.027949
2.981000	0.027867
2.981333	0.027173
2.981667	0.028679
2.982000	0.027802
2.982333	0.028314
2.982667	0.027642
2.983000	0.028247
2.983333	0.028439
2.983667	0.028006
2.984000	0.028527
2.984333	0.028156
2.984667	0.027753
2.985000	0.028116
2.985333	0.028298
2.985667	0.027988
2.986000	0.027848
2.986333	0.027730
2.986667	0.028191
2.987000	0.027938
2.987333	0.027391
2.987667	0.027666
2.988000	0.027516
2.988333	0.027365
2.988667	0.027097
2.989000	0.027144
2.989333	0.026732
2.989667	0.027401
2.990000	0.027194
2.990333	0.026971
2.990667	0.027321
2.991000	0.026591
2.991333	0.027059
2.991667	0.028140
2.992000	0.026505
2.992333	0.026095
2.992667	0.027032
2.993000	0.027049
2.993333	0.026319
2.993667	0.026882
2.994000	0.027182
2.994333	0.026835
2.994667	0.027537
2.995000	0.026719
2.995333	0.027994
2.995667	0.027513
2.996000	0.026927
2.996333	0.027551
2.996667	0.027381
2.997000	0.027800
2.997333	0.027647
2.997667	0.027485
2.998000	0.027684
2.998333	0.026887
2.998667	0.027175
2.999000	0.027487
2.999333	0.026723
2.999667	0.026552
3.000000	0.026211
