0.000333	0.022999
0.000667	0.022913
0.001000	0.022426
0.001333	0.022548
0.001667	0.023315
0.002000	0.023232
0.002333	0.023080
0.002667	0.022723
0.003000	0.022878
0.003333	0.023546
0.003667	0.023339
0.004000	0.023500
0.004333	0.022774
0.004667	0.022769
0.005000	0.023765
0.005333	0.022711
0.005667	0.022714
0.006000	0.022866
0.006333	0.024878
0.006667	0.047802
0.007000	0.065433
0.007333	0.064296
0.007667	0.060137
0.008000	0.057292
0.008333	0.055068
0.008667	0.053721
0.009000	0.051615
0.009333	0.050798
0.009667	0.051632
0.010000	0.055684
0.010333	0.062647
0.010667	0.073567
0.011000	0.077463
0.011333	0.074370
0.011667	0.070947
0.012000	0.067062
0.012333	0.064636
0.012667	0.061672
0.013000	0.059720
0.013333	0.057553
0.013667	0.056020
0.014000	0.054918
0.014333	0.053036
0.014667	0.052078
0.015000	0.050477
0.015333	0.049670
0.015667	0.048628
0.016000	0.047905
0.016333	0.047236
0.016667	0.045843
0.017000	0.044481
0.017333	0.043579
0.017667	0.042814
0.018000	0.041935
0.018333	0.041848
0.018667	0.041284
0.019000	0.040821
0.019333	0.040493
0.019667	0.039544
0.020000	0.039675
0.020333	0.039108
0.020667	0.038642
0.021000	0.038884
0.021333	0.038901
0.021667	0.037753
0.022000	0.037503
0.022333	0.037203
0.022667	0.036171
0.023000	0.037112
0.023333	0.036222
0.023667	0.036156
0.024000	0.035713
0.024333	0.035170
0.024667	0.034798
0.025000	0.034272
0.025333	0.034878
0.025667	0.034188
0.026000	0.034566
0.026333	0.035018
0.026667	0.034115
0.027000	0.033526
0.027333	0.033690
0.027667	0.033086
0.028000	0.032932
0.028333	0.031680
0.028667	0.032495
0.029000	0.032706
0.029333	0.031995
0.029667	0.031957
0.030000	0.032069
0.030333	0.031825
0.030667	0.031713
0.031000	0.031690
0.031333	0.031490
0.031667	0.031465
0.032000	0.031144
0.032333	0.030843
0.032667	0.030854
0.033000	0.031334
0.033333	0.031414
0.033667	0.031368
0.034000	0.030832
0.034333	0.030695
0.034667	0.030520
0.035000	0.030280
0.035333	0.030590
0.035667	0.030259
0.036000	0.030435
0.036333	0.030430
0.036667	0.029435
0.037000	0.030085
0.037333	0.029923
0.037667	0.030108
0.038000	0.029415
0.038333	0.029470
0.038667	0.029432
0.039000	0.029291
0.039333	0.029300
0.039667	0.029576
0.040000	0.029402
0.040333	0.028925
0.040667	0.030005
0.041000	0.028379
0.041333	0.029037
0.041667	0.029427
0.042000	0.028746
0.042333	0.028741
0.042667	0.027629
0.043000	0.028901
0.043333	0.028046
0.043667	0.028447
0.044000	0.028011
0.044333	0.028370
0.044667	0.028192
0.045000	0.028052
0.045333	0.028600
0.045667	0.028091
0.046000	0.028206
0.046333	0.028181
0.046667	0.027930
0.047000	0.027660
0.047333	0.027492
0.047667	0.027897
0.048000	0.028992
0.048333	0.026721
0.048667	0.027306
0.049000	0.027396
0.049333	0.027540
0.049667	0.027547
0.050000	0.027797
0.050333	0.027680
0.050667	0.027461
0.051000	0.027601
0.051333	0.028098
0.051667	0.027437
0.052000	0.027637
0.052333	0.027511
0.052667	0.027645
0.053000	0.027847
0.053333	0.026432
0.053667	0.027826
0.054000	0.026995
0.054333	0.026968
0.054667	0.027597
0.055000	0.027419
0.055333	0.027232
0.055667	0.026444
0.056000	0.026980
0.056333	0.027393
0.056667	0.026972
0.057000	0.027299
0.057333	0.027525
0.057667	0.026801
0.058000	0.026618
0.058333	0.027054
0.058667	0.026820
0.059000	0.026255
0.059333	0.026422
0.059667	0.026700
0.060000	0.026887
0.060333	0.026703
0.060667	0.026694
0.061000	0.027204
0.061333	0.026910
0.061667	0.026402
0.062000	0.027240
0.062333	0.026307
0.062667	0.026362
0.063000	0.026515
0.063333	0.026924
0.063667	0.026559
0.064000	0.026197
0.064333	0.026051
0.064667	0.026028
0.065000	0.025738
0.065333	0.025160
0.065667	0.026577
0.066000	0.026162
0.066333	0.025710
0.066667	0.026745
0.067000	0.026241
0.067333	0.025949
0.067667	0.026088
0.068000	0.026517
0.068333	0.025984
0.068667	0.026494
0.069000	0.026711
0.069333	0.026070
0.069667	0.026499
0.070000	0.026479
0.070333	0.026403
0.070667	0.025393
0.071000	0.026005
0.071333	0.026398
0.071667	0.026086
0.072000	0.025801
0.072333	0.026157
0.072667	0.025399
0.073000	0.026252
0.073333	0.026222
0.073667	0.025961
0.074000	0.026017
0.074333	0.025976
0.074667	0.026395
0.075000	0.026407
0.075333	0.026067
0.075667	0.025581
0.076000	0.026372
0.076333	0.025674
0.076667	0.025857
0.077000	0.025314
0.077333	0.025960
0.077667	0.026034
0.078000	0.025919
0.078333	0.025279
0.078667	0.025236
0.079000	0.025386
0.079333	0.025054
0.079667	0.026025
0.080000	0.025335
0.080333	0.025623
0.080667	0.025507
0.081000	0.025861
0.081333	0.026079
0.081667	0.025057
0.082000	0.025497
0.082333	0.025974
0.082667	0.025297
0.083000	0.025802
0.083333	0.025034
0.083667	0.025650
0.084000	0.025013
0.084333	0.026291
0.084667	0.026072
0.085000	0.026104
0.085333	0.026077
0.085667	0.025807
0.086000	0.026067
0.086333	0.025660
0.086667	0.025065
0.087000	0.026192
0.087333	0.026583
0.087667	0.026046
0.088000	0.025875
0.088333	0.026120
0.088667	0.025883
0.089000	0.025691
0.089333	0.026258
0.089667	0.024712
0.090000	0.026330
0.090333	0.025887
0.090667	0.026322
0.091000	0.025715
0.091333	0.025370
0.091667	0.025485
0.092000	0.025526
0.092333	0.026287
0.092667	0.026197
0.093000	0.025315
0.093333	0.026055
0.093667	0.025492
0.094000	0.025712
0.094333	0.025437
0.094667	0.025636
0.095000	0.025312
0.095333	0.025595
0.095667	0.025254
0.096000	0.025945
0.096333	0.025649
0.096667	0.025405
0.097000	0.025255
0.097333	0.025185
0.097667	0.025529
0.098000	0.025327
0.098333	0.026110
0.098667	0.026035
0.099000	0.025716
0.099333	0.025804
0.099667	0.025250
0.100000	0.026107
0.100333	0.025942
0.100667	0.025513
0.101000	0.025526
0.101333	0.025736
0.101667	0.025306
0.102000	0.025348
0.102333	0.025220
0.102667	0.026005
0.103000	0.025357
0.103333	0.025540
0.103667	0.025157
0.104000	0.025520
0.104333	0.025036
0.104667	0.025465
0.105000	0.025399
0.105333	0.025459
0.105667	0.025807
0.106000	0.026520
0.106333	0.025346
0.106667	0.024919
0.107000	0.025411
0.107333	0.025005
0.107667	0.025670
0.108000	0.024735
0.108333	0.025465
0.108667	0.025218
0.109000	0.025994
0.109333	0.026072
0.109667	0.025267
0.110000	0.025161
0.110333	0.026122
0.110667	0.025241
0.111000	0.025103
0.111333	0.024925
0.111667	0.026020
0.112000	0.025948
0.112333	0.025670
0.112667	0.025532
0.113000	0.024688
0.113333	0.025287
0.113667	0.025003
0.114000	0.025638
0.114333	0.025121
0.114667	0.025717
0.115000	0.025466
0.115333	0.025466
0.115667	0.025580
0.116000	0.025947
0.116333	0.025612
0.116667	0.024756
0.117000	0.025513
0.117333	0.026151
0.117667	0.025354
0.118000	0.025250
0.118333	0.026106
0.118667	0.024721
0.119000	0.026117
0.119333	0.025416
0.119667	0.024510
0.120000	0.025443
0.120333	0.025433
0.120667	0.025415
0.121000	0.025401
0.121333	0.024781
0.121667	0.025375
0.122000	0.025852
0.122333	0.025882
0.122667	0.025886
0.123000	0.025534
0.123333	0.026149
0.123667	0.025443
0.124000	0.026131
0.124333	0.025981
0.124667	0.026005
0.125000	0.025353
0.125333	0.025448
0.125667	0.025959
0.126000	0.024899
0.126333	0.025851
0.126667	0.025315
0.127000	0.025096
0.127333	0.025555
0.127667	0.025731
0.128000	0.025310
0.128333	0.025039
0.128667	0.025283
0.129000	0.025740
0.129333	0.024895
0.129667	0.025559
0.130000	0.025909
0.130333	0.025643
0.130667	0.025975
0.131000	0.025121
0.131333	0.024880
0.131667	0.025674
0.132000	0.025450
0.132333	0.025122
0.132667	0.024906
0.133000	0.024877
0.133333	0.025400
0.133667	0.025386
0.134000	0.025250
0.134333	0.025401
0.134667	0.025433
0.135000	0.025375
0.135333	0.026059
0.135667	0.024968
0.136000	0.026205
0.136333	0.025355
0.136667	0.025208
0.137000	0.025325
0.137333	0.025468
0.137667	0.025794
0.138000	0.026147
0.138333	0.025632
0.138667	0.025303
0.139000	0.025280
0.139333	0.025651
0.139667	0.025980
0.140000	0.024879
0.140333	0.025534
0.140667	0.025243
0.141000	0.025832
0.141333	0.025458
0.141667	0.026458
0.142000	0.025774
0.142333	0.025474
0.142667	0.025602
0.143000	0.026348
0.143333	0.025631
0.143667	0.025677
0.144000	0.025361
0.144333	0.024984
0.144667	0.025110
0.145000	0.026435
0.145333	0.025629
0.145667	0.025307
0.146000	0.025907
0.146333	0.025886
0.146667	0.025496
0.147000	0.025723
0.147333	0.025195
0.147667	0.026101
0.148000	0.025058
0.148333	0.025123
0.148667	0.025329
0.149000	0.025409
0.149333	0.024754
0.149667	0.025242
0.150000	0.025784
0.150333	0.025627
0.150667	0.025929
0.151000	0.025363
0.151333	0.025364
0.151667	0.025281
0.152000	0.025187
0.152333	0.025973
0.152667	0.025239
0.153000	0.025240
0.153333	0.025633
0.153667	0.025968
0.154000	0.026061
0.154333	0.025922
0.154667	0.025845
0.155000	0.026434
0.155333	0.025610
0.155667	0.025577
0.156000	0.025673
0.156333	0.026277
0.156667	0.026169
0.157000	0.025412
0.157333	0.025520
0.157667	0.025690
0.158000	0.025166
0.158333	0.026197
0.158667	0.025671
0.159000	0.025540
0.159333	0.025533
0.159667	0.025606
0.160000	0.026315
0.160333	0.025175
0.160667	0.025422
0.161000	0.025301
0.161333	0.025777
0.161667	0.025393
0.162000	0.025384
0.162333	0.025608
0.162667	0.025731
0.163000	0.025621
0.163333	0.025587
0.163667	0.025628
0.164000	0.025794
0.164333	0.025667
0.164667	0.025527
0.165000	0.025550
0.165333	0.025128
0.165667	0.025489
0.166000	0.026047
0.166333	0.039240
0.166667	0.065083
0.167000	0.068465
0.167333	0.064534
0.167667	0.061071
0.168000	0.061783
0.168333	0.064630
0.168667	0.070472
0.169000	0.075517
0.169333	0.075557
0.169667	0.073686
0.170000	0.070445
0.170333	0.068242
0.170667	0.065452
0.171000	0.062410
0.171333	0.060884
0.171667	0.058403
0.172000	0.056308
0.172333	0.055316
0.172667	0.053630
0.173000	0.052613
0.173333	0.051449
0.173667	0.050930
0.174000	0.049629
0.174333	0.048464
0.174667	0.048320
0.175000	0.046994
0.175333	0.045794
0.175667	0.045538
0.176000	0.045128
0.176333	0.044916
0.176667	0.043943
0.177000	0.043551
0.177333	0.041973
0.177667	0.041877
0.178000	0.042394
0.178333	0.041527
0.178667	0.041770
0.179000	0.040764
0.179333	0.040868
0.179667	0.040602
0.180000	0.040052
0.180333	0.039596
0.180667	0.038497
0.181000	0.038613
0.181333	0.038929
0.181667	0.038134
0.182000	0.038352
0.182333	0.037748
0.182667	0.037662
0.183000	0.037478
0.183333	0.036434
0.183667	0.036627
0.184000	0.035676
0.184333	0.036300
0.184667	0.036540
0.185000	0.036144
0.185333	0.035851
0.185667	0.036139
0.186000	0.035177
0.186333	0.035180
0.186667	0.035486
0.187000	0.035157
0.187333	0.035270
0.187667	0.034487
0.188000	0.035270
0.188333	0.033942
0.188667	0.034348
0.189000	0.034553
0.189333	0.034158
0.189667	0.033721
0.190000	0.034096
0.190333	0.034276
0.190667	0.033813
0.191000	0.033991
0.191333	0.033280
0.191667	0.034341
0.192000	0.033106
0.192333	0.033511
0.192667	0.032961
0.193000	0.033419
0.193333	0.033366
0.193667	0.033655
0.194000	0.033299
0.194333	0.032978
0.194667	0.032665
0.195000	0.033005
0.195333	0.031874
0.195667	0.032698
0.196000	0.032307
0.196333	0.033103
0.196667	0.033246
0.197000	0.032396
0.197333	0.032692
0.197667	0.031575
0.198000	0.032002
0.198333	0.032140
0.198667	0.031780
0.199000	0.032059
0.199333	0.032085
0.199667	0.032239
0.200000	0.031789
0.200333	0.031159
0.200667	0.031467
0.201000	0.031730
0.201333	0.031474
0.201667	0.031746
0.202000	0.031962
0.202333	0.031972
0.202667	0.031481
0.203000	0.030904
0.203333	0.031061
0.203667	0.031009
0.204000	0.030667
0.204333	0.030916
0.204667	0.030913
0.205000	0.031699
0.205333	0.030825
0.205667	0.030788
0.206000	0.030736
0.206333	0.031296
0.206667	0.030992
0.207000	0.031278
0.207333	0.031091
0.207667	0.030839
0.208000	0.030510
0.208333	0.030616
0.208667	0.030234
0.209000	0.030825
0.209333	0.030472
0.209667	0.030781
0.210000	0.030120
0.210333	0.030264
0.210667	0.030625
0.211000	0.030052
0.211333	0.030488
0.211667	0.030135
0.212000	0.029502
0.212333	0.029895
0.212667	0.029830
0.213000	0.030107
0.213333	0.030488
0.213667	0.030036
0.214000	0.030297
0.214333	0.030772
0.214667	0.030234
0.215000	0.029138
0.215333	0.029243
0.215667	0.030477
0.216000	0.029751
0.216333	0.030091
0.216667	0.030386
0.217000	0.029727
0.217333	0.029959
0.217667	0.029591
0.218000	0.029634
0.218333	0.029602
0.218667	0.029203
0.219000	0.029446
0.219333	0.029959
0.219667	0.029057
0.220000	0.029078
0.220333	0.029745
0.220667	0.029260
0.221000	0.029582
0.221333	0.029505
0.221667	0.029512
0.222000	0.029706
0.222333	0.028767
0.222667	0.028878
0.223000	0.029881
0.223333	0.029689
0.223667	0.028966
0.224000	0.029569
0.224333	0.029263
0.224667	0.029181
0.225000	0.029666
0.225333	0.029735
0.225667	0.030226
0.226000	0.030491
0.226333	0.029925
0.226667	0.029620
0.227000	0.029244
0.227333	0.028942
0.227667	0.029180
0.228000	0.028624
0.228333	0.030251
0.228667	0.028943
0.229000	0.029263
0.229333	0.028482
0.229667	0.028649
0.230000	0.028639
0.230333	0.029211
0.230667	0.028785
0.231000	0.028521
0.231333	0.029451
0.231667	0.028924
0.232000	0.028743
0.232333	0.029380
0.232667	0.029226
0.233000	0.029038
0.233333	0.028689
0.233667	0.029612
0.234000	0.029078
0.234333	0.028514
0.234667	0.028731
0.235000	0.028925
0.235333	0.028623
0.235667	0.029367
0.236000	0.028182
0.236333	0.028869
0.236667	0.028630
0.237000	0.028608
0.237333	0.029265
0.237667	0.028992
0.238000	0.028172
0.238333	0.028579
0.238667	0.029183
0.239000	0.028731
0.239333	0.028726
0.239667	0.028325
0.240000	0.029169
0.240333	0.029552
0.240667	0.028636
0.241000	0.028840
0.241333	0.029370
0.241667	0.028501
0.242000	0.029450
0.242333	0.028980
0.242667	0.028588
0.243000	0.028887
0.243333	0.028714
0.243667	0.028548
0.244000	0.028898
0.244333	0.028880
0.244667	0.028686
0.245000	0.028545
0.245333	0.029304
0.245667	0.028542
0.246000	0.029012
0.246333	0.028323
0.246667	0.028919
0.247000	0.028136
0.247333	0.028182
0.247667	0.028636
0.248000	0.029098
0.248333	0.028102
0.248667	0.028301
0.249000	0.029166
0.249333	0.028664
0.249667	0.029060
0.250000	0.028624
0.250333	0.028604
0.250667	0.027889
0.251000	0.028306
0.251333	0.029324
0.251667	0.028846
0.252000	0.028789
0.252333	0.028582
0.252667	0.028423
0.253000	0.027959
0.253333	0.028240
0.253667	0.027956
0.254000	0.028920
0.254333	0.027765
0.254667	0.028127
0.255000	0.028326
0.255333	0.028682
0.255667	0.028217
0.256000	0.029069
0.256333	0.028234
0.256667	0.028397
0.257000	0.027733
0.257333	0.028677
0.257667	0.028539
0.258000	0.028952
0.258333	0.028094
0.258667	0.027803
0.259000	0.028579
0.259333	0.027969
0.259667	0.028194
0.260000	0.028743
0.260333	0.028359
0.260667	0.028673
0.261000	0.027725
0.261333	0.028264
0.261667	0.028258
0.262000	0.028512
0.262333	0.028234
0.262667	0.028471
0.263000	0.028324
0.263333	0.028690
0.263667	0.028198
0.264000	0.027895
0.264333	0.029016
0.264667	0.028253
0.265000	0.028149
0.265333	0.028850
0.265667	0.028042
0.266000	0.028462
0.266333	0.028251
0.266667	0.028175
0.267000	0.028200
0.267333	0.028715
0.267667	0.027952
0.268000	0.027226
0.268333	0.027884
0.268667	0.028818
0.269000	0.028408
0.269333	0.028230
0.269667	0.027912
0.270000	0.028412
0.270333	0.028124
0.270667	0.028270
0.271000	0.028504
0.271333	0.028009
0.271667	0.028435
0.272000	0.028545
0.272333	0.028865
0.272667	0.029030
0.273000	0.028361
0.273333	0.028187
0.273667	0.028909
0.274000	0.028567
0.274333	0.027607
0.274667	0.028268
0.275000	0.027775
0.275333	0.027804
0.275667	0.029182
0.276000	0.028745
0.276333	0.028229
0.276667	0.027975
0.277000	0.027762
0.277333	0.028472
0.277667	0.028333
0.278000	0.027900
0.278333	0.028160
0.278667	0.028036
0.279000	0.028750
0.279333	0.028419
0.279667	0.028338
0.280000	0.028172
0.280333	0.028428
0.280667	0.028410
0.281000	0.027984
0.281333	0.028331
0.281667	0.027281
0.282000	0.027675
0.282333	0.028088
0.282667	0.028678
0.283000	0.028069
0.283333	0.028813
0.283667	0.028253
0.284000	0.028650
0.284333	0.028442
0.284667	0.028455
0.285000	0.027205
0.285333	0.028273
0.285667	0.028139
0.286000	0.028446
0.286333	0.028573
0.286667	0.027351
0.287000	0.028666
0.287333	0.028348
0.287667	0.028151
0.288000	0.027598
0.288333	0.028223
0.288667	0.028150
0.289000	0.027278
0.289333	0.028584
0.289667	0.028337
0.290000	0.027746
0.290333	0.027585
0.290667	0.027870
0.291000	0.028190
0.291333	0.027739
0.291667	0.028117
0.292000	0.027690
0.292333	0.028141
0.292667	0.027149
0.293000	0.028077
0.293333	0.028147
0.293667	0.028066
0.294000	0.028445
0.294333	0.027502
0.294667	0.028555
0.295000	0.027839
0.295333	0.027332
0.295667	0.028158
0.296000	0.028331
0.296333	0.027804
0.296667	0.028502
0.297000	0.027730
0.297333	0.027891
0.297667	0.029110
0.298000	0.028342
0.298333	0.028045
0.298667	0.027643
0.299000	0.028313
0.299333	0.028524
0.299667	0.027626
0.300000	0.028373
0.300333	0.027863
0.300667	0.028005
0.301000	0.028189
0.301333	0.027969
0.301667	0.028278
0.302000	0.027821
0.302333	0.027792
0.302667	0.028690
0.303000	0.027848
0.303333	0.028785
0.303667	0.029039
0.304000	0.028032
0.304333	0.028437
0.304667	0.028216
0.305000	0.028279
0.305333	0.028577
0.305667	0.028261
0.306000	0.027959
0.306333	0.028152
0.306667	0.027215
0.307000	0.028360
0.307333	0.028279
0.307667	0.027941
0.308000	0.028652
0.308333	0.027968
0.308667	0.028227
0.309000	0.028569
0.309333	0.028351
0.309667	0.028433
0.310000	0.028267
0.310333	0.028568
0.310667	0.028056
0.311000	0.028416
0.311333	0.028791
0.311667	0.028767
0.312000	0.027691
0.312333	0.027774
0.312667	0.028742
0.313000	0.028197
0.313333	0.028420
0.313667	0.028094
0.314000	0.028247
0.314333	0.027787
0.314667	0.027938
0.315000	0.027763
0.315333	0.028213
0.315667	0.028351
0.316000	0.028566
0.316333	0.028035
0.316667	0.027232
0.317000	0.028111
0.317333	0.028030
0.317667	0.028220
0.318000	0.027451
0.318333	0.028076
0.318667	0.028756
0.319000	0.028833
0.319333	0.027771
0.319667	0.027582
0.320000	0.027881
0.320333	0.027845
0.320667	0.028227
0.321000	0.028107
0.321333	0.027788
0.321667	0.028583
0.322000	0.028441
0.322333	0.027967
0.322667	0.028223
0.323000	0.028362
0.323333	0.028176
0.323667	0.028157
0.324000	0.027854
0.324333	0.028433
0.324667	0.028656
0.325000	0.028399
0.325333	0.028439
0.325667	0.027998
0.326000	0.027844
0.326333	0.028421
0.326667	0.028771
0.327000	0.027604
0.327333	0.028449
0.327667	0.028441
0.328000	0.028031
0.328333	0.028391
0.328667	0.028333
0.329000	0.028171
0.329333	0.028436
0.329667	0.028076
0.330000	0.028441
0.330333	0.027537
0.330667	0.028204
0.331000	0.027677
0.331333	0.027978
0.331667	0.028430
0.332000	0.028792
0.332333	0.028826
0.332667	0.029297
0.333000	0.027992
0.333333	0.027571
0.333667	0.028170
0.334000	0.028184
0.334333	0.028761
0.334667	0.028637
0.335000	0.027600
0.335333	0.028897
0.335667	0.028229
0.336000	0.028397
0.336333	0.027772
0.336667	0.027687
0.337000	0.027794
0.337333	0.027826
0.337667	0.027892
0.338000	0.028465
0.338333	0.027939
0.338667	0.028293
0.339000	0.029024
0.339333	0.028085
0.339667	0.028333
0.340000	0.028016
0.340333	0.028600
0.340667	0.028200
0.341000	0.027690
0.341333	0.026898
0.341667	0.028808
0.342000	0.027613
0.342333	0.028250
0.342667	0.028359
0.343000	0.028399
0.343333	0.028190
0.343667	0.028395
0.344000	0.027921
0.344333	0.027941
0.344667	0.028416
0.345000	0.028588
0.345333	0.027270
0.345667	0.027771
0.346000	0.027928
0.346333	0.027381
0.346667	0.028354
0.347000	0.027971
0.347333	0.027846
0.347667	0.027611
0.348000	0.028279
0.348333	0.028102
0.348667	0.028579
0.349000	0.029093
0.349333	0.028418
0.349667	0.027982
0.350000	0.027689
0.350333	0.028063
0.350667	0.027946
0.351000	0.027925
0.351333	0.027893
0.351667	0.028448
0.352000	0.027573
0.352333	0.028023
0.352667	0.028116
0.353000	0.028947
0.353333	0.027721
0.353667	0.027757
0.354000	0.027894
0.354333	0.028328
0.354667	0.028117
0.355000	0.028439
0.355333	0.027938
0.355667	0.028536
0.356000	0.028679
0.356333	0.027988
0.356667	0.028519
0.357000	0.028679
0.357333	0.028406
0.357667	0.027816
0.358000	0.028258
0.358333	0.028171
0.358667	0.027677
0.359000	0.027806
0.359333	0.027714
0.359667	0.028358
0.360000	0.028458
0.360333	0.028261
0.360667	0.028162
0.361000	0.027766
0.361333	0.027953
0.361667	0.028457
0.362000	0.028228
0.362333	0.028066
0.362667	0.027354
0.363000	0.028440
0.363333	0.028333
0.363667	0.028055
0.364000	0.028425
0.364333	0.027539
0.364667	0.028165
0.365000	0.028351
0.365333	0.028622
0.365667	0.027575
0.366000	0.029131
0.366333	0.028682
0.366667	0.027928
0.367000	0.027974
0.367333	0.028319
0.367667	0.028443
0.368000	0.028536
0.368333	0.027651
0.368667	0.028173
0.369000	0.027222
0.369333	0.027909
0.369667	0.028124
0.370000	0.027802
0.370333	0.029281
0.370667	0.028497
0.371000	0.028421
0.371333	0.028373
0.371667	0.028156
0.372000	0.028315
0.372333	0.028209
0.372667	0.027743
0.373000	0.027662
0.373333	0.027837
0.373667	0.028515
0.374000	0.028226
0.374333	0.027990
0.374667	0.028226
0.375000	0.028231
0.375333	0.028795
0.375667	0.028786
0.376000	0.028918
0.376333	0.028422
0.376667	0.028429
0.377000	0.028120
0.377333	0.028041
0.377667	0.028300
0.378000	0.029129
0.378333	0.028281
0.378667	0.028480
0.379000	0.028454
0.379333	0.027932
0.379667	0.029049
0.380000	0.028225
0.380333	0.028216
0.380667	0.028321
0.381000	0.027808
0.381333	0.027757
0.381667	0.029043
0.382000	0.028952
0.382333	0.028447
0.382667	0.028838
0.383000	0.028232
0.383333	0.028571
0.383667	0.028832
0.384000	0.027977
0.384333	0.027935
0.384667	0.027778
0.385000	0.028775
0.385333	0.028233
0.385667	0.028753
0.386000	0.028560
0.386333	0.027857
0.386667	0.028425
0.387000	0.028562
0.387333	0.027904
0.387667	0.028126
0.388000	0.028424
0.388333	0.028048
0.388667	0.028732
0.389000	0.027968
0.389333	0.028381
0.389667	0.028588
0.390000	0.027724
0.390333	0.028371
0.390667	0.027842
0.391000	0.028374
0.391333	0.028229
0.391667	0.028087
0.392000	0.029061
0.392333	0.027832
0.392667	0.028483
0.393000	0.029322
0.393333	0.029158
0.393667	0.029305
0.394000	0.028922
0.394333	0.028784
0.394667	0.028566
0.395000	0.028435
0.395333	0.028280
0.395667	0.028546
0.396000	0.029100
0.396333	0.028768
0.396667	0.028194
0.397000	0.028761
0.397333	0.028188
0.397667	0.028616
0.398000	0.028114
0.398333	0.028651
0.398667	0.027975
0.399000	0.028820
0.399333	0.028702
0.399667	0.028962
0.400000	0.028924
0.400333	0.028963
0.400667	0.028570
0.401000	0.028882
0.401333	0.029382
0.401667	0.029039
0.402000	0.028298
0.402333	0.028448
0.402667	0.028855
0.403000	0.029541
0.403333	0.028184
0.403667	0.029195
0.404000	0.028446
0.404333	0.029141
0.404667	0.028499
0.405000	0.028118
0.405333	0.028831
0.405667	0.028595
0.406000	0.028426
0.406333	0.028392
0.406667	0.028753
0.407000	0.029369
0.407333	0.028740
0.407667	0.028192
0.408000	0.029431
0.408333	0.028467
0.408667	0.028445
0.409000	0.028152
0.409333	0.028148
0.409667	0.028541
0.410000	0.028464
0.410333	0.028570
0.410667	0.027854
0.411000	0.028183
0.411333	0.028842
0.411667	0.028713
0.412000	0.028960
0.412333	0.028678
0.412667	0.028875
0.413000	0.027742
0.413333	0.028330
0.413667	0.029028
0.414000	0.028861
0.414333	0.028360
0.414667	0.028653
0.415000	0.028353
0.415333	0.029296
0.415667	0.028268
0.416000	0.028512
0.416333	0.029552
0.416667	0.029300
0.417000	0.028743
0.417333	0.029048
0.417667	0.028875
0.418000	0.028364
0.418333	0.028631
0.418667	0.029359
0.419000	0.028887
0.419333	0.028450
0.419667	0.027815
0.420000	0.028915
0.420333	0.028807
0.420667	0.028094
0.421000	0.028879
0.421333	0.029161
0.421667	0.028658
0.422000	0.028147
0.422333	0.029011
0.422667	0.028074
0.423000	0.028642
0.423333	0.028982
0.423667	0.028967
0.424000	0.028656
0.424333	0.028858
0.424667	0.028256
0.425000	0.028618
0.425333	0.028234
0.425667	0.028920
0.426000	0.027625
0.426333	0.028052
0.426667	0.028516
0.427000	0.028263
0.427333	0.028520
0.427667	0.028690
0.428000	0.028640
0.428333	0.029272
0.428667	0.028498
0.429000	0.028046
0.429333	0.028641
0.429667	0.028126
0.430000	0.029308
0.430333	0.028981
0.430667	0.028950
0.431000	0.028784
0.431333	0.029126
0.431667	0.029093
0.432000	0.028785
0.432333	0.027976
0.432667	0.028642
0.433000	0.028267
0.433333	0.028184
0.433667	0.028575
0.434000	0.028939
0.434333	0.029020
0.434667	0.029098
0.435000	0.029076
0.435333	0.029256
0.435667	0.029287
0.436000	0.028717
0.436333	0.028512
0.436667	0.027796
0.437000	0.028785
0.437333	0.027947
0.437667	0.028867
0.438000	0.028544
0.438333	0.028885
0.438667	0.028041
0.439000	0.028595
0.439333	0.028256
0.439667	0.028768
0.440000	0.028764
0.440333	0.028496
0.440667	0.028600
0.441000	0.028417
0.441333	0.029144
0.441667	0.028152
0.442000	0.029160
0.442333	0.027393
0.442667	0.028218
0.443000	0.028454
0.443333	0.028470
0.443667	0.028430
0.444000	0.029040
0.444333	0.029286
0.444667	0.028506
0.445000	0.028542
0.445333	0.029248
0.445667	0.028874
0.446000	0.028416
0.446333	0.028950
0.446667	0.028371
0.447000	0.028735
0.447333	0.027433
0.447667	0.028874
0.448000	0.027901
0.448333	0.029151
0.448667	0.027841
0.449000	0.027930
0.449333	0.028570
0.449667	0.027793
0.450000	0.028725
0.450333	0.029050
0.450667	0.028391
0.451000	0.028932
0.451333	0.028482
0.451667	0.028381
0.452000	0.028771
0.452333	0.028871
0.452667	0.028521
0.453000	0.028043
0.453333	0.029053
0.453667	0.028742
0.454000	0.028638
0.454333	0.029064
0.454667	0.029081
0.455000	0.028739
0.455333	0.028769
0.455667	0.028472
0.456000	0.029277
0.456333	0.028609
0.456667	0.028342
0.457000	0.028763
0.457333	0.028633
0.457667	0.028414
0.458000	0.028929
0.458333	0.028705
0.458667	0.028353
0.459000	0.028315
0.459333	0.028513
0.459667	0.027791
0.460000	0.028125
0.460333	0.028175
0.460667	0.028872
0.461000	0.028398
0.461333	0.028469
0.461667	0.029217
0.462000	0.028625
0.462333	0.028372
0.462667	0.029368
0.463000	0.029515
0.463333	0.029568
0.463667	0.028283
0.464000	0.028570
0.464333	0.028773
0.464667	0.029131
0.465000	0.028137
0.465333	0.028056
0.465667	0.028385
0.466000	0.027933
0.466333	0.027759
0.466667	0.028510
0.467000	0.028350
0.467333	0.028735
0.467667	0.028362
0.468000	0.029842
0.468333	0.029434
0.468667	0.029299
0.469000	0.028571
0.469333	0.028962
0.469667	0.028153
0.470000	0.028748
0.470333	0.028807
0.470667	0.028577
0.471000	0.027851
0.471333	0.028179
0.471667	0.027964
0.472000	0.027906
0.472333	0.028623
0.472667	0.028850
0.473000	0.027903
0.473333	0.029107
0.473667	0.029077
0.474000	0.029382
0.474333	0.029480
0.474667	0.029141
0.475000	0.031704
0.475333	0.053199
0.475667	0.070668
0.476000	0.069476
0.476333	0.065778
0.476667	0.062112
0.477000	0.059617
0.477333	0.057450
0.477667	0.055347
0.478000	0.053139
0.478333	0.051834
0.478667	0.050466
0.479000	0.050000
0.479333	0.048539
0.479667	0.046938
0.480000	0.046650
0.480333	0.045778
0.480667	0.043963
0.481000	0.044056
0.481333	0.043822
0.481667	0.042630
0.482000	0.042318
0.482333	0.041549
0.482667	0.041939
0.483000	0.040811
0.483333	0.040010
0.483667	0.040100
0.484000	0.038809
0.484333	0.038564
0.484667	0.038812
0.485000	0.038472
0.485333	0.038431
0.485667	0.037391
0.486000	0.037496
0.486333	0.037619
0.486667	0.036336
0.487000	0.037047
0.487333	0.037372
0.487667	0.036535
0.488000	0.035694
0.488333	0.036574
0.488667	0.036453
0.489000	0.036069
0.489333	0.035806
0.489667	0.035495
0.490000	0.035093
0.490333	0.034752
0.490667	0.034901
0.491000	0.034990
0.491333	0.034767
0.491667	0.034786
0.492000	0.033972
0.492333	0.034131
0.492667	0.034697
0.493000	0.034298
0.493333	0.034102
0.493667	0.033988
0.494000	0.034446
0.494333	0.034861
0.494667	0.033670
0.495000	0.034555
0.495333	0.033206
0.495667	0.033340
0.496000	0.033174
0.496333	0.033298
0.496667	0.032601
0.497000	0.032802
0.497333	0.032630
0.497667	0.032376
0.498000	0.032917
0.498333	0.032217
0.498667	0.033125
0.499000	0.032730
0.499333	0.033148
0.499667	0.032783
0.500000	0.033121
0.500333	0.033308
0.500667	0.032678
0.501000	0.032353
0.501333	0.032824
0.501667	0.032667
0.502000	0.032752
0.502333	0.031382
0.502667	0.033140
0.503000	0.032278
0.503333	0.031605
0.503667	0.031962
0.504000	0.031959
0.504333	0.031998
0.504667	0.031672
0.505000	0.031983
0.505333	0.031603
0.505667	0.030663
0.506000	0.031692
0.506333	0.032181
0.506667	0.031118
0.507000	0.032788
0.507333	0.031683
0.507667	0.031384
0.508000	0.032155
0.508333	0.031636
0.508667	0.031608
0.509000	0.031516
0.509333	0.030854
0.509667	0.031563
0.510000	0.030436
0.510333	0.031281
0.510667	0.031228
0.511000	0.030833
0.511333	0.031518
0.511667	0.031588
0.512000	0.030576
0.512333	0.031502
0.512667	0.031785
0.513000	0.031617
0.513333	0.030619
0.513667	0.030896
0.514000	0.031334
0.514333	0.031683
0.514667	0.030787
0.515000	0.030620
0.515333	0.031276
0.515667	0.030290
0.516000	0.030188
0.516333	0.031190
0.516667	0.030980
0.517000	0.030985
0.517333	0.030822
0.517667	0.031104
0.518000	0.030347
0.518333	0.030748
0.518667	0.030515
0.519000	0.030753
0.519333	0.030415
0.519667	0.030444
0.520000	0.030355
0.520333	0.030458
0.520667	0.030359
0.521000	0.030722
0.521333	0.030852
0.521667	0.030352
0.522000	0.031054
0.522333	0.029975
0.522667	0.030187
0.523000	0.030597
0.523333	0.030676
0.523667	0.030508
0.524000	0.030639
0.524333	0.030019
0.524667	0.029818
0.525000	0.030201
0.525333	0.030317
0.525667	0.030797
0.526000	0.030300
0.526333	0.031501
0.526667	0.029660
0.527000	0.030399
0.527333	0.030408
0.527667	0.030266
0.528000	0.030726
0.528333	0.030678
0.528667	0.030434
0.529000	0.030618
0.529333	0.029665
0.529667	0.030160
0.530000	0.029503
0.530333	0.030545
0.530667	0.030471
0.531000	0.030216
0.531333	0.029451
0.531667	0.030315
0.532000	0.029872
0.532333	0.029818
0.532667	0.030278
0.533000	0.030030
0.533333	0.029930
0.533667	0.029479
0.534000	0.029875
0.534333	0.030239
0.534667	0.029988
0.535000	0.030625
0.535333	0.030360
0.535667	0.030930
0.536000	0.030620
0.536333	0.030204
0.536667	0.030246
0.537000	0.030504
0.537333	0.030143
0.537667	0.029336
0.538000	0.029986
0.538333	0.030427
0.538667	0.029974
0.539000	0.029427
0.539333	0.030347
0.539667	0.030605
0.540000	0.030109
0.540333	0.030659
0.540667	0.030369
0.541000	0.030118
0.541333	0.029382
0.541667	0.029329
0.542000	0.030156
0.542333	0.030123
0.542667	0.029161
0.543000	0.029354
0.543333	0.030822
0.543667	0.029745
0.544000	0.029675
0.544333	0.029928
0.544667	0.028802
0.545000	0.029331
0.545333	0.030486
0.545667	0.029874
0.546000	0.030066
0.546333	0.029933
0.546667	0.030232
0.547000	0.029905
0.547333	0.029998
0.547667	0.029618
0.548000	0.030095
0.548333	0.029674
0.548667	0.029455
0.549000	0.029792
0.549333	0.029496
0.549667	0.029513
0.550000	0.029412
0.550333	0.030229
0.550667	0.030325
0.551000	0.029258
0.551333	0.030027
0.551667	0.029707
0.552000	0.030774
0.552333	0.030066
0.552667	0.030167
0.553000	0.030108
0.553333	0.030227
0.553667	0.030182
0.554000	0.030487
0.554333	0.030066
0.554667	0.029944
0.555000	0.029615
0.555333	0.029776
0.555667	0.030832
0.556000	0.029949
0.556333	0.030268
0.556667	0.029966
0.557000	0.029686
0.557333	0.030487
0.557667	0.030257
0.558000	0.029974
0.558333	0.029012
0.558667	0.030416
0.559000	0.029933
0.559333	0.030184
0.559667	0.029930
0.560000	0.029465
0.560333	0.029865
0.560667	0.029693
0.561000	0.029656
0.561333	0.029759
0.561667	0.030533
0.562000	0.029452
0.562333	0.029563
0.562667	0.030010
0.563000	0.030574
0.563333	0.029544
0.563667	0.030250
0.564000	0.029883
0.564333	0.030192
0.564667	0.029593
0.565000	0.030210
0.565333	0.030522
0.565667	0.030168
0.566000	0.030166
0.566333	0.030019
0.566667	0.029607
0.567000	0.030581
0.567333	0.029279
0.567667	0.030589
0.568000	0.029193
0.568333	0.029358
0.568667	0.029831
0.569000	0.030011
0.569333	0.029560
0.569667	0.029103
0.570000	0.029812
0.570333	0.029838
0.570667	0.029597
0.571000	0.030255
0.571333	0.030426
0.571667	0.029677
0.572000	0.029738
0.572333	0.030011
0.572667	0.029953
0.573000	0.029990
0.573333	0.029653
0.573667	0.030141
0.574000	0.030258
0.574333	0.029463
0.574667	0.029495
0.575000	0.030145
0.575333	0.029966
0.575667	0.029369
0.576000	0.029593
0.576333	0.029837
0.576667	0.029759
0.577000	0.029755
0.577333	0.029728
0.577667	0.029735
0.578000	0.029404
0.578333	0.030074
0.578667	0.029201
0.579000	0.030364
0.579333	0.030263
0.579667	0.029675
0.580000	0.029997
0.580333	0.029614
0.580667	0.029363
0.581000	0.029826
0.581333	0.030278
0.581667	0.029332
0.582000	0.030182
0.582333	0.030505
0.582667	0.029747
0.583000	0.030328
0.583333	0.030263
0.583667	0.030280
0.584000	0.030645
0.584333	0.029225
0.584667	0.029542
0.585000	0.030168
0.585333	0.031090
0.585667	0.030017
0.586000	0.030422
0.586333	0.030240
0.586667	0.030523
0.587000	0.030577
0.587333	0.029817
0.587667	0.030056
0.588000	0.029860
0.588333	0.030220
0.588667	0.030631
0.589000	0.029977
0.589333	0.029517
0.589667	0.029797
0.590000	0.030124
0.590333	0.030133
0.590667	0.030071
0.591000	0.030023
0.591333	0.029699
0.591667	0.029667
0.592000	0.029861
0.592333	0.029818
0.592667	0.030202
0.593000	0.029462
0.593333	0.030499
0.593667	0.030077
0.594000	0.030379
0.594333	0.030020
0.594667	0.029945
0.595000	0.029524
0.595333	0.030555
0.595667	0.029676
0.596000	0.029558
0.596333	0.029814
0.596667	0.031136
0.597000	0.030061
0.597333	0.030066
0.597667	0.030064
0.598000	0.029861
0.598333	0.030497
0.598667	0.029734
0.599000	0.029944
0.599333	0.029946
0.599667	0.030313
0.600000	0.029397
0.600333	0.029783
0.600667	0.029479
0.601000	0.029356
0.601333	0.029731
0.601667	0.030294
0.602000	0.030258
0.602333	0.029113
0.602667	0.029603
0.603000	0.030011
0.603333	0.030103
0.603667	0.029834
0.604000	0.029340
0.604333	0.030204
0.604667	0.029551
0.605000	0.029606
0.605333	0.029529
0.605667	0.029158
0.606000	0.029525
0.606333	0.029926
0.606667	0.029495
0.607000	0.030162
0.607333	0.030024
0.607667	0.029330
0.608000	0.029057
0.608333	0.029573
0.608667	0.029316
0.609000	0.029799
0.609333	0.030610
0.609667	0.029898
0.610000	0.028975
0.610333	0.029459
0.610667	0.029714
0.611000	0.030056
0.611333	0.029859
0.611667	0.030365
0.612000	0.030315
0.612333	0.029718
0.612667	0.029568
0.613000	0.029546
0.613333	0.029638
0.613667	0.030066
0.614000	0.029539
0.614333	0.029994
0.614667	0.029943
0.615000	0.029873
0.615333	0.030239
0.615667	0.030787
0.616000	0.029826
0.616333	0.029398
0.616667	0.029857
0.617000	0.029829
0.617333	0.030049
0.617667	0.029723
0.618000	0.029900
0.618333	0.029974
0.618667	0.029676
0.619000	0.030511
0.619333	0.029761
0.619667	0.030146
0.620000	0.029809
0.620333	0.029621
0.620667	0.029235
0.621000	0.029974
0.621333	0.029610
0.621667	0.029456
0.622000	0.030066
0.622333	0.029490
0.622667	0.029754
0.623000	0.029912
0.623333	0.029632
0.623667	0.029484
0.624000	0.030032
0.624333	0.029554
0.624667	0.029905
0.625000	0.029801
0.625333	0.029850
0.625667	0.029568
0.626000	0.029994
0.626333	0.030361
0.626667	0.030052
0.627000	0.030860
0.627333	0.030042
0.627667	0.029449
0.628000	0.029670
0.628333	0.029358
0.628667	0.029853
0.629000	0.029672
0.629333	0.029402
0.629667	0.029993
0.630000	0.029722
0.630333	0.030185
0.630667	0.030220
0.631000	0.030150
0.631333	0.030213
0.631667	0.029195
0.632000	0.030066
0.632333	0.029963
0.632667	0.030038
0.633000	0.030052
0.633333	0.029946
0.633667	0.029832
0.634000	0.029315
0.634333	0.030171
0.634667	0.030372
0.635000	0.029573
0.635333	0.029807
0.635667	0.029608
0.636000	0.029709
0.636333	0.029461
0.636667	0.029839
0.637000	0.029537
0.637333	0.029801
0.637667	0.029315
0.638000	0.030066
0.638333	0.030500
0.638667	0.029541
0.639000	0.029447
0.639333	0.029357
0.639667	0.029343
0.640000	0.029475
0.640333	0.029381
0.640667	0.030185
0.641000	0.029821
0.641333	0.030070
0.641667	0.029985
0.642000	0.029895
0.642333	0.029687
0.642667	0.029229
0.643000	0.030127
0.643333	0.030919
0.643667	0.029721
0.644000	0.030492
0.644333	0.029607
0.644667	0.029665
0.645000	0.029947
0.645333	0.029932
0.645667	0.029920
0.646000	0.029776
0.646333	0.029207
0.646667	0.030609
0.647000	0.029629
0.647333	0.029037
0.647667	0.029233
0.648000	0.029796
0.648333	0.030053
0.648667	0.029148
0.649000	0.029824
0.649333	0.029774
0.649667	0.029975
0.650000	0.029092
0.650333	0.030144
0.650667	0.030399
0.651000	0.029774
0.651333	0.029951
0.651667	0.029945
0.652000	0.030075
0.652333	0.029520
0.652667	0.029769
0.653000	0.029463
0.653333	0.029852
0.653667	0.029921
0.654000	0.029966
0.654333	0.030098
0.654667	0.029996
0.655000	0.029281
0.655333	0.029610
0.655667	0.029870
0.656000	0.029889
0.656333	0.029792
0.656667	0.029191
0.657000	0.029860
0.657333	0.029784
0.657667	0.029386
0.658000	0.029032
0.658333	0.030483
0.658667	0.029081
0.659000	0.029779
0.659333	0.030071
0.659667	0.030252
0.660000	0.029948
0.660333	0.029430
0.660667	0.030006
0.661000	0.029355
0.661333	0.030128
0.661667	0.029669
0.662000	0.029969
0.662333	0.029099
0.662667	0.030017
0.663000	0.029935
0.663333	0.029198
0.663667	0.029940
0.664000	0.029908
0.664333	0.029669
0.664667	0.029731
0.665000	0.028657
0.665333	0.030182
0.665667	0.029894
0.666000	0.030308
0.666333	0.029624
0.666667	0.029227
0.667000	0.030151
0.667333	0.029836
0.667667	0.029041
0.668000	0.029219
0.668333	0.029642
0.668667	0.029638
0.669000	0.029109
0.669333	0.029110
0.669667	0.029289
0.670000	0.029940
0.670333	0.029196
0.670667	0.029091
0.671000	0.029081
0.671333	0.030044
0.671667	0.029445
0.672000	0.029722
0.672333	0.029247
0.672667	0.029521
0.673000	0.029827
0.673333	0.029743
0.673667	0.029693
0.674000	0.028934
0.674333	0.029250
0.674667	0.029224
0.675000	0.028969
0.675333	0.029524
0.675667	0.030087
0.676000	0.029274
0.676333	0.028988
0.676667	0.029423
0.677000	0.029330
0.677333	0.029277
0.677667	0.029023
0.678000	0.029243
0.678333	0.029718
0.678667	0.029590
0.679000	0.028665
0.679333	0.029433
0.679667	0.029615
0.680000	0.029135
0.680333	0.028841
0.680667	0.029133
0.681000	0.029467
0.681333	0.029636
0.681667	0.029190
0.682000	0.029847
0.682333	0.028949
0.682667	0.028783
0.683000	0.029450
0.683333	0.028807
0.683667	0.029773
0.684000	0.029572
0.684333	0.029468
0.684667	0.028684
0.685000	0.029388
0.685333	0.029264
0.685667	0.028845
0.686000	0.028515
0.686333	0.029166
0.686667	0.029064
0.687000	0.029049
0.687333	0.029375
0.687667	0.029370
0.688000	0.029099
0.688333	0.029590
0.688667	0.029748
0.689000	0.029568
0.689333	0.029271
0.689667	0.029669
0.690000	0.029536
0.690333	0.029114
0.690667	0.028928
0.691000	0.028458
0.691333	0.029087
0.691667	0.029039
0.692000	0.028288
0.692333	0.029293
0.692667	0.029099
0.693000	0.028601
0.693333	0.029827
0.693667	0.028928
0.694000	0.029833
0.694333	0.029094
0.694667	0.028633
0.695000	0.029220
0.695333	0.029251
0.695667	0.029286
0.696000	0.028314
0.696333	0.029399
0.696667	0.029300
0.697000	0.029606
0.697333	0.029493
0.697667	0.029305
0.698000	0.028649
0.698333	0.029198
0.698667	0.028902
0.699000	0.029100
0.699333	0.028581
0.699667	0.028641
0.700000	0.029564
0.700333	0.028987
0.700667	0.029485
0.701000	0.029091
0.701333	0.028724
0.701667	0.029092
0.702000	0.029500
0.702333	0.028874
0.702667	0.029163
0.703000	0.029504
0.703333	0.029454
0.703667	0.028819
0.704000	0.028790
0.704333	0.029255
0.704667	0.030200
0.705000	0.028715
0.705333	0.028945
0.705667	0.028649
0.706000	0.028989
0.706333	0.028849
0.706667	0.029014
0.707000	0.029496
0.707333	0.029391
0.707667	0.029642
0.708000	0.029053
0.708333	0.028713
0.708667	0.028463
0.709000	0.028666
0.709333	0.028931
0.709667	0.029323
0.710000	0.029351
0.710333	0.029120
0.710667	0.028927
0.711000	0.029218
0.711333	0.029214
0.711667	0.028889
0.712000	0.028157
0.712333	0.028954
0.712667	0.029714
0.713000	0.028612
0.713333	0.029724
0.713667	0.028945
0.714000	0.028354
0.714333	0.028896
0.714667	0.029417
0.715000	0.029099
0.715333	0.028945
0.715667	0.028899
0.716000	0.028802
0.716333	0.028431
0.716667	0.029058
0.717000	0.028225
0.717333	0.029077
0.717667	0.028813
0.718000	0.028303
0.718333	0.028877
0.718667	0.028544
0.719000	0.029129
0.719333	0.028326
0.719667	0.028328
0.720000	0.028267
0.720333	0.029201
0.720667	0.028388
0.721000	0.028572
0.721333	0.028817
0.721667	0.027935
0.722000	0.028963
0.722333	0.028873
0.722667	0.028842
0.723000	0.028085
0.723333	0.029077
0.723667	0.028314
0.724000	0.027635
0.724333	0.028137
0.724667	0.028403
0.725000	0.029211
0.725333	0.028976
0.725667	0.028743
0.726000	0.028408
0.726333	0.028818
0.726667	0.027897
0.727000	0.028800
0.727333	0.028840
0.727667	0.029015
0.728000	0.028884
0.728333	0.028814
0.728667	0.028565
0.729000	0.028489
0.729333	0.028756
0.729667	0.028781
0.730000	0.028957
0.730333	0.028045
0.730667	0.028341
0.731000	0.027413
0.731333	0.028244
0.731667	0.028182
0.732000	0.027387
0.732333	0.027532
0.732667	0.028206
0.733000	0.033220
0.733333	0.059747
0.733667	0.069780
0.734000	0.066710
0.734333	0.063542
0.734667	0.062643
0.735000	0.063864
0.735333	0.065602
0.735667	0.072625
0.736000	0.078901
0.736333	0.078541
0.736667	0.074880
0.737000	0.071592
0.737333	0.068330
0.737667	0.066145
0.738000	0.063469
0.738333	0.060802
0.738667	0.060151
0.739000	0.058368
0.739333	0.057436
0.739667	0.055683
0.740000	0.054979
0.740333	0.053816
0.740667	0.052361
0.741000	0.051307
0.741333	0.050785
0.741667	0.049244
0.742000	0.048411
0.742333	0.048481
0.742667	0.046987
0.743000	0.046720
0.743333	0.046364
0.743667	0.045578
0.744000	0.044502
0.744333	0.044931
0.744667	0.043751
0.745000	0.044123
0.745333	0.042916
0.745667	0.042569
0.746000	0.042864
0.746333	0.042171
0.746667	0.042093
0.747000	0.040486
0.747333	0.040595
0.747667	0.041117
0.748000	0.039930
0.748333	0.040066
0.748667	0.039708
0.749000	0.039562
0.749333	0.039894
0.749667	0.038880
0.750000	0.038730
0.750333	0.038782
0.750667	0.038394
0.751000	0.038786
0.751333	0.037641
0.751667	0.038076
0.752000	0.037873
0.752333	0.037136
0.752667	0.036959
0.753000	0.037856
0.753333	0.036768
0.753667	0.037180
0.754000	0.036407
0.754333	0.035870
0.754667	0.036213
0.755000	0.035562
0.755333	0.036888
0.755667	0.035947
0.756000	0.036574
0.756333	0.035501
0.756667	0.035984
0.757000	0.036106
0.757333	0.034994
0.757667	0.035477
0.758000	0.035192
0.758333	0.035148
0.758667	0.034773
0.759000	0.034614
0.759333	0.035258
0.759667	0.034314
0.760000	0.034845
0.760333	0.034416
0.760667	0.034347
0.761000	0.034117
0.761333	0.034849
0.761667	0.033655
0.762000	0.034380
0.762333	0.034459
0.762667	0.034081
0.763000	0.033787
0.763333	0.033391
0.763667	0.033825
0.764000	0.033316
0.764333	0.033180
0.764667	0.033511
0.765000	0.033500
0.765333	0.033281
0.765667	0.032772
0.766000	0.032993
0.766333	0.032962
0.766667	0.032161
0.767000	0.033013
0.767333	0.032094
0.767667	0.033182
0.768000	0.032403
0.768333	0.032498
0.768667	0.032273
0.769000	0.032695
0.769333	0.032219
0.769667	0.032407
0.770000	0.031830
0.770333	0.032574
0.770667	0.032903
0.771000	0.032140
0.771333	0.032188
0.771667	0.031468
0.772000	0.031471
0.772333	0.032553
0.772667	0.031628
0.773000	0.031929
0.773333	0.031237
0.773667	0.031218
0.774000	0.032726
0.774333	0.030648
0.774667	0.031821
0.775000	0.031378
0.775333	0.030613
0.775667	0.031392
0.776000	0.031494
0.776333	0.031039
0.776667	0.031958
0.777000	0.031338
0.777333	0.031346
0.777667	0.031286
0.778000	0.030750
0.778333	0.030677
0.778667	0.031586
0.779000	0.030376
0.779333	0.030817
0.779667	0.030984
0.780000	0.030620
0.780333	0.031279
0.780667	0.030972
0.781000	0.030420
0.781333	0.030224
0.781667	0.030688
0.782000	0.030509
0.782333	0.030208
0.782667	0.030376
0.783000	0.030530
0.783333	0.031155
0.783667	0.030951
0.784000	0.030757
0.784333	0.030170
0.784667	0.030092
0.785000	0.029664
0.785333	0.030303
0.785667	0.030036
0.786000	0.030628
0.786333	0.030110
0.786667	0.030340
0.787000	0.030594
0.787333	0.030481
0.787667	0.029546
0.788000	0.029734
0.788333	0.030013
0.788667	0.030377
0.789000	0.029765
0.789333	0.030362
0.789667	0.028938
0.790000	0.028877
0.790333	0.029851
0.790667	0.029105
0.791000	0.029903
0.791333	0.029703
0.791667	0.028704
0.792000	0.029588
0.792333	0.029611
0.792667	0.029092
0.793000	0.029436
0.793333	0.029700
0.793667	0.029403
0.794000	0.029621
0.794333	0.029375
0.794667	0.029757
0.795000	0.029646
0.795333	0.029366
0.795667	0.028759
0.796000	0.029164
0.796333	0.029741
0.796667	0.029404
0.797000	0.028169
0.797333	0.029017
0.797667	0.029119
0.798000	0.028757
0.798333	0.028805
0.798667	0.029035
0.799000	0.029245
0.799333	0.028136
0.799667	0.028642
0.800000	0.029717
0.800333	0.028406
0.800667	0.029841
0.801000	0.029494
0.801333	0.028877
0.801667	0.028514
0.802000	0.028250
0.802333	0.028091
0.802667	0.028486
0.803000	0.027936
0.803333	0.028909
0.803667	0.028155
0.804000	0.028129
0.804333	0.028778
0.804667	0.027524
0.805000	0.028387
0.805333	0.028192
0.805667	0.028421
0.806000	0.028290
0.806333	0.028694
0.806667	0.028317
0.807000	0.028500
0.807333	0.027501
0.807667	0.028258
0.808000	0.028265
0.808333	0.028142
0.808667	0.027358
0.809000	0.028248
0.809333	0.027982
0.809667	0.028126
0.810000	0.027620
0.810333	0.028337
0.810667	0.028247
0.811000	0.027674
0.811333	0.027944
0.811667	0.027403
0.812000	0.027403
0.812333	0.028142
0.812667	0.027519
0.813000	0.027717
0.813333	0.027741
0.813667	0.027929
0.814000	0.027945
0.814333	0.027127
0.814667	0.027882
0.815000	0.027925
0.815333	0.027788
0.815667	0.027629
0.816000	0.027589
0.816333	0.027218
0.816667	0.027979
0.817000	0.027766
0.817333	0.026914
0.817667	0.027791
0.818000	0.027441
0.818333	0.028211
0.818667	0.027703
0.819000	0.027914
0.819333	0.027894
0.819667	0.028275
0.820000	0.027300
0.820333	0.026962
0.820667	0.027720
0.821000	0.027370
0.821333	0.027167
0.821667	0.028037
0.822000	0.027077
0.822333	0.027888
0.822667	0.027376
0.823000	0.027535
0.823333	0.027936
0.823667	0.027381
0.824000	0.026985
0.824333	0.026864
0.824667	0.027527
0.825000	0.026627
0.825333	0.027281
0.825667	0.027769
0.826000	0.027140
0.826333	0.026968
0.826667	0.027035
0.827000	0.027303
0.827333	0.027351
0.827667	0.027055
0.828000	0.027616
0.828333	0.026893
0.828667	0.026841
0.829000	0.026633
0.829333	0.026627
0.829667	0.026661
0.830000	0.027059
0.830333	0.026814
0.830667	0.026866
0.831000	0.027486
0.831333	0.027869
0.831667	0.027263
0.832000	0.027358
0.832333	0.025997
0.832667	0.027275
0.833000	0.027349
0.833333	0.027321
0.833667	0.026754
0.834000	0.027253
0.834333	0.026745
0.834667	0.027319
0.835000	0.026880
0.835333	0.027041
0.835667	0.027416
0.836000	0.027468
0.836333	0.026683
0.836667	0.026883
0.837000	0.026683
0.837333	0.026551
0.837667	0.026749
0.838000	0.026619
0.838333	0.026362
0.838667	0.026411
0.839000	0.027028
0.839333	0.026670
0.839667	0.025900
0.840000	0.026309
0.840333	0.026435
0.840667	0.027106
0.841000	0.026795
0.841333	0.026559
0.841667	0.026410
0.842000	0.026600
0.842333	0.026472
0.842667	0.026981
0.843000	0.026339
0.843333	0.026282
0.843667	0.026591
0.844000	0.025618
0.844333	0.026487
0.844667	0.026228
0.845000	0.026145
0.845333	0.026530
0.845667	0.026699
0.846000	0.026311
0.846333	0.026404
0.846667	0.025927
0.847000	0.025951
0.847333	0.026730
0.847667	0.026379
0.848000	0.025756
0.848333	0.026108
0.848667	0.025770
0.849000	0.026112
0.849333	0.025903
0.849667	0.025803
0.850000	0.025886
0.850333	0.025190
0.850667	0.025616
0.851000	0.025815
0.851333	0.025592
0.851667	0.026435
0.852000	0.026000
0.852333	0.025924
0.852667	0.025726
0.853000	0.026532
0.853333	0.026116
0.853667	0.026592
0.854000	0.025440
0.854333	0.025944
0.854667	0.025267
0.855000	0.026845
0.855333	0.025517
0.855667	0.025649
0.856000	0.025836
0.856333	0.025753
0.856667	0.024464
0.857000	0.025447
0.857333	0.025732
0.857667	0.026056
0.858000	0.026254
0.858333	0.026010
0.858667	0.025371
0.859000	0.025298
0.859333	0.025601
0.859667	0.025553
0.860000	0.025816
0.860333	0.025061
0.860667	0.025517
0.861000	0.025675
0.861333	0.024667
0.861667	0.025845
0.862000	0.025056
0.862333	0.024844
0.862667	0.024992
0.863000	0.025805
0.863333	0.024582
0.863667	0.025810
0.864000	0.026438
0.864333	0.025765
0.864667	0.025959
0.865000	0.025789
0.865333	0.025887
0.865667	0.025183
0.866000	0.025880
0.866333	0.025428
0.866667	0.025008
0.867000	0.024825
0.867333	0.029429
0.867667	0.052994
0.868000	0.066189
0.868333	0.064665
0.868667	0.060369
0.869000	0.059349
0.869333	0.061294
0.869667	0.069411
0.870000	0.076127
0.870333	0.074930
0.870667	0.071091
0.871000	0.066841
0.871333	0.064495
0.871667	0.061708
0.872000	0.059183
0.872333	0.056945
0.872667	0.055305
0.873000	0.054126
0.873333	0.052933
0.873667	0.050712
0.874000	0.050238
0.874333	0.048749
0.874667	0.048900
0.875000	0.047211
0.875333	0.046193
0.875667	0.045403
0.876000	0.044835
0.876333	0.043689
0.876667	0.043239
0.877000	0.042570
0.877333	0.042726
0.877667	0.041595
0.878000	0.041157
0.878333	0.040698
0.878667	0.040169
0.879000	0.039402
0.879333	0.038765
0.879667	0.038504
0.880000	0.038895
0.880333	0.038274
0.880667	0.037013
0.881000	0.037269
0.881333	0.037234
0.881667	0.037172
0.882000	0.036643
0.882333	0.035996
0.882667	0.036013
0.883000	0.035946
0.883333	0.036493
0.883667	0.034950
0.884000	0.035686
0.884333	0.034924
0.884667	0.035213
0.885000	0.034569
0.885333	0.034575
0.885667	0.034569
0.886000	0.033489
0.886333	0.034335
0.886667	0.033732
0.887000	0.033844
0.887333	0.032689
0.887667	0.033454
0.888000	0.033649
0.888333	0.032522
0.888667	0.032727
0.889000	0.032716
0.889333	0.032443
0.889667	0.031637
0.890000	0.032444
0.890333	0.031716
0.890667	0.032115
0.891000	0.031750
0.891333	0.031888
0.891667	0.030599
0.892000	0.031927
0.892333	0.031597
0.892667	0.031108
0.893000	0.031429
0.893333	0.031415
0.893667	0.029956
0.894000	0.030422
0.894333	0.030845
0.894667	0.030497
0.895000	0.029688
0.895333	0.030811
0.895667	0.029489
0.896000	0.030071
0.896333	0.029706
0.896667	0.030091
0.897000	0.030458
0.897333	0.029852
0.897667	0.030227
0.898000	0.029703
0.898333	0.030467
0.898667	0.030022
0.899000	0.029805
0.899333	0.029289
0.899667	0.029543
0.900000	0.029180
0.900333	0.028652
0.900667	0.029443
0.901000	0.028723
0.901333	0.029573
0.901667	0.029375
0.902000	0.028791
0.902333	0.028279
0.902667	0.029077
0.903000	0.029070
0.903333	0.028959
0.903667	0.028468
0.904000	0.029402
0.904333	0.028301
0.904667	0.029017
0.905000	0.028195
0.905333	0.027979
0.905667	0.028112
0.906000	0.028667
0.906333	0.027958
0.906667	0.027329
0.907000	0.026765
0.907333	0.028426
0.907667	0.027791
0.908000	0.027240
0.908333	0.027999
0.908667	0.027375
0.909000	0.026801
0.909333	0.028124
0.909667	0.027410
0.910000	0.027972
0.910333	0.027744
0.910667	0.027682
0.911000	0.028008
0.911333	0.027931
0.911667	0.027742
0.912000	0.026737
0.912333	0.026607
0.912667	0.027081
0.913000	0.027212
0.913333	0.027246
0.913667	0.026807
0.914000	0.027045
0.914333	0.027078
0.914667	0.026285
0.915000	0.026590
0.915333	0.026386
0.915667	0.026778
0.916000	0.027200
0.916333	0.026845
0.916667	0.026692
0.917000	0.026378
0.917333	0.025985
0.917667	0.026634
0.918000	0.026477
0.918333	0.026956
0.918667	0.026384
0.919000	0.026586
0.919333	0.026918
0.919667	0.026117
0.920000	0.026273
0.920333	0.025515
0.920667	0.026529
0.921000	0.026895
0.921333	0.025922
0.921667	0.026619
0.922000	0.025753
0.922333	0.026069
0.922667	0.026170
0.923000	0.025543
0.923333	0.025763
0.923667	0.025868
0.924000	0.025852
0.924333	0.026343
0.924667	0.025836
0.925000	0.026078
0.925333	0.026009
0.925667	0.025547
0.926000	0.025443
0.926333	0.026376
0.926667	0.025583
0.927000	0.025330
0.927333	0.026273
0.927667	0.025068
0.928000	0.024941
0.928333	0.026449
0.928667	0.025058
0.929000	0.025215
0.929333	0.025057
0.929667	0.025500
0.930000	0.025060
0.930333	0.025805
0.930667	0.025614
0.931000	0.025098
0.931333	0.024645
0.931667	0.025049
0.932000	0.025213
0.932333	0.025321
0.932667	0.025541
0.933000	0.025230
0.933333	0.025392
0.933667	0.026097
0.934000	0.025641
0.934333	0.025713
0.934667	0.024734
0.935000	0.024358
0.935333	0.024927
0.935667	0.024565
0.936000	0.025006
0.936333	0.024590
0.936667	0.025167
0.937000	0.024559
0.937333	0.024695
0.937667	0.024424
0.938000	0.024355
0.938333	0.024787
0.938667	0.024053
0.939000	0.024180
0.939333	0.024663
0.939667	0.024108
0.940000	0.024759
0.940333	0.024943
0.940667	0.023927
0.941000	0.025009
0.941333	0.023653
0.941667	0.025478
0.942000	0.024683
0.942333	0.023752
0.942667	0.024540
0.943000	0.024341
0.943333	0.023905
0.943667	0.025131
0.944000	0.023511
0.944333	0.024477
0.944667	0.024452
0.945000	0.024151
0.945333	0.024502
0.945667	0.024640
0.946000	0.024192
0.946333	0.023794
0.946667	0.023992
0.947000	0.024620
0.947333	0.024593
0.947667	0.025022
0.948000	0.023996
0.948333	0.024440
0.948667	0.024857
0.949000	0.024277
0.949333	0.023322
0.949667	0.024129
0.950000	0.023910
0.950333	0.023467
0.950667	0.023366
0.951000	0.023442
0.951333	0.024361
0.951667	0.023429
0.952000	0.023797
0.952333	0.024111
0.952667	0.023553
0.953000	0.023121
0.953333	0.023516
0.953667	0.023229
0.954000	0.024030
0.954333	0.023951
0.954667	0.023189
0.955000	0.023469
0.955333	0.023310
0.955667	0.022853
0.956000	0.023600
0.956333	0.023518
0.956667	0.023723
0.957000	0.023602
0.957333	0.023497
0.957667	0.023235
0.958000	0.023622
0.958333	0.023225
0.958667	0.024241
0.959000	0.023900
0.959333	0.022835
0.959667	0.023208
0.960000	0.023300
0.960333	0.023806
0.960667	0.023916
0.961000	0.022965
0.961333	0.023315
0.961667	0.023277
0.962000	0.023843
0.962333	0.023436
0.962667	0.022534
0.963000	0.023822
0.963333	0.023276
0.963667	0.022548
0.964000	0.023369
0.964333	0.023752
0.964667	0.023472
0.965000	0.022473
0.965333	0.023579
0.965667	0.023454
0.966000	0.022972
0.966333	0.023567
0.966667	0.023332
0.967000	0.022811
0.967333	0.023264
0.967667	0.023415
0.968000	0.022467
0.968333	0.022498
0.968667	0.022227
0.969000	0.022533
0.969333	0.022488
0.969667	0.022717
0.970000	0.023076
0.970333	0.023018
0.970667	0.022738
0.971000	0.022336
0.971333	0.022664
0.971667	0.022632
0.972000	0.022512
0.972333	0.022526
0.972667	0.022950
0.973000	0.022166
0.973333	0.022151
0.973667	0.022605
0.974000	0.022415
0.974333	0.022386
0.974667	0.021926
0.975000	0.022764
0.975333	0.022915
0.975667	0.028573
0.976000	0.053980
0.976333	0.062528
0.976667	0.059799
0.977000	0.056716
0.977333	0.054741
0.977667	0.053936
0.978000	0.052104
0.978333	0.051180
0.978667	0.050181
0.979000	0.048457
0.979333	0.046814
0.979667	0.045472
0.980000	0.044125
0.980333	0.042202
0.980667	0.041360
0.981000	0.040117
0.981333	0.040038
0.981667	0.039079
0.982000	0.038856
0.982333	0.036860
0.982667	0.036709
0.983000	0.035924
0.983333	0.035617
0.983667	0.034978
0.984000	0.033651
0.984333	0.034082
0.984667	0.033536
0.985000	0.033715
0.985333	0.033119
0.985667	0.033472
0.986000	0.031988
0.986333	0.031628
0.986667	0.032258
0.987000	0.031793
0.987333	0.031320
0.987667	0.031643
0.988000	0.031755
0.988333	0.030295
0.988667	0.030697
0.989000	0.030179
0.989333	0.029350
0.989667	0.029714
0.990000	0.029804
0.990333	0.029704
0.990667	0.029201
0.991000	0.028918
0.991333	0.028128
0.991667	0.027962
0.992000	0.028916
0.992333	0.027744
0.992667	0.027688
0.993000	0.028773
0.993333	0.028722
0.993667	0.027996
0.994000	0.027646
0.994333	0.027978
0.994667	0.027576
0.995000	0.026928
0.995333	0.027873
0.995667	0.027020
0.996000	0.027408
0.996333	0.026731
0.996667	0.026939
0.997000	0.026819
0.997333	0.026326
0.997667	0.026370
0.998000	0.027253
0.998333	0.027468
0.998667	0.025895
0.999000	0.026352
0.999333	0.025997
0.999667	0.025617
1.000000	0.025819
1.000333	0.026113
1.000667	0.025924
1.001000	0.025815
1.001333	0.026104
1.001667	0.025598
1.002000	0.025498
1.002333	0.025578
1.002667	0.026239
1.003000	0.024891
1.003333	0.025610
1.003667	0.025400
1.004000	0.026161
1.004333	0.025750
1.004667	0.026639
1.005000	0.025337
1.005333	0.025744
1.005667	0.025472
1.006000	0.024921
1.006333	0.025977
1.006667	0.026529
1.007000	0.026283
1.007333	0.025646
1.007667	0.025478
1.008000	0.026197
1.008333	0.025316
1.008667	0.026578
1.009000	0.026046
1.009333	0.025924
1.009667	0.026251
1.010000	0.025591
1.010333	0.025969
1.010667	0.025706
1.011000	0.025951
1.011333	0.025999
1.011667	0.026548
1.012000	0.026039
1.012333	0.025536
1.012667	0.026132
1.013000	0.026485
1.013333	0.025647
1.013667	0.025672
1.014000	0.025829
1.014333	0.025714
1.014667	0.026547
1.015000	0.025705
1.015333	0.025919
1.015667	0.025694
1.016000	0.026763
1.016333	0.026712
1.016667	0.026111
1.017000	0.025574
1.017333	0.026544
1.017667	0.026301
1.018000	0.025466
1.018333	0.024972
1.018667	0.024983
1.019000	0.026535
1.019333	0.025432
1.019667	0.026290
1.020000	0.025123
1.020333	0.026207
1.020667	0.026229
1.021000	0.026149
1.021333	0.026277
1.021667	0.026347
1.022000	0.025796
1.022333	0.025787
1.022667	0.026229
1.023000	0.026829
1.023333	0.026331
1.023667	0.026011
1.024000	0.026524
1.024333	0.025444
1.024667	0.026106
1.025000	0.025870
1.025333	0.026079
1.025667	0.026114
1.026000	0.026317
1.026333	0.026730
1.026667	0.026049
1.027000	0.025740
1.027333	0.026144
1.027667	0.026107
1.028000	0.026643
1.028333	0.025896
1.028667	0.026241
1.029000	0.026076
1.029333	0.026594
1.029667	0.025895
1.030000	0.026008
1.030333	0.025718
1.030667	0.026475
1.031000	0.026641
1.031333	0.026748
1.031667	0.025895
1.032000	0.025968
1.032333	0.025982
1.032667	0.026615
1.033000	0.026530
1.033333	0.026356
1.033667	0.026423
1.034000	0.026849
1.034333	0.025481
1.034667	0.026470
1.035000	0.025705
1.035333	0.026584
1.035667	0.025844
1.036000	0.026099
1.036333	0.025841
1.036667	0.026009
1.037000	0.025842
1.037333	0.026010
1.037667	0.025399
1.038000	0.026352
1.038333	0.025715
1.038667	0.025886
1.039000	0.026080
1.039333	0.038141
1.039667	0.061600
1.040000	0.065289
1.040333	0.061247
1.040667	0.059375
1.041000	0.055650
1.041333	0.053097
1.041667	0.051155
1.042000	0.049909
1.042333	0.047335
1.042667	0.046419
1.043000	0.045506
1.043333	0.044145
1.043667	0.043584
1.044000	0.041229
1.044333	0.041538
1.044667	0.040933
1.045000	0.040692
1.045333	0.039860
1.045667	0.039181
1.046000	0.038483
1.046333	0.038637
1.046667	0.037434
1.047000	0.037436
1.047333	0.036735
1.047667	0.036163
1.048000	0.036813
1.048333	0.035252
1.048667	0.036381
1.049000	0.036483
1.049333	0.035391
1.049667	0.035434
1.050000	0.034767
1.050333	0.034782
1.050667	0.034119
1.051000	0.033543
1.051333	0.033596
1.051667	0.034176
1.052000	0.034361
1.052333	0.033760
1.052667	0.032892
1.053000	0.033853
1.053333	0.032778
1.053667	0.032660
1.054000	0.033228
1.054333	0.032927
1.054667	0.031970
1.055000	0.032623
1.055333	0.031745
1.055667	0.032493
1.056000	0.031330
1.056333	0.031845
1.056667	0.031899
1.057000	0.031789
1.057333	0.031433
1.057667	0.032051
1.058000	0.031669
1.058333	0.030923
1.058667	0.031495
1.059000	0.031490
1.059333	0.031270
1.059667	0.031726
1.060000	0.030224
1.060333	0.030985
1.060667	0.030644
1.061000	0.030482
1.061333	0.030617
1.061667	0.031403
1.062000	0.030593
1.062333	0.031200
1.062667	0.030797
1.063000	0.030523
1.063333	0.030981
1.063667	0.030330
1.064000	0.030634
1.064333	0.030144
1.064667	0.030708
1.065000	0.030609
1.065333	0.030276
1.065667	0.030414
1.066000	0.029491
1.066333	0.030614
1.066667	0.029990
1.067000	0.030004
1.067333	0.030137
1.067667	0.029882
1.068000	0.030008
1.068333	0.030034
1.068667	0.029407
1.069000	0.030459
1.069333	0.030121
1.069667	0.029558
1.070000	0.028887
1.070333	0.029912
1.070667	0.028891
1.071000	0.029488
1.071333	0.029297
1.071667	0.029475
1.072000	0.029818
1.072333	0.029213
1.072667	0.029614
1.073000	0.029393
1.073333	0.029398
1.073667	0.029119
1.074000	0.029440
1.074333	0.028968
1.074667	0.028974
1.075000	0.029102
1.075333	0.029291
1.075667	0.029419
1.076000	0.029568
1.076333	0.028795
1.076667	0.028628
1.077000	0.028982
1.077333	0.029117
1.077667	0.028863
1.078000	0.029255
1.078333	0.028194
1.078667	0.029316
1.079000	0.028804
1.079333	0.029401
1.079667	0.028531
1.080000	0.029440
1.080333	0.028406
1.080667	0.028690
1.081000	0.028820
1.081333	0.028607
1.081667	0.029387
1.082000	0.029012
1.082333	0.028889
1.082667	0.029018
1.083000	0.029231
1.083333	0.028772
1.083667	0.028588
1.084000	0.028693
1.084333	0.029038
1.084667	0.029074
1.085000	0.028631
1.085333	0.029502
1.085667	0.028478
1.086000	0.028794
1.086333	0.027981
1.086667	0.028551
1.087000	0.029018
1.087333	0.028706
1.087667	0.029586
1.088000	0.029035
1.088333	0.028789
1.088667	0.028993
1.089000	0.029210
1.089333	0.029364
1.089667	0.028792
1.090000	0.028389
1.090333	0.028995
1.090667	0.028719
1.091000	0.028319
1.091333	0.028763
1.091667	0.028342
1.092000	0.028270
1.092333	0.028502
1.092667	0.028546
1.093000	0.028699
1.093333	0.028023
1.093667	0.028063
1.094000	0.028487
1.094333	0.028525
1.094667	0.028446
1.095000	0.028998
1.095333	0.028045
1.095667	0.028584
1.096000	0.029891
1.096333	0.028231
1.096667	0.028749
1.097000	0.028830
1.097333	0.028499
1.097667	0.028181
1.098000	0.028546
1.098333	0.029183
1.098667	0.029239
1.099000	0.028494
1.099333	0.028636
1.099667	0.028245
1.100000	0.028504
1.100333	0.028564
1.100667	0.027967
1.101000	0.027635
1.101333	0.027952
1.101667	0.028866
1.102000	0.028512
1.102333	0.028817
1.102667	0.028725
1.103000	0.028748
1.103333	0.028547
1.103667	0.027973
1.104000	0.029100
1.104333	0.028807
1.104667	0.029067
1.105000	0.028634
1.105333	0.029220
1.105667	0.028631
1.106000	0.028376
1.106333	0.028865
1.106667	0.028747
1.107000	0.029106
1.107333	0.028970
1.107667	0.028476
1.108000	0.029027
1.108333	0.029234
1.108667	0.028239
1.109000	0.028404
1.109333	0.028108
1.109667	0.029646
1.110000	0.028197
1.110333	0.028637
1.110667	0.028121
1.111000	0.028289
1.111333	0.028715
1.111667	0.028779
1.112000	0.028812
1.112333	0.028369
1.112667	0.028800
1.113000	0.028583
1.113333	0.029063
1.113667	0.027703
1.114000	0.028720
1.114333	0.027882
1.114667	0.028033
1.115000	0.029309
1.115333	0.028485
1.115667	0.028665
1.116000	0.028956
1.116333	0.027786
1.116667	0.028188
1.117000	0.028439
1.117333	0.028345
1.117667	0.028695
1.118000	0.028605
1.118333	0.028834
1.118667	0.029190
1.119000	0.028537
1.119333	0.028911
1.119667	0.028134
1.120000	0.028314
1.120333	0.029045
1.120667	0.028543
1.121000	0.028728
1.121333	0.028532
1.121667	0.028614
1.122000	0.028831
1.122333	0.028801
1.122667	0.028428
1.123000	0.028590
1.123333	0.028689
1.123667	0.028702
1.124000	0.028552
1.124333	0.029077
1.124667	0.028550
1.125000	0.028916
1.125333	0.028999
1.125667	0.029062
1.126000	0.028714
1.126333	0.029020
1.126667	0.028282
1.127000	0.028840
1.127333	0.028903
1.127667	0.028576
1.128000	0.029082
1.128333	0.028313
1.128667	0.028410
1.129000	0.028240
1.129333	0.027952
1.129667	0.028949
1.130000	0.028410
1.130333	0.029260
1.130667	0.028071
1.131000	0.028787
1.131333	0.028348
1.131667	0.028663
1.132000	0.029327
1.132333	0.028270
1.132667	0.028221
1.133000	0.028190
1.133333	0.028342
1.133667	0.028528
1.134000	0.028898
1.134333	0.029039
1.134667	0.028655
1.135000	0.028871
1.135333	0.028734
1.135667	0.034503
1.136000	0.056691
1.136333	0.066805
1.136667	0.064457
1.137000	0.060596
1.137333	0.058680
1.137667	0.055299
1.138000	0.053877
1.138333	0.052077
1.138667	0.050198
1.139000	0.048761
1.139333	0.048502
1.139667	0.047295
1.140000	0.045759
1.140333	0.044744
1.140667	0.042941
1.141000	0.042575
1.141333	0.043274
1.141667	0.041796
1.142000	0.040874
1.142333	0.041341
1.142667	0.040590
1.143000	0.039618
1.143333	0.039353
1.143667	0.039394
1.144000	0.038867
1.144333	0.038030
1.144667	0.038162
1.145000	0.037436
1.145333	0.037651
1.145667	0.037700
1.146000	0.036830
1.146333	0.037261
1.146667	0.036902
1.147000	0.036210
1.147333	0.036228
1.147667	0.036456
1.148000	0.035894
1.148333	0.035002
1.148667	0.035530
1.149000	0.034912
1.149333	0.034941
1.149667	0.034372
1.150000	0.034400
1.150333	0.035406
1.150667	0.034925
1.151000	0.034229
1.151333	0.034497
1.151667	0.034436
1.152000	0.034423
1.152333	0.034330
1.152667	0.033849
1.153000	0.033879
1.153333	0.034358
1.153667	0.033804
1.154000	0.034443
1.154333	0.033586
1.154667	0.032867
1.155000	0.033291
1.155333	0.033215
1.155667	0.032864
1.156000	0.033626
1.156333	0.032452
1.156667	0.032898
1.157000	0.033333
1.157333	0.033096
1.157667	0.032452
1.158000	0.032827
1.158333	0.032531
1.158667	0.032631
1.159000	0.032069
1.159333	0.032265
1.159667	0.032715
1.160000	0.032893
1.160333	0.031803
1.160667	0.032376
1.161000	0.031788
1.161333	0.032039
1.161667	0.032654
1.162000	0.031837
1.162333	0.032521
1.162667	0.032082
1.163000	0.031777
1.163333	0.031922
1.163667	0.031771
1.164000	0.031728
1.164333	0.031890
1.164667	0.031554
1.165000	0.031523
1.165333	0.031796
1.165667	0.030893
1.166000	0.031681
1.166333	0.031330
1.166667	0.032195
1.167000	0.031961
1.167333	0.031043
1.167667	0.032414
1.168000	0.031280
1.168333	0.031794
1.168667	0.031455
1.169000	0.031066
1.169333	0.031638
1.169667	0.031879
1.170000	0.030994
1.170333	0.031313
1.170667	0.031076
1.171000	0.031486
1.171333	0.031368
1.171667	0.031657
1.172000	0.031955
1.172333	0.031436
1.172667	0.031839
1.173000	0.031180
1.173333	0.030951
1.173667	0.031095
1.174000	0.031699
1.174333	0.031553
1.174667	0.031060
1.175000	0.031154
1.175333	0.031184
1.175667	0.030805
1.176000	0.030912
1.176333	0.030710
1.176667	0.031020
1.177000	0.030773
1.177333	0.030455
1.177667	0.031651
1.178000	0.030329
1.178333	0.031135
1.178667	0.031266
1.179000	0.031247
1.179333	0.030943
1.179667	0.030675
1.180000	0.031054
1.180333	0.030537
1.180667	0.030846
1.181000	0.030923
1.181333	0.030435
1.181667	0.031109
1.182000	0.031005
1.182333	0.031332
1.182667	0.031188
1.183000	0.031267
1.183333	0.030582
1.183667	0.030734
1.184000	0.030169
1.184333	0.030714
1.184667	0.031023
1.185000	0.030170
1.185333	0.030799
1.185667	0.030345
1.186000	0.030707
1.186333	0.029985
1.186667	0.030229
1.187000	0.030529
1.187333	0.029818
1.187667	0.030545
1.188000	0.030214
1.188333	0.030815
1.188667	0.030175
1.189000	0.030495
1.189333	0.029925
1.189667	0.030749
1.190000	0.030555
1.190333	0.030438
1.190667	0.031168
1.191000	0.030609
1.191333	0.030332
1.191667	0.030162
1.192000	0.029916
1.192333	0.030059
1.192667	0.030630
1.193000	0.030700
1.193333	0.030407
1.193667	0.030902
1.194000	0.030654
1.194333	0.030592
1.194667	0.030238
1.195000	0.030721
1.195333	0.029532
1.195667	0.029959
1.196000	0.029985
1.196333	0.029600
1.196667	0.030071
1.197000	0.030817
1.197333	0.030500
1.197667	0.030088
1.198000	0.030744
1.198333	0.030185
1.198667	0.030015
1.199000	0.030776
1.199333	0.030665
1.199667	0.029024
1.200000	0.029964
1.200333	0.030406
1.200667	0.029375
1.201000	0.030359
1.201333	0.030059
1.201667	0.030035
1.202000	0.030565
1.202333	0.029194
1.202667	0.029506
1.203000	0.030078
1.203333	0.029861
1.203667	0.030788
1.204000	0.030950
1.204333	0.030048
1.204667	0.029728
1.205000	0.030377
1.205333	0.029835
1.205667	0.030496
1.206000	0.029896
1.206333	0.030032
1.206667	0.029356
1.207000	0.029938
1.207333	0.030655
1.207667	0.030335
1.208000	0.030625
1.208333	0.030547
1.208667	0.030824
1.209000	0.030471
1.209333	0.029553
1.209667	0.029607
1.210000	0.029318
1.210333	0.029828
1.210667	0.029620
1.211000	0.029738
1.211333	0.029490
1.211667	0.029951
1.212000	0.029933
1.212333	0.029788
1.212667	0.030327
1.213000	0.029655
1.213333	0.030037
1.213667	0.030240
1.214000	0.030328
1.214333	0.029742
1.214667	0.029788
1.215000	0.030378
1.215333	0.030362
1.215667	0.029111
1.216000	0.029684
1.216333	0.030163
1.216667	0.029805
1.217000	0.030199
1.217333	0.030693
1.217667	0.030318
1.218000	0.029781
1.218333	0.029385
1.218667	0.030226
1.219000	0.029650
1.219333	0.029921
1.219667	0.029694
1.220000	0.029429
1.220333	0.030518
1.220667	0.030684
1.221000	0.030605
1.221333	0.029759
1.221667	0.030095
1.222000	0.028982
1.222333	0.029884
1.222667	0.029790
1.223000	0.030641
1.223333	0.029791
1.223667	0.029279
1.224000	0.029795
1.224333	0.029659
1.224667	0.030419
1.225000	0.029621
1.225333	0.030243
1.225667	0.029545
1.226000	0.029852
1.226333	0.030080
1.226667	0.029799
1.227000	0.029006
1.227333	0.029569
1.227667	0.029381
1.228000	0.030045
1.228333	0.029513
1.228667	0.030237
1.229000	0.029468
1.229333	0.030243
1.229667	0.030102
1.230000	0.029751
1.230333	0.029470
1.230667	0.029914
1.231000	0.029319
1.231333	0.029562
1.231667	0.029638
1.232000	0.030124
1.232333	0.029144
1.232667	0.029563
1.233000	0.029179
1.233333	0.029313
1.233667	0.030021
1.234000	0.029215
1.234333	0.029344
1.234667	0.030008
1.235000	0.029098
1.235333	0.028878
1.235667	0.029248
1.236000	0.029751
1.236333	0.029907
1.236667	0.029079
1.237000	0.029687
1.237333	0.029429
1.237667	0.029383
1.238000	0.028614
1.238333	0.029652
1.238667	0.029118
1.239000	0.029334
1.239333	0.029461
1.239667	0.030188
1.240000	0.029507
1.240333	0.029746
1.240667	0.029220
1.241000	0.029296
1.241333	0.029231
1.241667	0.030022
1.242000	0.029615
1.242333	0.029416
1.242667	0.029148
1.243000	0.029719
1.243333	0.029512
1.243667	0.029609
1.244000	0.030890
1.244333	0.029509
1.244667	0.029415
1.245000	0.029876
1.245333	0.030343
1.245667	0.029757
1.246000	0.029526
1.246333	0.030043
1.246667	0.030137
1.247000	0.030510
1.247333	0.030401
1.247667	0.028948
1.248000	0.029268
1.248333	0.029397
1.248667	0.029572
1.249000	0.029848
1.249333	0.028936
1.249667	0.029179
1.250000	0.029569
1.250333	0.029329
1.250667	0.029231
1.251000	0.029868
1.251333	0.029584
1.251667	0.029061
1.252000	0.030276
1.252333	0.029523
1.252667	0.029954
1.253000	0.029408
1.253333	0.029287
1.253667	0.029844
1.254000	0.029234
1.254333	0.029429
1.254667	0.029776
1.255000	0.030747
1.255333	0.029906
1.255667	0.029697
1.256000	0.029516
1.256333	0.029222
1.256667	0.030062
1.257000	0.030025
1.257333	0.030065
1.257667	0.029550
1.258000	0.029834
1.258333	0.028530
1.258667	0.030583
1.259000	0.029622
1.259333	0.029621
1.259667	0.028945
1.260000	0.029921
1.260333	0.029978
1.260667	0.029599
1.261000	0.030292
1.261333	0.029800
1.261667	0.028875
1.262000	0.030062
1.262333	0.030063
1.262667	0.029496
1.263000	0.029719
1.263333	0.028883
1.263667	0.029078
1.264000	0.029826
1.264333	0.029835
1.264667	0.029537
1.265000	0.029247
1.265333	0.029554
1.265667	0.029749
1.266000	0.029355
1.266333	0.029941
1.266667	0.029858
1.267000	0.029532
1.267333	0.029816
1.267667	0.029677
1.268000	0.029782
1.268333	0.029900
1.268667	0.029351
1.269000	0.029369
1.269333	0.029141
1.269667	0.029141
1.270000	0.029924
1.270333	0.029214
1.270667	0.030179
1.271000	0.029190
1.271333	0.029574
1.271667	0.029354
1.272000	0.029417
1.272333	0.029502
1.272667	0.029505
1.273000	0.029362
1.273333	0.029353
1.273667	0.029899
1.274000	0.028913
1.274333	0.029055
1.274667	0.028740
1.275000	0.028643
1.275333	0.029928
1.275667	0.029523
1.276000	0.029512
1.276333	0.029757
1.276667	0.028938
1.277000	0.029527
1.277333	0.029485
1.277667	0.029510
1.278000	0.029462
1.278333	0.028781
1.278667	0.029825
1.279000	0.029941
1.279333	0.029036
1.279667	0.029489
1.280000	0.028479
1.280333	0.029801
1.280667	0.029509
1.281000	0.029318
1.281333	0.029980
1.281667	0.029174
1.282000	0.029956
1.282333	0.029794
1.282667	0.029373
1.283000	0.029158
1.283333	0.029093
1.283667	0.029809
1.284000	0.029446
1.284333	0.029075
1.284667	0.029329
1.285000	0.029642
1.285333	0.029765
1.285667	0.029614
1.286000	0.029439
1.286333	0.029391
1.286667	0.029498
1.287000	0.030099
1.287333	0.029420
1.287667	0.029327
1.288000	0.029596
1.288333	0.029662
1.288667	0.029143
1.289000	0.028962
1.289333	0.030105
1.289667	0.029047
1.290000	0.029920
1.290333	0.030025
1.290667	0.029577
1.291000	0.029004
1.291333	0.028679
1.291667	0.029631
1.292000	0.029521
1.292333	0.029423
1.292667	0.029200
1.293000	0.029579
1.293333	0.029874
1.293667	0.029318
1.294000	0.029110
1.294333	0.029682
1.294667	0.029465
1.295000	0.029601
1.295333	0.030174
1.295667	0.029476
1.296000	0.029309
1.296333	0.029335
1.296667	0.029690
1.297000	0.029470
1.297333	0.029304
1.297667	0.030303
1.298000	0.029316
1.298333	0.029414
1.298667	0.029667
1.299000	0.029585
1.299333	0.030004
1.299667	0.028624
1.300000	0.028958
1.300333	0.029826
1.300667	0.029458
1.301000	0.029437
1.301333	0.029677
1.301667	0.029367
1.302000	0.029171
1.302333	0.029085
1.302667	0.029595
1.303000	0.029534
1.303333	0.028724
1.303667	0.029455
1.304000	0.029529
1.304333	0.029436
1.304667	0.029116
1.305000	0.029086
1.305333	0.029098
1.305667	0.029319
1.306000	0.029679
1.306333	0.028751
1.306667	0.029714
1.307000	0.029770
1.307333	0.029575
1.307667	0.029200
1.308000	0.028862
1.308333	0.029566
1.308667	0.029892
1.309000	0.029406
1.309333	0.029567
1.309667	0.028918
1.310000	0.029059
1.310333	0.029390
1.310667	0.028919
1.311000	0.028815
1.311333	0.029582
1.311667	0.028910
1.312000	0.028706
1.312333	0.029209
1.312667	0.029345
1.313000	0.028971
1.313333	0.029161
1.313667	0.029591
1.314000	0.029273
1.314333	0.029333
1.314667	0.028776
1.315000	0.029129
1.315333	0.029642
1.315667	0.029861
1.316000	0.029514
1.316333	0.029278
1.316667	0.029106
1.317000	0.029265
1.317333	0.029886
1.317667	0.029677
1.318000	0.029898
1.318333	0.029457
1.318667	0.028746
1.319000	0.028809
1.319333	0.029500
1.319667	0.029745
1.320000	0.029253
1.320333	0.029888
1.320667	0.028883
1.321000	0.028970
1.321333	0.028805
1.321667	0.030017
1.322000	0.029091
1.322333	0.028966
1.322667	0.028905
1.323000	0.029192
1.323333	0.029105
1.323667	0.029414
1.324000	0.029553
1.324333	0.029816
1.324667	0.028966
1.325000	0.030097
1.325333	0.029520
1.325667	0.029774
1.326000	0.028806
1.326333	0.029496
1.326667	0.029197
1.327000	0.029053
1.327333	0.029468
1.327667	0.028902
1.328000	0.029338
1.328333	0.029353
1.328667	0.029045
1.329000	0.029628
1.329333	0.029409
1.329667	0.029579
1.330000	0.029529
1.330333	0.029549
1.330667	0.028175
1.331000	0.029562
1.331333	0.028992
1.331667	0.030330
1.332000	0.029109
1.332333	0.030319
1.332667	0.029624
1.333000	0.029056
1.333333	0.029365
1.333667	0.029915
1.334000	0.029962
1.334333	0.029122
1.334667	0.028596
1.335000	0.029068
1.335333	0.029602
1.335667	0.029880
1.336000	0.029552
1.336333	0.029226
1.336667	0.029264
1.337000	0.029041
1.337333	0.029666
1.337667	0.029091
1.338000	0.029508
1.338333	0.028907
1.338667	0.028856
1.339000	0.029899
1.339333	0.029264
1.339667	0.030051
1.340000	0.028964
1.340333	0.029604
1.340667	0.028991
1.341000	0.029047
1.341333	0.029851
1.341667	0.028847
1.342000	0.029385
1.342333	0.028861
1.342667	0.029647
1.343000	0.029300
1.343333	0.029075
1.343667	0.029714
1.344000	0.028473
1.344333	0.030079
1.344667	0.029513
1.345000	0.029582
1.345333	0.028609
1.345667	0.028881
1.346000	0.028559
1.346333	0.028386
1.346667	0.029125
1.347000	0.028835
1.347333	0.030020
1.347667	0.029272
1.348000	0.029441
1.348333	0.029898
1.348667	0.029065
1.349000	0.030130
1.349333	0.029479
1.349667	0.029079
1.350000	0.029497
1.350333	0.029386
1.350667	0.029304
1.351000	0.029566
1.351333	0.029456
1.351667	0.028917
1.352000	0.029436
1.352333	0.030162
1.352667	0.029594
1.353000	0.029596
1.353333	0.029738
1.353667	0.028872
1.354000	0.029559
1.354333	0.029602
1.354667	0.029847
1.355000	0.029342
1.355333	0.029582
1.355667	0.029569
1.356000	0.029410
1.356333	0.028703
1.356667	0.028968
1.357000	0.030071
1.357333	0.029349
1.357667	0.028847
1.358000	0.029224
1.358333	0.028900
1.358667	0.028966
1.359000	0.029190
1.359333	0.029103
1.359667	0.029703
1.360000	0.029641
1.360333	0.028979
1.360667	0.028613
1.361000	0.028654
1.361333	0.028733
1.361667	0.029296
1.362000	0.029532
1.362333	0.029424
1.362667	0.029700
1.363000	0.029521
1.363333	0.030374
1.363667	0.028692
1.364000	0.029916
1.364333	0.029155
1.364667	0.029187
1.365000	0.029196
1.365333	0.029774
1.365667	0.029704
1.366000	0.029250
1.366333	0.029159
1.366667	0.028974
1.367000	0.029102
1.367333	0.028898
1.367667	0.029134
1.368000	0.029629
1.368333	0.029220
1.368667	0.029325
1.369000	0.028627
1.369333	0.029558
1.369667	0.029192
1.370000	0.030255
1.370333	0.029332
1.370667	0.029266
1.371000	0.029386
1.371333	0.029059
1.371667	0.029215
1.372000	0.029176
1.372333	0.029198
1.372667	0.029581
1.373000	0.028969
1.373333	0.029270
1.373667	0.029450
1.374000	0.029498
1.374333	0.029249
1.374667	0.029076
1.375000	0.029555
1.375333	0.029482
1.375667	0.029318
1.376000	0.028707
1.376333	0.029129
1.376667	0.028913
1.377000	0.028813
1.377333	0.029484
1.377667	0.028920
1.378000	0.029059
1.378333	0.028878
1.378667	0.029191
1.379000	0.029694
1.379333	0.030065
1.379667	0.029433
1.380000	0.029127
1.380333	0.029696
1.380667	0.029987
1.381000	0.029257
1.381333	0.029610
1.381667	0.029960
1.382000	0.029675
1.382333	0.029241
1.382667	0.029938
1.383000	0.029055
1.383333	0.029373
1.383667	0.029540
1.384000	0.029594
1.384333	0.028689
1.384667	0.029013
1.385000	0.028972
1.385333	0.029355
1.385667	0.029819
1.386000	0.029401
1.386333	0.029051
1.386667	0.029126
1.387000	0.029610
1.387333	0.029873
1.387667	0.029752
1.388000	0.029136
1.388333	0.028722
1.388667	0.029507
1.389000	0.029180
1.389333	0.028791
1.389667	0.029607
1.390000	0.029300
1.390333	0.028958
1.390667	0.028301
1.391000	0.029326
1.391333	0.028923
1.391667	0.029188
1.392000	0.028634
1.392333	0.029099
1.392667	0.029429
1.393000	0.028879
1.393333	0.028469
1.393667	0.029511
1.394000	0.029278
1.394333	0.030122
1.394667	0.028419
1.395000	0.029128
1.395333	0.029176
1.395667	0.029427
1.396000	0.029481
1.396333	0.029447
1.396667	0.029746
1.397000	0.028514
1.397333	0.029834
1.397667	0.029328
1.398000	0.029524
1.398333	0.028679
1.398667	0.028851
1.399000	0.029266
1.399333	0.029939
1.399667	0.028446
1.400000	0.029075
1.400333	0.028949
1.400667	0.029491
1.401000	0.029339
1.401333	0.029064
1.401667	0.028726
1.402000	0.029703
1.402333	0.029015
1.402667	0.029325
1.403000	0.028888
1.403333	0.029301
1.403667	0.029763
1.404000	0.029267
1.404333	0.029365
1.404667	0.029494
1.405000	0.029013
1.405333	0.029923
1.405667	0.029189
1.406000	0.029429
1.406333	0.028891
1.406667	0.029653
1.407000	0.029177
1.407333	0.029784
1.407667	0.028828
1.408000	0.029356
1.408333	0.029388
1.408667	0.029902
1.409000	0.030226
1.409333	0.030235
1.409667	0.029388
1.410000	0.029300
1.410333	0.028858
1.410667	0.029674
1.411000	0.029220
1.411333	0.029768
1.411667	0.029244
1.412000	0.029376
1.412333	0.029483
1.412667	0.029106
1.413000	0.029614
1.413333	0.029025
1.413667	0.030001
1.414000	0.029212
1.414333	0.029229
1.414667	0.029424
1.415000	0.028548
1.415333	0.029081
1.415667	0.029241
1.416000	0.028859
1.416333	0.029699
1.416667	0.029307
1.417000	0.029925
1.417333	0.029184
1.417667	0.029099
1.418000	0.029167
1.418333	0.029522
1.418667	0.029248
1.419000	0.029064
1.419333	0.029375
1.419667	0.029295
1.420000	0.029304
1.420333	0.028823
1.420667	0.029317
1.421000	0.029424
1.421333	0.030155
1.421667	0.029105
1.422000	0.028223
1.422333	0.029611
1.422667	0.029218
1.423000	0.029461
1.423333	0.028658
1.423667	0.029393
1.424000	0.029746
1.424333	0.029855
1.424667	0.029604
1.425000	0.029738
1.425333	0.029427
1.425667	0.030208
1.426000	0.029175
1.426333	0.029926
1.426667	0.029522
1.427000	0.029560
1.427333	0.030160
1.427667	0.029516
1.428000	0.029049
1.428333	0.029152
1.428667	0.029824
1.429000	0.028907
1.429333	0.029390
1.429667	0.029341
1.430000	0.029215
1.430333	0.028997
1.430667	0.029679
1.431000	0.029675
1.431333	0.029271
1.431667	0.029659
1.432000	0.028649
1.432333	0.029406
1.432667	0.030222
1.433000	0.029024
1.433333	0.029732
1.433667	0.029594
1.434000	0.029484
1.434333	0.029527
1.434667	0.029763
1.435000	0.029152
1.435333	0.028758
1.435667	0.029395
1.436000	0.029634
1.436333	0.029685
1.436667	0.029563
1.437000	0.028576
1.437333	0.029154
1.437667	0.029391
1.438000	0.029532
1.438333	0.029316
1.438667	0.029097
1.439000	0.028607
1.439333	0.029466
1.439667	0.029805
1.440000	0.029761
1.440333	0.028701
1.440667	0.028812
1.441000	0.029506
1.441333	0.028890
1.441667	0.028764
1.442000	0.028882
1.442333	0.029128
1.442667	0.029511
1.443000	0.029733
1.443333	0.028903
1.443667	0.029893
1.444000	0.029278
1.444333	0.029425
1.444667	0.029134
1.445000	0.029254
1.445333	0.029873
1.445667	0.029042
1.446000	0.029479
1.446333	0.029993
1.446667	0.029704
1.447000	0.029721
1.447333	0.030012
1.447667	0.029120
1.448000	0.029912
1.448333	0.028890
1.448667	0.029774
1.449000	0.030007
1.449333	0.029869
1.449667	0.029210
1.450000	0.029231
1.450333	0.029964
1.450667	0.029254
1.451000	0.029860
1.451333	0.029642
1.451667	0.029310
1.452000	0.029866
1.452333	0.029890
1.452667	0.029061
1.453000	0.029174
1.453333	0.029088
1.453667	0.029837
1.454000	0.029942
1.454333	0.029579
1.454667	0.030275
1.455000	0.029434
1.455333	0.029888
1.455667	0.029392
1.456000	0.029650
1.456333	0.030430
1.456667	0.029456
1.457000	0.029451
1.457333	0.029475
1.457667	0.029565
1.458000	0.028904
1.458333	0.029329
1.458667	0.029052
1.459000	0.030028
1.459333	0.029893
1.459667	0.029762
1.460000	0.029505
1.460333	0.029475
1.460667	0.029427
1.461000	0.030638
1.461333	0.029151
1.461667	0.029491
1.462000	0.029725
1.462333	0.029757
1.462667	0.028919
1.463000	0.029194
1.463333	0.029481
1.463667	0.029010
1.464000	0.029474
1.464333	0.029091
1.464667	0.029501
1.465000	0.030178
1.465333	0.029518
1.465667	0.029036
1.466000	0.029123
1.466333	0.029426
1.466667	0.029198
1.467000	0.029324
1.467333	0.029544
1.467667	0.029401
1.468000	0.028857
1.468333	0.029121
1.468667	0.029948
1.469000	0.029528
1.469333	0.029701
1.469667	0.029173
1.470000	0.029539
1.470333	0.029858
1.470667	0.029413
1.471000	0.030008
1.471333	0.029180
1.471667	0.029285
1.472000	0.029618
1.472333	0.029731
1.472667	0.029284
1.473000	0.029728
1.473333	0.028730
1.473667	0.029925
1.474000	0.029149
1.474333	0.029459
1.474667	0.029674
1.475000	0.029397
1.475333	0.029483
1.475667	0.029596
1.476000	0.030387
1.476333	0.028661
1.476667	0.028992
1.477000	0.030137
1.477333	0.028734
1.477667	0.030576
1.478000	0.028999
1.478333	0.033648
1.478667	0.057008
1.479000	0.069001
1.479333	0.066184
1.479667	0.062630
1.480000	0.059962
1.480333	0.058160
1.480667	0.055490
1.481000	0.053829
1.481333	0.051408
1.481667	0.049884
1.482000	0.049199
1.482333	0.048551
1.482667	0.046806
1.483000	0.046680
1.483333	0.045140
1.483667	0.044775
1.484000	0.043777
1.484333	0.043575
1.484667	0.042804
1.485000	0.042191
1.485333	0.041378
1.485667	0.041272
1.486000	0.040388
1.486333	0.040001
1.486667	0.040222
1.487000	0.038789
1.487333	0.039165
1.487667	0.039274
1.488000	0.038638
1.488333	0.037923
1.488667	0.038184
1.489000	0.038515
1.489333	0.038008
1.489667	0.037418
1.490000	0.036714
1.490333	0.037097
1.490667	0.036932
1.491000	0.037044
1.491333	0.035938
1.491667	0.036417
1.492000	0.036471
1.492333	0.036615
1.492667	0.035837
1.493000	0.035721
1.493333	0.034761
1.493667	0.035776
1.494000	0.035627
1.494333	0.035311
1.494667	0.034948
1.495000	0.035282
1.495333	0.035084
1.495667	0.034966
1.496000	0.034731
1.496333	0.034627
1.496667	0.034317
1.497000	0.033949
1.497333	0.034974
1.497667	0.033758
1.498000	0.033763
1.498333	0.033881
1.498667	0.033925
1.499000	0.033858
1.499333	0.032892
1.499667	0.033686
1.500000	0.033649
1.500333	0.033838
1.500667	0.033522
1.501000	0.033184
1.501333	0.032916
1.501667	0.033407
1.502000	0.033097
1.502333	0.033061
1.502667	0.032672
1.503000	0.033183
1.503333	0.032225
1.503667	0.033694
1.504000	0.032249
1.504333	0.033012
1.504667	0.033010
1.505000	0.033001
1.505333	0.032961
1.505667	0.032486
1.506000	0.032072
1.506333	0.032963
1.506667	0.033015
1.507000	0.032416
1.507333	0.032297
1.507667	0.032448
1.508000	0.032118
1.508333	0.032750
1.508667	0.032452
1.509000	0.032226
1.509333	0.032469
1.509667	0.032427
1.510000	0.032196
1.510333	0.032063
1.510667	0.031983
1.511000	0.032438
1.511333	0.032154
1.511667	0.032006
1.512000	0.032577
1.512333	0.031996
1.512667	0.031755
1.513000	0.032610
1.513333	0.031981
1.513667	0.031096
1.514000	0.031280
1.514333	0.032272
1.514667	0.032419
1.515000	0.031756
1.515333	0.031603
1.515667	0.032271
1.516000	0.032104
1.516333	0.031594
1.516667	0.031615
1.517000	0.032012
1.517333	0.031406
1.517667	0.030376
1.518000	0.031347
1.518333	0.032053
1.518667	0.031336
1.519000	0.031390
1.519333	0.031336
1.519667	0.031718
1.520000	0.030816
1.520333	0.030469
1.520667	0.031221
1.521000	0.031139
1.521333	0.031747
1.521667	0.030664
1.522000	0.031053
1.522333	0.031045
1.522667	0.031105
1.523000	0.031257
1.523333	0.031351
1.523667	0.031695
1.524000	0.030593
1.524333	0.031055
1.524667	0.030686
1.525000	0.030940
1.525333	0.032122
1.525667	0.031255
1.526000	0.030821
1.526333	0.031249
1.526667	0.031241
1.527000	0.031294
1.527333	0.030709
1.527667	0.031177
1.528000	0.031187
1.528333	0.031729
1.528667	0.031220
1.529000	0.031336
1.529333	0.031246
1.529667	0.030498
1.530000	0.031051
1.530333	0.030831
1.530667	0.030632
1.531000	0.029914
1.531333	0.030753
1.531667	0.030740
1.532000	0.031201
1.532333	0.030215
1.532667	0.030711
1.533000	0.030668
1.533333	0.031086
1.533667	0.029859
1.534000	0.031041
1.534333	0.030678
1.534667	0.030078
1.535000	0.030869
1.535333	0.030063
1.535667	0.030639
1.536000	0.030644
1.536333	0.030168
1.536667	0.030514
1.537000	0.030464
1.537333	0.030122
1.537667	0.031548
1.538000	0.030752
1.538333	0.029608
1.538667	0.030145
1.539000	0.031356
1.539333	0.031345
1.539667	0.030580
1.540000	0.030598
1.540333	0.030613
1.540667	0.030562
1.541000	0.029862
1.541333	0.030012
1.541667	0.029893
1.542000	0.030799
1.542333	0.030839
1.542667	0.030809
1.543000	0.030083
1.543333	0.030941
1.543667	0.030365
1.544000	0.029796
1.544333	0.030342
1.544667	0.030107
1.545000	0.030586
1.545333	0.030725
1.545667	0.030381
1.546000	0.030136
1.546333	0.030177
1.546667	0.030305
1.547000	0.030497
1.547333	0.030904
1.547667	0.030425
1.548000	0.030427
1.548333	0.029888
1.548667	0.030884
1.549000	0.030309
1.549333	0.030220
1.549667	0.029426
1.550000	0.030665
1.550333	0.030259
1.550667	0.030563
1.551000	0.029826
1.551333	0.030254
1.551667	0.030101
1.552000	0.030433
1.552333	0.030875
1.552667	0.030100
1.553000	0.029297
1.553333	0.030334
1.553667	0.030257
1.554000	0.029838
1.554333	0.030525
1.554667	0.030258
1.555000	0.030200
1.555333	0.030339
1.555667	0.030575
1.556000	0.029525
1.556333	0.029555
1.556667	0.030498
1.557000	0.030733
1.557333	0.030276
1.557667	0.029978
1.558000	0.029281
1.558333	0.029811
1.558667	0.030254
1.559000	0.030341
1.559333	0.030461
1.559667	0.030496
1.560000	0.030413
1.560333	0.030510
1.560667	0.029970
1.561000	0.029855
1.561333	0.030021
1.561667	0.030419
1.562000	0.029988
1.562333	0.030052
1.562667	0.030363
1.563000	0.030061
1.563333	0.030814
1.563667	0.030049
1.564000	0.030520
1.564333	0.030030
1.564667	0.030488
1.565000	0.030147
1.565333	0.029620
1.565667	0.030711
1.566000	0.029869
1.566333	0.030147
1.566667	0.030291
1.567000	0.030526
1.567333	0.029662
1.567667	0.030559
1.568000	0.029551
1.568333	0.030024
1.568667	0.029770
1.569000	0.029029
1.569333	0.029887
1.569667	0.029752
1.570000	0.029795
1.570333	0.029399
1.570667	0.030173
1.571000	0.030173
1.571333	0.030472
1.571667	0.029974
1.572000	0.029019
1.572333	0.030345
1.572667	0.030299
1.573000	0.028745
1.573333	0.030151
1.573667	0.030457
1.574000	0.030175
1.574333	0.030158
1.574667	0.029961
1.575000	0.029576
1.575333	0.029654
1.575667	0.030530
1.576000	0.030513
1.576333	0.029742
1.576667	0.030118
1.577000	0.030170
1.577333	0.029598
1.577667	0.030104
1.578000	0.030198
1.578333	0.029470
1.578667	0.028931
1.579000	0.029989
1.579333	0.030023
1.579667	0.028989
1.580000	0.029510
1.580333	0.029886
1.580667	0.029052
1.581000	0.030175
1.581333	0.029778
1.581667	0.030153
1.582000	0.029400
1.582333	0.029180
1.582667	0.028873
1.583000	0.029308
1.583333	0.029350
1.583667	0.030226
1.584000	0.029225
1.584333	0.029423
1.584667	0.030086
1.585000	0.029768
1.585333	0.030001
1.585667	0.029695
1.586000	0.029546
1.586333	0.029484
1.586667	0.029232
1.587000	0.029798
1.587333	0.028988
1.587667	0.029560
1.588000	0.029661
1.588333	0.029797
1.588667	0.029349
1.589000	0.029489
1.589333	0.029538
1.589667	0.029769
1.590000	0.030379
1.590333	0.029604
1.590667	0.029792
1.591000	0.029886
1.591333	0.029157
1.591667	0.029293
1.592000	0.029914
1.592333	0.030035
1.592667	0.029346
1.593000	0.029034
1.593333	0.029885
1.593667	0.028992
1.594000	0.030001
1.594333	0.029946
1.594667	0.030121
1.595000	0.029257
1.595333	0.030380
1.595667	0.030179
1.596000	0.029703
1.596333	0.029615
1.596667	0.029598
1.597000	0.029849
1.597333	0.029804
1.597667	0.030028
1.598000	0.030129
1.598333	0.029318
1.598667	0.029183
1.599000	0.029309
1.599333	0.030796
1.599667	0.029547
1.600000	0.029529
1.600333	0.029271
1.600667	0.029730
1.601000	0.029329
1.601333	0.029674
1.601667	0.029624
1.602000	0.029220
1.602333	0.029481
1.602667	0.029567
1.603000	0.030061
1.603333	0.029556
1.603667	0.029624
1.604000	0.029022
1.604333	0.029329
1.604667	0.029103
1.605000	0.029437
1.605333	0.029670
1.605667	0.029433
1.606000	0.029169
1.606333	0.029673
1.606667	0.029771
1.607000	0.029896
1.607333	0.030665
1.607667	0.030450
1.608000	0.029636
1.608333	0.028869
1.608667	0.029818
1.609000	0.028853
1.609333	0.029563
1.609667	0.029794
1.610000	0.029843
1.610333	0.029629
1.610667	0.030276
1.611000	0.029528
1.611333	0.029227
1.611667	0.029664
1.612000	0.028867
1.612333	0.029616
1.612667	0.029995
1.613000	0.030530
1.613333	0.029636
1.613667	0.029332
1.614000	0.029310
1.614333	0.029920
1.614667	0.028924
1.615000	0.029699
1.615333	0.029355
1.615667	0.029215
1.616000	0.029469
1.616333	0.029512
1.616667	0.030034
1.617000	0.029786
1.617333	0.029243
1.617667	0.029711
1.618000	0.029749
1.618333	0.029774
1.618667	0.029323
1.619000	0.029276
1.619333	0.029385
1.619667	0.029386
1.620000	0.029804
1.620333	0.029103
1.620667	0.029371
1.621000	0.028972
1.621333	0.029287
1.621667	0.030154
1.622000	0.029569
1.622333	0.029224
1.622667	0.029734
1.623000	0.029427
1.623333	0.029104
1.623667	0.029014
1.624000	0.029236
1.624333	0.029243
1.624667	0.030117
1.625000	0.029678
1.625333	0.029811
1.625667	0.029529
1.626000	0.029197
1.626333	0.029693
1.626667	0.029227
1.627000	0.029691
1.627333	0.028729
1.627667	0.029734
1.628000	0.029221
1.628333	0.029244
1.628667	0.029478
1.629000	0.029521
1.629333	0.030158
1.629667	0.029853
1.630000	0.029697
1.630333	0.030093
1.630667	0.030095
1.631000	0.029832
1.631333	0.030064
1.631667	0.028966
1.632000	0.029728
1.632333	0.029217
1.632667	0.029322
1.633000	0.030479
1.633333	0.029318
1.633667	0.029492
1.634000	0.030405
1.634333	0.029050
1.634667	0.029411
1.635000	0.029805
1.635333	0.029076
1.635667	0.030170
1.636000	0.029747
1.636333	0.029324
1.636667	0.028885
1.637000	0.029364
1.637333	0.029831
1.637667	0.029178
1.638000	0.029307
1.638333	0.029172
1.638667	0.030301
1.639000	0.029217
1.639333	0.029534
1.639667	0.030346
1.640000	0.029152
1.640333	0.030025
1.640667	0.029728
1.641000	0.028774
1.641333	0.029422
1.641667	0.029567
1.642000	0.029400
1.642333	0.029760
1.642667	0.029121
1.643000	0.030088
1.643333	0.029743
1.643667	0.029834
1.644000	0.029678
1.644333	0.028337
1.644667	0.028794
1.645000	0.029573
1.645333	0.029283
1.645667	0.029950
1.646000	0.030136
1.646333	0.029470
1.646667	0.030050
1.647000	0.029535
1.647333	0.029737
1.647667	0.029752
1.648000	0.029144
1.648333	0.029908
1.648667	0.029332
1.649000	0.030154
1.649333	0.029044
1.649667	0.030402
1.650000	0.029520
1.650333	0.029865
1.650667	0.029385
1.651000	0.029505
1.651333	0.030381
1.651667	0.030029
1.652000	0.029695
1.652333	0.030169
1.652667	0.030154
1.653000	0.029256
1.653333	0.030474
1.653667	0.029936
1.654000	0.029801
1.654333	0.029096
1.654667	0.028740
1.655000	0.029472
1.655333	0.029431
1.655667	0.029620
1.656000	0.029488
1.656333	0.030450
1.656667	0.029065
1.657000	0.029359
1.657333	0.028851
1.657667	0.029589
1.658000	0.029225
1.658333	0.030283
1.658667	0.029546
1.659000	0.029160
1.659333	0.029134
1.659667	0.029742
1.660000	0.029590
1.660333	0.029220
1.660667	0.029649
1.661000	0.029524
1.661333	0.028824
1.661667	0.029458
1.662000	0.029768
1.662333	0.029052
1.662667	0.028739
1.663000	0.029294
1.663333	0.030030
1.663667	0.029789
1.664000	0.030341
1.664333	0.029644
1.664667	0.029781
1.665000	0.029642
1.665333	0.029423
1.665667	0.029064
1.666000	0.029853
1.666333	0.030145
1.666667	0.029888
1.667000	0.028552
1.667333	0.029434
1.667667	0.029447
1.668000	0.029144
1.668333	0.029270
1.668667	0.028154
1.669000	0.029932
1.669333	0.028815
1.669667	0.029512
1.670000	0.029527
1.670333	0.029731
1.670667	0.028724
1.671000	0.029486
1.671333	0.028821
1.671667	0.029540
1.672000	0.029276
1.672333	0.029405
1.672667	0.029592
1.673000	0.029504
1.673333	0.029426
1.673667	0.028951
1.674000	0.029007
1.674333	0.029898
1.674667	0.029974
1.675000	0.029654
1.675333	0.028441
1.675667	0.029665
1.676000	0.029049
1.676333	0.029049
1.676667	0.029802
1.677000	0.030478
1.677333	0.029893
1.677667	0.029480
1.678000	0.029219
1.678333	0.028787
1.678667	0.029031
1.679000	0.029147
1.679333	0.028948
1.679667	0.029233
1.680000	0.029327
1.680333	0.029145
1.680667	0.028846
1.681000	0.028610
1.681333	0.028511
1.681667	0.029561
1.682000	0.028858
1.682333	0.029328
1.682667	0.029668
1.683000	0.029542
1.683333	0.029880
1.683667	0.029415
1.684000	0.029535
1.684333	0.029090
1.684667	0.028988
1.685000	0.028747
1.685333	0.029492
1.685667	0.029529
1.686000	0.028502
1.686333	0.028885
1.686667	0.029573
1.687000	0.029314
1.687333	0.028917
1.687667	0.028909
1.688000	0.029009
1.688333	0.030258
1.688667	0.029002
1.689000	0.028411
1.689333	0.029633
1.689667	0.029761
1.690000	0.029237
1.690333	0.029352
1.690667	0.029733
1.691000	0.029595
1.691333	0.028963
1.691667	0.029465
1.692000	0.029653
1.692333	0.029422
1.692667	0.028279
1.693000	0.028814
1.693333	0.029587
1.693667	0.029061
1.694000	0.029517
1.694333	0.028916
1.694667	0.029945
1.695000	0.029807
1.695333	0.029374
1.695667	0.028926
1.696000	0.029457
1.696333	0.029188
1.696667	0.029327
1.697000	0.029438
1.697333	0.028543
1.697667	0.029158
1.698000	0.029779
1.698333	0.029450
1.698667	0.029070
1.699000	0.029626
1.699333	0.029121
1.699667	0.029701
1.700000	0.029402
1.700333	0.029547
1.700667	0.029548
1.701000	0.029261
1.701333	0.028844
1.701667	0.029107
1.702000	0.029354
1.702333	0.029150
1.702667	0.029882
1.703000	0.028360
1.703333	0.028889
1.703667	0.029348
1.704000	0.030091
1.704333	0.028880
1.704667	0.029369
1.705000	0.029806
1.705333	0.028933
1.705667	0.029202
1.706000	0.028478
1.706333	0.029253
1.706667	0.028769
1.707000	0.029240
1.707333	0.029297
1.707667	0.029240
1.708000	0.028970
1.708333	0.029162
1.708667	0.029590
1.709000	0.029485
1.709333	0.029394
1.709667	0.029671
1.710000	0.028975
1.710333	0.028933
1.710667	0.029113
1.711000	0.029399
1.711333	0.029197
1.711667	0.028715
1.712000	0.029345
1.712333	0.029623
1.712667	0.030129
1.713000	0.029083
1.713333	0.029770
1.713667	0.030210
1.714000	0.029198
1.714333	0.028277
1.714667	0.029063
1.715000	0.028704
1.715333	0.029133
1.715667	0.028762
1.716000	0.029955
1.716333	0.029206
1.716667	0.029850
1.717000	0.029542
1.717333	0.029566
1.717667	0.029327
1.718000	0.028933
1.718333	0.029252
1.718667	0.030099
1.719000	0.030065
1.719333	0.029176
1.719667	0.029027
1.720000	0.029312
1.720333	0.028645
1.720667	0.029842
1.721000	0.030036
1.721333	0.028416
1.721667	0.029560
1.722000	0.028530
1.722333	0.029145
1.722667	0.029396
1.723000	0.028819
1.723333	0.029401
1.723667	0.028629
1.724000	0.029076
1.724333	0.029241
1.724667	0.028818
1.725000	0.028864
1.725333	0.029549
1.725667	0.029110
1.726000	0.029582
1.726333	0.028965
1.726667	0.028623
1.727000	0.029544
1.727333	0.028776
1.727667	0.029109
1.728000	0.029510
1.728333	0.029749
1.728667	0.029072
1.729000	0.029604
1.729333	0.030683
1.729667	0.029093
1.730000	0.030229
1.730333	0.029314
1.730667	0.029888
1.731000	0.028867
1.731333	0.029463
1.731667	0.028911
1.732000	0.028925
1.732333	0.028597
1.732667	0.029221
1.733000	0.029283
1.733333	0.029284
1.733667	0.029722
1.734000	0.029226
1.734333	0.029005
1.734667	0.029181
1.735000	0.029114
1.735333	0.029613
1.735667	0.028492
1.736000	0.029600
1.736333	0.029734
1.736667	0.028828
1.737000	0.029873
1.737333	0.029542
1.737667	0.028510
1.738000	0.028188
1.738333	0.029300
1.738667	0.029225
1.739000	0.028912
1.739333	0.029781
1.739667	0.029358
1.740000	0.029059
1.740333	0.028678
1.740667	0.029771
1.741000	0.029234
1.741333	0.029041
1.741667	0.029798
1.742000	0.028453
1.742333	0.029265
1.742667	0.029448
1.743000	0.029667
1.743333	0.029091
1.743667	0.029416
1.744000	0.029210
1.744333	0.029101
1.744667	0.028804
1.745000	0.029435
1.745333	0.029247
1.745667	0.028490
1.746000	0.029317
1.746333	0.028681
1.746667	0.029010
1.747000	0.029243
1.747333	0.028645
1.747667	0.028865
1.748000	0.028619
1.748333	0.029505
1.748667	0.029780
1.749000	0.028669
1.749333	0.028921
1.749667	0.028329
1.750000	0.029216
1.750333	0.029315
1.750667	0.028525
1.751000	0.029666
1.751333	0.028605
1.751667	0.028752
1.752000	0.029330
1.752333	0.028313
1.752667	0.028955
1.753000	0.028889
1.753333	0.029344
1.753667	0.028817
1.754000	0.029515
1.754333	0.029800
1.754667	0.028601
1.755000	0.028501
1.755333	0.029294
1.755667	0.029282
1.756000	0.028914
1.756333	0.029335
1.756667	0.029253
1.757000	0.029598
1.757333	0.029272
1.757667	0.029643
1.758000	0.029556
1.758333	0.029669
1.758667	0.028730
1.759000	0.029490
1.759333	0.028878
1.759667	0.028343
1.760000	0.029305
1.760333	0.029670
1.760667	0.029121
1.761000	0.028910
1.761333	0.028376
1.761667	0.029252
1.762000	0.028860
1.762333	0.029497
1.762667	0.029656
1.763000	0.029640
1.763333	0.028649
1.763667	0.029193
1.764000	0.028264
1.764333	0.029037
1.764667	0.029286
1.765000	0.028922
1.765333	0.028917
1.765667	0.028240
1.766000	0.029308
1.766333	0.028927
1.766667	0.028944
1.767000	0.028905
1.767333	0.029206
1.767667	0.028969
1.768000	0.028739
1.768333	0.029514
1.768667	0.029892
1.769000	0.029078
1.769333	0.028597
1.769667	0.028972
1.770000	0.029119
1.770333	0.029385
1.770667	0.028321
1.771000	0.029539
1.771333	0.028642
1.771667	0.028394
1.772000	0.028655
1.772333	0.029342
1.772667	0.028833
1.773000	0.028510
1.773333	0.029194
1.773667	0.029826
1.774000	0.029735
1.774333	0.028994
1.774667	0.028751
1.775000	0.028692
1.775333	0.029005
1.775667	0.028745
1.776000	0.028955
1.776333	0.028690
1.776667	0.028631
1.777000	0.028694
1.777333	0.029342
1.777667	0.029290
1.778000	0.029153
1.778333	0.029621
1.778667	0.028733
1.779000	0.028207
1.779333	0.028754
1.779667	0.028243
1.780000	0.028206
1.780333	0.028796
1.780667	0.028696
1.781000	0.029406
1.781333	0.028938
1.781667	0.028607
1.782000	0.029275
1.782333	0.029837
1.782667	0.028870
1.783000	0.028963
1.783333	0.028754
1.783667	0.028765
1.784000	0.029032
1.784333	0.028777
1.784667	0.029086
1.785000	0.029014
1.785333	0.028911
1.785667	0.028959
1.786000	0.029293
1.786333	0.029300
1.786667	0.029085
1.787000	0.028484
1.787333	0.028593
1.787667	0.028368
1.788000	0.029443
1.788333	0.029468
1.788667	0.029092
1.789000	0.028514
1.789333	0.028461
1.789667	0.028185
1.790000	0.028200
1.790333	0.028456
1.790667	0.028294
1.791000	0.028884
1.791333	0.029039
1.791667	0.028866
1.792000	0.029783
1.792333	0.028978
1.792667	0.029028
1.793000	0.028834
1.793333	0.028895
1.793667	0.029506
1.794000	0.028676
1.794333	0.028989
1.794667	0.028260
1.795000	0.028131
1.795333	0.029410
1.795667	0.028532
1.796000	0.029011
1.796333	0.028620
1.796667	0.029106
1.797000	0.029292
1.797333	0.028303
1.797667	0.029788
1.798000	0.029320
1.798333	0.029358
1.798667	0.028659
1.799000	0.029231
1.799333	0.028735
1.799667	0.028738
1.800000	0.028585
1.800333	0.028775
1.800667	0.029249
1.801000	0.028251
1.801333	0.028632
1.801667	0.027785
1.802000	0.028700
1.802333	0.029060
1.802667	0.028950
1.803000	0.029503
1.803333	0.029229
1.803667	0.029473
1.804000	0.029100
1.804333	0.029023
1.804667	0.028620
1.805000	0.029565
1.805333	0.028739
1.805667	0.029123
1.806000	0.028774
1.806333	0.028628
1.806667	0.028791
1.807000	0.028831
1.807333	0.028325
1.807667	0.029343
1.808000	0.029027
1.808333	0.028707
1.808667	0.028969
1.809000	0.029265
1.809333	0.029312
1.809667	0.029350
1.810000	0.028511
1.810333	0.028265
1.810667	0.028593
1.811000	0.028725
1.811333	0.028317
1.811667	0.028627
1.812000	0.028345
1.812333	0.028491
1.812667	0.028540
1.813000	0.029731
1.813333	0.028753
1.813667	0.029699
1.814000	0.028845
1.814333	0.029107
1.814667	0.028168
1.815000	0.029435
1.815333	0.028789
1.815667	0.028696
1.816000	0.027973
1.816333	0.029706
1.816667	0.028336
1.817000	0.028623
1.817333	0.028295
1.817667	0.028375
1.818000	0.028360
1.818333	0.028299
1.818667	0.028821
1.819000	0.029345
1.819333	0.028235
1.819667	0.028307
1.820000	0.028810
1.820333	0.028669
1.820667	0.029146
1.821000	0.028607
1.821333	0.028504
1.821667	0.029560
1.822000	0.029054
1.822333	0.028828
1.822667	0.029023
1.823000	0.028801
1.823333	0.027923
1.823667	0.028508
1.824000	0.028439
1.824333	0.028686
1.824667	0.028563
1.825000	0.029236
1.825333	0.029430
1.825667	0.028822
1.826000	0.028832
1.826333	0.028194
1.826667	0.028869
1.827000	0.029052
1.827333	0.029040
1.827667	0.028343
1.828000	0.028574
1.828333	0.028257
1.828667	0.029311
1.829000	0.028798
1.829333	0.028655
1.829667	0.028380
1.830000	0.028704
1.830333	0.028586
1.830667	0.028628
1.831000	0.028769
1.831333	0.029171
1.831667	0.028108
1.832000	0.028885
1.832333	0.029258
1.832667	0.028781
1.833000	0.028721
1.833333	0.028605
1.833667	0.028503
1.834000	0.029334
1.834333	0.028646
1.834667	0.028522
1.835000	0.029011
1.835333	0.029249
1.835667	0.028518
1.836000	0.029078
1.836333	0.029037
1.836667	0.028991
1.837000	0.028563
1.837333	0.028666
1.837667	0.029152
1.838000	0.028565
1.838333	0.028962
1.838667	0.028624
1.839000	0.028490
1.839333	0.028604
1.839667	0.031165
1.840000	0.052256
1.840333	0.067150
1.840667	0.065880
1.841000	0.063067
1.841333	0.060337
1.841667	0.059456
1.842000	0.058011
1.842333	0.055847
1.842667	0.054586
1.843000	0.051970
1.843333	0.050744
1.843667	0.049267
1.844000	0.049008
1.844333	0.047502
1.844667	0.046459
1.845000	0.045473
1.845333	0.044702
1.845667	0.044366
1.846000	0.043697
1.846333	0.042390
1.846667	0.042288
1.847000	0.042353
1.847333	0.042052
1.847667	0.041387
1.848000	0.040377
1.848333	0.040431
1.848667	0.040022
1.849000	0.039273
1.849333	0.039048
1.849667	0.038854
1.850000	0.038546
1.850333	0.038886
1.850667	0.038172
1.851000	0.037807
1.851333	0.037608
1.851667	0.036377
1.852000	0.037793
1.852333	0.037113
1.852667	0.036757
1.853000	0.037031
1.853333	0.035345
1.853667	0.036673
1.854000	0.035747
1.854333	0.036160
1.854667	0.034903
1.855000	0.035065
1.855333	0.034908
1.855667	0.034836
1.856000	0.034744
1.856333	0.035216
1.856667	0.035139
1.857000	0.034121
1.857333	0.034570
1.857667	0.034396
1.858000	0.035156
1.858333	0.034331
1.858667	0.033922
1.859000	0.034673
1.859333	0.033781
1.859667	0.034123
1.860000	0.033978
1.860333	0.034380
1.860667	0.033647
1.861000	0.033474
1.861333	0.034160
1.861667	0.033152
1.862000	0.033831
1.862333	0.032706
1.862667	0.033521
1.863000	0.033449
1.863333	0.033072
1.863667	0.033159
1.864000	0.032400
1.864333	0.033053
1.864667	0.033007
1.865000	0.033061
1.865333	0.032790
1.865667	0.032520
1.866000	0.032332
1.866333	0.032963
1.866667	0.033159
1.867000	0.032222
1.867333	0.032734
1.867667	0.032882
1.868000	0.031844
1.868333	0.032419
1.868667	0.032156
1.869000	0.032696
1.869333	0.032122
1.869667	0.032385
1.870000	0.031848
1.870333	0.032633
1.870667	0.031920
1.871000	0.032032
1.871333	0.032134
1.871667	0.032183
1.872000	0.031693
1.872333	0.031693
1.872667	0.031510
1.873000	0.031224
1.873333	0.031326
1.873667	0.031506
1.874000	0.032120
1.874333	0.031537
1.874667	0.031813
1.875000	0.031178
1.875333	0.032065
1.875667	0.032214
1.876000	0.031219
1.876333	0.031907
1.876667	0.031777
1.877000	0.031596
1.877333	0.031548
1.877667	0.031271
1.878000	0.031598
1.878333	0.030625
1.878667	0.031049
1.879000	0.031406
1.879333	0.031677
1.879667	0.031206
1.880000	0.030356
1.880333	0.030539
1.880667	0.031593
1.881000	0.030746
1.881333	0.031322
1.881667	0.030555
1.882000	0.031044
1.882333	0.031375
1.882667	0.031429
1.883000	0.031598
1.883333	0.031437
1.883667	0.031412
1.884000	0.030631
1.884333	0.030739
1.884667	0.030581
1.885000	0.030918
1.885333	0.030964
1.885667	0.031106
1.886000	0.031109
1.886333	0.030823
1.886667	0.031089
1.887000	0.030735
1.887333	0.030734
1.887667	0.031760
1.888000	0.030409
1.888333	0.031064
1.888667	0.030137
1.889000	0.030440
1.889333	0.030888
1.889667	0.030768
1.890000	0.030254
1.890333	0.031500
1.890667	0.031097
1.891000	0.030254
1.891333	0.030496
1.891667	0.031000
1.892000	0.029500
1.892333	0.030488
1.892667	0.030898
1.893000	0.030919
1.893333	0.030639
1.893667	0.031071
1.894000	0.030046
1.894333	0.031167
1.894667	0.030572
1.895000	0.030405
1.895333	0.030496
1.895667	0.030776
1.896000	0.029840
1.896333	0.029907
1.896667	0.030092
1.897000	0.031499
1.897333	0.030879
1.897667	0.030014
1.898000	0.030831
1.898333	0.030097
1.898667	0.030109
1.899000	0.030128
1.899333	0.029514
1.899667	0.030835
1.900000	0.030112
1.900333	0.030560
1.900667	0.030701
1.901000	0.030080
1.901333	0.029545
1.901667	0.031101
1.902000	0.030460
1.902333	0.029904
1.902667	0.030387
1.903000	0.030112
1.903333	0.030268
1.903667	0.030068
1.904000	0.030567
1.904333	0.030708
1.904667	0.030187
1.905000	0.029897
1.905333	0.030132
1.905667	0.029601
1.906000	0.030285
1.906333	0.030175
1.906667	0.030079
1.907000	0.030501
1.907333	0.030626
1.907667	0.030140
1.908000	0.029909
1.908333	0.030345
1.908667	0.030701
1.909000	0.030302
1.909333	0.030062
1.909667	0.030002
1.910000	0.030191
1.910333	0.030905
1.910667	0.029791
1.911000	0.030606
1.911333	0.029818
1.911667	0.030205
1.912000	0.029568
1.912333	0.030315
1.912667	0.029802
1.913000	0.030036
1.913333	0.029828
1.913667	0.029667
1.914000	0.030490
1.914333	0.029547
1.914667	0.029915
1.915000	0.030160
1.915333	0.029778
1.915667	0.030056
1.916000	0.030032
1.916333	0.030725
1.916667	0.030012
1.917000	0.029941
1.917333	0.029677
1.917667	0.029680
1.918000	0.030021
1.918333	0.029101
1.918667	0.030117
1.919000	0.028690
1.919333	0.030185
1.919667	0.030598
1.920000	0.029841
1.920333	0.029518
1.920667	0.029672
1.921000	0.030161
1.921333	0.030392
1.921667	0.029822
1.922000	0.029909
1.922333	0.029612
1.922667	0.029939
1.923000	0.030319
1.923333	0.030024
1.923667	0.030008
1.924000	0.029950
1.924333	0.030435
1.924667	0.030225
1.925000	0.029799
1.925333	0.029966
1.925667	0.029722
1.926000	0.030233
1.926333	0.030214
1.926667	0.029555
1.927000	0.029123
1.927333	0.030093
1.927667	0.029727
1.928000	0.029553
1.928333	0.029547
1.928667	0.029672
1.929000	0.029845
1.929333	0.029662
1.929667	0.030066
1.930000	0.030655
1.930333	0.029439
1.930667	0.029353
1.931000	0.030337
1.931333	0.029532
1.931667	0.029671
1.932000	0.030190
1.932333	0.029841
1.932667	0.030369
1.933000	0.029730
1.933333	0.030346
1.933667	0.029594
1.934000	0.029695
1.934333	0.029582
1.934667	0.029543
1.935000	0.029999
1.935333	0.029917
1.935667	0.029629
1.936000	0.029764
1.936333	0.029871
1.936667	0.029947
1.937000	0.030214
1.937333	0.030034
1.937667	0.029945
1.938000	0.029616
1.938333	0.029800
1.938667	0.029959
1.939000	0.030493
1.939333	0.029228
1.939667	0.029236
1.940000	0.028711
1.940333	0.030391
1.940667	0.031100
1.941000	0.029661
1.941333	0.029283
1.941667	0.029338
1.942000	0.029640
1.942333	0.028981
1.942667	0.030065
1.943000	0.029460
1.943333	0.029521
1.943667	0.029732
1.944000	0.029667
1.944333	0.029594
1.944667	0.029682
1.945000	0.029830
1.945333	0.029605
1.945667	0.030016
1.946000	0.029156
1.946333	0.029831
1.946667	0.029243
1.947000	0.029326
1.947333	0.029405
1.947667	0.029534
1.948000	0.029235
1.948333	0.029398
1.948667	0.029574
1.949000	0.028686
1.949333	0.029748
1.949667	0.029520
1.950000	0.029483
1.950333	0.029320
1.950667	0.029280
1.951000	0.029389
1.951333	0.028964
1.951667	0.029991
1.952000	0.029757
1.952333	0.029998
1.952667	0.029036
1.953000	0.029703
1.953333	0.029269
1.953667	0.029626
1.954000	0.028587
1.954333	0.029470
1.954667	0.029784
1.955000	0.029853
1.955333	0.029781
1.955667	0.029674
1.956000	0.029947
1.956333	0.029903
1.956667	0.029358
1.957000	0.029283
1.957333	0.029541
1.957667	0.029595
1.958000	0.029852
1.958333	0.029571
1.958667	0.029210
1.959000	0.029405
1.959333	0.029771
1.959667	0.029747
1.960000	0.029663
1.960333	0.029285
1.960667	0.029383
1.961000	0.029273
1.961333	0.029710
1.961667	0.028896
1.962000	0.030090
1.962333	0.030275
1.962667	0.029667
1.963000	0.029563
1.963333	0.030178
1.963667	0.030502
1.964000	0.030189
1.964333	0.030564
1.964667	0.029955
1.965000	0.030519
1.965333	0.030175
1.965667	0.030026
1.966000	0.030044
1.966333	0.029438
1.966667	0.028646
1.967000	0.028995
1.967333	0.028744
1.967667	0.030013
1.968000	0.029484
1.968333	0.028991
1.968667	0.029461
1.969000	0.029601
1.969333	0.029584
1.969667	0.029200
1.970000	0.029500
1.970333	0.030289
1.970667	0.029381
1.971000	0.029410
1.971333	0.030379
1.971667	0.029596
1.972000	0.029938
1.972333	0.029759
1.972667	0.029565
1.973000	0.030520
1.973333	0.029609
1.973667	0.029130
1.974000	0.029272
1.974333	0.030102
1.974667	0.029674
1.975000	0.028504
1.975333	0.029706
1.975667	0.029361
1.976000	0.029529
1.976333	0.030069
1.976667	0.029432
1.977000	0.028795
1.977333	0.029616
1.977667	0.029572
1.978000	0.030043
1.978333	0.029358
1.978667	0.029803
1.979000	0.029809
1.979333	0.030436
1.979667	0.030333
1.980000	0.029513
1.980333	0.029391
1.980667	0.029115
1.981000	0.028845
1.981333	0.029441
1.981667	0.030503
1.982000	0.030049
1.982333	0.029435
1.982667	0.029198
1.983000	0.029648
1.983333	0.029720
1.983667	0.029371
1.984000	0.028679
1.984333	0.030599
1.984667	0.029899
1.985000	0.029486
1.985333	0.029411
1.985667	0.030085
1.986000	0.029226
1.986333	0.029491
1.986667	0.028652
1.987000	0.028968
1.987333	0.028560
1.987667	0.029808
1.988000	0.029050
1.988333	0.029648
1.988667	0.029052
1.989000	0.030222
1.989333	0.029779
1.989667	0.029509
1.990000	0.029461
1.990333	0.029925
1.990667	0.029588
1.991000	0.029591
1.991333	0.029251
1.991667	0.029925
1.992000	0.029463
1.992333	0.029859
1.992667	0.029213
1.993000	0.029306
1.993333	0.029784
1.993667	0.029603
1.994000	0.030098
1.994333	0.029267
1.994667	0.029727
1.995000	0.029934
1.995333	0.029707
1.995667	0.029754
1.996000	0.030441
1.996333	0.030133
1.996667	0.030097
1.997000	0.029371
1.997333	0.028915
1.997667	0.029445
1.998000	0.028749
1.998333	0.030440
1.998667	0.029560
1.999000	0.029625
1.999333	0.029927
1.999667	0.029887
2.000000	0.029334
2.000333	0.028162
2.000667	0.027690
2.001000	0.028259
2.001333	0.027919
2.001667	0.027569
2.002000	0.027138
2.002333	0.027326
2.002667	0.027217
2.003000	0.027789
2.003333	0.027669
2.003667	0.027771
2.004000	0.027582
2.004333	0.027840
2.004667	0.027855
2.005000	0.027991
2.005333	0.028090
2.005667	0.027908
2.006000	0.027178
2.006333	0.027725
2.006667	0.027713
2.007000	0.028185
2.007333	0.027343
2.007667	0.027775
2.008000	0.027967
2.008333	0.026954
2.008667	0.027848
2.009000	0.027436
2.009333	0.026861
2.009667	0.028136
2.010000	0.027730
2.010333	0.028302
2.010667	0.027249
2.011000	0.028176
2.011333	0.027606
2.011667	0.028320
2.012000	0.027655
2.012333	0.027948
2.012667	0.027848
2.013000	0.027156
2.013333	0.028155
2.013667	0.027723
2.014000	0.027565
2.014333	0.027954
2.014667	0.028032
2.015000	0.028413
2.015333	0.027991
2.015667	0.027132
2.016000	0.027202
2.016333	0.027006
2.016667	0.027993
2.017000	0.027669
2.017333	0.027567
2.017667	0.027869
2.018000	0.026971
2.018333	0.027387
2.018667	0.028054
2.019000	0.027786
2.019333	0.027115
2.019667	0.028066
2.020000	0.027851
2.020333	0.027305
2.020667	0.027265
2.021000	0.027948
2.021333	0.027821
2.021667	0.027653
2.022000	0.026869
2.022333	0.027669
2.022667	0.027887
2.023000	0.028038
2.023333	0.027791
2.023667	0.027435
2.024000	0.027882
2.024333	0.027520
2.024667	0.027723
2.025000	0.027478
2.025333	0.027249
2.025667	0.027786
2.026000	0.027721
2.026333	0.028093
2.026667	0.027417
2.027000	0.028080
2.027333	0.027602
2.027667	0.027719
2.028000	0.027051
2.028333	0.026946
2.028667	0.027172
2.029000	0.027796
2.029333	0.027400
2.029667	0.027836
2.030000	0.027462
2.030333	0.027239
2.030667	0.027337
2.031000	0.027582
2.031333	0.028171
2.031667	0.027737
2.032000	0.027548
2.032333	0.027562
2.032667	0.028358
2.033000	0.027739
2.033333	0.028564
2.033667	0.027390
2.034000	0.026952
2.034333	0.027462
2.034667	0.027814
2.035000	0.028034
2.035333	0.028246
2.035667	0.028195
2.036000	0.027815
2.036333	0.028076
2.036667	0.027331
2.037000	0.028140
2.037333	0.027827
2.037667	0.027479
2.038000	0.027825
2.038333	0.027967
2.038667	0.027946
2.039000	0.027950
2.039333	0.028267
2.039667	0.027892
2.040000	0.027478
2.040333	0.028156
2.040667	0.028032
2.041000	0.027573
2.041333	0.027586
2.041667	0.028188
2.042000	0.028239
2.042333	0.028040
2.042667	0.027714
2.043000	0.027495
2.043333	0.028074
2.043667	0.028064
2.044000	0.027333
2.044333	0.028071
2.044667	0.028174
2.045000	0.028154
2.045333	0.028025
2.045667	0.028026
2.046000	0.028352
2.046333	0.027731
2.046667	0.027630
2.047000	0.027804
2.047333	0.028320
2.047667	0.027860
2.048000	0.027852
2.048333	0.027700
2.048667	0.028505
2.049000	0.028280
2.049333	0.027656
2.049667	0.028399
2.050000	0.026900
2.050333	0.027329
2.050667	0.028563
2.051000	0.027820
2.051333	0.028039
2.051667	0.027820
2.052000	0.027721
2.052333	0.027682
2.052667	0.028442
2.053000	0.028283
2.053333	0.028501
2.053667	0.028185
2.054000	0.027890
2.054333	0.027323
2.054667	0.027766
2.055000	0.028028
2.055333	0.027966
2.055667	0.027988
2.056000	0.027483
2.056333	0.028018
2.056667	0.028287
2.057000	0.028226
2.057333	0.028618
2.057667	0.028149
2.058000	0.027962
2.058333	0.028188
2.058667	0.027211
2.059000	0.027934
2.059333	0.028158
2.059667	0.028108
2.060000	0.027964
2.060333	0.027686
2.060667	0.027843
2.061000	0.027824
2.061333	0.028240
2.061667	0.027818
2.062000	0.027800
2.062333	0.028057
2.062667	0.027330
2.063000	0.028287
2.063333	0.028400
2.063667	0.028063
2.064000	0.027847
2.064333	0.028650
2.064667	0.028038
2.065000	0.028055
2.065333	0.028588
2.065667	0.028312
2.066000	0.026958
2.066333	0.027934
2.066667	0.027813
2.067000	0.028366
2.067333	0.028008
2.067667	0.027804
2.068000	0.028184
2.068333	0.028194
2.068667	0.028174
2.069000	0.028592
2.069333	0.027955
2.069667	0.027738
2.070000	0.028268
2.070333	0.028177
2.070667	0.027513
2.071000	0.027970
2.071333	0.027831
2.071667	0.028190
2.072000	0.028316
2.072333	0.027751
2.072667	0.027688
2.073000	0.028324
2.073333	0.028604
2.073667	0.028254
2.074000	0.028740
2.074333	0.028579
2.074667	0.028180
2.075000	0.027875
2.075333	0.027896
2.075667	0.027868
2.076000	0.027980
2.076333	0.028073
2.076667	0.027738
2.077000	0.028827
2.077333	0.029257
2.077667	0.028692
2.078000	0.027102
2.078333	0.028092
2.078667	0.027998
2.079000	0.029001
2.079333	0.028610
2.079667	0.028201
2.080000	0.027888
2.080333	0.028061
2.080667	0.028668
2.081000	0.028355
2.081333	0.028116
2.081667	0.028119
2.082000	0.028687
2.082333	0.027846
2.082667	0.027522
2.083000	0.028008
2.083333	0.027531
2.083667	0.028284
2.084000	0.028037
2.084333	0.028161
2.084667	0.028027
2.085000	0.028845
2.085333	0.028328
2.085667	0.028579
2.086000	0.027776
2.086333	0.028185
2.086667	0.027540
2.087000	0.027995
2.087333	0.028216
2.087667	0.028014
2.088000	0.028025
2.088333	0.028887
2.088667	0.027943
2.089000	0.028144
2.089333	0.027612
2.089667	0.027417
2.090000	0.028006
2.090333	0.028837
2.090667	0.028228
2.091000	0.027281
2.091333	0.028789
2.091667	0.027583
2.092000	0.028124
2.092333	0.028057
2.092667	0.028503
2.093000	0.027783
2.093333	0.028013
2.093667	0.028181
2.094000	0.027791
2.094333	0.028430
2.094667	0.027653
2.095000	0.028198
2.095333	0.027953
2.095667	0.027813
2.096000	0.028143
2.096333	0.027370
2.096667	0.028447
2.097000	0.027652
2.097333	0.027915
2.097667	0.027875
2.098000	0.028632
2.098333	0.028298
2.098667	0.028181
2.099000	0.027792
2.099333	0.028155
2.099667	0.028719
2.100000	0.028429
2.100333	0.029213
2.100667	0.028316
2.101000	0.028331
2.101333	0.028320
2.101667	0.028041
2.102000	0.028127
2.102333	0.027870
2.102667	0.028101
2.103000	0.028136
2.103333	0.029125
2.103667	0.028062
2.104000	0.027925
2.104333	0.028935
2.104667	0.028572
2.105000	0.028517
2.105333	0.028439
2.105667	0.028559
2.106000	0.028882
2.106333	0.028202
2.106667	0.028470
2.107000	0.028563
2.107333	0.028182
2.107667	0.027846
2.108000	0.028737
2.108333	0.027799
2.108667	0.028749
2.109000	0.028327
2.109333	0.028351
2.109667	0.028213
2.110000	0.029178
2.110333	0.028703
2.110667	0.027774
2.111000	0.028614
2.111333	0.028506
2.111667	0.029081
2.112000	0.028518
2.112333	0.029639
2.112667	0.028610
2.113000	0.028902
2.113333	0.028466
2.113667	0.028777
2.114000	0.028946
2.114333	0.035574
2.114667	0.058459
2.115000	0.065563
2.115333	0.062734
2.115667	0.058791
2.116000	0.057260
2.116333	0.055595
2.116667	0.054499
2.117000	0.052252
2.117333	0.051382
2.117667	0.050585
2.118000	0.049046
2.118333	0.047938
2.118667	0.047086
2.119000	0.045806
2.119333	0.045543
2.119667	0.044512
2.120000	0.043428
2.120333	0.043132
2.120667	0.041658
2.121000	0.041744
2.121333	0.041105
2.121667	0.040818
2.122000	0.040784
2.122333	0.039669
2.122667	0.039942
2.123000	0.039181
2.123333	0.039211
2.123667	0.038314
2.124000	0.038334
2.124333	0.038144
2.124667	0.037232
2.125000	0.037245
2.125333	0.037635
2.125667	0.037536
2.126000	0.036664
2.126333	0.036136
2.126667	0.036414
2.127000	0.036351
2.127333	0.035916
2.127667	0.035466
2.128000	0.036533
2.128333	0.035875
2.128667	0.035450
2.129000	0.035797
2.129333	0.035024
2.129667	0.034811
2.130000	0.034916
2.130333	0.035082
2.130667	0.035183
2.131000	0.034941
2.131333	0.035134
2.131667	0.033624
2.132000	0.033975
2.132333	0.033973
2.132667	0.034492
2.133000	0.033873
2.133333	0.033547
2.133667	0.034470
2.134000	0.034340
2.134333	0.033817
2.134667	0.032832
2.135000	0.033893
2.135333	0.034116
2.135667	0.033769
2.136000	0.033388
2.136333	0.033330
2.136667	0.033610
2.137000	0.033662
2.137333	0.033702
2.137667	0.032015
2.138000	0.033320
2.138333	0.032213
2.138667	0.032320
2.139000	0.032133
2.139333	0.032758
2.139667	0.032865
2.140000	0.032294
2.140333	0.032635
2.140667	0.032692
2.141000	0.032118
2.141333	0.031710
2.141667	0.031921
2.142000	0.032965
2.142333	0.032375
2.142667	0.031567
2.143000	0.032634
2.143333	0.032172
2.143667	0.032722
2.144000	0.031892
2.144333	0.032057
2.144667	0.031815
2.145000	0.032944
2.145333	0.032018
2.145667	0.032727
2.146000	0.031881
2.146333	0.032174
2.146667	0.032123
2.147000	0.031957
2.147333	0.032427
2.147667	0.031417
2.148000	0.031906
2.148333	0.031998
2.148667	0.031417
2.149000	0.031716
2.149333	0.031353
2.149667	0.031683
2.150000	0.031731
2.150333	0.031201
2.150667	0.032036
2.151000	0.031858
2.151333	0.032120
2.151667	0.031141
2.152000	0.031956
2.152333	0.031634
2.152667	0.030879
2.153000	0.031266
2.153333	0.030676
2.153667	0.031134
2.154000	0.031223
2.154333	0.031816
2.154667	0.031268
2.155000	0.030797
2.155333	0.031655
2.155667	0.031770
2.156000	0.031335
2.156333	0.030077
2.156667	0.031150
2.157000	0.031111
2.157333	0.031571
2.157667	0.031692
2.158000	0.031285
2.158333	0.030665
2.158667	0.031244
2.159000	0.031433
2.159333	0.031698
2.159667	0.031416
2.160000	0.031563
2.160333	0.031257
2.160667	0.031490
2.161000	0.031735
2.161333	0.030597
2.161667	0.031012
2.162000	0.031425
2.162333	0.030740
2.162667	0.031064
2.163000	0.030784
2.163333	0.031018
2.163667	0.030959
2.164000	0.031556
2.164333	0.030347
2.164667	0.030408
2.165000	0.030673
2.165333	0.031627
2.165667	0.031040
2.166000	0.031280
2.166333	0.030988
2.166667	0.030853
2.167000	0.031043
2.167333	0.030927
2.167667	0.029968
2.168000	0.030634
2.168333	0.030776
2.168667	0.030581
2.169000	0.031128
2.169333	0.030293
2.169667	0.031088
2.170000	0.031007
2.170333	0.030590
2.170667	0.030694
2.171000	0.031107
2.171333	0.031037
2.171667	0.031268
2.172000	0.029988
2.172333	0.031150
2.172667	0.030601
2.173000	0.030506
2.173333	0.031308
2.173667	0.030890
2.174000	0.031067
2.174333	0.030908
2.174667	0.031204
2.175000	0.030790
2.175333	0.030516
2.175667	0.030730
2.176000	0.030731
2.176333	0.031260
2.176667	0.030346
2.177000	0.029893
2.177333	0.030314
2.177667	0.031126
2.178000	0.030444
2.178333	0.030554
2.178667	0.030696
2.179000	0.030715
2.179333	0.029868
2.179667	0.030205
2.180000	0.030379
2.180333	0.030290
2.180667	0.030505
2.181000	0.030286
2.181333	0.030821
2.181667	0.030079
2.182000	0.030879
2.182333	0.030823
2.182667	0.030123
2.183000	0.030723
2.183333	0.029752
2.183667	0.030684
2.184000	0.030403
2.184333	0.030526
2.184667	0.030901
2.185000	0.029905
2.185333	0.030713
2.185667	0.030654
2.186000	0.030420
2.186333	0.030700
2.186667	0.030533
2.187000	0.030484
2.187333	0.030504
2.187667	0.030193
2.188000	0.030694
2.188333	0.030891
2.188667	0.030281
2.189000	0.030112
2.189333	0.030316
2.189667	0.030305
2.190000	0.029932
2.190333	0.030242
2.190667	0.030291
2.191000	0.030286
2.191333	0.030066
2.191667	0.030128
2.192000	0.030344
2.192333	0.029621
2.192667	0.030265
2.193000	0.029825
2.193333	0.030450
2.193667	0.030019
2.194000	0.030198
2.194333	0.030089
2.194667	0.029868
2.195000	0.030252
2.195333	0.029902
2.195667	0.030098
2.196000	0.029784
2.196333	0.029840
2.196667	0.030243
2.197000	0.030619
2.197333	0.030861
2.197667	0.031078
2.198000	0.030642
2.198333	0.030204
2.198667	0.030103
2.199000	0.030329
2.199333	0.030658
2.199667	0.029529
2.200000	0.030325
2.200333	0.029901
2.200667	0.030364
2.201000	0.030470
2.201333	0.030123
2.201667	0.029114
2.202000	0.030234
2.202333	0.030178
2.202667	0.030477
2.203000	0.030965
2.203333	0.030440
2.203667	0.030816
2.204000	0.030490
2.204333	0.030751
2.204667	0.029722
2.205000	0.029740
2.205333	0.030195
2.205667	0.030472
2.206000	0.029998
2.206333	0.030204
2.206667	0.030720
2.207000	0.029407
2.207333	0.029837
2.207667	0.030566
2.208000	0.030116
2.208333	0.030313
2.208667	0.029551
2.209000	0.030780
2.209333	0.030040
2.209667	0.030747
2.210000	0.030414
2.210333	0.030470
2.210667	0.030183
2.211000	0.030207
2.211333	0.030039
2.211667	0.029705
2.212000	0.030950
2.212333	0.029968
2.212667	0.030182
2.213000	0.030100
2.213333	0.029649
2.213667	0.030287
2.214000	0.030733
2.214333	0.030038
2.214667	0.030093
2.215000	0.029814
2.215333	0.030053
2.215667	0.030838
2.216000	0.030441
2.216333	0.029501
2.216667	0.030488
2.217000	0.030457
2.217333	0.030189
2.217667	0.030287
2.218000	0.030776
2.218333	0.030281
2.218667	0.031094
2.219000	0.030741
2.219333	0.030493
2.219667	0.030097
2.220000	0.029975
2.220333	0.030142
2.220667	0.029973
2.221000	0.029486
2.221333	0.031292
2.221667	0.029778
2.222000	0.029984
2.222333	0.030790
2.222667	0.030463
2.223000	0.030039
2.223333	0.030115
2.223667	0.030643
2.224000	0.030477
2.224333	0.030284
2.224667	0.030567
2.225000	0.030244
2.225333	0.030033
2.225667	0.030308
2.226000	0.030520
2.226333	0.030152
2.226667	0.030241
2.227000	0.030233
2.227333	0.030439
2.227667	0.030373
2.228000	0.030056
2.228333	0.030781
2.228667	0.031055
2.229000	0.030846
2.229333	0.030186
2.229667	0.030173
2.230000	0.029864
2.230333	0.030273
2.230667	0.030509
2.231000	0.030616
2.231333	0.030300
2.231667	0.030882
2.232000	0.030643
2.232333	0.030780
2.232667	0.030695
2.233000	0.030775
2.233333	0.030612
2.233667	0.029766
2.234000	0.030683
2.234333	0.029828
2.234667	0.030186
2.235000	0.030399
2.235333	0.030678
2.235667	0.030631
2.236000	0.030609
2.236333	0.030008
2.236667	0.030752
2.237000	0.030154
2.237333	0.030425
2.237667	0.030418
2.238000	0.030803
2.238333	0.030301
2.238667	0.030477
2.239000	0.030274
2.239333	0.029721
2.239667	0.030311
2.240000	0.030794
2.240333	0.030401
2.240667	0.030390
2.241000	0.030137
2.241333	0.030276
2.241667	0.029851
2.242000	0.029909
2.242333	0.030277
2.242667	0.030250
2.243000	0.030387
2.243333	0.030095
2.243667	0.030420
2.244000	0.029413
2.244333	0.030865
2.244667	0.030007
2.245000	0.030614
2.245333	0.029819
2.245667	0.029405
2.246000	0.030748
2.246333	0.030286
2.246667	0.030025
2.247000	0.029771
2.247333	0.030524
2.247667	0.030412
2.248000	0.030819
2.248333	0.030329
2.248667	0.030739
2.249000	0.030634
2.249333	0.029899
2.249667	0.029915
2.250000	0.030236
2.250333	0.030005
2.250667	0.030037
2.251000	0.029867
2.251333	0.029974
2.251667	0.030617
2.252000	0.031183
2.252333	0.030334
2.252667	0.029479
2.253000	0.030258
2.253333	0.029735
2.253667	0.029802
2.254000	0.029918
2.254333	0.030236
2.254667	0.029920
2.255000	0.030325
2.255333	0.029474
2.255667	0.030425
2.256000	0.030593
2.256333	0.029826
2.256667	0.029709
2.257000	0.030553
2.257333	0.029936
2.257667	0.030841
2.258000	0.029808
2.258333	0.030522
2.258667	0.029746
2.259000	0.030126
2.259333	0.030242
2.259667	0.030111
2.260000	0.030094
2.260333	0.029859
2.260667	0.030918
2.261000	0.030004
2.261333	0.030359
2.261667	0.030100
2.262000	0.029866
2.262333	0.029591
2.262667	0.030266
2.263000	0.030413
2.263333	0.030221
2.263667	0.030762
2.264000	0.030385
2.264333	0.029673
2.264667	0.030793
2.265000	0.030204
2.265333	0.031025
2.265667	0.029790
2.266000	0.031061
2.266333	0.030183
2.266667	0.029672
2.267000	0.030445
2.267333	0.030062
2.267667	0.030569
2.268000	0.030841
2.268333	0.031121
2.268667	0.030589
2.269000	0.029808
2.269333	0.030615
2.269667	0.030119
2.270000	0.029856
2.270333	0.030974
2.270667	0.030945
2.271000	0.030301
2.271333	0.030718
2.271667	0.030059
2.272000	0.030261
2.272333	0.029748
2.272667	0.030441
2.273000	0.029536
2.273333	0.030115
2.273667	0.029710
2.274000	0.030741
2.274333	0.030262
2.274667	0.030630
2.275000	0.030342
2.275333	0.030158
2.275667	0.030471
2.276000	0.029911
2.276333	0.030661
2.276667	0.030150
2.277000	0.030332
2.277333	0.030385
2.277667	0.029758
2.278000	0.030999
2.278333	0.030252
2.278667	0.030487
2.279000	0.030018
2.279333	0.029740
2.279667	0.029820
2.280000	0.030196
2.280333	0.029977
2.280667	0.029972
2.281000	0.030055
2.281333	0.029962
2.281667	0.029907
2.282000	0.029777
2.282333	0.029876
2.282667	0.029815
2.283000	0.029743
2.283333	0.029769
2.283667	0.029786
2.284000	0.030608
2.284333	0.030722
2.284667	0.030845
2.285000	0.030304
2.285333	0.029831
2.285667	0.030148
2.286000	0.030276
2.286333	0.029837
2.286667	0.030496
2.287000	0.029756
2.287333	0.029582
2.287667	0.029693
2.288000	0.029910
2.288333	0.029812
2.288667	0.030117
2.289000	0.030880
2.289333	0.029436
2.289667	0.030409
2.290000	0.029379
2.290333	0.029873
2.290667	0.030624
2.291000	0.030284
2.291333	0.030333
2.291667	0.030376
2.292000	0.029604
2.292333	0.029745
2.292667	0.030603
2.293000	0.030473
2.293333	0.029883
2.293667	0.029674
2.294000	0.030155
2.294333	0.029452
2.294667	0.029629
2.295000	0.030084
2.295333	0.029699
2.295667	0.029465
2.296000	0.029901
2.296333	0.030419
2.296667	0.029510
2.297000	0.030011
2.297333	0.030028
2.297667	0.029757
2.298000	0.029928
2.298333	0.029959
2.298667	0.029753
2.299000	0.030140
2.299333	0.030105
2.299667	0.029548
2.300000	0.029423
2.300333	0.030526
2.300667	0.029782
2.301000	0.030300
2.301333	0.030130
2.301667	0.030321
2.302000	0.030075
2.302333	0.029919
2.302667	0.030793
2.303000	0.030285
2.303333	0.030302
2.303667	0.030302
2.304000	0.030023
2.304333	0.030139
2.304667	0.029779
2.305000	0.030694
2.305333	0.030675
2.305667	0.030260
2.306000	0.029978
2.306333	0.029962
2.306667	0.029904
2.307000	0.029740
2.307333	0.030131
2.307667	0.030509
2.308000	0.030788
2.308333	0.029800
2.308667	0.030034
2.309000	0.029159
2.309333	0.029204
2.309667	0.029728
2.310000	0.030216
2.310333	0.029693
2.310667	0.029336
2.311000	0.030301
2.311333	0.030110
2.311667	0.030078
2.312000	0.029768
2.312333	0.030900
2.312667	0.030649
2.313000	0.029829
2.313333	0.030286
2.313667	0.029620
2.314000	0.030380
2.314333	0.030140
2.314667	0.029660
2.315000	0.029611
2.315333	0.030399
2.315667	0.029474
2.316000	0.029640
2.316333	0.029513
2.316667	0.029888
2.317000	0.030411
2.317333	0.029892
2.317667	0.030006
2.318000	0.030021
2.318333	0.030202
2.318667	0.030354
2.319000	0.029618
2.319333	0.030411
2.319667	0.030759
2.320000	0.029829
2.320333	0.029820
2.320667	0.030467
2.321000	0.030583
2.321333	0.029940
2.321667	0.030471
2.322000	0.030582
2.322333	0.030068
2.322667	0.030007
2.323000	0.030041
2.323333	0.030322
2.323667	0.030113
2.324000	0.029274
2.324333	0.030333
2.324667	0.029514
2.325000	0.030881
2.325333	0.029385
2.325667	0.030090
2.326000	0.029357
2.326333	0.029842
2.326667	0.030417
2.327000	0.029802
2.327333	0.029917
2.327667	0.030681
2.328000	0.030115
2.328333	0.030378
2.328667	0.030157
2.329000	0.030105
2.329333	0.029897
2.329667	0.029141
2.330000	0.030598
2.330333	0.030001
2.330667	0.029759
2.331000	0.030382
2.331333	0.030468
2.331667	0.029981
2.332000	0.030235
2.332333	0.030065
2.332667	0.029807
2.333000	0.029805
2.333333	0.029537
2.333667	0.030560
2.334000	0.030094
2.334333	0.029768
2.334667	0.030525
2.335000	0.030181
2.335333	0.030246
2.335667	0.030334
2.336000	0.030281
2.336333	0.030469
2.336667	0.030524
2.337000	0.029852
2.337333	0.030751
2.337667	0.029642
2.338000	0.030543
2.338333	0.029773
2.338667	0.030178
2.339000	0.029282
2.339333	0.029816
2.339667	0.029346
2.340000	0.029573
2.340333	0.029709
2.340667	0.030180
2.341000	0.029494
2.341333	0.029879
2.341667	0.029687
2.342000	0.030437
2.342333	0.030117
2.342667	0.030178
2.343000	0.030954
2.343333	0.030249
2.343667	0.036116
2.344000	0.056545
2.344333	0.064850
2.344667	0.062772
2.345000	0.060390
2.345333	0.058459
2.345667	0.057581
2.346000	0.056786
2.346333	0.055707
2.346667	0.053697
2.347000	0.052595
2.347333	0.051034
2.347667	0.049188
2.348000	0.048497
2.348333	0.047663
2.348667	0.047323
2.349000	0.046230
2.349333	0.045586
2.349667	0.044972
2.350000	0.043873
2.350333	0.043714
2.350667	0.042776
2.351000	0.042601
2.351333	0.041485
2.351667	0.042111
2.352000	0.041591
2.352333	0.040956
2.352667	0.039590
2.353000	0.039460
2.353333	0.039363
2.353667	0.038676
2.354000	0.038938
2.354333	0.039163
2.354667	0.038760
2.355000	0.038933
2.355333	0.038188
2.355667	0.037941
2.356000	0.037907
2.356333	0.037282
2.356667	0.037132
2.357000	0.037524
2.357333	0.038046
2.357667	0.037093
2.358000	0.036324
2.358333	0.036779
2.358667	0.036040
2.359000	0.036700
2.359333	0.036023
2.359667	0.035913
2.360000	0.035763
2.360333	0.036218
2.360667	0.034745
2.361000	0.036341
2.361333	0.036250
2.361667	0.035849
2.362000	0.035247
2.362333	0.034989
2.362667	0.034654
2.363000	0.034597
2.363333	0.034569
2.363667	0.034515
2.364000	0.034232
2.364333	0.035491
2.364667	0.034752
2.365000	0.035083
2.365333	0.034460
2.365667	0.034015
2.366000	0.035066
2.366333	0.033986
2.366667	0.034605
2.367000	0.034464
2.367333	0.033640
2.367667	0.033198
2.368000	0.033115
2.368333	0.033850
2.368667	0.034203
2.369000	0.033866
2.369333	0.033418
2.369667	0.034045
2.370000	0.033590
2.370333	0.033271
2.370667	0.033839
2.371000	0.034181
2.371333	0.033015
2.371667	0.033323
2.372000	0.032905
2.372333	0.032709
2.372667	0.033660
2.373000	0.032951
2.373333	0.033381
2.373667	0.032649
2.374000	0.033653
2.374333	0.033031
2.374667	0.033425
2.375000	0.032633
2.375333	0.032099
2.375667	0.032911
2.376000	0.033239
2.376333	0.032809
2.376667	0.033084
2.377000	0.032546
2.377333	0.032337
2.377667	0.032986
2.378000	0.032553
2.378333	0.032907
2.378667	0.032279
2.379000	0.031937
2.379333	0.032662
2.379667	0.031600
2.380000	0.032376
2.380333	0.031652
2.380667	0.031843
2.381000	0.032568
2.381333	0.031964
2.381667	0.031946
2.382000	0.031635
2.382333	0.031534
2.382667	0.031791
2.383000	0.032704
2.383333	0.032507
2.383667	0.032076
2.384000	0.031879
2.384333	0.031224
2.384667	0.032358
2.385000	0.031992
2.385333	0.032064
2.385667	0.032836
2.386000	0.032368
2.386333	0.032413
2.386667	0.032170
2.387000	0.031636
2.387333	0.032059
2.387667	0.031824
2.388000	0.032433
2.388333	0.031631
2.388667	0.031604
2.389000	0.031596
2.389333	0.031824
2.389667	0.031378
2.390000	0.030532
2.390333	0.031993
2.390667	0.031054
2.391000	0.031850
2.391333	0.032124
2.391667	0.032705
2.392000	0.031320
2.392333	0.031291
2.392667	0.031559
2.393000	0.031356
2.393333	0.030896
2.393667	0.031704
2.394000	0.030459
2.394333	0.031835
2.394667	0.031081
2.395000	0.031069
2.395333	0.031121
2.395667	0.031019
2.396000	0.031440
2.396333	0.030855
2.396667	0.031583
2.397000	0.031372
2.397333	0.030841
2.397667	0.031311
2.398000	0.032374
2.398333	0.030435
2.398667	0.030889
2.399000	0.030708
2.399333	0.031233
2.399667	0.031204
2.400000	0.031349
2.400333	0.030150
2.400667	0.031055
2.401000	0.030798
2.401333	0.031006
2.401667	0.030906
2.402000	0.031389
2.402333	0.031056
2.402667	0.030664
2.403000	0.030716
2.403333	0.030659
2.403667	0.030209
2.404000	0.030694
2.404333	0.031347
2.404667	0.030701
2.405000	0.030647
2.405333	0.031178
2.405667	0.030774
2.406000	0.030924
2.406333	0.030767
2.406667	0.031111
2.407000	0.030893
2.407333	0.031059
2.407667	0.030314
2.408000	0.030667
2.408333	0.030329
2.408667	0.030642
2.409000	0.031331
2.409333	0.031186
2.409667	0.031900
2.410000	0.031374
2.410333	0.031122
2.410667	0.030471
2.411000	0.030438
2.411333	0.030486
2.411667	0.030763
2.412000	0.030083
2.412333	0.030812
2.412667	0.030262
2.413000	0.030609
2.413333	0.030773
2.413667	0.031558
2.414000	0.030497
2.414333	0.030005
2.414667	0.029975
2.415000	0.030956
2.415333	0.031235
2.415667	0.030540
2.416000	0.030488
2.416333	0.030450
2.416667	0.030819
2.417000	0.030802
2.417333	0.030111
2.417667	0.030154
2.418000	0.030879
2.418333	0.031203
2.418667	0.030767
2.419000	0.030726
2.419333	0.030202
2.419667	0.030645
2.420000	0.030527
2.420333	0.031124
2.420667	0.031437
2.421000	0.030473
2.421333	0.030391
2.421667	0.030398
2.422000	0.031106
2.422333	0.030973
2.422667	0.030389
2.423000	0.031224
2.423333	0.030097
2.423667	0.030619
2.424000	0.030477
2.424333	0.030183
2.424667	0.031205
2.425000	0.030785
2.425333	0.030119
2.425667	0.030515
2.426000	0.030033
2.426333	0.030770
2.426667	0.030007
2.427000	0.030707
2.427333	0.030328
2.427667	0.030121
2.428000	0.030151
2.428333	0.030820
2.428667	0.030507
2.429000	0.030399
2.429333	0.030494
2.429667	0.029999
2.430000	0.030270
2.430333	0.031000
2.430667	0.030711
2.431000	0.030015
2.431333	0.030304
2.431667	0.030688
2.432000	0.030023
2.432333	0.030122
2.432667	0.030391
2.433000	0.030008
2.433333	0.030596
2.433667	0.030434
2.434000	0.030593
2.434333	0.030152
2.434667	0.030281
2.435000	0.030875
2.435333	0.030185
2.435667	0.030729
2.436000	0.029684
2.436333	0.030891
2.436667	0.029929
2.437000	0.030170
2.437333	0.030496
2.437667	0.029412
2.438000	0.029898
2.438333	0.030329
2.438667	0.030336
2.439000	0.029803
2.439333	0.030808
2.439667	0.030586
2.440000	0.030248
2.440333	0.030030
2.440667	0.030298
2.441000	0.029795
2.441333	0.029935
2.441667	0.030238
2.442000	0.030257
2.442333	0.030340
2.442667	0.029656
2.443000	0.029938
2.443333	0.030305
2.443667	0.030301
2.444000	0.029684
2.444333	0.029503
2.444667	0.030302
2.445000	0.030650
2.445333	0.030389
2.445667	0.030086
2.446000	0.029389
2.446333	0.029899
2.446667	0.029941
2.447000	0.029365
2.447333	0.030342
2.447667	0.029361
2.448000	0.029599
2.448333	0.029738
2.448667	0.030133
2.449000	0.029824
2.449333	0.030235
2.449667	0.029841
2.450000	0.029705
2.450333	0.030140
2.450667	0.030576
2.451000	0.030181
2.451333	0.029520
2.451667	0.029773
2.452000	0.030004
2.452333	0.030107
2.452667	0.030012
2.453000	0.030489
2.453333	0.029858
2.453667	0.029855
2.454000	0.029792
2.454333	0.030684
2.454667	0.030154
2.455000	0.029440
2.455333	0.029846
2.455667	0.029299
2.456000	0.030132
2.456333	0.029802
2.456667	0.028317
2.457000	0.029315
2.457333	0.029796
2.457667	0.030258
2.458000	0.029521
2.458333	0.030234
2.458667	0.029770
2.459000	0.029949
2.459333	0.030067
2.459667	0.029853
2.460000	0.029352
2.460333	0.030111
2.460667	0.030101
2.461000	0.030219
2.461333	0.029503
2.461667	0.029485
2.462000	0.029821
2.462333	0.029967
2.462667	0.030437
2.463000	0.030261
2.463333	0.029193
2.463667	0.029778
2.464000	0.029393
2.464333	0.030238
2.464667	0.029944
2.465000	0.030042
2.465333	0.029950
2.465667	0.030337
2.466000	0.029436
2.466333	0.029867
2.466667	0.029329
2.467000	0.029715
2.467333	0.029838
2.467667	0.030565
2.468000	0.029395
2.468333	0.029581
2.468667	0.030541
2.469000	0.030371
2.469333	0.029714
2.469667	0.029462
2.470000	0.029947
2.470333	0.028929
2.470667	0.029713
2.471000	0.029707
2.471333	0.029579
2.471667	0.030129
2.472000	0.029823
2.472333	0.029949
2.472667	0.029610
2.473000	0.030419
2.473333	0.029118
2.473667	0.029366
2.474000	0.029809
2.474333	0.030082
2.474667	0.030064
2.475000	0.030216
2.475333	0.030060
2.475667	0.029516
2.476000	0.029589
2.476333	0.029754
2.476667	0.029956
2.477000	0.029958
2.477333	0.029984
2.477667	0.029751
2.478000	0.029886
2.478333	0.029938
2.478667	0.030225
2.479000	0.029230
2.479333	0.029824
2.479667	0.029616
2.480000	0.030017
2.480333	0.029671
2.480667	0.030112
2.481000	0.028934
2.481333	0.029288
2.481667	0.030306
2.482000	0.029962
2.482333	0.030074
2.482667	0.029369
2.483000	0.029883
2.483333	0.030325
2.483667	0.029571
2.484000	0.029953
2.484333	0.030085
2.484667	0.029897
2.485000	0.029457
2.485333	0.029482
2.485667	0.029063
2.486000	0.030157
2.486333	0.030471
2.486667	0.029851
2.487000	0.029519
2.487333	0.029810
2.487667	0.029661
2.488000	0.029451
2.488333	0.029895
2.488667	0.029529
2.489000	0.030261
2.489333	0.029359
2.489667	0.029668
2.490000	0.030121
2.490333	0.030061
2.490667	0.029362
2.491000	0.029756
2.491333	0.028891
2.491667	0.029637
2.492000	0.030342
2.492333	0.029760
2.492667	0.030185
2.493000	0.029418
2.493333	0.029858
2.493667	0.030056
2.494000	0.029566
2.494333	0.029658
2.494667	0.028579
2.495000	0.029321
2.495333	0.030092
2.495667	0.029492
2.496000	0.030158
2.496333	0.029304
2.496667	0.029343
2.497000	0.030409
2.497333	0.030078
2.497667	0.029863
2.498000	0.030154
2.498333	0.029463
2.498667	0.028617
2.499000	0.029955
2.499333	0.029916
2.499667	0.028764
2.500000	0.030033
2.500333	0.030010
2.500667	0.028855
2.501000	0.029726
2.501333	0.029382
2.501667	0.029799
2.502000	0.029819
2.502333	0.029340
2.502667	0.029698
2.503000	0.028712
2.503333	0.029995
2.503667	0.029388
2.504000	0.028424
2.504333	0.029586
2.504667	0.030137
2.505000	0.029666
2.505333	0.030343
2.505667	0.029842
2.506000	0.029590
2.506333	0.029584
2.506667	0.029207
2.507000	0.029269
2.507333	0.029789
2.507667	0.029649
2.508000	0.028990
2.508333	0.029587
2.508667	0.029393
2.509000	0.029581
2.509333	0.028914
2.509667	0.029874
2.510000	0.029151
2.510333	0.029270
2.510667	0.029849
2.511000	0.029670
2.511333	0.029766
2.511667	0.029268
2.512000	0.028920
2.512333	0.028722
2.512667	0.029553
2.513000	0.029583
2.513333	0.029405
2.513667	0.028983
2.514000	0.029100
2.514333	0.029013
2.514667	0.029305
2.515000	0.029727
2.515333	0.028966
2.515667	0.029340
2.516000	0.029254
2.516333	0.029501
2.516667	0.029550
2.517000	0.029682
2.517333	0.028803
2.517667	0.029737
2.518000	0.029802
2.518333	0.029387
2.518667	0.029452
2.519000	0.030062
2.519333	0.029151
2.519667	0.030054
2.520000	0.030097
2.520333	0.029175
2.520667	0.028804
2.521000	0.028907
2.521333	0.029829
2.521667	0.029311
2.522000	0.029644
2.522333	0.028790
2.522667	0.029100
2.523000	0.029403
2.523333	0.029239
2.523667	0.029170
2.524000	0.029414
2.524333	0.029314
2.524667	0.029193
2.525000	0.028958
2.525333	0.029936
2.525667	0.029418
2.526000	0.029748
2.526333	0.028951
2.526667	0.029169
2.527000	0.029863
2.527333	0.029397
2.527667	0.029638
2.528000	0.029297
2.528333	0.028857
2.528667	0.028986
2.529000	0.029623
2.529333	0.029727
2.529667	0.029648
2.530000	0.030129
2.530333	0.028823
2.530667	0.029446
2.531000	0.028893
2.531333	0.028796
2.531667	0.029410
2.532000	0.029256
2.532333	0.029173
2.532667	0.029991
2.533000	0.028470
2.533333	0.029225
2.533667	0.029632
2.534000	0.029234
2.534333	0.029051
2.534667	0.029293
2.535000	0.030128
2.535333	0.029798
2.535667	0.028779
2.536000	0.029163
2.536333	0.028884
2.536667	0.029495
2.537000	0.029283
2.537333	0.029933
2.537667	0.028712
2.538000	0.029229
2.538333	0.029386
2.538667	0.029305
2.539000	0.028969
2.539333	0.029937
2.539667	0.028739
2.540000	0.029070
2.540333	0.029289
2.540667	0.028849
2.541000	0.028682
2.541333	0.029516
2.541667	0.028531
2.542000	0.029234
2.542333	0.029850
2.542667	0.029254
2.543000	0.029807
2.543333	0.029341
2.543667	0.029274
2.544000	0.029268
2.544333	0.029586
2.544667	0.029461
2.545000	0.029234
2.545333	0.029100
2.545667	0.029303
2.546000	0.029412
2.546333	0.029366
2.546667	0.028989
2.547000	0.029726
2.547333	0.029416
2.547667	0.029131
2.548000	0.030170
2.548333	0.029264
2.548667	0.030174
2.549000	0.028891
2.549333	0.029762
2.549667	0.029871
2.550000	0.029591
2.550333	0.029885
2.550667	0.029440
2.551000	0.028641
2.551333	0.029196
2.551667	0.029697
2.552000	0.029419
2.552333	0.029412
2.552667	0.029168
2.553000	0.029354
2.553333	0.029187
2.553667	0.029457
2.554000	0.030000
2.554333	0.029096
2.554667	0.029634
2.555000	0.029071
2.555333	0.029645
2.555667	0.029471
2.556000	0.029166
2.556333	0.029581
2.556667	0.029613
2.557000	0.029222
2.557333	0.029579
2.557667	0.028568
2.558000	0.029620
2.558333	0.029935
2.558667	0.029561
2.559000	0.030017
2.559333	0.029491
2.559667	0.029442
2.560000	0.029778
2.560333	0.029533
2.560667	0.028960
2.561000	0.029587
2.561333	0.028666
2.561667	0.029207
2.562000	0.029695
2.562333	0.028453
2.562667	0.029341
2.563000	0.028916
2.563333	0.028336
2.563667	0.028878
2.564000	0.028817
2.564333	0.029201
2.564667	0.029318
2.565000	0.028396
2.565333	0.028622
2.565667	0.029949
2.566000	0.029486
2.566333	0.029144
2.566667	0.029092
2.567000	0.028927
2.567333	0.029131
2.567667	0.029748
2.568000	0.029306
2.568333	0.028876
2.568667	0.029188
2.569000	0.029126
2.569333	0.029213
2.569667	0.028519
2.570000	0.029055
2.570333	0.028866
2.570667	0.028932
2.571000	0.029309
2.571333	0.028287
2.571667	0.029245
2.572000	0.029344
2.572333	0.029721
2.572667	0.028638
2.573000	0.028820
2.573333	0.028745
2.573667	0.030269
2.574000	0.029221
2.574333	0.028780
2.574667	0.028856
2.575000	0.028701
2.575333	0.029453
2.575667	0.029136
2.576000	0.028901
2.576333	0.029317
2.576667	0.028870
2.577000	0.028923
2.577333	0.029079
2.577667	0.029184
2.578000	0.028244
2.578333	0.029071
2.578667	0.029066
2.579000	0.029149
2.579333	0.028773
2.579667	0.029122
2.580000	0.029258
2.580333	0.029669
2.580667	0.028972
2.581000	0.029041
2.581333	0.029283
2.581667	0.028897
2.582000	0.029012
2.582333	0.028582
2.582667	0.028783
2.583000	0.028660
2.583333	0.029450
2.583667	0.028793
2.584000	0.028987
2.584333	0.027896
2.584667	0.028921
2.585000	0.028736
2.585333	0.028768
2.585667	0.028841
2.586000	0.029149
2.586333	0.029491
2.586667	0.029265
2.587000	0.028289
2.587333	0.029071
2.587667	0.028728
2.588000	0.029610
2.588333	0.028737
2.588667	0.028880
2.589000	0.029074
2.589333	0.029508
2.589667	0.028920
2.590000	0.028543
2.590333	0.028919
2.590667	0.028180
2.591000	0.028291
2.591333	0.028362
2.591667	0.028889
2.592000	0.028674
2.592333	0.028755
2.592667	0.028855
2.593000	0.028525
2.593333	0.029522
2.593667	0.028451
2.594000	0.028573
2.594333	0.028707
2.594667	0.029178
2.595000	0.028980
2.595333	0.029255
2.595667	0.028450
2.596000	0.029053
2.596333	0.028534
2.596667	0.028655
2.597000	0.028771
2.597333	0.028382
2.597667	0.029032
2.598000	0.028510
2.598333	0.028844
2.598667	0.029332
2.599000	0.028596
2.599333	0.028752
2.599667	0.029022
2.600000	0.028551
2.600333	0.027829
2.600667	0.029193
2.601000	0.029258
2.601333	0.029536
2.601667	0.030082
2.602000	0.029162
2.602333	0.029157
2.602667	0.029094
2.603000	0.028600
2.603333	0.028634
2.603667	0.029437
2.604000	0.028849
2.604333	0.029222
2.604667	0.029506
2.605000	0.029346
2.605333	0.028381
2.605667	0.028423
2.606000	0.028186
2.606333	0.028766
2.606667	0.028751
2.607000	0.029522
2.607333	0.029229
2.607667	0.028995
2.608000	0.028974
2.608333	0.028480
2.608667	0.028480
2.609000	0.028572
2.609333	0.028194
2.609667	0.028680
2.610000	0.028570
2.610333	0.028087
2.610667	0.028810
2.611000	0.028417
2.611333	0.029098
2.611667	0.029306
2.612000	0.028778
2.612333	0.029118
2.612667	0.029066
2.613000	0.028738
2.613333	0.028651
2.613667	0.028725
2.614000	0.028700
2.614333	0.028106
2.614667	0.029318
2.615000	0.028989
2.615333	0.028541
2.615667	0.027834
2.616000	0.028962
2.616333	0.028369
2.616667	0.029374
2.617000	0.028804
2.617333	0.029046
2.617667	0.029048
2.618000	0.028316
2.618333	0.029128
2.618667	0.028500
2.619000	0.028514
2.619333	0.029212
2.619667	0.028400
2.620000	0.028070
2.620333	0.028282
2.620667	0.028843
2.621000	0.028404
2.621333	0.028965
2.621667	0.028813
2.622000	0.028992
2.622333	0.028871
2.622667	0.028738
2.623000	0.028672
2.623333	0.029432
2.623667	0.029580
2.624000	0.028584
2.624333	0.028566
2.624667	0.028728
2.625000	0.028359
2.625333	0.027882
2.625667	0.028799
2.626000	0.029000
2.626333	0.028440
2.626667	0.028075
2.627000	0.028085
2.627333	0.029592
2.627667	0.028463
2.628000	0.028782
2.628333	0.028518
2.628667	0.028363
2.629000	0.028453
2.629333	0.029303
2.629667	0.028112
2.630000	0.028721
2.630333	0.028734
2.630667	0.028645
2.631000	0.028958
2.631333	0.028646
2.631667	0.028102
2.632000	0.029077
2.632333	0.028869
2.632667	0.028341
2.633000	0.028340
2.633333	0.029082
2.633667	0.028425
2.634000	0.028957
2.634333	0.028670
2.634667	0.028280
2.635000	0.028630
2.635333	0.029272
2.635667	0.028773
2.636000	0.028996
2.636333	0.028285
2.636667	0.028584
2.637000	0.028742
2.637333	0.028330
2.637667	0.028581
2.638000	0.029020
2.638333	0.029043
2.638667	0.028543
2.639000	0.027495
2.639333	0.028517
2.639667	0.029636
2.640000	0.029008
2.640333	0.028926
2.640667	0.029114
2.641000	0.028637
2.641333	0.028548
2.641667	0.029374
2.642000	0.028726
2.642333	0.029105
2.642667	0.028279
2.643000	0.028086
2.643333	0.028882
2.643667	0.028033
2.644000	0.028646
2.644333	0.028761
2.644667	0.028452
2.645000	0.029061
2.645333	0.028749
2.645667	0.029401
2.646000	0.028747
2.646333	0.028878
2.646667	0.028648
2.647000	0.029040
2.647333	0.027785
2.647667	0.028486
2.648000	0.028647
2.648333	0.029039
2.648667	0.028498
2.649000	0.027967
2.649333	0.028369
2.649667	0.028833
2.650000	0.028339
2.650333	0.028554
2.650667	0.028756
2.651000	0.028845
2.651333	0.028626
2.651667	0.027739
2.652000	0.028622
2.652333	0.028389
2.652667	0.028588
2.653000	0.028300
2.653333	0.028534
2.653667	0.028338
2.654000	0.027971
2.654333	0.028977
2.654667	0.028291
2.655000	0.028627
2.655333	0.028762
2.655667	0.028595
2.656000	0.028096
2.656333	0.027846
2.656667	0.027877
2.657000	0.028730
2.657333	0.027991
2.657667	0.028212
2.658000	0.028245
2.658333	0.028852
2.658667	0.028745
2.659000	0.028013
2.659333	0.027635
2.659667	0.029094
2.660000	0.028085
2.660333	0.028153
2.660667	0.027968
2.661000	0.027964
2.661333	0.028914
2.661667	0.028276
2.662000	0.028680
2.662333	0.028932
2.662667	0.027868
2.663000	0.029117
2.663333	0.028743
2.663667	0.028746
2.664000	0.028511
2.664333	0.028849
2.664667	0.029465
2.665000	0.029208
2.665333	0.028386
2.665667	0.028694
2.666000	0.027931
2.666333	0.028237
2.666667	0.028624
2.667000	0.028944
2.667333	0.028147
2.667667	0.028514
2.668000	0.028851
2.668333	0.028770
2.668667	0.028505
2.669000	0.028134
2.669333	0.028780
2.669667	0.028996
2.670000	0.028368
2.670333	0.028311
2.670667	0.028351
2.671000	0.028025
2.671333	0.028249
2.671667	0.028043
2.672000	0.027243
2.672333	0.028719
2.672667	0.028765
2.673000	0.029150
2.673333	0.027942
2.673667	0.028917
2.674000	0.028338
2.674333	0.028387
2.674667	0.028269
2.675000	0.028728
2.675333	0.028193
2.675667	0.028074
2.676000	0.027951
2.676333	0.028984
2.676667	0.027709
2.677000	0.028666
2.677333	0.028651
2.677667	0.027503
2.678000	0.027493
2.678333	0.028422
2.678667	0.029427
2.679000	0.028529
2.679333	0.028282
2.679667	0.028438
2.680000	0.028290
2.680333	0.028852
2.680667	0.028179
2.681000	0.028371
2.681333	0.028117
2.681667	0.028470
2.682000	0.028284
2.682333	0.028162
2.682667	0.029764
2.683000	0.028282
2.683333	0.028199
2.683667	0.028130
2.684000	0.028431
2.684333	0.027620
2.684667	0.028176
2.685000	0.028215
2.685333	0.028708
2.685667	0.028523
2.686000	0.028347
2.686333	0.028106
2.686667	0.028716
2.687000	0.028021
2.687333	0.028742
2.687667	0.028402
2.688000	0.028430
2.688333	0.028595
2.688667	0.029548
2.689000	0.028954
2.689333	0.028093
2.689667	0.028802
2.690000	0.028351
2.690333	0.028152
2.690667	0.028211
2.691000	0.028042
2.691333	0.029212
2.691667	0.028446
2.692000	0.028048
2.692333	0.028885
2.692667	0.028624
2.693000	0.028827
2.693333	0.028495
2.693667	0.027577
2.694000	0.028236
2.694333	0.028578
2.694667	0.028582
2.695000	0.028139
2.695333	0.028262
2.695667	0.028943
2.696000	0.027627
2.696333	0.028661
2.696667	0.028151
2.697000	0.028515
2.697333	0.028574
2.697667	0.027880
2.698000	0.028169
2.698333	0.028381
2.698667	0.028646
2.699000	0.028353
2.699333	0.028288
2.699667	0.028917
2.700000	0.029150
2.700333	0.028604
2.700667	0.028328
2.701000	0.028176
2.701333	0.029197
2.701667	0.028855
2.702000	0.027827
2.702333	0.028751
2.702667	0.028765
2.703000	0.028170
2.703333	0.028692
2.703667	0.027865
2.704000	0.028091
2.704333	0.027694
2.704667	0.028658
2.705000	0.027979
2.705333	0.028380
2.705667	0.028270
2.706000	0.028387
2.706333	0.027542
2.706667	0.028381
2.707000	0.028716
2.707333	0.028281
2.707667	0.028626
2.708000	0.027894
2.708333	0.028653
2.708667	0.028400
2.709000	0.028933
2.709333	0.028176
2.709667	0.027698
2.710000	0.028882
2.710333	0.027715
2.710667	0.028769
2.711000	0.028803
2.711333	0.028354
2.711667	0.028507
2.712000	0.028954
2.712333	0.028603
2.712667	0.028417
2.713000	0.028955
2.713333	0.028526
2.713667	0.028523
2.714000	0.027986
2.714333	0.027866
2.714667	0.028330
2.715000	0.027976
2.715333	0.028056
2.715667	0.028501
2.716000	0.028386
2.716333	0.027596
2.716667	0.028154
2.717000	0.029088
2.717333	0.028160
2.717667	0.028075
2.718000	0.028839
2.718333	0.029136
2.718667	0.028652
2.719000	0.028469
2.719333	0.028548
2.719667	0.028395
2.720000	0.027873
2.720333	0.028772
2.720667	0.028570
2.721000	0.028626
2.721333	0.027937
2.721667	0.028087
2.722000	0.028368
2.722333	0.028414
2.722667	0.028954
2.723000	0.028522
2.723333	0.028631
2.723667	0.028350
2.724000	0.028551
2.724333	0.028986
2.724667	0.028653
2.725000	0.028689
2.725333	0.028168
2.725667	0.028702
2.726000	0.027977
2.726333	0.028558
2.726667	0.028345
2.727000	0.028455
2.727333	0.028992
2.727667	0.028260
2.728000	0.028639
2.728333	0.028945
2.728667	0.028921
2.729000	0.028749
2.729333	0.028436
2.729667	0.028238
2.730000	0.028559
2.730333	0.028236
2.730667	0.028764
2.731000	0.028521
2.731333	0.027554
2.731667	0.028905
2.732000	0.028326
2.732333	0.028775
2.732667	0.027671
2.733000	0.029162
2.733333	0.027742
2.733667	0.028612
2.734000	0.027937
2.734333	0.028809
2.734667	0.027700
2.735000	0.028236
2.735333	0.028161
2.735667	0.027977
2.736000	0.028463
2.736333	0.028710
2.736667	0.028075
2.737000	0.028091
2.737333	0.028338
2.737667	0.028780
2.738000	0.028598
2.738333	0.028750
2.738667	0.028554
2.739000	0.028547
2.739333	0.028531
2.739667	0.028389
2.740000	0.028570
2.740333	0.028888
2.740667	0.028750
2.741000	0.028109
2.741333	0.028075
2.741667	0.028134
2.742000	0.029040
2.742333	0.028442
2.742667	0.027468
2.743000	0.029335
2.743333	0.028275
2.743667	0.028363
2.744000	0.028271
2.744333	0.028526
2.744667	0.028393
2.745000	0.027863
2.745333	0.028163
2.745667	0.028438
2.746000	0.027889
2.746333	0.027848
2.746667	0.028294
2.747000	0.027958
2.747333	0.028287
2.747667	0.028156
2.748000	0.028336
2.748333	0.028426
2.748667	0.028550
2.749000	0.028535
2.749333	0.028026
2.749667	0.028032
2.750000	0.028627
2.750333	0.029210
2.750667	0.029245
2.751000	0.028041
2.751333	0.028543
2.751667	0.028176
2.752000	0.028881
2.752333	0.028324
2.752667	0.028083
2.753000	0.028565
2.753333	0.028526
2.753667	0.027350
2.754000	0.028468
2.754333	0.029199
2.754667	0.028034
2.755000	0.028056
2.755333	0.028187
2.755667	0.029130
2.756000	0.028424
2.756333	0.027861
2.756667	0.028432
2.757000	0.027970
2.757333	0.028677
2.757667	0.028215
2.758000	0.027724
2.758333	0.027903
2.758667	0.028616
2.759000	0.029079
2.759333	0.028538
2.759667	0.028232
2.760000	0.028470
2.760333	0.027455
2.760667	0.027860
2.761000	0.027786
2.761333	0.028705
2.761667	0.027838
2.762000	0.028179
2.762333	0.028695
2.762667	0.027793
2.763000	0.029077
2.763333	0.027213
2.763667	0.028415
2.764000	0.028172
2.764333	0.028836
2.764667	0.027205
2.765000	0.027535
2.765333	0.028352
2.765667	0.028092
2.766000	0.028503
2.766333	0.028496
2.766667	0.028388
2.767000	0.028242
2.767333	0.028141
2.767667	0.027902
2.768000	0.027632
2.768333	0.028519
2.768667	0.027713
2.769000	0.027917
2.769333	0.027992
2.769667	0.027873
2.770000	0.029004
2.770333	0.028079
2.770667	0.028341
2.771000	0.028362
2.771333	0.027896
2.771667	0.028537
2.772000	0.028306
2.772333	0.028445
2.772667	0.028016
2.773000	0.028095
2.773333	0.027973
2.773667	0.027995
2.774000	0.028127
2.774333	0.028350
2.774667	0.028223
2.775000	0.027929
2.775333	0.027664
2.775667	0.028283
2.776000	0.028139
2.776333	0.028753
2.776667	0.028412
2.777000	0.028272
2.777333	0.028154
2.777667	0.027580
2.778000	0.028178
2.778333	0.028359
2.778667	0.027978
2.779000	0.028324
2.779333	0.028251
2.779667	0.027824
2.780000	0.027746
2.780333	0.028322
2.780667	0.028141
2.781000	0.027798
2.781333	0.027982
2.781667	0.027912
2.782000	0.027891
2.782333	0.028176
2.782667	0.027758
2.783000	0.028316
2.783333	0.028072
2.783667	0.027769
2.784000	0.028221
2.784333	0.028419
2.784667	0.028334
2.785000	0.030964
2.785333	0.050852
2.785667	0.062567
2.786000	0.060850
2.786333	0.057729
2.786667	0.055706
2.787000	0.054651
2.787333	0.052625
2.787667	0.050752
2.788000	0.049041
2.788333	0.048480
2.788667	0.046543
2.789000	0.045178
2.789333	0.044795
2.789667	0.043311
2.790000	0.043379
2.790333	0.041475
2.790667	0.041476
2.791000	0.040671
2.791333	0.040888
2.791667	0.039751
2.792000	0.039216
2.792333	0.039199
2.792667	0.038726
2.793000	0.038795
2.793333	0.038702
2.793667	0.037345
2.794000	0.037231
2.794333	0.036739
2.794667	0.036794
2.795000	0.036440
2.795333	0.036466
2.795667	0.035389
2.796000	0.035888
2.796333	0.035587
2.796667	0.034922
2.797000	0.034986
2.797333	0.035146
2.797667	0.034738
2.798000	0.034621
2.798333	0.034936
2.798667	0.034804
2.799000	0.034458
2.799333	0.034308
2.799667	0.034572
2.800000	0.034469
2.800333	0.034415
2.800667	0.033523
2.801000	0.033839
2.801333	0.033988
2.801667	0.033510
2.802000	0.032942
2.802333	0.033722
2.802667	0.033379
2.803000	0.032413
2.803333	0.032019
2.803667	0.032543
2.804000	0.033082
2.804333	0.032720
2.804667	0.032396
2.805000	0.032561
2.805333	0.032907
2.805667	0.032260
2.806000	0.032133
2.806333	0.031645
2.806667	0.032494
2.807000	0.032053
2.807333	0.032400
2.807667	0.031733
2.808000	0.031505
2.808333	0.032022
2.808667	0.031907
2.809000	0.032378
2.809333	0.031594
2.809667	0.031208
2.810000	0.031456
2.810333	0.031708
2.810667	0.031017
2.811000	0.031778
2.811333	0.031089
2.811667	0.031138
2.812000	0.031523
2.812333	0.031027
2.812667	0.031918
2.813000	0.030546
2.813333	0.031621
2.813667	0.031354
2.814000	0.031556
2.814333	0.031588
2.814667	0.031188
2.815000	0.030807
2.815333	0.030738
2.815667	0.031365
2.816000	0.030340
2.816333	0.030833
2.816667	0.030677
2.817000	0.031105
2.817333	0.030828
2.817667	0.030401
2.818000	0.031459
2.818333	0.030548
2.818667	0.030892
2.819000	0.031103
2.819333	0.030929
2.819667	0.030576
2.820000	0.030525
2.820333	0.031057
2.820667	0.029913
2.821000	0.030701
2.821333	0.030710
2.821667	0.030922
2.822000	0.030254
2.822333	0.030518
2.822667	0.029875
2.823000	0.029990
2.823333	0.029947
2.823667	0.030643
2.824000	0.030848
2.824333	0.030403
2.824667	0.030562
2.825000	0.031075
2.825333	0.030562
2.825667	0.030171
2.826000	0.030490
2.826333	0.029907
2.826667	0.029574
2.827000	0.029137
2.827333	0.030005
2.827667	0.029770
2.828000	0.030174
2.828333	0.030058
2.828667	0.030028
2.829000	0.030444
2.829333	0.029674
2.829667	0.030881
2.830000	0.030238
2.830333	0.030012
2.830667	0.030324
2.831000	0.029294
2.831333	0.030640
2.831667	0.029679
2.832000	0.029544
2.832333	0.030123
2.832667	0.029685
2.833000	0.030383
2.833333	0.029133
2.833667	0.029675
2.834000	0.029950
2.834333	0.029649
2.834667	0.029318
2.835000	0.029565
2.835333	0.029885
2.835667	0.030490
2.836000	0.029380
2.836333	0.029330
2.836667	0.030027
2.837000	0.029656
2.837333	0.029132
2.837667	0.029629
2.838000	0.029765
2.838333	0.029843
2.838667	0.029311
2.839000	0.029670
2.839333	0.029385
2.839667	0.029704
2.840000	0.029651
2.840333	0.029434
2.840667	0.029462
2.841000	0.029582
2.841333	0.029642
2.841667	0.029188
2.842000	0.029411
2.842333	0.030126
2.842667	0.029988
2.843000	0.029729
2.843333	0.028946
2.843667	0.029147
2.844000	0.029248
2.844333	0.029884
2.844667	0.029511
2.845000	0.029033
2.845333	0.029461
2.845667	0.028830
2.846000	0.029921
2.846333	0.029218
2.846667	0.030183
2.847000	0.028930
2.847333	0.029008
2.847667	0.029529
2.848000	0.029890
2.848333	0.029092
2.848667	0.029656
2.849000	0.028982
2.849333	0.029457
2.849667	0.030184
2.850000	0.029602
2.850333	0.028778
2.850667	0.029124
2.851000	0.028703
2.851333	0.029551
2.851667	0.030170
2.852000	0.028907
2.852333	0.028531
2.852667	0.029698
2.853000	0.028312
2.853333	0.029234
2.853667	0.028330
2.854000	0.029960
2.854333	0.029665
2.854667	0.028909
2.855000	0.029287
2.855333	0.029037
2.855667	0.029134
2.856000	0.029533
2.856333	0.029863
2.856667	0.028452
2.857000	0.029341
2.857333	0.028812
2.857667	0.028758
2.858000	0.029501
2.858333	0.028959
2.858667	0.028446
2.859000	0.029305
2.859333	0.028830
2.859667	0.029357
2.860000	0.029000
2.860333	0.028712
2.860667	0.028786
2.861000	0.028602
2.861333	0.029082
2.861667	0.028437
2.862000	0.028299
2.862333	0.029378
2.862667	0.029240
2.863000	0.028979
2.863333	0.027848
2.863667	0.028826
2.864000	0.028535
2.864333	0.028717
2.864667	0.029391
2.865000	0.029167
2.865333	0.028027
2.865667	0.028636
2.866000	0.028593
2.866333	0.028977
2.866667	0.028413
2.867000	0.029360
2.867333	0.028867
2.867667	0.028785
2.868000	0.029079
2.868333	0.029191
2.868667	0.027945
2.869000	0.028844
2.869333	0.028067
2.869667	0.029151
2.870000	0.028928
2.870333	0.028453
2.870667	0.029198
2.871000	0.029232
2.871333	0.028739
2.871667	0.028268
2.872000	0.028325
2.872333	0.028947
2.872667	0.029293
2.873000	0.028983
2.873333	0.029151
2.873667	0.028354
2.874000	0.028814
2.874333	0.028801
2.874667	0.028242
2.875000	0.028833
2.875333	0.029016
2.875667	0.028979
2.876000	0.028382
2.876333	0.029243
2.876667	0.028525
2.877000	0.028000
2.877333	0.029185
2.877667	0.028764
2.878000	0.029141
2.878333	0.028623
2.878667	0.028433
2.879000	0.029088
2.879333	0.029005
2.879667	0.028376
2.880000	0.028819
2.880333	0.029286
2.880667	0.028970
2.881000	0.028213
2.881333	0.028832
2.881667	0.028410
2.882000	0.028845
2.882333	0.028744
2.882667	0.028662
2.883000	0.029749
2.883333	0.029120
2.883667	0.029549
2.884000	0.028578
2.884333	0.027937
2.884667	0.029214
2.885000	0.029006
2.885333	0.028945
2.885667	0.027939
2.886000	0.028423
2.886333	0.028945
2.886667	0.028206
2.887000	0.029353
2.887333	0.029498
2.887667	0.028496
2.888000	0.028638
2.888333	0.029453
2.888667	0.028901
2.889000	0.028523
2.889333	0.029188
2.889667	0.029498
2.890000	0.029233
2.890333	0.029185
2.890667	0.028873
2.891000	0.028819
2.891333	0.029431
2.891667	0.028255
2.892000	0.028367
2.892333	0.028384
2.892667	0.028271
2.893000	0.028296
2.893333	0.029073
2.893667	0.028190
2.894000	0.029244
2.894333	0.028794
2.894667	0.029280
2.895000	0.028986
2.895333	0.028911
2.895667	0.028972
2.896000	0.029028
2.896333	0.028938
2.896667	0.029168
2.897000	0.028978
2.897333	0.028318
2.897667	0.028455
2.898000	0.029350
2.898333	0.028724
2.898667	0.028887
2.899000	0.028259
2.899333	0.027599
2.899667	0.028319
2.900000	0.029011
2.900333	0.029238
2.900667	0.028909
2.901000	0.028895
2.901333	0.029576
2.901667	0.027717
2.902000	0.028104
2.902333	0.028699
2.902667	0.029035
2.903000	0.028931
2.903333	0.028756
2.903667	0.029211
2.904000	0.028965
2.904333	0.034765
2.904667	0.054632
2.905000	0.062608
2.905333	0.060063
2.905667	0.056742
2.906000	0.054366
2.906333	0.052293
2.906667	0.050917
2.907000	0.048921
2.907333	0.047162
2.907667	0.046371
2.908000	0.045435
2.908333	0.043961
2.908667	0.042786
2.909000	0.042477
2.909333	0.042050
2.909667	0.041015
2.910000	0.039965
2.910333	0.040429
2.910667	0.039688
2.911000	0.039219
2.911333	0.038899
2.911667	0.038825
2.912000	0.038063
2.912333	0.037571
2.912667	0.038269
2.913000	0.038108
2.913333	0.037503
2.913667	0.036327
2.914000	0.036855
2.914333	0.036089
2.914667	0.036507
2.915000	0.036593
2.915333	0.035841
2.915667	0.035557
2.916000	0.035333
2.916333	0.035557
2.916667	0.034736
2.917000	0.034539
2.917333	0.034882
2.917667	0.034311
2.918000	0.034125
2.918333	0.034030
2.918667	0.034232
2.919000	0.034082
2.919333	0.033976
2.919667	0.033314
2.920000	0.033239
2.920333	0.033367
2.920667	0.032875
2.921000	0.033515
2.921333	0.033643
2.921667	0.033766
2.922000	0.032706
2.922333	0.033024
2.922667	0.033066
2.923000	0.032876
2.923333	0.033287
2.923667	0.033145
2.924000	0.032061
2.924333	0.032991
2.924667	0.032447
2.925000	0.032493
2.925333	0.031523
2.925667	0.032483
2.926000	0.032864
2.926333	0.032798
2.926667	0.032878
2.927000	0.032204
2.927333	0.032417
2.927667	0.032035
2.928000	0.032407
2.928333	0.033130
2.928667	0.031298
2.929000	0.032563
2.929333	0.032084
2.929667	0.032137
2.930000	0.032623
2.930333	0.031743
2.930667	0.031387
2.931000	0.031927
2.931333	0.031947
2.931667	0.032126
2.932000	0.031575
2.932333	0.031819
2.932667	0.031252
2.933000	0.031377
2.933333	0.031808
2.933667	0.032115
2.934000	0.031722
2.934333	0.030840
2.934667	0.031249
2.935000	0.031870
2.935333	0.031037
2.935667	0.031345
2.936000	0.030368
2.936333	0.030558
2.936667	0.031597
2.937000	0.031392
2.937333	0.031693
2.937667	0.030680
2.938000	0.030673
2.938333	0.031136
2.938667	0.031265
2.939000	0.030672
2.939333	0.030892
2.939667	0.031063
2.940000	0.031061
2.940333	0.030920
2.940667	0.030839
2.941000	0.030912
2.941333	0.030315
2.941667	0.030219
2.942000	0.030135
2.942333	0.031302
2.942667	0.030959
2.943000	0.031430
2.943333	0.031003
2.943667	0.030868
2.944000	0.031644
2.944333	0.030925
2.944667	0.030091
2.945000	0.031030
2.945333	0.030694
2.945667	0.031105
2.946000	0.030439
2.946333	0.030411
2.946667	0.029850
2.947000	0.030404
2.947333	0.030810
2.947667	0.030505
2.948000	0.030786
2.948333	0.030233
2.948667	0.030951
2.949000	0.030644
2.949333	0.030997
2.949667	0.030229
2.950000	0.031062
2.950333	0.030327
2.950667	0.030386
2.951000	0.030848
2.951333	0.030302
2.951667	0.030512
2.952000	0.030389
2.952333	0.030353
2.952667	0.030350
2.953000	0.030450
2.953333	0.030543
2.953667	0.030540
2.954000	0.030854
2.954333	0.030681
2.954667	0.030530
2.955000	0.030366
2.955333	0.029828
2.955667	0.030485
2.956000	0.030151
2.956333	0.030204
2.956667	0.030654
2.957000	0.030289
2.957333	0.030230
2.957667	0.029910
2.958000	0.031048
2.958333	0.030485
2.958667	0.029984
2.959000	0.030461
2.959333	0.029850
2.959667	0.030605
2.960000	0.030503
2.960333	0.029433
2.960667	0.030836
2.961000	0.030007
2.961333	0.029475
2.961667	0.030345
2.962000	0.030489
2.962333	0.030774
2.962667	0.030890
2.963000	0.029996
2.963333	0.029596
2.963667	0.029364
2.964000	0.030212
2.964333	0.030348
2.964667	0.030220
2.965000	0.029074
2.965333	0.030177
2.965667	0.030269
2.966000	0.029897
2.966333	0.030621
2.966667	0.030482
2.967000	0.030043
2.967333	0.030308
2.967667	0.030019
2.968000	0.030107
2.968333	0.030674
2.968667	0.029841
2.969000	0.030477
2.969333	0.029955
2.969667	0.030335
2.970000	0.030328
2.970333	0.030073
2.970667	0.030030
2.971000	0.029653
2.971333	0.029884
2.971667	0.030019
2.972000	0.030393
2.972333	0.029419
2.972667	0.030231
2.973000	0.030936
2.973333	0.029836
2.973667	0.029684
2.974000	0.029664
2.974333	0.030270
2.974667	0.029666
2.975000	0.029985
2.975333	0.030186
2.975667	0.030515
2.976000	0.029855
2.976333	0.029540
2.976667	0.029681
2.977000	0.029973
2.977333	0.030024
2.977667	0.030453
2.978000	0.029818
2.978333	0.030383
2.978667	0.030215
2.979000	0.030459
2.979333	0.029484
2.979667	0.030146
2.980000	0.029794
2.980333	0.029915
2.980667	0.029570
2.981000	0.029798
2.981333	0.029236
2.981667	0.029562
2.982000	0.030072
2.982333	0.029650
2.982667	0.029252
2.983000	0.030160
2.983333	0.030417
2.983667	0.029402
2.984000	0.029994
2.984333	0.029351
2.984667	0.029960
2.985000	0.029820
2.985333	0.029086
2.985667	0.029300
2.986000	0.029458
2.986333	0.029790
2.986667	0.029500
2.987000	0.030448
2.987333	0.030296
2.987667	0.029444
2.988000	0.029233
2.988333	0.029568
2.988667	0.029636
2.989000	0.029366
2.989333	0.030418
2.989667	0.029870
2.990000	0.029670
2.990333	0.029881
2.990667	0.029433
2.991000	0.029641
2.991333	0.030118
2.991667	0.029648
2.992000	0.029241
2.992333	0.029940
2.992667	0.029925
2.993000	0.029548
2.993333	0.029293
2.993667	0.029575
2.994000	0.029416
2.994333	0.029718
2.994667	0.029738
2.995000	0.029488
2.995333	0.030143
2.995667	0.028966
2.996000	0.029834
2.996333	0.029500
2.996667	0.029401
2.997000	0.029782
2.997333	0.029109
2.997667	0.029742
2.998000	0.029267
2.998333	0.029725
2.998667	0.029813
2.999000	0.029844
2.999333	0.030084
2.999667	0.029364
3.000000	0.029592
