0.000333	0.043794
0.000667	0.043340
0.001000	0.043333
0.001333	0.042411
0.001667	0.043051
0.002000	0.043233
0.002333	0.042932
0.002667	0.042235
0.003000	0.042402
0.003333	0.041591
0.003667	0.040523
0.004000	0.041223
0.004333	0.041376
0.004667	0.042314
0.005000	0.042037
0.005333	0.042601
0.005667	0.042841
0.006000	0.043359
0.006333	0.043937
0.006667	0.044722
0.007000	0.044306
0.007333	0.045447
0.007667	0.045616
0.008000	0.044368
0.008333	0.045350
0.008667	0.046635
0.009000	0.046606
0.009333	0.050118
0.009667	0.054897
0.010000	0.062452
0.010333	0.070580
0.010667	0.079614
0.011000	0.088417
0.011333	0.095878
0.011667	0.098593
0.012000	0.099361
0.012333	0.100911
0.012667	0.103818
0.013000	0.106862
0.013333	0.107889
0.013667	0.106396
0.014000	0.106053
0.014333	0.104846
0.014667	0.103623
0.015000	0.103138
0.015333	0.101421
0.015667	0.100805
0.016000	0.098622
0.016333	0.098345
0.016667	0.097645
0.017000	0.096330
0.017333	0.094704
0.017667	0.092914
0.018000	0.092159
0.018333	0.090421
0.018667	0.088243
0.019000	0.088337
0.019333	0.086469
0.019667	0.085039
0.020000	0.084197
0.020333	0.084031
0.020667	0.082923
0.021000	0.082590
0.021333	0.080820
0.021667	0.080303
0.022000	0.080706
0.022333	0.079246
0.022667	0.078692
0.023000	0.077033
0.023333	0.075854
0.023667	0.074489
0.024000	0.073272
0.024333	0.072975
0.024667	0.072102
0.025000	0.070117
0.025333	0.070201
0.025667	0.069150
0.026000	0.069968
0.026333	0.069399
0.026667	0.069523
0.027000	0.069002
0.027333	0.069104
0.027667	0.069450
0.028000	0.068467
0.028333	0.069173
0.028667	0.067842
0.029000	0.067822
0.029333	0.067228
0.029667	0.066473
0.030000	0.065334
0.030333	0.064499
0.030667	0.064007
0.031000	0.062329
0.031333	0.062183
0.031667	0.061965
0.032000	0.061564
0.032333	0.060807
0.032667	0.061457
0.033000	0.060233
0.033333	0.060911
0.033667	0.060436
0.034000	0.060557
0.034333	0.060094
0.034667	0.061146
0.035000	0.061434
0.035333	0.061121
0.035667	0.060027
0.036000	0.060506
0.036333	0.059500
0.036667	0.059425
0.037000	0.059150
0.037333	0.058353
0.037667	0.057278
0.038000	0.056447
0.038333	0.055657
0.038667	0.056027
0.039000	0.055277
0.039333	0.055701
0.039667	0.055248
0.040000	0.055345
0.040333	0.055941
0.040667	0.055898
0.041000	0.056727
0.041333	0.056447
0.041667	0.056581
0.042000	0.056449
0.042333	0.055938
0.042667	0.057197
0.043000	0.056099
0.043333	0.056839
0.043667	0.056336
0.044000	0.054815
0.044333	0.054789
0.044667	0.054610
0.045000	0.053521
0.045333	0.052873
0.045667	0.053053
0.046000	0.052663
0.046333	0.051924
0.046667	0.051805
0.047000	0.051498
0.047333	0.051815
0.047667	0.051452
0.048000	0.050548
0.048333	0.051139
0.048667	0.050681
0.049000	0.051402
0.049333	0.051341
0.049667	0.051520
0.050000	0.051530
0.050333	0.052446
0.050667	0.052305
0.051000	0.051896
0.051333	0.051700
0.051667	0.052034
0.052000	0.052651
0.052333	0.052372
0.052667	0.051505
0.053000	0.053020
0.053333	0.052482
0.053667	0.051442
0.054000	0.051849
0.054333	0.050583
0.054667	0.050922
0.055000	0.051089
0.055333	0.049231
0.055667	0.050027
0.056000	0.048899
0.056333	0.049297
0.056667	0.048076
0.057000	0.048704
0.057333	0.048747
0.057667	0.047602
0.058000	0.048145
0.058333	0.047980
0.058667	0.049211
0.059000	0.049395
0.059333	0.048413
0.059667	0.049749
0.060000	0.048845
0.060333	0.049543
0.060667	0.047703
0.061000	0.048413
0.061333	0.048914
0.061667	0.048757
0.062000	0.049191
0.062333	0.048085
0.062667	0.047966
0.063000	0.047539
0.063333	0.047591
0.063667	0.048367
0.064000	0.048101
0.064333	0.047063
0.064667	0.048807
0.065000	0.047315
0.065333	0.047738
0.065667	0.047618
0.066000	0.047858
0.066333	0.046995
0.066667	0.047008
0.067000	0.047374
0.067333	0.047950
0.067667	0.046919
0.068000	0.046484
0.068333	0.047615
0.068667	0.046985
0.069000	0.047008
0.069333	0.046585
0.069667	0.046739
0.070000	0.046309
0.070333	0.046540
0.070667	0.046449
0.071000	0.046322
0.071333	0.045377
0.071667	0.045153
0.072000	0.046664
0.072333	0.045650
0.072667	0.045770
0.073000	0.045095
0.073333	0.045954
0.073667	0.045954
0.074000	0.044472
0.074333	0.045479
0.074667	0.045519
0.075000	0.045580
0.075333	0.046460
0.075667	0.045885
0.076000	0.046372
0.076333	0.045580
0.076667	0.044829
0.077000	0.045327
0.077333	0.044869
0.077667	0.045025
0.078000	0.045262
0.078333	0.044930
0.078667	0.045278
0.079000	0.045666
0.079333	0.044979
0.079667	0.044975
0.080000	0.044280
0.080333	0.045629
0.080667	0.044329
0.081000	0.044128
0.081333	0.044740
0.081667	0.044509
0.082000	0.044921
0.082333	0.044864
0.082667	0.045457
0.083000	0.045853
0.083333	0.044658
0.083667	0.044875
0.084000	0.045137
0.084333	0.044463
0.084667	0.045334
0.085000	0.044706
0.085333	0.045284
0.085667	0.044937
0.086000	0.044772
0.086333	0.044633
0.086667	0.044563
0.087000	0.044613
0.087333	0.044953
0.087667	0.044731
0.088000	0.044144
0.088333	0.044212
0.088667	0.043774
0.089000	0.042974
0.089333	0.043673
0.089667	0.043797
0.090000	0.045113
0.090333	0.044297
0.090667	0.044412
0.091000	0.045485
0.091333	0.044937
0.091667	0.044944
0.092000	0.044919
0.092333	0.044535
0.092667	0.045120
0.093000	0.045345
0.093333	0.045249
0.093667	0.044475
0.094000	0.044430
0.094333	0.044428
0.094667	0.044384
0.095000	0.044165
0.095333	0.043569
0.095667	0.044096
0.096000	0.042670
0.096333	0.042121
0.096667	0.042599
0.097000	0.042652
0.097333	0.040966
0.097667	0.042170
0.098000	0.042606
0.098333	0.042200
0.098667	0.042208
0.099000	0.043174
0.099333	0.043720
0.099667	0.043686
0.100000	0.043594
0.100333	0.044378
0.100667	0.044613
0.101000	0.044893
0.101333	0.046095
0.101667	0.045669
0.102000	0.045216
0.102333	0.045266
0.102667	0.044941
0.103000	0.043488
0.103333	0.043817
0.103667	0.042208
0.104000	0.042742
0.104333	0.042480
0.104667	0.041877
0.105000	0.042428
0.105333	0.042556
0.105667	0.041640
0.106000	0.041693
0.106333	0.042786
0.106667	0.041345
0.107000	0.041643
0.107333	0.042271
0.107667	0.041898
0.108000	0.043441
0.108333	0.042546
0.108667	0.043567
0.109000	0.043460
0.109333	0.043326
0.109667	0.043676
0.110000	0.043057
0.110333	0.042585
0.110667	0.042195
0.111000	0.042080
0.111333	0.042475
0.111667	0.043126
0.112000	0.043181
0.112333	0.042775
0.112667	0.043382
0.113000	0.043595
0.113333	0.043966
0.113667	0.043469
0.114000	0.043225
0.114333	0.044572
0.114667	0.043420
0.115000	0.043283
0.115333	0.043886
0.115667	0.043503
0.116000	0.043859
0.116333	0.042627
0.116667	0.042909
0.117000	0.042199
0.117333	0.041319
0.117667	0.041796
0.118000	0.041151
0.118333	0.041085
0.118667	0.040986
0.119000	0.040992
0.119333	0.041483
0.119667	0.042392
0.120000	0.041593
0.120333	0.041587
0.120667	0.043172
0.121000	0.043419
0.121333	0.043601
0.121667	0.042991
0.122000	0.043527
0.122333	0.043996
0.122667	0.043527
0.123000	0.043319
0.123333	0.043685
0.123667	0.043705
0.124000	0.042582
0.124333	0.042669
0.124667	0.041507
0.125000	0.041500
0.125333	0.041863
0.125667	0.041322
0.126000	0.040892
0.126333	0.041363
0.126667	0.040800
0.127000	0.041108
0.127333	0.041513
0.127667	0.041515
0.128000	0.041786
0.128333	0.042042
0.128667	0.042675
0.129000	0.042207
0.129333	0.043266
0.129667	0.043819
0.130000	0.043498
0.130333	0.043406
0.130667	0.044018
0.131000	0.043461
0.131333	0.043009
0.131667	0.043203
0.132000	0.042260
0.132333	0.042344
0.132667	0.043037
0.133000	0.042182
0.133333	0.042826
0.133667	0.042734
0.134000	0.041789
0.134333	0.042395
0.134667	0.041346
0.135000	0.041298
0.135333	0.041636
0.135667	0.041211
0.136000	0.041475
0.136333	0.041186
0.136667	0.040815
0.137000	0.041412
0.137333	0.040902
0.137667	0.041618
0.138000	0.040752
0.138333	0.041136
0.138667	0.041044
0.139000	0.041796
0.139333	0.042089
0.139667	0.042321
0.140000	0.041803
0.140333	0.042285
0.140667	0.042231
0.141000	0.042287
0.141333	0.043385
0.141667	0.043287
0.142000	0.043693
0.142333	0.043772
0.142667	0.043082
0.143000	0.043035
0.143333	0.043083
0.143667	0.043517
0.144000	0.043388
0.144333	0.043841
0.144667	0.042950
0.145000	0.043753
0.145333	0.042713
0.145667	0.043025
0.146000	0.043264
0.146333	0.042697
0.146667	0.043369
0.147000	0.042361
0.147333	0.042338
0.147667	0.042772
0.148000	0.041654
0.148333	0.041248
0.148667	0.042512
0.149000	0.041573
0.149333	0.042155
0.149667	0.041138
0.150000	0.042207
0.150333	0.041942
0.150667	0.041902
0.151000	0.041932
0.151333	0.042284
0.151667	0.043032
0.152000	0.042755
0.152333	0.042897
0.152667	0.042681
0.153000	0.043096
0.153333	0.042222
0.153667	0.043220
0.154000	0.043759
0.154333	0.042864
0.154667	0.042859
0.155000	0.043522
0.155333	0.042329
0.155667	0.043019
0.156000	0.041864
0.156333	0.042098
0.156667	0.042600
0.157000	0.042718
0.157333	0.041219
0.157667	0.041774
0.158000	0.042025
0.158333	0.042626
0.158667	0.042254
0.159000	0.042628
0.159333	0.041571
0.159667	0.043190
0.160000	0.042513
0.160333	0.042242
0.160667	0.042109
0.161000	0.042501
0.161333	0.042918
0.161667	0.042936
0.162000	0.042969
0.162333	0.042660
0.162667	0.042525
0.163000	0.041990
0.163333	0.042373
0.163667	0.042872
0.164000	0.042450
0.164333	0.042087
0.164667	0.041840
0.165000	0.041870
0.165333	0.042905
0.165667	0.042270
0.166000	0.042299
0.166333	0.043166
0.166667	0.042272
0.167000	0.042703
0.167333	0.042170
0.167667	0.042479
0.168000	0.043003
0.168333	0.042251
0.168667	0.042643
0.169000	0.042568
0.169333	0.042597
0.169667	0.042735
0.170000	0.042683
0.170333	0.041412
0.170667	0.042978
0.171000	0.041908
0.171333	0.042496
0.171667	0.041798
0.172000	0.042996
0.172333	0.042364
0.172667	0.042417
0.173000	0.042650
0.173333	0.042896
0.173667	0.043035
0.174000	0.043203
0.174333	0.043108
0.174667	0.042759
0.175000	0.043285
0.175333	0.043233
0.175667	0.043654
0.176000	0.043078
0.176333	0.043479
0.176667	0.042696
0.177000	0.042756
0.177333	0.042517
0.177667	0.042645
0.178000	0.043220
0.178333	0.042953
0.178667	0.043399
0.179000	0.042785
0.179333	0.043544
0.179667	0.042990
0.180000	0.043346
0.180333	0.043487
0.180667	0.042828
0.181000	0.043179
0.181333	0.043689
0.181667	0.042136
0.182000	0.042986
0.182333	0.042546
0.182667	0.043071
0.183000	0.043639
0.183333	0.043628
0.183667	0.043064
0.184000	0.042973
0.184333	0.043080
0.184667	0.043856
0.185000	0.044521
0.185333	0.043858
0.185667	0.043662
0.186000	0.042900
0.186333	0.043576
0.186667	0.042981
0.187000	0.042661
0.187333	0.042637
0.187667	0.042178
0.188000	0.042729
0.188333	0.041889
0.188667	0.042041
0.189000	0.042486
0.189333	0.042757
0.189667	0.043462
0.190000	0.043153
0.190333	0.043489
0.190667	0.043459
0.191000	0.043806
0.191333	0.044042
0.191667	0.043965
0.192000	0.043946
0.192333	0.044340
0.192667	0.045247
0.193000	0.044821
0.193333	0.044326
0.193667	0.043764
0.194000	0.043750
0.194333	0.043827
0.194667	0.043279
0.195000	0.044072
0.195333	0.042647
0.195667	0.042405
0.196000	0.043169
0.196333	0.042787
0.196667	0.043046
0.197000	0.042710
0.197333	0.043730
0.197667	0.043596
0.198000	0.043968
0.198333	0.042910
0.198667	0.043359
0.199000	0.043284
0.199333	0.044123
0.199667	0.043588
0.200000	0.043234
0.200333	0.043993
0.200667	0.044546
0.201000	0.043261
0.201333	0.043973
0.201667	0.044177
0.202000	0.043948
0.202333	0.045134
0.202667	0.045246
0.203000	0.045155
0.203333	0.044754
0.203667	0.045122
0.204000	0.044808
0.204333	0.044735
0.204667	0.044702
0.205000	0.044527
0.205333	0.043136
0.205667	0.044326
0.206000	0.043723
0.206333	0.044813
0.206667	0.043785
0.207000	0.044219
0.207333	0.044184
0.207667	0.043822
0.208000	0.043576
0.208333	0.044672
0.208667	0.044615
0.209000	0.043692
0.209333	0.045536
0.209667	0.045272
0.210000	0.044934
0.210333	0.044742
0.210667	0.043655
0.211000	0.043219
0.211333	0.043191
0.211667	0.043153
0.212000	0.043139
0.212333	0.042498
0.212667	0.042842
0.213000	0.043427
0.213333	0.043608
0.213667	0.042815
0.214000	0.043173
0.214333	0.043823
0.214667	0.043318
0.215000	0.043543
0.215333	0.043414
0.215667	0.044273
0.216000	0.043676
0.216333	0.043085
0.216667	0.043541
0.217000	0.044446
0.217333	0.043637
0.217667	0.044246
0.218000	0.044509
0.218333	0.042935
0.218667	0.044395
0.219000	0.043739
0.219333	0.043929
0.219667	0.043350
0.220000	0.044363
0.220333	0.044064
0.220667	0.044723
0.221000	0.044112
0.221333	0.043981
0.221667	0.044855
0.222000	0.045245
0.222333	0.044431
0.222667	0.043739
0.223000	0.043646
0.223333	0.043418
0.223667	0.043884
0.224000	0.042671
0.224333	0.043613
0.224667	0.042852
0.225000	0.043459
0.225333	0.043610
0.225667	0.043932
0.226000	0.045289
0.226333	0.044402
0.226667	0.044574
0.227000	0.045575
0.227333	0.045758
0.227667	0.046067
0.228000	0.046935
0.228333	0.047112
0.228667	0.047509
0.229000	0.047030
0.229333	0.046729
0.229667	0.046594
0.230000	0.045896
0.230333	0.044062
0.230667	0.044292
0.231000	0.044589
0.231333	0.044282
0.231667	0.043827
0.232000	0.043814
0.232333	0.043374
0.232667	0.043174
0.233000	0.043022
0.233333	0.042359
0.233667	0.043836
0.234000	0.043243
0.234333	0.043975
0.234667	0.043417
0.235000	0.044460
0.235333	0.044584
0.235667	0.044309
0.236000	0.044901
0.236333	0.044344
0.236667	0.044430
0.237000	0.044466
0.237333	0.043998
0.237667	0.044568
0.238000	0.044507
0.238333	0.045094
0.238667	0.043895
0.239000	0.045272
0.239333	0.045294
0.239667	0.045641
0.240000	0.045460
0.240333	0.044632
0.240667	0.045378
0.241000	0.044401
0.241333	0.044448
0.241667	0.044314
0.242000	0.044588
0.242333	0.043264
0.242667	0.044130
0.243000	0.043371
0.243333	0.044093
0.243667	0.043943
0.244000	0.042184
0.244333	0.043859
0.244667	0.044211
0.245000	0.044624
0.245333	0.045406
0.245667	0.044678
0.246000	0.046341
0.246333	0.047001
0.246667	0.047062
0.247000	0.047265
0.247333	0.047450
0.247667	0.047752
0.248000	0.048238
0.248333	0.048005
0.248667	0.046446
0.249000	0.046069
0.249333	0.045362
0.249667	0.044883
0.250000	0.045410
0.250333	0.044378
0.250667	0.044754
0.251000	0.044660
0.251333	0.044521
0.251667	0.044024
0.252000	0.044305
0.252333	0.043996
0.252667	0.044668
0.253000	0.043938
0.253333	0.043955
0.253667	0.044906
0.254000	0.044066
0.254333	0.044581
0.254667	0.045044
0.255000	0.044310
0.255333	0.045447
0.255667	0.045107
0.256000	0.043950
0.256333	0.045212
0.256667	0.045032
0.257000	0.044919
0.257333	0.043955
0.257667	0.044151
0.258000	0.044597
0.258333	0.044077
0.258667	0.044413
0.259000	0.044486
0.259333	0.044568
0.259667	0.043050
0.260000	0.044244
0.260333	0.044678
0.260667	0.044127
0.261000	0.044646
0.261333	0.045087
0.261667	0.045027
0.262000	0.045239
0.262333	0.045365
0.262667	0.045355
0.263000	0.044992
0.263333	0.045693
0.263667	0.045654
0.264000	0.045512
0.264333	0.045140
0.264667	0.046064
0.265000	0.046011
0.265333	0.046024
0.265667	0.045283
0.266000	0.045839
0.266333	0.045995
0.266667	0.045066
0.267000	0.045178
0.267333	0.044883
0.267667	0.044899
0.268000	0.044894
0.268333	0.044709
0.268667	0.044913
0.269000	0.044172
0.269333	0.043904
0.269667	0.044217
0.270000	0.044263
0.270333	0.044302
0.270667	0.044765
0.271000	0.044612
0.271333	0.043530
0.271667	0.044507
0.272000	0.044205
0.272333	0.044374
0.272667	0.043802
0.273000	0.044015
0.273333	0.044541
0.273667	0.044861
0.274000	0.044500
0.274333	0.045333
0.274667	0.043254
0.275000	0.044209
0.275333	0.044345
0.275667	0.043761
0.276000	0.044637
0.276333	0.043967
0.276667	0.044582
0.277000	0.044441
0.277333	0.044320
0.277667	0.043500
0.278000	0.044618
0.278333	0.044454
0.278667	0.044443
0.279000	0.044151
0.279333	0.044028
0.279667	0.044537
0.280000	0.044280
0.280333	0.044336
0.280667	0.044835
0.281000	0.043915
0.281333	0.044922
0.281667	0.045067
0.282000	0.044387
0.282333	0.044537
0.282667	0.043270
0.283000	0.044518
0.283333	0.044495
0.283667	0.044471
0.284000	0.042878
0.284333	0.043679
0.284667	0.043679
0.285000	0.044015
0.285333	0.044515
0.285667	0.045136
0.286000	0.044381
0.286333	0.044711
0.286667	0.045076
0.287000	0.045281
0.287333	0.045359
0.287667	0.045328
0.288000	0.045355
0.288333	0.045014
0.288667	0.044371
0.289000	0.045201
0.289333	0.044076
0.289667	0.044772
0.290000	0.043551
0.290333	0.044337
0.290667	0.044357
0.291000	0.044470
0.291333	0.042991
0.291667	0.043405
0.292000	0.042972
0.292333	0.043206
0.292667	0.043541
0.293000	0.043570
0.293333	0.044739
0.293667	0.045109
0.294000	0.045094
0.294333	0.045356
0.294667	0.045855
0.295000	0.046127
0.295333	0.045370
0.295667	0.045474
0.296000	0.046107
0.296333	0.045359
0.296667	0.045084
0.297000	0.044130
0.297333	0.044751
0.297667	0.044383
0.298000	0.044353
0.298333	0.044537
0.298667	0.044401
0.299000	0.043585
0.299333	0.043764
0.299667	0.043382
0.300000	0.044507
0.300333	0.043530
0.300667	0.043828
0.301000	0.042497
0.301333	0.043698
0.301667	0.043800
0.302000	0.044438
0.302333	0.043653
0.302667	0.044511
0.303000	0.044584
0.303333	0.044252
0.303667	0.044460
0.304000	0.044432
0.304333	0.044102
0.304667	0.045146
0.305000	0.044307
0.305333	0.043793
0.305667	0.043360
0.306000	0.043787
0.306333	0.045091
0.306667	0.044042
0.307000	0.043643
0.307333	0.044779
0.307667	0.044415
0.308000	0.045000
0.308333	0.044788
0.308667	0.045370
0.309000	0.046358
0.309333	0.045626
0.309667	0.045125
0.310000	0.045038
0.310333	0.045009
0.310667	0.044113
0.311000	0.044958
0.311333	0.044881
0.311667	0.044337
0.312000	0.044264
0.312333	0.043761
0.312667	0.043650
0.313000	0.044738
0.313333	0.043184
0.313667	0.044380
0.314000	0.043604
0.314333	0.042595
0.314667	0.043827
0.315000	0.044122
0.315333	0.042603
0.315667	0.043598
0.316000	0.042990
0.316333	0.043358
0.316667	0.044329
0.317000	0.044137
0.317333	0.043040
0.317667	0.045432
0.318000	0.044887
0.318333	0.044932
0.318667	0.045856
0.319000	0.046030
0.319333	0.046477
0.319667	0.047142
0.320000	0.047435
0.320333	0.045992
0.320667	0.046646
0.321000	0.046683
0.321333	0.046910
0.321667	0.046251
0.322000	0.046552
0.322333	0.046155
0.322667	0.044634
0.323000	0.044188
0.323333	0.044485
0.323667	0.043555
0.324000	0.042663
0.324333	0.042271
0.324667	0.042545
0.325000	0.041920
0.325333	0.042109
0.325667	0.041954
0.326000	0.042816
0.326333	0.042868
0.326667	0.043350
0.327000	0.044615
0.327333	0.044248
0.327667	0.044965
0.328000	0.045491
0.328333	0.045956
0.328667	0.044915
0.329000	0.045214
0.329333	0.045428
0.329667	0.044749
0.330000	0.045166
0.330333	0.044317
0.330667	0.043132
0.331000	0.044114
0.331333	0.043673
0.331667	0.042865
0.332000	0.042524
0.332333	0.042657
0.332667	0.043138
0.333000	0.044012
0.333333	0.042960
0.333667	0.042134
0.334000	0.043259
0.334333	0.043466
0.334667	0.043416
0.335000	0.043609
0.335333	0.043616
0.335667	0.044407
0.336000	0.044294
0.336333	0.044605
0.336667	0.044318
0.337000	0.044166
0.337333	0.044227
0.337667	0.043381
0.338000	0.044346
0.338333	0.043168
0.338667	0.042196
0.339000	0.042574
0.339333	0.042764
0.339667	0.042854
0.340000	0.042561
0.340333	0.042849
0.340667	0.042636
0.341000	0.043845
0.341333	0.042721
0.341667	0.042905
0.342000	0.043714
0.342333	0.043497
0.342667	0.044029
0.343000	0.044558
0.343333	0.044035
0.343667	0.044192
0.344000	0.043972
0.344333	0.043116
0.344667	0.043322
0.345000	0.044149
0.345333	0.043117
0.345667	0.043895
0.346000	0.042855
0.346333	0.043054
0.346667	0.043952
0.347000	0.043305
0.347333	0.043850
0.347667	0.043915
0.348000	0.043532
0.348333	0.043748
0.348667	0.044661
0.349000	0.044339
0.349333	0.044244
0.349667	0.044728
0.350000	0.044889
0.350333	0.043902
0.350667	0.043911
0.351000	0.043514
0.351333	0.044226
0.351667	0.043955
0.352000	0.044508
0.352333	0.044010
0.352667	0.044191
0.353000	0.044607
0.353333	0.044705
0.353667	0.045809
0.354000	0.046182
0.354333	0.049501
0.354667	0.052308
0.355000	0.054889
0.355333	0.057107
0.355667	0.060495
0.356000	0.062833
0.356333	0.067825
0.356667	0.074896
0.357000	0.083328
0.357333	0.094045
0.357667	0.102663
0.358000	0.107214
0.358333	0.110447
0.358667	0.111859
0.359000	0.111512
0.359333	0.111459
0.359667	0.109639
0.360000	0.109937
0.360333	0.107803
0.360667	0.107039
0.361000	0.106705
0.361333	0.105857
0.361667	0.104204
0.362000	0.102713
0.362333	0.101561
0.362667	0.099542
0.363000	0.100279
0.363333	0.098071
0.363667	0.097030
0.364000	0.095937
0.364333	0.095302
0.364667	0.093449
0.365000	0.091953
0.365333	0.090549
0.365667	0.089965
0.366000	0.088780
0.366333	0.087137
0.366667	0.087486
0.367000	0.086635
0.367333	0.085742
0.367667	0.085666
0.368000	0.084410
0.368333	0.084346
0.368667	0.083323
0.369000	0.082404
0.369333	0.081990
0.369667	0.081095
0.370000	0.080098
0.370333	0.080329
0.370667	0.079738
0.371000	0.078386
0.371333	0.077831
0.371667	0.077083
0.372000	0.076155
0.372333	0.075646
0.372667	0.075612
0.373000	0.073728
0.373333	0.074147
0.373667	0.073838
0.374000	0.072051
0.374333	0.072575
0.374667	0.072369
0.375000	0.071520
0.375333	0.071642
0.375667	0.071340
0.376000	0.071136
0.376333	0.069817
0.376667	0.070512
0.377000	0.069365
0.377333	0.069567
0.377667	0.068891
0.378000	0.068041
0.378333	0.068282
0.378667	0.066787
0.379000	0.067438
0.379333	0.066172
0.379667	0.066604
0.380000	0.065634
0.380333	0.065502
0.380667	0.065232
0.381000	0.065136
0.381333	0.065114
0.381667	0.064415
0.382000	0.064954
0.382333	0.065427
0.382667	0.063632
0.383000	0.063768
0.383333	0.064326
0.383667	0.063822
0.384000	0.062859
0.384333	0.062983
0.384667	0.063352
0.385000	0.062679
0.385333	0.062725
0.385667	0.061904
0.386000	0.062113
0.386333	0.061068
0.386667	0.061645
0.387000	0.060573
0.387333	0.060956
0.387667	0.060503
0.388000	0.061734
0.388333	0.060988
0.388667	0.061410
0.389000	0.061500
0.389333	0.061286
0.389667	0.060713
0.390000	0.059929
0.390333	0.061453
0.390667	0.059802
0.391000	0.060314
0.391333	0.060433
0.391667	0.059702
0.392000	0.058962
0.392333	0.057702
0.392667	0.058764
0.393000	0.056971
0.393333	0.056457
0.393667	0.057176
0.394000	0.056635
0.394333	0.055899
0.394667	0.056535
0.395000	0.056321
0.395333	0.055977
0.395667	0.056567
0.396000	0.056233
0.396333	0.057141
0.396667	0.056539
0.397000	0.056129
0.397333	0.057300
0.397667	0.056926
0.398000	0.057107
0.398333	0.057032
0.398667	0.056459
0.399000	0.057075
0.399333	0.056502
0.399667	0.055253
0.400000	0.055724
0.400333	0.055877
0.400667	0.055163
0.401000	0.054410
0.401333	0.054537
0.401667	0.055211
0.402000	0.054711
0.402333	0.055800
0.402667	0.055483
0.403000	0.054732
0.403333	0.055055
0.403667	0.054730
0.404000	0.053986
0.404333	0.054927
0.404667	0.054740
0.405000	0.055279
0.405333	0.054101
0.405667	0.054130
0.406000	0.054054
0.406333	0.054461
0.406667	0.054024
0.407000	0.053701
0.407333	0.053384
0.407667	0.053112
0.408000	0.052782
0.408333	0.052249
0.408667	0.052715
0.409000	0.051875
0.409333	0.052874
0.409667	0.052361
0.410000	0.052619
0.410333	0.052238
0.410667	0.053149
0.411000	0.052952
0.411333	0.053367
0.411667	0.053330
0.412000	0.053340
0.412333	0.053638
0.412667	0.054383
0.413000	0.054168
0.413333	0.054019
0.413667	0.054152
0.414000	0.054310
0.414333	0.053270
0.414667	0.054339
0.415000	0.054331
0.415333	0.053553
0.415667	0.053947
0.416000	0.053165
0.416333	0.053256
0.416667	0.052250
0.417000	0.052643
0.417333	0.052702
0.417667	0.052168
0.418000	0.051587
0.418333	0.052201
0.418667	0.051835
0.419000	0.050849
0.419333	0.051176
0.419667	0.050896
0.420000	0.050625
0.420333	0.050899
0.420667	0.049889
0.421000	0.050167
0.421333	0.049208
0.421667	0.050508
0.422000	0.050465
0.422333	0.050970
0.422667	0.050486
0.423000	0.051321
0.423333	0.050550
0.423667	0.051079
0.424000	0.050566
0.424333	0.050630
0.424667	0.050436
0.425000	0.051486
0.425333	0.050816
0.425667	0.051422
0.426000	0.051856
0.426333	0.051279
0.426667	0.051036
0.427000	0.050789
0.427333	0.050104
0.427667	0.050922
0.428000	0.050327
0.428333	0.050706
0.428667	0.050493
0.429000	0.050105
0.429333	0.049586
0.429667	0.049854
0.430000	0.049815
0.430333	0.049923
0.430667	0.050025
0.431000	0.049441
0.431333	0.049657
0.431667	0.048667
0.432000	0.048919
0.432333	0.050128
0.432667	0.049267
0.433000	0.049340
0.433333	0.049022
0.433667	0.049204
0.434000	0.049578
0.434333	0.050554
0.434667	0.049216
0.435000	0.049449
0.435333	0.049535
0.435667	0.049315
0.436000	0.049837
0.436333	0.048790
0.436667	0.048592
0.437000	0.049307
0.437333	0.048751
0.437667	0.048532
0.438000	0.049921
0.438333	0.048975
0.438667	0.049557
0.439000	0.049171
0.439333	0.049090
0.439667	0.048851
0.440000	0.049571
0.440333	0.047843
0.440667	0.049323
0.441000	0.049075
0.441333	0.048856
0.441667	0.049056
0.442000	0.048085
0.442333	0.049198
0.442667	0.048814
0.443000	0.047893
0.443333	0.047587
0.443667	0.048231
0.444000	0.048299
0.444333	0.047507
0.444667	0.047609
0.445000	0.048250
0.445333	0.048506
0.445667	0.048981
0.446000	0.047704
0.446333	0.047918
0.446667	0.047550
0.447000	0.048775
0.447333	0.048356
0.447667	0.049245
0.448000	0.048061
0.448333	0.048069
0.448667	0.047916
0.449000	0.048253
0.449333	0.048200
0.449667	0.048025
0.450000	0.047467
0.450333	0.048049
0.450667	0.047625
0.451000	0.047486
0.451333	0.048710
0.451667	0.048252
0.452000	0.048123
0.452333	0.047693
0.452667	0.048310
0.453000	0.047615
0.453333	0.048102
0.453667	0.047816
0.454000	0.047668
0.454333	0.047593
0.454667	0.047671
0.455000	0.048184
0.455333	0.046018
0.455667	0.047874
0.456000	0.046639
0.456333	0.047842
0.456667	0.047387
0.457000	0.047431
0.457333	0.047568
0.457667	0.047822
0.458000	0.047198
0.458333	0.048305
0.458667	0.047045
0.459000	0.046837
0.459333	0.046971
0.459667	0.047770
0.460000	0.047236
0.460333	0.047446
0.460667	0.047977
0.461000	0.047336
0.461333	0.047035
0.461667	0.047104
0.462000	0.047641
0.462333	0.047647
0.462667	0.047177
0.463000	0.048042
0.463333	0.047744
0.463667	0.047309
0.464000	0.047892
0.464333	0.047577
0.464667	0.047220
0.465000	0.047921
0.465333	0.047990
0.465667	0.048005
0.466000	0.047024
0.466333	0.047619
0.466667	0.047231
0.467000	0.047984
0.467333	0.047147
0.467667	0.047353
0.468000	0.047436
0.468333	0.047896
0.468667	0.047289
0.469000	0.048073
0.469333	0.046648
0.469667	0.046510
0.470000	0.047110
0.470333	0.047355
0.470667	0.046710
0.471000	0.046237
0.471333	0.046434
0.471667	0.046653
0.472000	0.046719
0.472333	0.047557
0.472667	0.047067
0.473000	0.047095
0.473333	0.047350
0.473667	0.046709
0.474000	0.047849
0.474333	0.046748
0.474667	0.046817
0.475000	0.046944
0.475333	0.046647
0.475667	0.046377
0.476000	0.047266
0.476333	0.046913
0.476667	0.046570
0.477000	0.047423
0.477333	0.046893
0.477667	0.047559
0.478000	0.047122
0.478333	0.046555
0.478667	0.047328
0.479000	0.047257
0.479333	0.047136
0.479667	0.047326
0.480000	0.047401
0.480333	0.046960
0.480667	0.045836
0.481000	0.047567
0.481333	0.047136
0.481667	0.046884
0.482000	0.046554
0.482333	0.046319
0.482667	0.046627
0.483000	0.046374
0.483333	0.045776
0.483667	0.045048
0.484000	0.045483
0.484333	0.046349
0.484667	0.046329
0.485000	0.046490
0.485333	0.045586
0.485667	0.046052
0.486000	0.046304
0.486333	0.046744
0.486667	0.046621
0.487000	0.046355
0.487333	0.046893
0.487667	0.046150
0.488000	0.046028
0.488333	0.046768
0.488667	0.046512
0.489000	0.046298
0.489333	0.045952
0.489667	0.046588
0.490000	0.046612
0.490333	0.046420
0.490667	0.046126
0.491000	0.045932
0.491333	0.047005
0.491667	0.046150
0.492000	0.046289
0.492333	0.045794
0.492667	0.046301
0.493000	0.046379
0.493333	0.046114
0.493667	0.045098
0.494000	0.045506
0.494333	0.046842
0.494667	0.046485
0.495000	0.044984
0.495333	0.045879
0.495667	0.046187
0.496000	0.045803
0.496333	0.045821
0.496667	0.045309
0.497000	0.046120
0.497333	0.046245
0.497667	0.046335
0.498000	0.045648
0.498333	0.045882
0.498667	0.046599
0.499000	0.046541
0.499333	0.045547
0.499667	0.045247
0.500000	0.045656
0.500333	0.046417
0.500667	0.045267
0.501000	0.046514
0.501333	0.045699
0.501667	0.046942
0.502000	0.046191
0.502333	0.045695
0.502667	0.045689
0.503000	0.045614
0.503333	0.046227
0.503667	0.045783
0.504000	0.045705
0.504333	0.045880
0.504667	0.046212
0.505000	0.045967
0.505333	0.045538
0.505667	0.046171
0.506000	0.045477
0.506333	0.046001
0.506667	0.045645
0.507000	0.045940
0.507333	0.045991
0.507667	0.046188
0.508000	0.045833
0.508333	0.046174
0.508667	0.046529
0.509000	0.045961
0.509333	0.045825
0.509667	0.046355
0.510000	0.046252
0.510333	0.045433
0.510667	0.046193
0.511000	0.046063
0.511333	0.046498
0.511667	0.045799
0.512000	0.047156
0.512333	0.046597
0.512667	0.045318
0.513000	0.046599
0.513333	0.045850
0.513667	0.045699
0.514000	0.045361
0.514333	0.045325
0.514667	0.045040
0.515000	0.046579
0.515333	0.045624
0.515667	0.045814
0.516000	0.045464
0.516333	0.045203
0.516667	0.046140
0.517000	0.046146
0.517333	0.044980
0.517667	0.046120
0.518000	0.045662
0.518333	0.045807
0.518667	0.046236
0.519000	0.046985
0.519333	0.045998
0.519667	0.046148
0.520000	0.045726
0.520333	0.046040
0.520667	0.046273
0.521000	0.045951
0.521333	0.045728
0.521667	0.046371
0.522000	0.046458
0.522333	0.046491
0.522667	0.045905
0.523000	0.045694
0.523333	0.045621
0.523667	0.045359
0.524000	0.046022
0.524333	0.045680
0.524667	0.046323
0.525000	0.045297
0.525333	0.045658
0.525667	0.045820
0.526000	0.046121
0.526333	0.046153
0.526667	0.046244
0.527000	0.045958
0.527333	0.046215
0.527667	0.046802
0.528000	0.046318
0.528333	0.045480
0.528667	0.046688
0.529000	0.046384
0.529333	0.046196
0.529667	0.046341
0.530000	0.045644
0.530333	0.045708
0.530667	0.046647
0.531000	0.044161
0.531333	0.045793
0.531667	0.046321
0.532000	0.045624
0.532333	0.045547
0.532667	0.045794
0.533000	0.045775
0.533333	0.046140
0.533667	0.046120
0.534000	0.045219
0.534333	0.045298
0.534667	0.045506
0.535000	0.045455
0.535333	0.045404
0.535667	0.045523
0.536000	0.045906
0.536333	0.045453
0.536667	0.046246
0.537000	0.046185
0.537333	0.045514
0.537667	0.046140
0.538000	0.045562
0.538333	0.045953
0.538667	0.046880
0.539000	0.047003
0.539333	0.046521
0.539667	0.046109
0.540000	0.046419
0.540333	0.046108
0.540667	0.046063
0.541000	0.045992
0.541333	0.046045
0.541667	0.045353
0.542000	0.045070
0.542333	0.045273
0.542667	0.046424
0.543000	0.045371
0.543333	0.045877
0.543667	0.045776
0.544000	0.046856
0.544333	0.045781
0.544667	0.046160
0.545000	0.044895
0.545333	0.046152
0.545667	0.046603
0.546000	0.046035
0.546333	0.045173
0.546667	0.046442
0.547000	0.045903
0.547333	0.046236
0.547667	0.046797
0.548000	0.045674
0.548333	0.046489
0.548667	0.046182
0.549000	0.045571
0.549333	0.046190
0.549667	0.045619
0.550000	0.046439
0.550333	0.045741
0.550667	0.046995
0.551000	0.046452
0.551333	0.045850
0.551667	0.045689
0.552000	0.046209
0.552333	0.045669
0.552667	0.047334
0.553000	0.045594
0.553333	0.046044
0.553667	0.045718
0.554000	0.046248
0.554333	0.045666
0.554667	0.044761
0.555000	0.045385
0.555333	0.046355
0.555667	0.045344
0.556000	0.046457
0.556333	0.046062
0.556667	0.046594
0.557000	0.046228
0.557333	0.045780
0.557667	0.045474
0.558000	0.045462
0.558333	0.045504
0.558667	0.046819
0.559000	0.045943
0.559333	0.045983
0.559667	0.046557
0.560000	0.046417
0.560333	0.045525
0.560667	0.046781
0.561000	0.046164
0.561333	0.046056
0.561667	0.046099
0.562000	0.046699
0.562333	0.045784
0.562667	0.046434
0.563000	0.046474
0.563333	0.046975
0.563667	0.046140
0.564000	0.046712
0.564333	0.046332
0.564667	0.046288
0.565000	0.046439
0.565333	0.046321
0.565667	0.046517
0.566000	0.047127
0.566333	0.046543
0.566667	0.046717
0.567000	0.046405
0.567333	0.046355
0.567667	0.045827
0.568000	0.046991
0.568333	0.046801
0.568667	0.045700
0.569000	0.046279
0.569333	0.046738
0.569667	0.046229
0.570000	0.046301
0.570333	0.046628
0.570667	0.047008
0.571000	0.046617
0.571333	0.047701
0.571667	0.046230
0.572000	0.046455
0.572333	0.047017
0.572667	0.046229
0.573000	0.046304
0.573333	0.046396
0.573667	0.046793
0.574000	0.046397
0.574333	0.047069
0.574667	0.046301
0.575000	0.046995
0.575333	0.046065
0.575667	0.047487
0.576000	0.046600
0.576333	0.046850
0.576667	0.046528
0.577000	0.046311
0.577333	0.046273
0.577667	0.045825
0.578000	0.046590
0.578333	0.046251
0.578667	0.046226
0.579000	0.046340
0.579333	0.046360
0.579667	0.046541
0.580000	0.046393
0.580333	0.046645
0.580667	0.046126
0.581000	0.046661
0.581333	0.045598
0.581667	0.047057
0.582000	0.046940
0.582333	0.046291
0.582667	0.046517
0.583000	0.046562
0.583333	0.045543
0.583667	0.047228
0.584000	0.046761
0.584333	0.045849
0.584667	0.046991
0.585000	0.047130
0.585333	0.045914
0.585667	0.046255
0.586000	0.046512
0.586333	0.046885
0.586667	0.046435
0.587000	0.046813
0.587333	0.045910
0.587667	0.046554
0.588000	0.046005
0.588333	0.046377
0.588667	0.045986
0.589000	0.047180
0.589333	0.046332
0.589667	0.046964
0.590000	0.046573
0.590333	0.046407
0.590667	0.046206
0.591000	0.046725
0.591333	0.046984
0.591667	0.046414
0.592000	0.046434
0.592333	0.046331
0.592667	0.046110
0.593000	0.047306
0.593333	0.046636
0.593667	0.045826
0.594000	0.046567
0.594333	0.046834
0.594667	0.046709
0.595000	0.046738
0.595333	0.046701
0.595667	0.047019
0.596000	0.046989
0.596333	0.047085
0.596667	0.046616
0.597000	0.046292
0.597333	0.045999
0.597667	0.045257
0.598000	0.045838
0.598333	0.046147
0.598667	0.045751
0.599000	0.046445
0.599333	0.046601
0.599667	0.046223
0.600000	0.046559
0.600333	0.045775
0.600667	0.046199
0.601000	0.045713
0.601333	0.045706
0.601667	0.046698
0.602000	0.046798
0.602333	0.046159
0.602667	0.046806
0.603000	0.046621
0.603333	0.047271
0.603667	0.046789
0.604000	0.047049
0.604333	0.047002
0.604667	0.047526
0.605000	0.046829
0.605333	0.046478
0.605667	0.047597
0.606000	0.045477
0.606333	0.046815
0.606667	0.046681
0.607000	0.045599
0.607333	0.047144
0.607667	0.047262
0.608000	0.046913
0.608333	0.046692
0.608667	0.046462
0.609000	0.046562
0.609333	0.046804
0.609667	0.046586
0.610000	0.046771
0.610333	0.045883
0.610667	0.046866
0.611000	0.045812
0.611333	0.046072
0.611667	0.046857
0.612000	0.046876
0.612333	0.046550
0.612667	0.046242
0.613000	0.045847
0.613333	0.046372
0.613667	0.046147
0.614000	0.046590
0.614333	0.045951
0.614667	0.046010
0.615000	0.045533
0.615333	0.046440
0.615667	0.046787
0.616000	0.044959
0.616333	0.046175
0.616667	0.046621
0.617000	0.046404
0.617333	0.046026
0.617667	0.045681
0.618000	0.045850
0.618333	0.046531
0.618667	0.046037
0.619000	0.045247
0.619333	0.046139
0.619667	0.046118
0.620000	0.046386
0.620333	0.046554
0.620667	0.046014
0.621000	0.045913
0.621333	0.046022
0.621667	0.046533
0.622000	0.045863
0.622333	0.045740
0.622667	0.045931
0.623000	0.045943
0.623333	0.045228
0.623667	0.046069
0.624000	0.046090
0.624333	0.045892
0.624667	0.045742
0.625000	0.044947
0.625333	0.045292
0.625667	0.045838
0.626000	0.045481
0.626333	0.045611
0.626667	0.045733
0.627000	0.045065
0.627333	0.045262
0.627667	0.045675
0.628000	0.045783
0.628333	0.046230
0.628667	0.045636
0.629000	0.045502
0.629333	0.046453
0.629667	0.046360
0.630000	0.046706
0.630333	0.045496
0.630667	0.046153
0.631000	0.045939
0.631333	0.045931
0.631667	0.046377
0.632000	0.045360
0.632333	0.046371
0.632667	0.046203
0.633000	0.046124
0.633333	0.046405
0.633667	0.045901
0.634000	0.045462
0.634333	0.045735
0.634667	0.046591
0.635000	0.045959
0.635333	0.046409
0.635667	0.046676
0.636000	0.046666
0.636333	0.045864
0.636667	0.046101
0.637000	0.046723
0.637333	0.047656
0.637667	0.046518
0.638000	0.046575
0.638333	0.046602
0.638667	0.046088
0.639000	0.046893
0.639333	0.046142
0.639667	0.047146
0.640000	0.046540
0.640333	0.046488
0.640667	0.046491
0.641000	0.045948
0.641333	0.045558
0.641667	0.046711
0.642000	0.045701
0.642333	0.045914
0.642667	0.047292
0.643000	0.046953
0.643333	0.046219
0.643667	0.046996
0.644000	0.046260
0.644333	0.045657
0.644667	0.046916
0.645000	0.046483
0.645333	0.045930
0.645667	0.046358
0.646000	0.046019
0.646333	0.046730
0.646667	0.046297
0.647000	0.045910
0.647333	0.046133
0.647667	0.045961
0.648000	0.046268
0.648333	0.045876
0.648667	0.046451
0.649000	0.046553
0.649333	0.047079
0.649667	0.045851
0.650000	0.046693
0.650333	0.046775
0.650667	0.046605
0.651000	0.045891
0.651333	0.046008
0.651667	0.045301
0.652000	0.045578
0.652333	0.045866
0.652667	0.045324
0.653000	0.044567
0.653333	0.044883
0.653667	0.044129
0.654000	0.044834
0.654333	0.044777
0.654667	0.043881
0.655000	0.044041
0.655333	0.045047
0.655667	0.044837
0.656000	0.044151
0.656333	0.044399
0.656667	0.045027
0.657000	0.044615
0.657333	0.044284
0.657667	0.044629
0.658000	0.044375
0.658333	0.044206
0.658667	0.044679
0.659000	0.045270
0.659333	0.044291
0.659667	0.045565
0.660000	0.044767
0.660333	0.044949
0.660667	0.043941
0.661000	0.044300
0.661333	0.045944
0.661667	0.044531
0.662000	0.044528
0.662333	0.044703
0.662667	0.044726
0.663000	0.045089
0.663333	0.044739
0.663667	0.044468
0.664000	0.044840
0.664333	0.045592
0.664667	0.044913
0.665000	0.045514
0.665333	0.044150
0.665667	0.044863
0.666000	0.044512
0.666333	0.045377
0.666667	0.044404
0.667000	0.044222
0.667333	0.044662
0.667667	0.044795
0.668000	0.045044
0.668333	0.044354
0.668667	0.044061
0.669000	0.044842
0.669333	0.045019
0.669667	0.044276
0.670000	0.043854
0.670333	0.043985
0.670667	0.044659
0.671000	0.044739
0.671333	0.043217
0.671667	0.044354
0.672000	0.044657
0.672333	0.044433
0.672667	0.044364
0.673000	0.044328
0.673333	0.044314
0.673667	0.043983
0.674000	0.044792
0.674333	0.044712
0.674667	0.043663
0.675000	0.043556
0.675333	0.044285
0.675667	0.043739
0.676000	0.043421
0.676333	0.043460
0.676667	0.045001
0.677000	0.044773
0.677333	0.044216
0.677667	0.043218
0.678000	0.043780
0.678333	0.044051
0.678667	0.044910
0.679000	0.043967
0.679333	0.044173
0.679667	0.044538
0.680000	0.044065
0.680333	0.043993
0.680667	0.044391
0.681000	0.043487
0.681333	0.044118
0.681667	0.044877
0.682000	0.044307
0.682333	0.043954
0.682667	0.044705
0.683000	0.044692
0.683333	0.044600
0.683667	0.045384
0.684000	0.045375
0.684333	0.047222
0.684667	0.051117
0.685000	0.054496
0.685333	0.062522
0.685667	0.070217
0.686000	0.078143
0.686333	0.084924
0.686667	0.091682
0.687000	0.097863
0.687333	0.103797
0.687667	0.107883
0.688000	0.110420
0.688333	0.111159
0.688667	0.111009
0.689000	0.109397
0.689333	0.109151
0.689667	0.107774
0.690000	0.106737
0.690333	0.105942
0.690667	0.104024
0.691000	0.101763
0.691333	0.099919
0.691667	0.098875
0.692000	0.097659
0.692333	0.096063
0.692667	0.094844
0.693000	0.093323
0.693333	0.092658
0.693667	0.092237
0.694000	0.090965
0.694333	0.090227
0.694667	0.089713
0.695000	0.087599
0.695333	0.086321
0.695667	0.085271
0.696000	0.084999
0.696333	0.083602
0.696667	0.083392
0.697000	0.082158
0.697333	0.081115
0.697667	0.080840
0.698000	0.079838
0.698333	0.078778
0.698667	0.078697
0.699000	0.077541
0.699333	0.077797
0.699667	0.076084
0.700000	0.074901
0.700333	0.075149
0.700667	0.074829
0.701000	0.075123
0.701333	0.072993
0.701667	0.073400
0.702000	0.072735
0.702333	0.073063
0.702667	0.071001
0.703000	0.071144
0.703333	0.070289
0.703667	0.069423
0.704000	0.070020
0.704333	0.069021
0.704667	0.068076
0.705000	0.067484
0.705333	0.067369
0.705667	0.067624
0.706000	0.067090
0.706333	0.066681
0.706667	0.066695
0.707000	0.065653
0.707333	0.065502
0.707667	0.065730
0.708000	0.064331
0.708333	0.064640
0.708667	0.062883
0.709000	0.063157
0.709333	0.062991
0.709667	0.062256
0.710000	0.062228
0.710333	0.061271
0.710667	0.061741
0.711000	0.060215
0.711333	0.060762
0.711667	0.060275
0.712000	0.060682
0.712333	0.060413
0.712667	0.059937
0.713000	0.059932
0.713333	0.060310
0.713667	0.059368
0.714000	0.059355
0.714333	0.059476
0.714667	0.058667
0.715000	0.058314
0.715333	0.058106
0.715667	0.058081
0.716000	0.058031
0.716333	0.057005
0.716667	0.056367
0.717000	0.057663
0.717333	0.056229
0.717667	0.057176
0.718000	0.056619
0.718333	0.056835
0.718667	0.056341
0.719000	0.056240
0.719333	0.055537
0.719667	0.056024
0.720000	0.055225
0.720333	0.055216
0.720667	0.055273
0.721000	0.054342
0.721333	0.055436
0.721667	0.054884
0.722000	0.054479
0.722333	0.054209
0.722667	0.053830
0.723000	0.053701
0.723333	0.053934
0.723667	0.053645
0.724000	0.053754
0.724333	0.052179
0.724667	0.052974
0.725000	0.053113
0.725333	0.053330
0.725667	0.053585
0.726000	0.053657
0.726333	0.052643
0.726667	0.052868
0.727000	0.052269
0.727333	0.052762
0.727667	0.052197
0.728000	0.051904
0.728333	0.051503
0.728667	0.051730
0.729000	0.051094
0.729333	0.051332
0.729667	0.051454
0.730000	0.050215
0.730333	0.051392
0.730667	0.051106
0.731000	0.050444
0.731333	0.051959
0.731667	0.051214
0.732000	0.050651
0.732333	0.050419
0.732667	0.050221
0.733000	0.050269
0.733333	0.050753
0.733667	0.051017
0.734000	0.050448
0.734333	0.050315
0.734667	0.050377
0.735000	0.049487
0.735333	0.050097
0.735667	0.050098
0.736000	0.049671
0.736333	0.049010
0.736667	0.049149
0.737000	0.050339
0.737333	0.048378
0.737667	0.048887
0.738000	0.048694
0.738333	0.049294
0.738667	0.047975
0.739000	0.049060
0.739333	0.049649
0.739667	0.049232
0.740000	0.047350
0.740333	0.048327
0.740667	0.048521
0.741000	0.048334
0.741333	0.049074
0.741667	0.048442
0.742000	0.048994
0.742333	0.048325
0.742667	0.049199
0.743000	0.048413
0.743333	0.047682
0.743667	0.048182
0.744000	0.047886
0.744333	0.047112
0.744667	0.046972
0.745000	0.047480
0.745333	0.047428
0.745667	0.047438
0.746000	0.047407
0.746333	0.047139
0.746667	0.046463
0.747000	0.046107
0.747333	0.046121
0.747667	0.046737
0.748000	0.046767
0.748333	0.046445
0.748667	0.046941
0.749000	0.045997
0.749333	0.046238
0.749667	0.046234
0.750000	0.045545
0.750333	0.046453
0.750667	0.046973
0.751000	0.046794
0.751333	0.046509
0.751667	0.047240
0.752000	0.046493
0.752333	0.045900
0.752667	0.046215
0.753000	0.045225
0.753333	0.046594
0.753667	0.046021
0.754000	0.045692
0.754333	0.045915
0.754667	0.044870
0.755000	0.045397
0.755333	0.046144
0.755667	0.045830
0.756000	0.046435
0.756333	0.045685
0.756667	0.045929
0.757000	0.045858
0.757333	0.045323
0.757667	0.045567
0.758000	0.044832
0.758333	0.045550
0.758667	0.045502
0.759000	0.044793
0.759333	0.045817
0.759667	0.045532
0.760000	0.045357
0.760333	0.045181
0.760667	0.044437
0.761000	0.044276
0.761333	0.045243
0.761667	0.044767
0.762000	0.043942
0.762333	0.044710
0.762667	0.045241
0.763000	0.045367
0.763333	0.044813
0.763667	0.045263
0.764000	0.044743
0.764333	0.044932
0.764667	0.044985
0.765000	0.044676
0.765333	0.044751
0.765667	0.044483
0.766000	0.044388
0.766333	0.045281
0.766667	0.044217
0.767000	0.044732
0.767333	0.043883
0.767667	0.044297
0.768000	0.044277
0.768333	0.044599
0.768667	0.044443
0.769000	0.044988
0.769333	0.043632
0.769667	0.044774
0.770000	0.044288
0.770333	0.044209
0.770667	0.043482
0.771000	0.044489
0.771333	0.043944
0.771667	0.043731
0.772000	0.043745
0.772333	0.044087
0.772667	0.043523
0.773000	0.043735
0.773333	0.043165
0.773667	0.043168
0.774000	0.043706
0.774333	0.044202
0.774667	0.043153
0.775000	0.043685
0.775333	0.043358
0.775667	0.043808
0.776000	0.043444
0.776333	0.043039
0.776667	0.043229
0.777000	0.044704
0.777333	0.043358
0.777667	0.042902
0.778000	0.043187
0.778333	0.043601
0.778667	0.042741
0.779000	0.042050
0.779333	0.042952
0.779667	0.042713
0.780000	0.042145
0.780333	0.042825
0.780667	0.041903
0.781000	0.041516
0.781333	0.042753
0.781667	0.041262
0.782000	0.041619
0.782333	0.041622
0.782667	0.041288
0.783000	0.041989
0.783333	0.041668
0.783667	0.041870
0.784000	0.041217
0.784333	0.041592
0.784667	0.041316
0.785000	0.040935
0.785333	0.041286
0.785667	0.040233
0.786000	0.039952
0.786333	0.039698
0.786667	0.041133
0.787000	0.040632
0.787333	0.039629
0.787667	0.040360
0.788000	0.039446
0.788333	0.039701
0.788667	0.039910
0.789000	0.039713
0.789333	0.039023
0.789667	0.039403
0.790000	0.039776
0.790333	0.039574
0.790667	0.039888
0.791000	0.039267
0.791333	0.038793
0.791667	0.039726
0.792000	0.038786
0.792333	0.039367
0.792667	0.039108
0.793000	0.039557
0.793333	0.039613
0.793667	0.040057
0.794000	0.040379
0.794333	0.039684
0.794667	0.039804
0.795000	0.040019
0.795333	0.040605
0.795667	0.040865
0.796000	0.041439
0.796333	0.041010
0.796667	0.040982
0.797000	0.040798
0.797333	0.041225
0.797667	0.041557
0.798000	0.040974
0.798333	0.041375
0.798667	0.041432
0.799000	0.041305
0.799333	0.041840
0.799667	0.041731
0.800000	0.041489
0.800333	0.041562
0.800667	0.040706
0.801000	0.041464
0.801333	0.042006
0.801667	0.041821
0.802000	0.042707
0.802333	0.041575
0.802667	0.041946
0.803000	0.043074
0.803333	0.042031
0.803667	0.041619
0.804000	0.042058
0.804333	0.041532
0.804667	0.040988
0.805000	0.041800
0.805333	0.041429
0.805667	0.042183
0.806000	0.041958
0.806333	0.041803
0.806667	0.041712
0.807000	0.041121
0.807333	0.041278
0.807667	0.041796
0.808000	0.041556
0.808333	0.042128
0.808667	0.041595
0.809000	0.041695
0.809333	0.041532
0.809667	0.042328
0.810000	0.041927
0.810333	0.042050
0.810667	0.042505
0.811000	0.042193
0.811333	0.043100
0.811667	0.043134
0.812000	0.042282
0.812333	0.041153
0.812667	0.041483
0.813000	0.043112
0.813333	0.042477
0.813667	0.042414
0.814000	0.041833
0.814333	0.042680
0.814667	0.042224
0.815000	0.042134
0.815333	0.042235
0.815667	0.041428
0.816000	0.042902
0.816333	0.042066
0.816667	0.041676
0.817000	0.042804
0.817333	0.042273
0.817667	0.043047
0.818000	0.043635
0.818333	0.042588
0.818667	0.044368
0.819000	0.045902
0.819333	0.047778
0.819667	0.049955
0.820000	0.053651
0.820333	0.059771
0.820667	0.065291
0.821000	0.071558
0.821333	0.078355
0.821667	0.087253
0.822000	0.095963
0.822333	0.101316
0.822667	0.103171
0.823000	0.104880
0.823333	0.103571
0.823667	0.103023
0.824000	0.103075
0.824333	0.104316
0.824667	0.105153
0.825000	0.105734
0.825333	0.104697
0.825667	0.103085
0.826000	0.102200
0.826333	0.100095
0.826667	0.099392
0.827000	0.097815
0.827333	0.095831
0.827667	0.095287
0.828000	0.093289
0.828333	0.090718
0.828667	0.090819
0.829000	0.088616
0.829333	0.088293
0.829667	0.086365
0.830000	0.086134
0.830333	0.084405
0.830667	0.084589
0.831000	0.083784
0.831333	0.081867
0.831667	0.081691
0.832000	0.081989
0.832333	0.079816
0.832667	0.079852
0.833000	0.079727
0.833333	0.078411
0.833667	0.078173
0.834000	0.076204
0.834333	0.075850
0.834667	0.075115
0.835000	0.074808
0.835333	0.073923
0.835667	0.072646
0.836000	0.072500
0.836333	0.072187
0.836667	0.072447
0.837000	0.070975
0.837333	0.069944
0.837667	0.070026
0.838000	0.069901
0.838333	0.069872
0.838667	0.068866
0.839000	0.068262
0.839333	0.068065
0.839667	0.068474
0.840000	0.066846
0.840333	0.066949
0.840667	0.066294
0.841000	0.065842
0.841333	0.064996
0.841667	0.065304
0.842000	0.064636
0.842333	0.063631
0.842667	0.063823
0.843000	0.063796
0.843333	0.063155
0.843667	0.062876
0.844000	0.063153
0.844333	0.062054
0.844667	0.062281
0.845000	0.061225
0.845333	0.061154
0.845667	0.061666
0.846000	0.061184
0.846333	0.060245
0.846667	0.060234
0.847000	0.060675
0.847333	0.060008
0.847667	0.059225
0.848000	0.059425
0.848333	0.058724
0.848667	0.059033
0.849000	0.059438
0.849333	0.059149
0.849667	0.057435
0.850000	0.058728
0.850333	0.058430
0.850667	0.058130
0.851000	0.057312
0.851333	0.057614
0.851667	0.057763
0.852000	0.056658
0.852333	0.057167
0.852667	0.056624
0.853000	0.056727
0.853333	0.055459
0.853667	0.056042
0.854000	0.055776
0.854333	0.056245
0.854667	0.055630
0.855000	0.055575
0.855333	0.055098
0.855667	0.054769
0.856000	0.055604
0.856333	0.054117
0.856667	0.055239
0.857000	0.054355
0.857333	0.054499
0.857667	0.053904
0.858000	0.053776
0.858333	0.053311
0.858667	0.053799
0.859000	0.053437
0.859333	0.054181
0.859667	0.052663
0.860000	0.053100
0.860333	0.053575
0.860667	0.052177
0.861000	0.053557
0.861333	0.053322
0.861667	0.053630
0.862000	0.051832
0.862333	0.052752
0.862667	0.053234
0.863000	0.053163
0.863333	0.053190
0.863667	0.051932
0.864000	0.052311
0.864333	0.052121
0.864667	0.052725
0.865000	0.052278
0.865333	0.051560
0.865667	0.051662
0.866000	0.051205
0.866333	0.051305
0.866667	0.051505
0.867000	0.051493
0.867333	0.051086
0.867667	0.052053
0.868000	0.051420
0.868333	0.050688
0.868667	0.051073
0.869000	0.051320
0.869333	0.051254
0.869667	0.050666
0.870000	0.050832
0.870333	0.050158
0.870667	0.050604
0.871000	0.050461
0.871333	0.050385
0.871667	0.050307
0.872000	0.051016
0.872333	0.049650
0.872667	0.050188
0.873000	0.049578
0.873333	0.050222
0.873667	0.049552
0.874000	0.049997
0.874333	0.049592
0.874667	0.050655
0.875000	0.049261
0.875333	0.049267
0.875667	0.049394
0.876000	0.049307
0.876333	0.049551
0.876667	0.049030
0.877000	0.049535
0.877333	0.049132
0.877667	0.050250
0.878000	0.049336
0.878333	0.049731
0.878667	0.048604
0.879000	0.048838
0.879333	0.049138
0.879667	0.048703
0.880000	0.048500
0.880333	0.048694
0.880667	0.048210
0.881000	0.048450
0.881333	0.048409
0.881667	0.048881
0.882000	0.048318
0.882333	0.048342
0.882667	0.048788
0.883000	0.047679
0.883333	0.047748
0.883667	0.048702
0.884000	0.048374
0.884333	0.047392
0.884667	0.047721
0.885000	0.047278
0.885333	0.047697
0.885667	0.048204
0.886000	0.047057
0.886333	0.048445
0.886667	0.047479
0.887000	0.048241
0.887333	0.047876
0.887667	0.047500
0.888000	0.047859
0.888333	0.047117
0.888667	0.046970
0.889000	0.047619
0.889333	0.046977
0.889667	0.046761
0.890000	0.047676
0.890333	0.047315
0.890667	0.048659
0.891000	0.046345
0.891333	0.047944
0.891667	0.047535
0.892000	0.046842
0.892333	0.047534
0.892667	0.047752
0.893000	0.046942
0.893333	0.047610
0.893667	0.046950
0.894000	0.047049
0.894333	0.047115
0.894667	0.046193
0.895000	0.047499
0.895333	0.048089
0.895667	0.047179
0.896000	0.047480
0.896333	0.046972
0.896667	0.046702
0.897000	0.047004
0.897333	0.047053
0.897667	0.047189
0.898000	0.046820
0.898333	0.046945
0.898667	0.047048
0.899000	0.046292
0.899333	0.046938
0.899667	0.046870
0.900000	0.045623
0.900333	0.045914
0.900667	0.046970
0.901000	0.047261
0.901333	0.046807
0.901667	0.046385
0.902000	0.046448
0.902333	0.046203
0.902667	0.046333
0.903000	0.047321
0.903333	0.046118
0.903667	0.046400
0.904000	0.046387
0.904333	0.046503
0.904667	0.046586
0.905000	0.046328
0.905333	0.045979
0.905667	0.045672
0.906000	0.045667
0.906333	0.045703
0.906667	0.046338
0.907000	0.046367
0.907333	0.045051
0.907667	0.045856
0.908000	0.045715
0.908333	0.045849
0.908667	0.046801
0.909000	0.046364
0.909333	0.046485
0.909667	0.047083
0.910000	0.046310
0.910333	0.046468
0.910667	0.046748
0.911000	0.046968
0.911333	0.046577
0.911667	0.046883
0.912000	0.046062
0.912333	0.045669
0.912667	0.045794
0.913000	0.046794
0.913333	0.045338
0.913667	0.045352
0.914000	0.045734
0.914333	0.045981
0.914667	0.045700
0.915000	0.045440
0.915333	0.046006
0.915667	0.046036
0.916000	0.046417
0.916333	0.045050
0.916667	0.045665
0.917000	0.046093
0.917333	0.045912
0.917667	0.046209
0.918000	0.045622
0.918333	0.045491
0.918667	0.045337
0.919000	0.045102
0.919333	0.044863
0.919667	0.045231
0.920000	0.045237
0.920333	0.045502
0.920667	0.045672
0.921000	0.044831
0.921333	0.045521
0.921667	0.045515
0.922000	0.045076
0.922333	0.045203
0.922667	0.046238
0.923000	0.045594
0.923333	0.046010
0.923667	0.045048
0.924000	0.045605
0.924333	0.044864
0.924667	0.046173
0.925000	0.045211
0.925333	0.043889
0.925667	0.044967
0.926000	0.045944
0.926333	0.044642
0.926667	0.045191
0.927000	0.045123
0.927333	0.045088
0.927667	0.045294
0.928000	0.044842
0.928333	0.045027
0.928667	0.044990
0.929000	0.044769
0.929333	0.044980
0.929667	0.044330
0.930000	0.045424
0.930333	0.044036
0.930667	0.044916
0.931000	0.045549
0.931333	0.044500
0.931667	0.044791
0.932000	0.045517
0.932333	0.045988
0.932667	0.044586
0.933000	0.045239
0.933333	0.044696
0.933667	0.044439
0.934000	0.044838
0.934333	0.045101
0.934667	0.045165
0.935000	0.044699
0.935333	0.044030
0.935667	0.044055
0.936000	0.044506
0.936333	0.045413
0.936667	0.044216
0.937000	0.044678
0.937333	0.044256
0.937667	0.044530
0.938000	0.044735
0.938333	0.044883
0.938667	0.044976
0.939000	0.044950
0.939333	0.045410
0.939667	0.044662
0.940000	0.044398
0.940333	0.045374
0.940667	0.044963
0.941000	0.044568
0.941333	0.043895
0.941667	0.043775
0.942000	0.044561
0.942333	0.044875
0.942667	0.044650
0.943000	0.043794
0.943333	0.044350
0.943667	0.044916
0.944000	0.045259
0.944333	0.044219
0.944667	0.043940
0.945000	0.044782
0.945333	0.044826
0.945667	0.044903
0.946000	0.043966
0.946333	0.044491
0.946667	0.044033
0.947000	0.044839
0.947333	0.043782
0.947667	0.043641
0.948000	0.044433
0.948333	0.044161
0.948667	0.043950
0.949000	0.044366
0.949333	0.043598
0.949667	0.043415
0.950000	0.044112
0.950333	0.043945
0.950667	0.043908
0.951000	0.043848
0.951333	0.043512
0.951667	0.043231
0.952000	0.044289
0.952333	0.043996
0.952667	0.044226
0.953000	0.043857
0.953333	0.042915
0.953667	0.043091
0.954000	0.043817
0.954333	0.044234
0.954667	0.043656
0.955000	0.044830
0.955333	0.043951
0.955667	0.043503
0.956000	0.043219
0.956333	0.044046
0.956667	0.043140
0.957000	0.043785
0.957333	0.044053
0.957667	0.042489
0.958000	0.044408
0.958333	0.044003
0.958667	0.044267
0.959000	0.045118
0.959333	0.043433
0.959667	0.044271
0.960000	0.043663
0.960333	0.043550
0.960667	0.044077
0.961000	0.044541
0.961333	0.044488
0.961667	0.044674
0.962000	0.044011
0.962333	0.042934
0.962667	0.043503
0.963000	0.044368
0.963333	0.044082
0.963667	0.043779
0.964000	0.043594
0.964333	0.044343
0.964667	0.044551
0.965000	0.043869
0.965333	0.043751
0.965667	0.044020
0.966000	0.043771
0.966333	0.044047
0.966667	0.044546
0.967000	0.044854
0.967333	0.043653
0.967667	0.043989
0.968000	0.044138
0.968333	0.043509
0.968667	0.044632
0.969000	0.044230
0.969333	0.043829
0.969667	0.044442
0.970000	0.043141
0.970333	0.044159
0.970667	0.043490
0.971000	0.043886
0.971333	0.043072
0.971667	0.044012
0.972000	0.044055
0.972333	0.043727
0.972667	0.043762
0.973000	0.044325
0.973333	0.043608
0.973667	0.043925
0.974000	0.044007
0.974333	0.043945
0.974667	0.043061
0.975000	0.044049
0.975333	0.043969
0.975667	0.044329
0.976000	0.044464
0.976333	0.044576
0.976667	0.044689
0.977000	0.044236
0.977333	0.044241
0.977667	0.043754
0.978000	0.044180
0.978333	0.044408
0.978667	0.043714
0.979000	0.043829
0.979333	0.044845
0.979667	0.043785
0.980000	0.044221
0.980333	0.043212
0.980667	0.044368
0.981000	0.043232
0.981333	0.044373
0.981667	0.044290
0.982000	0.043543
0.982333	0.043897
0.982667	0.043879
0.983000	0.043012
0.983333	0.043829
0.983667	0.043700
0.984000	0.044154
0.984333	0.043258
0.984667	0.043688
0.985000	0.045177
0.985333	0.044265
0.985667	0.044621
0.986000	0.043754
0.986333	0.044530
0.986667	0.044407
0.987000	0.043662
0.987333	0.043981
0.987667	0.044264
0.988000	0.044800
0.988333	0.043358
0.988667	0.044480
0.989000	0.044432
0.989333	0.043803
0.989667	0.043508
0.990000	0.043646
0.990333	0.043761
0.990667	0.044067
0.991000	0.043902
0.991333	0.044202
0.991667	0.043708
0.992000	0.043601
0.992333	0.043417
0.992667	0.044122
0.993000	0.044070
0.993333	0.043102
0.993667	0.043478
0.994000	0.044159
0.994333	0.043693
0.994667	0.043804
0.995000	0.042867
0.995333	0.043665
0.995667	0.044145
0.996000	0.043946
0.996333	0.043496
0.996667	0.044105
0.997000	0.043951
0.997333	0.043654
0.997667	0.043409
0.998000	0.043857
0.998333	0.042905
0.998667	0.043541
0.999000	0.043840
0.999333	0.044248
0.999667	0.044280
1.000000	0.044128
1.000333	0.053077
1.000667	0.054343
1.001000	0.053821
1.001333	0.052775
1.001667	0.053233
1.002000	0.052854
1.002333	0.053347
1.002667	0.053353
1.003000	0.052679
1.003333	0.052713
1.003667	0.052604
1.004000	0.052268
1.004333	0.052486
1.004667	0.051989
1.005000	0.052652
1.005333	0.051770
1.005667	0.051559
1.006000	0.051821
1.006333	0.051471
1.006667	0.052403
1.007000	0.051904
1.007333	0.052460
1.007667	0.051584
1.008000	0.052165
1.008333	0.051486
1.008667	0.051919
1.009000	0.051236
1.009333	0.050620
1.009667	0.050776
1.010000	0.051338
1.010333	0.051639
1.010667	0.050879
1.011000	0.050705
1.011333	0.051095
1.011667	0.050826
1.012000	0.051118
1.012333	0.051175
1.012667	0.050860
1.013000	0.051258
1.013333	0.050629
1.013667	0.049641
1.014000	0.051088
1.014333	0.050895
1.014667	0.050718
1.015000	0.050155
1.015333	0.050191
1.015667	0.049868
1.016000	0.050959
1.016333	0.050571
1.016667	0.049909
1.017000	0.049894
1.017333	0.049904
1.017667	0.050448
1.018000	0.050114
1.018333	0.050009
1.018667	0.049477
1.019000	0.049238
1.019333	0.049880
1.019667	0.050164
1.020000	0.049805
1.020333	0.049858
1.020667	0.050214
1.021000	0.050137
1.021333	0.048839
1.021667	0.048785
1.022000	0.049548
1.022333	0.048937
1.022667	0.049523
1.023000	0.049028
1.023333	0.049838
1.023667	0.049239
1.024000	0.049592
1.024333	0.049573
1.024667	0.049454
1.025000	0.048734
1.025333	0.048665
1.025667	0.048577
1.026000	0.049195
1.026333	0.049040
1.026667	0.048888
1.027000	0.048464
1.027333	0.049001
1.027667	0.049393
1.028000	0.049575
1.028333	0.048289
1.028667	0.048028
1.029000	0.048360
1.029333	0.048599
1.029667	0.048072
1.030000	0.049017
1.030333	0.048243
1.030667	0.048676
1.031000	0.049030
1.031333	0.049357
1.031667	0.048779
1.032000	0.049041
1.032333	0.048279
1.032667	0.048628
1.033000	0.049107
1.033333	0.047970
1.033667	0.049297
1.034000	0.047672
1.034333	0.048016
1.034667	0.047856
1.035000	0.048322
1.035333	0.048261
1.035667	0.047706
1.036000	0.048561
1.036333	0.048287
1.036667	0.048134
1.037000	0.048403
1.037333	0.048284
1.037667	0.048193
1.038000	0.048029
1.038333	0.048400
1.038667	0.047848
1.039000	0.048258
1.039333	0.047370
1.039667	0.047907
1.040000	0.048682
1.040333	0.047313
1.040667	0.048795
1.041000	0.048200
1.041333	0.048557
1.041667	0.047082
1.042000	0.047121
1.042333	0.047653
1.042667	0.047918
1.043000	0.048253
1.043333	0.048712
1.043667	0.047766
1.044000	0.047988
1.044333	0.046832
1.044667	0.048047
1.045000	0.048557
1.045333	0.048491
1.045667	0.048439
1.046000	0.048226
1.046333	0.047402
1.046667	0.047530
1.047000	0.048464
1.047333	0.047973
1.047667	0.047063
1.048000	0.047543
1.048333	0.048143
1.048667	0.048522
1.049000	0.047974
1.049333	0.048326
1.049667	0.047434
1.050000	0.047715
1.050333	0.047749
1.050667	0.047783
1.051000	0.048456
1.051333	0.046856
1.051667	0.048095
1.052000	0.047834
1.052333	0.048253
1.052667	0.046886
1.053000	0.048310
1.053333	0.046955
1.053667	0.047556
1.054000	0.048261
1.054333	0.048232
1.054667	0.047547
1.055000	0.047976
1.055333	0.047718
1.055667	0.048084
1.056000	0.047535
1.056333	0.047761
1.056667	0.047522
1.057000	0.048036
1.057333	0.048345
1.057667	0.047586
1.058000	0.047523
1.058333	0.048155
1.058667	0.047072
1.059000	0.047691
1.059333	0.047135
1.059667	0.047452
1.060000	0.048731
1.060333	0.046972
1.060667	0.047523
1.061000	0.047200
1.061333	0.047935
1.061667	0.047807
1.062000	0.047610
1.062333	0.046928
1.062667	0.047546
1.063000	0.047787
1.063333	0.047993
1.063667	0.047888
1.064000	0.047208
1.064333	0.048326
1.064667	0.047254
1.065000	0.047548
1.065333	0.047349
1.065667	0.047686
1.066000	0.047659
1.066333	0.047952
1.066667	0.046562
1.067000	0.047662
1.067333	0.047953
1.067667	0.046904
1.068000	0.048210
1.068333	0.046875
1.068667	0.047896
1.069000	0.047074
1.069333	0.047871
1.069667	0.048190
1.070000	0.047248
1.070333	0.048263
1.070667	0.048329
1.071000	0.046793
1.071333	0.047423
1.071667	0.047319
1.072000	0.047263
1.072333	0.046947
1.072667	0.047955
1.073000	0.046976
1.073333	0.046974
1.073667	0.047580
1.074000	0.047341
1.074333	0.046502
1.074667	0.046837
1.075000	0.047483
1.075333	0.047108
1.075667	0.047603
1.076000	0.048435
1.076333	0.046991
1.076667	0.047735
1.077000	0.047041
1.077333	0.047305
1.077667	0.047418
1.078000	0.047080
1.078333	0.047475
1.078667	0.047656
1.079000	0.047788
1.079333	0.047758
1.079667	0.048007
1.080000	0.046870
1.080333	0.047927
1.080667	0.047064
1.081000	0.047338
1.081333	0.047115
1.081667	0.047406
1.082000	0.047857
1.082333	0.048050
1.082667	0.046745
1.083000	0.047825
1.083333	0.046674
1.083667	0.047250
1.084000	0.047479
1.084333	0.047208
1.084667	0.046845
1.085000	0.046499
1.085333	0.047789
1.085667	0.048285
1.086000	0.046547
1.086333	0.046372
1.086667	0.046972
1.087000	0.046787
1.087333	0.047521
1.087667	0.047331
1.088000	0.046431
1.088333	0.046613
1.088667	0.047281
1.089000	0.047740
1.089333	0.046266
1.089667	0.047133
1.090000	0.046309
1.090333	0.046986
1.090667	0.047020
1.091000	0.046730
1.091333	0.047849
1.091667	0.047308
1.092000	0.047443
1.092333	0.047446
1.092667	0.047022
1.093000	0.047350
1.093333	0.047773
1.093667	0.046967
1.094000	0.047154
1.094333	0.047074
1.094667	0.047489
1.095000	0.047763
1.095333	0.047264
1.095667	0.047305
1.096000	0.046676
1.096333	0.047487
1.096667	0.047001
1.097000	0.046984
1.097333	0.046921
1.097667	0.046977
1.098000	0.046734
1.098333	0.047700
1.098667	0.047070
1.099000	0.046603
1.099333	0.047737
1.099667	0.047220
1.100000	0.047252
1.100333	0.047052
1.100667	0.046676
1.101000	0.047435
1.101333	0.047122
1.101667	0.046549
1.102000	0.047401
1.102333	0.047156
1.102667	0.047919
1.103000	0.047245
1.103333	0.047506
1.103667	0.047120
1.104000	0.047116
1.104333	0.046243
1.104667	0.046957
1.105000	0.046869
1.105333	0.047850
1.105667	0.047274
1.106000	0.047317
1.106333	0.046519
1.106667	0.047064
1.107000	0.047382
1.107333	0.046974
1.107667	0.046252
1.108000	0.047864
1.108333	0.047172
1.108667	0.048493
1.109000	0.046225
1.109333	0.046927
1.109667	0.047235
1.110000	0.046782
1.110333	0.047064
1.110667	0.046356
1.111000	0.047207
1.111333	0.046507
1.111667	0.046764
1.112000	0.047675
1.112333	0.047450
1.112667	0.047078
1.113000	0.048059
1.113333	0.047012
1.113667	0.047148
1.114000	0.047065
1.114333	0.046996
1.114667	0.046724
1.115000	0.046871
1.115333	0.046606
1.115667	0.046611
1.116000	0.046411
1.116333	0.046779
1.116667	0.047382
1.117000	0.047681
1.117333	0.046528
1.117667	0.046678
1.118000	0.046956
1.118333	0.047705
1.118667	0.047166
1.119000	0.047174
1.119333	0.046685
1.119667	0.046724
1.120000	0.046855
1.120333	0.046712
1.120667	0.046600
1.121000	0.046914
1.121333	0.046461
1.121667	0.047188
1.122000	0.045991
1.122333	0.046165
1.122667	0.046240
1.123000	0.046283
1.123333	0.046106
1.123667	0.046665
1.124000	0.046690
1.124333	0.046827
1.124667	0.046627
1.125000	0.046736
1.125333	0.046749
1.125667	0.046532
1.126000	0.046066
1.126333	0.046944
1.126667	0.047399
1.127000	0.047922
1.127333	0.046771
1.127667	0.047128
1.128000	0.046543
1.128333	0.046652
1.128667	0.047201
1.129000	0.046954
1.129333	0.047022
1.129667	0.046197
1.130000	0.047156
1.130333	0.046095
1.130667	0.046366
1.131000	0.046291
1.131333	0.047275
1.131667	0.046954
1.132000	0.047238
1.132333	0.046640
1.132667	0.046170
1.133000	0.046803
1.133333	0.046765
1.133667	0.046688
1.134000	0.047055
1.134333	0.046816
1.134667	0.046802
1.135000	0.047458
1.135333	0.046322
1.135667	0.047459
1.136000	0.046998
1.136333	0.047042
1.136667	0.046595
1.137000	0.046928
1.137333	0.046386
1.137667	0.046673
1.138000	0.047407
1.138333	0.047846
1.138667	0.048304
1.139000	0.048131
1.139333	0.046904
1.139667	0.047517
1.140000	0.047440
1.140333	0.047243
1.140667	0.047101
1.141000	0.047553
1.141333	0.047267
1.141667	0.046879
1.142000	0.047253
1.142333	0.046637
1.142667	0.046914
1.143000	0.046692
1.143333	0.047111
1.143667	0.047010
1.144000	0.046406
1.144333	0.047005
1.144667	0.047001
1.145000	0.045815
1.145333	0.047176
1.145667	0.046544
1.146000	0.047180
1.146333	0.047636
1.146667	0.047750
1.147000	0.048339
1.147333	0.047982
1.147667	0.047080
1.148000	0.049013
1.148333	0.047233
1.148667	0.047373
1.149000	0.046745
1.149333	0.047823
1.149667	0.046741
1.150000	0.047492
1.150333	0.046591
1.150667	0.046001
1.151000	0.046406
1.151333	0.046955
1.151667	0.046898
1.152000	0.046785
1.152333	0.046764
1.152667	0.046898
1.153000	0.047163
1.153333	0.047702
1.153667	0.046966
1.154000	0.047684
1.154333	0.047995
1.154667	0.048008
1.155000	0.046775
1.155333	0.047969
1.155667	0.048003
1.156000	0.046756
1.156333	0.046873
1.156667	0.046884
1.157000	0.046447
1.157333	0.045970
1.157667	0.047243
1.158000	0.046881
1.158333	0.047303
1.158667	0.047135
1.159000	0.046368
1.159333	0.047535
1.159667	0.046373
1.160000	0.047573
1.160333	0.048158
1.160667	0.047597
1.161000	0.047300
1.161333	0.047270
1.161667	0.047030
1.162000	0.047530
1.162333	0.047348
1.162667	0.047945
1.163000	0.047330
1.163333	0.046817
1.163667	0.047677
1.164000	0.047688
1.164333	0.048244
1.164667	0.047018
1.165000	0.047501
1.165333	0.047091
1.165667	0.047304
1.166000	0.048036
1.166333	0.047438
1.166667	0.048499
1.167000	0.047136
1.167333	0.047663
1.167667	0.047436
1.168000	0.047998
1.168333	0.049631
1.168667	0.049396
1.169000	0.050409
1.169333	0.053417
1.169667	0.057143
1.170000	0.063256
1.170333	0.068206
1.170667	0.071187
1.171000	0.073623
1.171333	0.076159
1.171667	0.076312
1.172000	0.076915
1.172333	0.076956
1.172667	0.078279
1.173000	0.077039
1.173333	0.076630
1.173667	0.077210
1.174000	0.077510
1.174333	0.076496
1.174667	0.076138
1.175000	0.075103
1.175333	0.075691
1.175667	0.074858
1.176000	0.073413
1.176333	0.073705
1.176667	0.073289
1.177000	0.072378
1.177333	0.072903
1.177667	0.071681
1.178000	0.070675
1.178333	0.071402
1.178667	0.070414
1.179000	0.070134
1.179333	0.070135
1.179667	0.070512
1.180000	0.069999
1.180333	0.069206
1.180667	0.069371
1.181000	0.068748
1.181333	0.068726
1.181667	0.068634
1.182000	0.068353
1.182333	0.066944
1.182667	0.066338
1.183000	0.065875
1.183333	0.066133
1.183667	0.064995
1.184000	0.064740
1.184333	0.064668
1.184667	0.064314
1.185000	0.064668
1.185333	0.064158
1.185667	0.064356
1.186000	0.063400
1.186333	0.063384
1.186667	0.063125
1.187000	0.062343
1.187333	0.062159
1.187667	0.061914
1.188000	0.061705
1.188333	0.062357
1.188667	0.061021
1.189000	0.061066
1.189333	0.060722
1.189667	0.060281
1.190000	0.060572
1.190333	0.059665
1.190667	0.060141
1.191000	0.059538
1.191333	0.058785
1.191667	0.059157
1.192000	0.057883
1.192333	0.058349
1.192667	0.058027
1.193000	0.057411
1.193333	0.057790
1.193667	0.057559
1.194000	0.057217
1.194333	0.057703
1.194667	0.057190
1.195000	0.057265
1.195333	0.056108
1.195667	0.056630
1.196000	0.056613
1.196333	0.057234
1.196667	0.056551
1.197000	0.055298
1.197333	0.055557
1.197667	0.055152
1.198000	0.055484
1.198333	0.055020
1.198667	0.054807
1.199000	0.055061
1.199333	0.054807
1.199667	0.054182
1.200000	0.055289
1.200333	0.054373
1.200667	0.054189
1.201000	0.054083
1.201333	0.054637
1.201667	0.055293
1.202000	0.054760
1.202333	0.053784
1.202667	0.054530
1.203000	0.054601
1.203333	0.053270
1.203667	0.053296
1.204000	0.053866
1.204333	0.053516
1.204667	0.053178
1.205000	0.052321
1.205333	0.052158
1.205667	0.053217
1.206000	0.053074
1.206333	0.053160
1.206667	0.053754
1.207000	0.052533
1.207333	0.052018
1.207667	0.053112
1.208000	0.052196
1.208333	0.052562
1.208667	0.051469
1.209000	0.052749
1.209333	0.051326
1.209667	0.052129
1.210000	0.052283
1.210333	0.052101
1.210667	0.051527
1.211000	0.051660
1.211333	0.052624
1.211667	0.052313
1.212000	0.051641
1.212333	0.051570
1.212667	0.051304
1.213000	0.051558
1.213333	0.051221
1.213667	0.051398
1.214000	0.050941
1.214333	0.052028
1.214667	0.051414
1.215000	0.049868
1.215333	0.050640
1.215667	0.050734
1.216000	0.050927
1.216333	0.050943
1.216667	0.050856
1.217000	0.050203
1.217333	0.049979
1.217667	0.050250
1.218000	0.050155
1.218333	0.049976
1.218667	0.050031
1.219000	0.050703
1.219333	0.050725
1.219667	0.050728
1.220000	0.050261
1.220333	0.050870
1.220667	0.050098
1.221000	0.049766
1.221333	0.049653
1.221667	0.051006
1.222000	0.049997
1.222333	0.049960
1.222667	0.049668
1.223000	0.050495
1.223333	0.050199
1.223667	0.049894
1.224000	0.049315
1.224333	0.049518
1.224667	0.049440
1.225000	0.049919
1.225333	0.050072
1.225667	0.049982
1.226000	0.049140
1.226333	0.049375
1.226667	0.049663
1.227000	0.049486
1.227333	0.049521
1.227667	0.049834
1.228000	0.049663
1.228333	0.048708
1.228667	0.049418
1.229000	0.049734
1.229333	0.049867
1.229667	0.049492
1.230000	0.048745
1.230333	0.050183
1.230667	0.049063
1.231000	0.049828
1.231333	0.049288
1.231667	0.049364
1.232000	0.048964
1.232333	0.049143
1.232667	0.049109
1.233000	0.049325
1.233333	0.049169
1.233667	0.049402
1.234000	0.048360
1.234333	0.049651
1.234667	0.049215
1.235000	0.048631
1.235333	0.048927
1.235667	0.048307
1.236000	0.048908
1.236333	0.049226
1.236667	0.047970
1.237000	0.049076
1.237333	0.048417
1.237667	0.049091
1.238000	0.048920
1.238333	0.049239
1.238667	0.048742
1.239000	0.048749
1.239333	0.048200
1.239667	0.048224
1.240000	0.048821
1.240333	0.049093
1.240667	0.048525
1.241000	0.047882
1.241333	0.047871
1.241667	0.048687
1.242000	0.048141
1.242333	0.048165
1.242667	0.047330
1.243000	0.047929
1.243333	0.048548
1.243667	0.047738
1.244000	0.048828
1.244333	0.048567
1.244667	0.048085
1.245000	0.047936
1.245333	0.047665
1.245667	0.048235
1.246000	0.047893
1.246333	0.048480
1.246667	0.047521
1.247000	0.048823
1.247333	0.048091
1.247667	0.048113
1.248000	0.047934
1.248333	0.047658
1.248667	0.047963
1.249000	0.047511
1.249333	0.047745
1.249667	0.047527
1.250000	0.047489
1.250333	0.047622
1.250667	0.048116
1.251000	0.048124
1.251333	0.048137
1.251667	0.048409
1.252000	0.047714
1.252333	0.048247
1.252667	0.047868
1.253000	0.048011
1.253333	0.048114
1.253667	0.048370
1.254000	0.048115
1.254333	0.048365
1.254667	0.048110
1.255000	0.048156
1.255333	0.047974
1.255667	0.048124
1.256000	0.047976
1.256333	0.048724
1.256667	0.048533
1.257000	0.047832
1.257333	0.047301
1.257667	0.047778
1.258000	0.048023
1.258333	0.048466
1.258667	0.048484
1.259000	0.048308
1.259333	0.047546
1.259667	0.047341
1.260000	0.048543
1.260333	0.048055
1.260667	0.047382
1.261000	0.048821
1.261333	0.048231
1.261667	0.049666
1.262000	0.048119
1.262333	0.047971
1.262667	0.047896
1.263000	0.047968
1.263333	0.047869
1.263667	0.048311
1.264000	0.048007
1.264333	0.047873
1.264667	0.047703
1.265000	0.047371
1.265333	0.047573
1.265667	0.047074
1.266000	0.048335
1.266333	0.047785
1.266667	0.048517
1.267000	0.047414
1.267333	0.047222
1.267667	0.048316
1.268000	0.047785
1.268333	0.047070
1.268667	0.048197
1.269000	0.048505
1.269333	0.048506
1.269667	0.048117
1.270000	0.047911
1.270333	0.047977
1.270667	0.047347
1.271000	0.048008
1.271333	0.047571
1.271667	0.047266
1.272000	0.048164
1.272333	0.048058
1.272667	0.048414
1.273000	0.048420
1.273333	0.047585
1.273667	0.047921
1.274000	0.048264
1.274333	0.048005
1.274667	0.047920
1.275000	0.048769
1.275333	0.048565
1.275667	0.048180
1.276000	0.048042
1.276333	0.048086
1.276667	0.047212
1.277000	0.048145
1.277333	0.047671
1.277667	0.048115
1.278000	0.048384
1.278333	0.047919
1.278667	0.048443
1.279000	0.048297
1.279333	0.048107
1.279667	0.048164
1.280000	0.048166
1.280333	0.048239
1.280667	0.049477
1.281000	0.049003
1.281333	0.048257
1.281667	0.048150
1.282000	0.048575
1.282333	0.049190
1.282667	0.048384
1.283000	0.048269
1.283333	0.048385
1.283667	0.049549
1.284000	0.047561
1.284333	0.048353
1.284667	0.047346
1.285000	0.048245
1.285333	0.048227
1.285667	0.048700
1.286000	0.048310
1.286333	0.048448
1.286667	0.048309
1.287000	0.048386
1.287333	0.047984
1.287667	0.048237
1.288000	0.048113
1.288333	0.048448
1.288667	0.048337
1.289000	0.048081
1.289333	0.048531
1.289667	0.047929
1.290000	0.049354
1.290333	0.047360
1.290667	0.048763
1.291000	0.049136
1.291333	0.048755
1.291667	0.048657
1.292000	0.048761
1.292333	0.048679
1.292667	0.048564
1.293000	0.048364
1.293333	0.049217
1.293667	0.048910
1.294000	0.048604
1.294333	0.048276
1.294667	0.049018
1.295000	0.048674
1.295333	0.048196
1.295667	0.047901
1.296000	0.048991
1.296333	0.048285
1.296667	0.048526
1.297000	0.048783
1.297333	0.048318
1.297667	0.047569
1.298000	0.048480
1.298333	0.049304
1.298667	0.049463
1.299000	0.047773
1.299333	0.048481
1.299667	0.048556
1.300000	0.049250
1.300333	0.048374
1.300667	0.048959
1.301000	0.048615
1.301333	0.048544
1.301667	0.047856
1.302000	0.048075
1.302333	0.048684
1.302667	0.049082
1.303000	0.049665
1.303333	0.048239
1.303667	0.048343
1.304000	0.048629
1.304333	0.048833
1.304667	0.049127
1.305000	0.049333
1.305333	0.048469
1.305667	0.049551
1.306000	0.048908
1.306333	0.048714
1.306667	0.048746
1.307000	0.048604
1.307333	0.048136
1.307667	0.048829
1.308000	0.048322
1.308333	0.048583
1.308667	0.048393
1.309000	0.048511
1.309333	0.048592
1.309667	0.048530
1.310000	0.048584
1.310333	0.048616
1.310667	0.048442
1.311000	0.048053
1.311333	0.048530
1.311667	0.049556
1.312000	0.048253
1.312333	0.048535
1.312667	0.049093
1.313000	0.048597
1.313333	0.048583
1.313667	0.049102
1.314000	0.049064
1.314333	0.049316
1.314667	0.048248
1.315000	0.048437
1.315333	0.048191
1.315667	0.049483
1.316000	0.048403
1.316333	0.049270
1.316667	0.049143
1.317000	0.047828
1.317333	0.048203
1.317667	0.047787
1.318000	0.048746
1.318333	0.048371
1.318667	0.048144
1.319000	0.048020
1.319333	0.047519
1.319667	0.047911
1.320000	0.047941
1.320333	0.049052
1.320667	0.048029
1.321000	0.048291
1.321333	0.048620
1.321667	0.047848
1.322000	0.047895
1.322333	0.048595
1.322667	0.048446
1.323000	0.047878
1.323333	0.047696
1.323667	0.047961
1.324000	0.049012
1.324333	0.047925
1.324667	0.047825
1.325000	0.047600
1.325333	0.046908
1.325667	0.048327
1.326000	0.047216
1.326333	0.047305
1.326667	0.047629
1.327000	0.047221
1.327333	0.047850
1.327667	0.048218
1.328000	0.047930
1.328333	0.047502
1.328667	0.047181
1.329000	0.047641
1.329333	0.048211
1.329667	0.048473
1.330000	0.047613
1.330333	0.048722
1.330667	0.049105
1.331000	0.047757
1.331333	0.047504
1.331667	0.047169
1.332000	0.047128
1.332333	0.047726
1.332667	0.048392
1.333000	0.048628
1.333333	0.048168
1.333667	0.048151
1.334000	0.047129
1.334333	0.047977
1.334667	0.047703
1.335000	0.047537
1.335333	0.048062
1.335667	0.048175
1.336000	0.048638
1.336333	0.049055
1.336667	0.048281
1.337000	0.048393
1.337333	0.048670
1.337667	0.049078
1.338000	0.049694
1.338333	0.048110
1.338667	0.047771
1.339000	0.047421
1.339333	0.047432
1.339667	0.047630
1.340000	0.047895
1.340333	0.047645
1.340667	0.046342
1.341000	0.045850
1.341333	0.046813
1.341667	0.046674
1.342000	0.046918
1.342333	0.046536
1.342667	0.047282
1.343000	0.047436
1.343333	0.046870
1.343667	0.048070
1.344000	0.048218
1.344333	0.047571
1.344667	0.048670
1.345000	0.048314
1.345333	0.049065
1.345667	0.048526
1.346000	0.048180
1.346333	0.048755
1.346667	0.048895
1.347000	0.047614
1.347333	0.048264
1.347667	0.047552
1.348000	0.047401
1.348333	0.047164
1.348667	0.047608
1.349000	0.048220
1.349333	0.047356
1.349667	0.047038
1.350000	0.047363
1.350333	0.047579
1.350667	0.046986
1.351000	0.046411
1.351333	0.047433
1.351667	0.047570
1.352000	0.046935
1.352333	0.046890
1.352667	0.048413
1.353000	0.047446
1.353333	0.048547
1.353667	0.047129
1.354000	0.047760
1.354333	0.047632
1.354667	0.047963
1.355000	0.047752
1.355333	0.048189
1.355667	0.048218
1.356000	0.047379
1.356333	0.047819
1.356667	0.048319
1.357000	0.047285
1.357333	0.047698
1.357667	0.047418
1.358000	0.047555
1.358333	0.047033
1.358667	0.046762
1.359000	0.046969
1.359333	0.047285
1.359667	0.046674
1.360000	0.046739
1.360333	0.046199
1.360667	0.046706
1.361000	0.045469
1.361333	0.046309
1.361667	0.046405
1.362000	0.045943
1.362333	0.045830
1.362667	0.045511
1.363000	0.045492
1.363333	0.046037
1.363667	0.046376
1.364000	0.046245
1.364333	0.047187
1.364667	0.046829
1.365000	0.047168
1.365333	0.047916
1.365667	0.048250
1.366000	0.048297
1.366333	0.049066
1.366667	0.048741
1.367000	0.049410
1.367333	0.048433
1.367667	0.049385
1.368000	0.049320
1.368333	0.048364
1.368667	0.049878
1.369000	0.049691
1.369333	0.048335
1.369667	0.048247
1.370000	0.048746
1.370333	0.049364
1.370667	0.048692
1.371000	0.047718
1.371333	0.047327
1.371667	0.048046
1.372000	0.048093
1.372333	0.047310
1.372667	0.047614
1.373000	0.047073
1.373333	0.046299
1.373667	0.046459
1.374000	0.046027
1.374333	0.045328
1.374667	0.046594
1.375000	0.046514
1.375333	0.045409
1.375667	0.044644
1.376000	0.045315
1.376333	0.045796
1.376667	0.046298
1.377000	0.046901
1.377333	0.046348
1.377667	0.046944
1.378000	0.046859
1.378333	0.047708
1.378667	0.047585
1.379000	0.047702
1.379333	0.048369
1.379667	0.048869
1.380000	0.048058
1.380333	0.048749
1.380667	0.048400
1.381000	0.047583
1.381333	0.047804
1.381667	0.047740
1.382000	0.047494
1.382333	0.046109
1.382667	0.046381
1.383000	0.046113
1.383333	0.045786
1.383667	0.045540
1.384000	0.046120
1.384333	0.045846
1.384667	0.047000
1.385000	0.047111
1.385333	0.046633
1.385667	0.046747
1.386000	0.047095
1.386333	0.047353
1.386667	0.048489
1.387000	0.047133
1.387333	0.047122
1.387667	0.047375
1.388000	0.047520
1.388333	0.047843
1.388667	0.047421
1.389000	0.046658
1.389333	0.046393
1.389667	0.046716
1.390000	0.046044
1.390333	0.046678
1.390667	0.046018
1.391000	0.046868
1.391333	0.047021
1.391667	0.046810
1.392000	0.048247
1.392333	0.047334
1.392667	0.047643
1.393000	0.046941
1.393333	0.048455
1.393667	0.047713
1.394000	0.047645
1.394333	0.047692
1.394667	0.047626
1.395000	0.047971
1.395333	0.047797
1.395667	0.047093
1.396000	0.047454
1.396333	0.047647
1.396667	0.047709
1.397000	0.047035
1.397333	0.047237
1.397667	0.047334
1.398000	0.047740
1.398333	0.047966
1.398667	0.047456
1.399000	0.047517
1.399333	0.048179
1.399667	0.048665
1.400000	0.047978
1.400333	0.048733
1.400667	0.048771
1.401000	0.049078
1.401333	0.047863
1.401667	0.048314
1.402000	0.047375
1.402333	0.046782
1.402667	0.046401
1.403000	0.045308
1.403333	0.045881
1.403667	0.044969
1.404000	0.044625
1.404333	0.043839
1.404667	0.044117
1.405000	0.042826
1.405333	0.044029
1.405667	0.043214
1.406000	0.043748
1.406333	0.043963
1.406667	0.045037
1.407000	0.044577
1.407333	0.046102
1.407667	0.047298
1.408000	0.046633
1.408333	0.046950
1.408667	0.047426
1.409000	0.047433
1.409333	0.047316
1.409667	0.046864
1.410000	0.046395
1.410333	0.046544
1.410667	0.046226
1.411000	0.046434
1.411333	0.046543
1.411667	0.045575
1.412000	0.045751
1.412333	0.044902
1.412667	0.046500
1.413000	0.045695
1.413333	0.045378
1.413667	0.045461
1.414000	0.045847
1.414333	0.046328
1.414667	0.045867
1.415000	0.046427
1.415333	0.046595
1.415667	0.045761
1.416000	0.046564
1.416333	0.045997
1.416667	0.044637
1.417000	0.045600
1.417333	0.045758
1.417667	0.045671
1.418000	0.045492
1.418333	0.045457
1.418667	0.045805
1.419000	0.045788
1.419333	0.046598
1.419667	0.046432
1.420000	0.046252
1.420333	0.046544
1.420667	0.047247
1.421000	0.047780
1.421333	0.048091
1.421667	0.047986
1.422000	0.047245
1.422333	0.048318
1.422667	0.049047
1.423000	0.049251
1.423333	0.050579
1.423667	0.050950
1.424000	0.052218
1.424333	0.054998
1.424667	0.058544
1.425000	0.061202
1.425333	0.063958
1.425667	0.066192
1.426000	0.069576
1.426333	0.071625
1.426667	0.072856
1.427000	0.074731
1.427333	0.077727
1.427667	0.082301
1.428000	0.085719
1.428333	0.087304
1.428667	0.089149
1.429000	0.089839
1.429333	0.089756
1.429667	0.089155
1.430000	0.087429
1.430333	0.086623
1.430667	0.085784
1.431000	0.084709
1.431333	0.083440
1.431667	0.082572
1.432000	0.081514
1.432333	0.079877
1.432667	0.079552
1.433000	0.078268
1.433333	0.078392
1.433667	0.077421
1.434000	0.076570
1.434333	0.076140
1.434667	0.075763
1.435000	0.075038
1.435333	0.073799
1.435667	0.074065
1.436000	0.073435
1.436333	0.072654
1.436667	0.072138
1.437000	0.071086
1.437333	0.070204
1.437667	0.069629
1.438000	0.069117
1.438333	0.068317
1.438667	0.068246
1.439000	0.067831
1.439333	0.067578
1.439667	0.066671
1.440000	0.066191
1.440333	0.065727
1.440667	0.065621
1.441000	0.064549
1.441333	0.063930
1.441667	0.064029
1.442000	0.063902
1.442333	0.063436
1.442667	0.062901
1.443000	0.062857
1.443333	0.062772
1.443667	0.062656
1.444000	0.062661
1.444333	0.062758
1.444667	0.062369
1.445000	0.062235
1.445333	0.063189
1.445667	0.061913
1.446000	0.061327
1.446333	0.062788
1.446667	0.062039
1.447000	0.061749
1.447333	0.061539
1.447667	0.060882
1.448000	0.060273
1.448333	0.060219
1.448667	0.059692
1.449000	0.059256
1.449333	0.059870
1.449667	0.059244
1.450000	0.057937
1.450333	0.058735
1.450667	0.058601
1.451000	0.058425
1.451333	0.056604
1.451667	0.057348
1.452000	0.056744
1.452333	0.057443
1.452667	0.056713
1.453000	0.057412
1.453333	0.057886
1.453667	0.057649
1.454000	0.056809
1.454333	0.056560
1.454667	0.055890
1.455000	0.056649
1.455333	0.055513
1.455667	0.055507
1.456000	0.055428
1.456333	0.055322
1.456667	0.055506
1.457000	0.055591
1.457333	0.054631
1.457667	0.055253
1.458000	0.054666
1.458333	0.055550
1.458667	0.054361
1.459000	0.054880
1.459333	0.053962
1.459667	0.054117
1.460000	0.053487
1.460333	0.054555
1.460667	0.054585
1.461000	0.054269
1.461333	0.054305
1.461667	0.054897
1.462000	0.054609
1.462333	0.054256
1.462667	0.053242
1.463000	0.054003
1.463333	0.054266
1.463667	0.053790
1.464000	0.053236
1.464333	0.053589
1.464667	0.053810
1.465000	0.052708
1.465333	0.052962
1.465667	0.052741
1.466000	0.052043
1.466333	0.053169
1.466667	0.053314
1.467000	0.052731
1.467333	0.052540
1.467667	0.051417
1.468000	0.050546
1.468333	0.051310
1.468667	0.050594
1.469000	0.050622
1.469333	0.049566
1.469667	0.050616
1.470000	0.049604
1.470333	0.049113
1.470667	0.049329
1.471000	0.049166
1.471333	0.048860
1.471667	0.047665
1.472000	0.047363
1.472333	0.048143
1.472667	0.048011
1.473000	0.048552
1.473333	0.048259
1.473667	0.048665
1.474000	0.049002
1.474333	0.049165
1.474667	0.049942
1.475000	0.051428
1.475333	0.050506
1.475667	0.051533
1.476000	0.052098
1.476333	0.052968
1.476667	0.053328
1.477000	0.051385
1.477333	0.052768
1.477667	0.051355
1.478000	0.052076
1.478333	0.051837
1.478667	0.051752
1.479000	0.050383
1.479333	0.049808
1.479667	0.050554
1.480000	0.049673
1.480333	0.049007
1.480667	0.048634
1.481000	0.047654
1.481333	0.048755
1.481667	0.047735
1.482000	0.047482
1.482333	0.047491
1.482667	0.047096
1.483000	0.048161
1.483333	0.047216
1.483667	0.047955
1.484000	0.046155
1.484333	0.047187
1.484667	0.046588
1.485000	0.046878
1.485333	0.046944
1.485667	0.046527
1.486000	0.045618
1.486333	0.045461
1.486667	0.046188
1.487000	0.046481
1.487333	0.046256
1.487667	0.046910
1.488000	0.047108
1.488333	0.046620
1.488667	0.046231
1.489000	0.046635
1.489333	0.046784
1.489667	0.047311
1.490000	0.046156
1.490333	0.047049
1.490667	0.046458
1.491000	0.046273
1.491333	0.046584
1.491667	0.046525
1.492000	0.046346
1.492333	0.045138
1.492667	0.045874
1.493000	0.045722
1.493333	0.045505
1.493667	0.045578
1.494000	0.046043
1.494333	0.045660
1.494667	0.045115
1.495000	0.045042
1.495333	0.045339
1.495667	0.045532
1.496000	0.045628
1.496333	0.045135
1.496667	0.046066
1.497000	0.045250
1.497333	0.045278
1.497667	0.045435
1.498000	0.045100
1.498333	0.046058
1.498667	0.045439
1.499000	0.045245
1.499333	0.045663
1.499667	0.044396
1.500000	0.044375
1.500333	0.044839
1.500667	0.044997
1.501000	0.045026
1.501333	0.045600
1.501667	0.045836
1.502000	0.044452
1.502333	0.045492
1.502667	0.045452
1.503000	0.045372
1.503333	0.046224
1.503667	0.046163
1.504000	0.045877
1.504333	0.046539
1.504667	0.046186
1.505000	0.046246
1.505333	0.045902
1.505667	0.046377
1.506000	0.045752
1.506333	0.045257
1.506667	0.045964
1.507000	0.045837
1.507333	0.045344
1.507667	0.045562
1.508000	0.044833
1.508333	0.046050
1.508667	0.044797
1.509000	0.045051
1.509333	0.046048
1.509667	0.045574
1.510000	0.045986
1.510333	0.045854
1.510667	0.045581
1.511000	0.045885
1.511333	0.046217
1.511667	0.045149
1.512000	0.046293
1.512333	0.046327
1.512667	0.045851
1.513000	0.046402
1.513333	0.045998
1.513667	0.046092
1.514000	0.045548
1.514333	0.045790
1.514667	0.045963
1.515000	0.045805
1.515333	0.045317
1.515667	0.046635
1.516000	0.045704
1.516333	0.044946
1.516667	0.045679
1.517000	0.045756
1.517333	0.045747
1.517667	0.046308
1.518000	0.045522
1.518333	0.045656
1.518667	0.046696
1.519000	0.046003
1.519333	0.046067
1.519667	0.045632
1.520000	0.045769
1.520333	0.045246
1.520667	0.045833
1.521000	0.045356
1.521333	0.045831
1.521667	0.045148
1.522000	0.046165
1.522333	0.046134
1.522667	0.045713
1.523000	0.046030
1.523333	0.045716
1.523667	0.045662
1.524000	0.045449
1.524333	0.045621
1.524667	0.044998
1.525000	0.045287
1.525333	0.045611
1.525667	0.045511
1.526000	0.045650
1.526333	0.045138
1.526667	0.045379
1.527000	0.044606
1.527333	0.045349
1.527667	0.045411
1.528000	0.044833
1.528333	0.044733
1.528667	0.045060
1.529000	0.044939
1.529333	0.045233
1.529667	0.044428
1.530000	0.045326
1.530333	0.045682
1.530667	0.045696
1.531000	0.045424
1.531333	0.045482
1.531667	0.045122
1.532000	0.045860
1.532333	0.045877
1.532667	0.046051
1.533000	0.045834
1.533333	0.045760
1.533667	0.046409
1.534000	0.045908
1.534333	0.046031
1.534667	0.045715
1.535000	0.045071
1.535333	0.046396
1.535667	0.046246
1.536000	0.046436
1.536333	0.045945
1.536667	0.046903
1.537000	0.046558
1.537333	0.046954
1.537667	0.046580
1.538000	0.046630
1.538333	0.047983
1.538667	0.047396
1.539000	0.047475
1.539333	0.047075
1.539667	0.046894
1.540000	0.047849
1.540333	0.047193
1.540667	0.047316
1.541000	0.046319
1.541333	0.046731
1.541667	0.047367
1.542000	0.046982
1.542333	0.047307
1.542667	0.045896
1.543000	0.047459
1.543333	0.046953
1.543667	0.046998
1.544000	0.047264
1.544333	0.047311
1.544667	0.047567
1.545000	0.048142
1.545333	0.047039
1.545667	0.047916
1.546000	0.047658
1.546333	0.047157
1.546667	0.048021
1.547000	0.047636
1.547333	0.048105
1.547667	0.047794
1.548000	0.048022
1.548333	0.048210
1.548667	0.047514
1.549000	0.047936
1.549333	0.048153
1.549667	0.047821
1.550000	0.048168
1.550333	0.048157
1.550667	0.047249
1.551000	0.047435
1.551333	0.047979
1.551667	0.047116
1.552000	0.047482
1.552333	0.047503
1.552667	0.047276
1.553000	0.047987
1.553333	0.047557
1.553667	0.048737
1.554000	0.048619
1.554333	0.048169
1.554667	0.046609
1.555000	0.047935
1.555333	0.048165
1.555667	0.047474
1.556000	0.048212
1.556333	0.048628
1.556667	0.048644
1.557000	0.048241
1.557333	0.048032
1.557667	0.048147
1.558000	0.047824
1.558333	0.048515
1.558667	0.048453
1.559000	0.048345
1.559333	0.047484
1.559667	0.048421
1.560000	0.047497
1.560333	0.048386
1.560667	0.048068
1.561000	0.048284
1.561333	0.049017
1.561667	0.048155
1.562000	0.048506
1.562333	0.048195
1.562667	0.048630
1.563000	0.047992
1.563333	0.048642
1.563667	0.048341
1.564000	0.048515
1.564333	0.048718
1.564667	0.048345
1.565000	0.047875
1.565333	0.048025
1.565667	0.048966
1.566000	0.048537
1.566333	0.048604
1.566667	0.048275
1.567000	0.048066
1.567333	0.048893
1.567667	0.048336
1.568000	0.048223
1.568333	0.048912
1.568667	0.048674
1.569000	0.048310
1.569333	0.048835
1.569667	0.048641
1.570000	0.048911
1.570333	0.048759
1.570667	0.049082
1.571000	0.048159
1.571333	0.048819
1.571667	0.050017
1.572000	0.048710
1.572333	0.048809
1.572667	0.048844
1.573000	0.049409
1.573333	0.049631
1.573667	0.049218
1.574000	0.048356
1.574333	0.049101
1.574667	0.048848
1.575000	0.049018
1.575333	0.049342
1.575667	0.048121
1.576000	0.048756
1.576333	0.049339
1.576667	0.049498
1.577000	0.048937
1.577333	0.049039
1.577667	0.049021
1.578000	0.049129
1.578333	0.048875
1.578667	0.049345
1.579000	0.049447
1.579333	0.049149
1.579667	0.048821
1.580000	0.049420
1.580333	0.048646
1.580667	0.049409
1.581000	0.048632
1.581333	0.048687
1.581667	0.049152
1.582000	0.048981
1.582333	0.049041
1.582667	0.048887
1.583000	0.049453
1.583333	0.048555
1.583667	0.048752
1.584000	0.049111
1.584333	0.048738
1.584667	0.049067
1.585000	0.048881
1.585333	0.049518
1.585667	0.049452
1.586000	0.048709
1.586333	0.048705
1.586667	0.049530
1.587000	0.048484
1.587333	0.048357
1.587667	0.048887
1.588000	0.048182
1.588333	0.048209
1.588667	0.049318
1.589000	0.049827
1.589333	0.048250
1.589667	0.048501
1.590000	0.048711
1.590333	0.049547
1.590667	0.049214
1.591000	0.048301
1.591333	0.049383
1.591667	0.048834
1.592000	0.048673
1.592333	0.048814
1.592667	0.049388
1.593000	0.049746
1.593333	0.048829
1.593667	0.048865
1.594000	0.049050
1.594333	0.049277
1.594667	0.049296
1.595000	0.048428
1.595333	0.048084
1.595667	0.048801
1.596000	0.048790
1.596333	0.048273
1.596667	0.049505
1.597000	0.048163
1.597333	0.048913
1.597667	0.048155
1.598000	0.048582
1.598333	0.047884
1.598667	0.048257
1.599000	0.047941
1.599333	0.047861
1.599667	0.047680
1.600000	0.047759
1.600333	0.047348
1.600667	0.047704
1.601000	0.046588
1.601333	0.047722
1.601667	0.046900
1.602000	0.046281
1.602333	0.046596
1.602667	0.046714
1.603000	0.046088
1.603333	0.047284
1.603667	0.045649
1.604000	0.045708
1.604333	0.045499
1.604667	0.046130
1.605000	0.045455
1.605333	0.044886
1.605667	0.045709
1.606000	0.045184
1.606333	0.045097
1.606667	0.043344
1.607000	0.043533
1.607333	0.044180
1.607667	0.043914
1.608000	0.043965
1.608333	0.044648
1.608667	0.043822
1.609000	0.044035
1.609333	0.043380
1.609667	0.042926
1.610000	0.042828
1.610333	0.043020
1.610667	0.042852
1.611000	0.042704
1.611333	0.041902
1.611667	0.042252
1.612000	0.042364
1.612333	0.042199
1.612667	0.041414
1.613000	0.042373
1.613333	0.042195
1.613667	0.041264
1.614000	0.041062
1.614333	0.041285
1.614667	0.041209
1.615000	0.041163
1.615333	0.041530
1.615667	0.041891
1.616000	0.041479
1.616333	0.041066
1.616667	0.040525
1.617000	0.041509
1.617333	0.040492
1.617667	0.040690
1.618000	0.040406
1.618333	0.041547
1.618667	0.040392
1.619000	0.041052
1.619333	0.040369
1.619667	0.040286
1.620000	0.040515
1.620333	0.040491
1.620667	0.040282
1.621000	0.040963
1.621333	0.040112
1.621667	0.040481
1.622000	0.040777
1.622333	0.040474
1.622667	0.039125
1.623000	0.040405
1.623333	0.040328
1.623667	0.040954
1.624000	0.040681
1.624333	0.040815
1.624667	0.040907
1.625000	0.041020
1.625333	0.040867
1.625667	0.039608
1.626000	0.041401
1.626333	0.040291
1.626667	0.040743
1.627000	0.041869
1.627333	0.040362
1.627667	0.040698
1.628000	0.040695
1.628333	0.041060
1.628667	0.040401
1.629000	0.040932
1.629333	0.040589
1.629667	0.041135
1.630000	0.038883
1.630333	0.040798
1.630667	0.041013
1.631000	0.040103
1.631333	0.039904
1.631667	0.039888
1.632000	0.040806
1.632333	0.040987
1.632667	0.039882
1.633000	0.040881
1.633333	0.040381
1.633667	0.040461
1.634000	0.041370
1.634333	0.041135
1.634667	0.040671
1.635000	0.040604
1.635333	0.040937
1.635667	0.041476
1.636000	0.041004
1.636333	0.040726
1.636667	0.041596
1.637000	0.041409
1.637333	0.040221
1.637667	0.039816
1.638000	0.041343
1.638333	0.041113
1.638667	0.040004
1.639000	0.041533
1.639333	0.040581
1.639667	0.040277
1.640000	0.040726
1.640333	0.040377
1.640667	0.040835
1.641000	0.040369
1.641333	0.041155
1.641667	0.041255
1.642000	0.041188
1.642333	0.040893
1.642667	0.040431
1.643000	0.040923
1.643333	0.040609
1.643667	0.039757
1.644000	0.040654
1.644333	0.039944
1.644667	0.039984
1.645000	0.040695
1.645333	0.039869
1.645667	0.041237
1.646000	0.041120
1.646333	0.040490
1.646667	0.040729
1.647000	0.040136
1.647333	0.040713
1.647667	0.040554
1.648000	0.040494
1.648333	0.041256
1.648667	0.040628
1.649000	0.041399
1.649333	0.041391
1.649667	0.040883
1.650000	0.041175
1.650333	0.040448
1.650667	0.040585
1.651000	0.040558
1.651333	0.040847
1.651667	0.040219
1.652000	0.040668
1.652333	0.041049
1.652667	0.041471
1.653000	0.040967
1.653333	0.041431
1.653667	0.040848
1.654000	0.041282
1.654333	0.040579
1.654667	0.040842
1.655000	0.041065
1.655333	0.041726
1.655667	0.041032
1.656000	0.041409
1.656333	0.040401
1.656667	0.041608
1.657000	0.041662
1.657333	0.041076
1.657667	0.040749
1.658000	0.041300
1.658333	0.041475
1.658667	0.041457
1.659000	0.041229
1.659333	0.040976
1.659667	0.040049
1.660000	0.041284
1.660333	0.041135
1.660667	0.041129
1.661000	0.041033
1.661333	0.041260
1.661667	0.041062
1.662000	0.040831
1.662333	0.041110
1.662667	0.040711
1.663000	0.041133
1.663333	0.041095
1.663667	0.040865
1.664000	0.041469
1.664333	0.041398
1.664667	0.042165
1.665000	0.042225
1.665333	0.043322
1.665667	0.044566
1.666000	0.045638
1.666333	0.050023
1.666667	0.054622
1.667000	0.060648
1.667333	0.068358
1.667667	0.071622
1.668000	0.072876
1.668333	0.075257
1.668667	0.075554
1.669000	0.074896
1.669333	0.075968
1.669667	0.076979
1.670000	0.076661
1.670333	0.075771
1.670667	0.074377
1.671000	0.074155
1.671333	0.073814
1.671667	0.072855
1.672000	0.073272
1.672333	0.071625
1.672667	0.071773
1.673000	0.070943
1.673333	0.070047
1.673667	0.070035
1.674000	0.068174
1.674333	0.067620
1.674667	0.067138
1.675000	0.065813
1.675333	0.065990
1.675667	0.066484
1.676000	0.065340
1.676333	0.063860
1.676667	0.064394
1.677000	0.063180
1.677333	0.063085
1.677667	0.063468
1.678000	0.063932
1.678333	0.062812
1.678667	0.062959
1.679000	0.063197
1.679333	0.062737
1.679667	0.063096
1.680000	0.062274
1.680333	0.062080
1.680667	0.061471
1.681000	0.062425
1.681333	0.061913
1.681667	0.060654
1.682000	0.060650
1.682333	0.059331
1.682667	0.060152
1.683000	0.059740
1.683333	0.059211
1.683667	0.058508
1.684000	0.058510
1.684333	0.059176
1.684667	0.058874
1.685000	0.057993
1.685333	0.057625
1.685667	0.058054
1.686000	0.057094
1.686333	0.057741
1.686667	0.056332
1.687000	0.056669
1.687333	0.056824
1.687667	0.056071
1.688000	0.056178
1.688333	0.055737
1.688667	0.055462
1.689000	0.054251
1.689333	0.055658
1.689667	0.054791
1.690000	0.054877
1.690333	0.054201
1.690667	0.054356
1.691000	0.055066
1.691333	0.053300
1.691667	0.053653
1.692000	0.052974
1.692333	0.053882
1.692667	0.053582
1.693000	0.053125
1.693333	0.053110
1.693667	0.053473
1.694000	0.053262
1.694333	0.051990
1.694667	0.052442
1.695000	0.052129
1.695333	0.051672
1.695667	0.052728
1.696000	0.051040
1.696333	0.052892
1.696667	0.051810
1.697000	0.052292
1.697333	0.051808
1.697667	0.051403
1.698000	0.050878
1.698333	0.050905
1.698667	0.050974
1.699000	0.051658
1.699333	0.051204
1.699667	0.050559
1.700000	0.050817
1.700333	0.051039
1.700667	0.051185
1.701000	0.050248
1.701333	0.050608
1.701667	0.050547
1.702000	0.050078
1.702333	0.050634
1.702667	0.050008
1.703000	0.049972
1.703333	0.050657
1.703667	0.050070
1.704000	0.050031
1.704333	0.049096
1.704667	0.049621
1.705000	0.049857
1.705333	0.049710
1.705667	0.050050
1.706000	0.049599
1.706333	0.049399
1.706667	0.049160
1.707000	0.049345
1.707333	0.049706
1.707667	0.049637
1.708000	0.050108
1.708333	0.049778
1.708667	0.048953
1.709000	0.049277
1.709333	0.048325
1.709667	0.049657
1.710000	0.049520
1.710333	0.048333
1.710667	0.048689
1.711000	0.049565
1.711333	0.048164
1.711667	0.048725
1.712000	0.049842
1.712333	0.048579
1.712667	0.048695
1.713000	0.048121
1.713333	0.048472
1.713667	0.048345
1.714000	0.047816
1.714333	0.048901
1.714667	0.048878
1.715000	0.049060
1.715333	0.048367
1.715667	0.048309
1.716000	0.048738
1.716333	0.048379
1.716667	0.048214
1.717000	0.047920
1.717333	0.048924
1.717667	0.048396
1.718000	0.048111
1.718333	0.048436
1.718667	0.048258
1.719000	0.047946
1.719333	0.048800
1.719667	0.048519
1.720000	0.047766
1.720333	0.047645
1.720667	0.048463
1.721000	0.048588
1.721333	0.047384
1.721667	0.047843
1.722000	0.049297
1.722333	0.047750
1.722667	0.048617
1.723000	0.048374
1.723333	0.047475
1.723667	0.048040
1.724000	0.048408
1.724333	0.048162
1.724667	0.048057
1.725000	0.048398
1.725333	0.047670
1.725667	0.047402
1.726000	0.048587
1.726333	0.047846
1.726667	0.047928
1.727000	0.048032
1.727333	0.048403
1.727667	0.048101
1.728000	0.047898
1.728333	0.047957
1.728667	0.048390
1.729000	0.047436
1.729333	0.047262
1.729667	0.048145
1.730000	0.047767
1.730333	0.046868
1.730667	0.048021
1.731000	0.047489
1.731333	0.047497
1.731667	0.047509
1.732000	0.047220
1.732333	0.047683
1.732667	0.047820
1.733000	0.047806
1.733333	0.047151
1.733667	0.048642
1.734000	0.046725
1.734333	0.047047
1.734667	0.047561
1.735000	0.046954
1.735333	0.047078
1.735667	0.046687
1.736000	0.047333
1.736333	0.047080
1.736667	0.047980
1.737000	0.046667
1.737333	0.046666
1.737667	0.046915
1.738000	0.047753
1.738333	0.046737
1.738667	0.047737
1.739000	0.047367
1.739333	0.046531
1.739667	0.046262
1.740000	0.046415
1.740333	0.047021
1.740667	0.047777
1.741000	0.046718
1.741333	0.047471
1.741667	0.047699
1.742000	0.047115
1.742333	0.048212
1.742667	0.046635
1.743000	0.047542
1.743333	0.047804
1.743667	0.047201
1.744000	0.047116
1.744333	0.046410
1.744667	0.046331
1.745000	0.047423
1.745333	0.048370
1.745667	0.047903
1.746000	0.049547
1.746333	0.049172
1.746667	0.051497
1.747000	0.054515
1.747333	0.058030
1.747667	0.062384
1.748000	0.067725
1.748333	0.071373
1.748667	0.074982
1.749000	0.076160
1.749333	0.076090
1.749667	0.076082
1.750000	0.075241
1.750333	0.074689
1.750667	0.074291
1.751000	0.074258
1.751333	0.074366
1.751667	0.074641
1.752000	0.073897
1.752333	0.073818
1.752667	0.072994
1.753000	0.071652
1.753333	0.071608
1.753667	0.071175
1.754000	0.070079
1.754333	0.068816
1.754667	0.069333
1.755000	0.067200
1.755333	0.067867
1.755667	0.066168
1.756000	0.066769
1.756333	0.066028
1.756667	0.065942
1.757000	0.066307
1.757333	0.066243
1.757667	0.065510
1.758000	0.065695
1.758333	0.065397
1.758667	0.063802
1.759000	0.064092
1.759333	0.063747
1.759667	0.062660
1.760000	0.063574
1.760333	0.062396
1.760667	0.061507
1.761000	0.061553
1.761333	0.060145
1.761667	0.059453
1.762000	0.058857
1.762333	0.057301
1.762667	0.057382
1.763000	0.056576
1.763333	0.056275
1.763667	0.055937
1.764000	0.055561
1.764333	0.056732
1.764667	0.054991
1.765000	0.054737
1.765333	0.055539
1.765667	0.056131
1.766000	0.055328
1.766333	0.055653
1.766667	0.056361
1.767000	0.056253
1.767333	0.056412
1.767667	0.056843
1.768000	0.055771
1.768333	0.056454
1.768667	0.055514
1.769000	0.055481
1.769333	0.056388
1.769667	0.055683
1.770000	0.055336
1.770333	0.055825
1.770667	0.055557
1.771000	0.055741
1.771333	0.055806
1.771667	0.055335
1.772000	0.054400
1.772333	0.054187
1.772667	0.053052
1.773000	0.053329
1.773333	0.054020
1.773667	0.053612
1.774000	0.052423
1.774333	0.053151
1.774667	0.052744
1.775000	0.052452
1.775333	0.051843
1.775667	0.052751
1.776000	0.051520
1.776333	0.050759
1.776667	0.051581
1.777000	0.052152
1.777333	0.050985
1.777667	0.052318
1.778000	0.051995
1.778333	0.051663
1.778667	0.051019
1.779000	0.051251
1.779333	0.051666
1.779667	0.052414
1.780000	0.051558
1.780333	0.052241
1.780667	0.051249
1.781000	0.051931
1.781333	0.051861
1.781667	0.051812
1.782000	0.051327
1.782333	0.051647
1.782667	0.050723
1.783000	0.051321
1.783333	0.051215
1.783667	0.050684
1.784000	0.050881
1.784333	0.050605
1.784667	0.050067
1.785000	0.051184
1.785333	0.050317
1.785667	0.050068
1.786000	0.049980
1.786333	0.050724
1.786667	0.048856
1.787000	0.049541
1.787333	0.049783
1.787667	0.050358
1.788000	0.049900
1.788333	0.049493
1.788667	0.050535
1.789000	0.049614
1.789333	0.050220
1.789667	0.049272
1.790000	0.050559
1.790333	0.049934
1.790667	0.049660
1.791000	0.049731
1.791333	0.048994
1.791667	0.049947
1.792000	0.050146
1.792333	0.049182
1.792667	0.049746
1.793000	0.048983
1.793333	0.049503
1.793667	0.050016
1.794000	0.049594
1.794333	0.048830
1.794667	0.049153
1.795000	0.049302
1.795333	0.048395
1.795667	0.049983
1.796000	0.048775
1.796333	0.049237
1.796667	0.049278
1.797000	0.049615
1.797333	0.048625
1.797667	0.048753
1.798000	0.048954
1.798333	0.048478
1.798667	0.048283
1.799000	0.049004
1.799333	0.048901
1.799667	0.049125
1.800000	0.050415
1.800333	0.049443
1.800667	0.049527
1.801000	0.049780
1.801333	0.048538
1.801667	0.050413
1.802000	0.049393
1.802333	0.049346
1.802667	0.049635
1.803000	0.048996
1.803333	0.049343
1.803667	0.048580
1.804000	0.048113
1.804333	0.048387
1.804667	0.048188
1.805000	0.047582
1.805333	0.047308
1.805667	0.046374
1.806000	0.047077
1.806333	0.046428
1.806667	0.046880
1.807000	0.046058
1.807333	0.046362
1.807667	0.046513
1.808000	0.047028
1.808333	0.046429
1.808667	0.046902
1.809000	0.047793
1.809333	0.048402
1.809667	0.048580
1.810000	0.049791
1.810333	0.048795
1.810667	0.048630
1.811000	0.049269
1.811333	0.048760
1.811667	0.049562
1.812000	0.049026
1.812333	0.049145
1.812667	0.048314
1.813000	0.048478
1.813333	0.048709
1.813667	0.048013
1.814000	0.047515
1.814333	0.047687
1.814667	0.047276
1.815000	0.047730
1.815333	0.047750
1.815667	0.047456
1.816000	0.046636
1.816333	0.048305
1.816667	0.047944
1.817000	0.047650
1.817333	0.047634
1.817667	0.047204
1.818000	0.047359
1.818333	0.047466
1.818667	0.048160
1.819000	0.047446
1.819333	0.047551
1.819667	0.047167
1.820000	0.047822
1.820333	0.047164
1.820667	0.047393
1.821000	0.047911
1.821333	0.048060
1.821667	0.047028
1.822000	0.046851
1.822333	0.047555
1.822667	0.046676
1.823000	0.046944
1.823333	0.047200
1.823667	0.046789
1.824000	0.046283
1.824333	0.047111
1.824667	0.046592
1.825000	0.047102
1.825333	0.046905
1.825667	0.047305
1.826000	0.047585
1.826333	0.047109
1.826667	0.046788
1.827000	0.047132
1.827333	0.046490
1.827667	0.046427
1.828000	0.047930
1.828333	0.047145
1.828667	0.046877
1.829000	0.046654
1.829333	0.047310
1.829667	0.046682
1.830000	0.047093
1.830333	0.047372
1.830667	0.047041
1.831000	0.046395
1.831333	0.047049
1.831667	0.046705
1.832000	0.045933
1.832333	0.046990
1.832667	0.046871
1.833000	0.047308
1.833333	0.047134
1.833667	0.047987
1.834000	0.047154
1.834333	0.046759
1.834667	0.047051
1.835000	0.047415
1.835333	0.047542
1.835667	0.045958
1.836000	0.047062
1.836333	0.046930
1.836667	0.046615
1.837000	0.046856
1.837333	0.046976
1.837667	0.046212
1.838000	0.045931
1.838333	0.046393
1.838667	0.046653
1.839000	0.046845
1.839333	0.046916
1.839667	0.046048
1.840000	0.047160
1.840333	0.046525
1.840667	0.046369
1.841000	0.046109
1.841333	0.046924
1.841667	0.046423
1.842000	0.046743
1.842333	0.046453
1.842667	0.047197
1.843000	0.047088
1.843333	0.046768
1.843667	0.047476
1.844000	0.047654
1.844333	0.046878
1.844667	0.046816
1.845000	0.046545
1.845333	0.046764
1.845667	0.047092
1.846000	0.046304
1.846333	0.047103
1.846667	0.047111
1.847000	0.047207
1.847333	0.046778
1.847667	0.047047
1.848000	0.047030
1.848333	0.046763
1.848667	0.046461
1.849000	0.046541
1.849333	0.047031
1.849667	0.047261
1.850000	0.045916
1.850333	0.046014
1.850667	0.045460
1.851000	0.045172
1.851333	0.044129
1.851667	0.044638
1.852000	0.044997
1.852333	0.045031
1.852667	0.044488
1.853000	0.044473
1.853333	0.045145
1.853667	0.045649
1.854000	0.045688
1.854333	0.046210
1.854667	0.047440
1.855000	0.048155
1.855333	0.048372
1.855667	0.048712
1.856000	0.049114
1.856333	0.049644
1.856667	0.050028
1.857000	0.050416
1.857333	0.049257
1.857667	0.049915
1.858000	0.049223
1.858333	0.048540
1.858667	0.048936
1.859000	0.048587
1.859333	0.048246
1.859667	0.048587
1.860000	0.047912
1.860333	0.048022
1.860667	0.047160
1.861000	0.047285
1.861333	0.046911
1.861667	0.047250
1.862000	0.045830
1.862333	0.046804
1.862667	0.046193
1.863000	0.046426
1.863333	0.045941
1.863667	0.045930
1.864000	0.045416
1.864333	0.045489
1.864667	0.046047
1.865000	0.046408
1.865333	0.045966
1.865667	0.045988
1.866000	0.046241
1.866333	0.046854
1.866667	0.047317
1.867000	0.046671
1.867333	0.046756
1.867667	0.047518
1.868000	0.047653
1.868333	0.048256
1.868667	0.047822
1.869000	0.047600
1.869333	0.048491
1.869667	0.048073
1.870000	0.048307
1.870333	0.048030
1.870667	0.047808
1.871000	0.047247
1.871333	0.047755
1.871667	0.046496
1.872000	0.046851
1.872333	0.046553
1.872667	0.046496
1.873000	0.047015
1.873333	0.046652
1.873667	0.047006
1.874000	0.045870
1.874333	0.046750
1.874667	0.047417
1.875000	0.047284
1.875333	0.046003
1.875667	0.046795
1.876000	0.047120
1.876333	0.047241
1.876667	0.047907
1.877000	0.047187
1.877333	0.046779
1.877667	0.047198
1.878000	0.047261
1.878333	0.046432
1.878667	0.046845
1.879000	0.046704
1.879333	0.047741
1.879667	0.047584
1.880000	0.047922
1.880333	0.047193
1.880667	0.048144
1.881000	0.047300
1.881333	0.046900
1.881667	0.047881
1.882000	0.046431
1.882333	0.046858
1.882667	0.048079
1.883000	0.047178
1.883333	0.047170
1.883667	0.047689
1.884000	0.047614
1.884333	0.047285
1.884667	0.047442
1.885000	0.047115
1.885333	0.048016
1.885667	0.048362
1.886000	0.047256
1.886333	0.046668
1.886667	0.047153
1.887000	0.047188
1.887333	0.046775
1.887667	0.046332
1.888000	0.047605
1.888333	0.047102
1.888667	0.048055
1.889000	0.047283
1.889333	0.047445
1.889667	0.047713
1.890000	0.048217
1.890333	0.048632
1.890667	0.047621
1.891000	0.047407
1.891333	0.047899
1.891667	0.047268
1.892000	0.047636
1.892333	0.047570
1.892667	0.047227
1.893000	0.047552
1.893333	0.047340
1.893667	0.047286
1.894000	0.047520
1.894333	0.048223
1.894667	0.048115
1.895000	0.047592
1.895333	0.047906
1.895667	0.048319
1.896000	0.048190
1.896333	0.047734
1.896667	0.048856
1.897000	0.048617
1.897333	0.048281
1.897667	0.048158
1.898000	0.048750
1.898333	0.049630
1.898667	0.048553
1.899000	0.048527
1.899333	0.048445
1.899667	0.047883
1.900000	0.048534
1.900333	0.048049
1.900667	0.049023
1.901000	0.048803
1.901333	0.047876
1.901667	0.048524
1.902000	0.048881
1.902333	0.048934
1.902667	0.048753
1.903000	0.049052
1.903333	0.048220
1.903667	0.048908
1.904000	0.049458
1.904333	0.048970
1.904667	0.048642
1.905000	0.049239
1.905333	0.049395
1.905667	0.049079
1.906000	0.049383
1.906333	0.048779
1.906667	0.048814
1.907000	0.049476
1.907333	0.048900
1.907667	0.049364
1.908000	0.049261
1.908333	0.050155
1.908667	0.049204
1.909000	0.049158
1.909333	0.049811
1.909667	0.049239
1.910000	0.049761
1.910333	0.049007
1.910667	0.048658
1.911000	0.048965
1.911333	0.049233
1.911667	0.049692
1.912000	0.049400
1.912333	0.049082
1.912667	0.049947
1.913000	0.050514
1.913333	0.049837
1.913667	0.049554
1.914000	0.048912
1.914333	0.048791
1.914667	0.050089
1.915000	0.050309
1.915333	0.049453
1.915667	0.050288
1.916000	0.049240
1.916333	0.049762
1.916667	0.050321
1.917000	0.049940
1.917333	0.050051
1.917667	0.049779
1.918000	0.049591
1.918333	0.050303
1.918667	0.050201
1.919000	0.050035
1.919333	0.049624
1.919667	0.050578
1.920000	0.049654
1.920333	0.050260
1.920667	0.049423
1.921000	0.049880
1.921333	0.049648
1.921667	0.049505
1.922000	0.051019
1.922333	0.049555
1.922667	0.050404
1.923000	0.050041
1.923333	0.049798
1.923667	0.049525
1.924000	0.050295
1.924333	0.050036
1.924667	0.050627
1.925000	0.050545
1.925333	0.050056
1.925667	0.050587
1.926000	0.050292
1.926333	0.049668
1.926667	0.049292
1.927000	0.049981
1.927333	0.049809
1.927667	0.050223
1.928000	0.050667
1.928333	0.050164
1.928667	0.051187
1.929000	0.050203
1.929333	0.049637
1.929667	0.050425
1.930000	0.049805
1.930333	0.050378
1.930667	0.050591
1.931000	0.050719
1.931333	0.050292
1.931667	0.050348
1.932000	0.050272
1.932333	0.050757
1.932667	0.050116
1.933000	0.050615
1.933333	0.050316
1.933667	0.051091
1.934000	0.050374
1.934333	0.050639
1.934667	0.050163
1.935000	0.050310
1.935333	0.050558
1.935667	0.050277
1.936000	0.051234
1.936333	0.050098
1.936667	0.050210
1.937000	0.050777
1.937333	0.049995
1.937667	0.050435
1.938000	0.050527
1.938333	0.050841
1.938667	0.050389
1.939000	0.050740
1.939333	0.050680
1.939667	0.050133
1.940000	0.050924
1.940333	0.050367
1.940667	0.050644
1.941000	0.050580
1.941333	0.051128
1.941667	0.050688
1.942000	0.051198
1.942333	0.050528
1.942667	0.050184
1.943000	0.050292
1.943333	0.050847
1.943667	0.050208
1.944000	0.050872
1.944333	0.050617
1.944667	0.050412
1.945000	0.051199
1.945333	0.050280
1.945667	0.050520
1.946000	0.050748
1.946333	0.050461
1.946667	0.051046
1.947000	0.050695
1.947333	0.050452
1.947667	0.050466
1.948000	0.050602
1.948333	0.051513
1.948667	0.050983
1.949000	0.050122
1.949333	0.051046
1.949667	0.050518
1.950000	0.050951
1.950333	0.051095
1.950667	0.051101
1.951000	0.050865
1.951333	0.051082
1.951667	0.050810
1.952000	0.051310
1.952333	0.050799
1.952667	0.049948
1.953000	0.049981
1.953333	0.051043
1.953667	0.052292
1.954000	0.050610
1.954333	0.050788
1.954667	0.050612
1.955000	0.051038
1.955333	0.050595
1.955667	0.050793
1.956000	0.050914
1.956333	0.050520
1.956667	0.051114
1.957000	0.051187
1.957333	0.051710
1.957667	0.050409
1.958000	0.051852
1.958333	0.050399
1.958667	0.051537
1.959000	0.050999
1.959333	0.051574
1.959667	0.051350
1.960000	0.051183
1.960333	0.051692
1.960667	0.050750
1.961000	0.050731
1.961333	0.050967
1.961667	0.050705
1.962000	0.051283
1.962333	0.050756
1.962667	0.050725
1.963000	0.051122
1.963333	0.051391
1.963667	0.051824
1.964000	0.052063
1.964333	0.051780
1.964667	0.051536
1.965000	0.050534
1.965333	0.050661
1.965667	0.051210
1.966000	0.051113
1.966333	0.051659
1.966667	0.051233
1.967000	0.050201
1.967333	0.051190
1.967667	0.051048
1.968000	0.050872
1.968333	0.051729
1.968667	0.050934
1.969000	0.051306
1.969333	0.050837
1.969667	0.050991
1.970000	0.050966
1.970333	0.050910
1.970667	0.051397
1.971000	0.051707
1.971333	0.050909
1.971667	0.050325
1.972000	0.050701
1.972333	0.050930
1.972667	0.051103
1.973000	0.051051
1.973333	0.051398
1.973667	0.051159
1.974000	0.050634
1.974333	0.051132
1.974667	0.051174
1.975000	0.051789
1.975333	0.051475
1.975667	0.051699
1.976000	0.050732
1.976333	0.052002
1.976667	0.050798
1.977000	0.052075
1.977333	0.051375
1.977667	0.051315
1.978000	0.051248
1.978333	0.052118
1.978667	0.050988
1.979000	0.051424
1.979333	0.051361
1.979667	0.051763
1.980000	0.050846
1.980333	0.051850
1.980667	0.051110
1.981000	0.051308
1.981333	0.051713
1.981667	0.051701
1.982000	0.050961
1.982333	0.051842
1.982667	0.051781
1.983000	0.051575
1.983333	0.051406
1.983667	0.052462
1.984000	0.051667
1.984333	0.051956
1.984667	0.052462
1.985000	0.052115
1.985333	0.051494
1.985667	0.052665
1.986000	0.052145
1.986333	0.050898
1.986667	0.051870
1.987000	0.052021
1.987333	0.051498
1.987667	0.052232
1.988000	0.051676
1.988333	0.051386
1.988667	0.051645
1.989000	0.051543
1.989333	0.051826
1.989667	0.052087
1.990000	0.052306
1.990333	0.051004
1.990667	0.051868
1.991000	0.052070
1.991333	0.051789
1.991667	0.051918
1.992000	0.051443
1.992333	0.051768
1.992667	0.051714
1.993000	0.052254
1.993333	0.052268
1.993667	0.052496
1.994000	0.052090
1.994333	0.051866
1.994667	0.051761
1.995000	0.051910
1.995333	0.052050
1.995667	0.051576
1.996000	0.051768
1.996333	0.052230
1.996667	0.053202
1.997000	0.051740
1.997333	0.051867
1.997667	0.052741
1.998000	0.051997
1.998333	0.052453
1.998667	0.051847
1.999000	0.052881
1.999333	0.052196
1.999667	0.052907
2.000000	0.053291
2.000333	0.056579
2.000667	0.055778
2.001000	0.056005
2.001333	0.056565
2.001667	0.056736
2.002000	0.055862
2.002333	0.056128
2.002667	0.056677
2.003000	0.056584
2.003333	0.056258
2.003667	0.055609
2.004000	0.056094
2.004333	0.055071
2.004667	0.054780
2.005000	0.055209
2.005333	0.054045
2.005667	0.055529
2.006000	0.054781
2.006333	0.054524
2.006667	0.054941
2.007000	0.054231
2.007333	0.054653
2.007667	0.054221
2.008000	0.054188
2.008333	0.054467
2.008667	0.053549
2.009000	0.053969
2.009333	0.053858
2.009667	0.053544
2.010000	0.052939
2.010333	0.053533
2.010667	0.052605
2.011000	0.052830
2.011333	0.052685
2.011667	0.052516
2.012000	0.052641
2.012333	0.052529
2.012667	0.052969
2.013000	0.051702
2.013333	0.052030
2.013667	0.052761
2.014000	0.052101
2.014333	0.051902
2.014667	0.051527
2.015000	0.051697
2.015333	0.052378
2.015667	0.051985
2.016000	0.051931
2.016333	0.051677
2.016667	0.050958
2.017000	0.050991
2.017333	0.051308
2.017667	0.050819
2.018000	0.050693
2.018333	0.050547
2.018667	0.050797
2.019000	0.050664
2.019333	0.051083
2.019667	0.049909
2.020000	0.050689
2.020333	0.050507
2.020667	0.050807
2.021000	0.050703
2.021333	0.050867
2.021667	0.050738
2.022000	0.050976
2.022333	0.050397
2.022667	0.050633
2.023000	0.050305
2.023333	0.049934
2.023667	0.050110
2.024000	0.050576
2.024333	0.049826
2.024667	0.049844
2.025000	0.049859
2.025333	0.049439
2.025667	0.049198
2.026000	0.048855
2.026333	0.049090
2.026667	0.049721
2.027000	0.049549
2.027333	0.049270
2.027667	0.049829
2.028000	0.049826
2.028333	0.050218
2.028667	0.050088
2.029000	0.050486
2.029333	0.049862
2.029667	0.049962
2.030000	0.050259
2.030333	0.049950
2.030667	0.049932
2.031000	0.050029
2.031333	0.049586
2.031667	0.049049
2.032000	0.049529
2.032333	0.048942
2.032667	0.048826
2.033000	0.048900
2.033333	0.047919
2.033667	0.048432
2.034000	0.047839
2.034333	0.048818
2.034667	0.048786
2.035000	0.048644
2.035333	0.048932
2.035667	0.048899
2.036000	0.048795
2.036333	0.049233
2.036667	0.048611
2.037000	0.048810
2.037333	0.048930
2.037667	0.049229
2.038000	0.048894
2.038333	0.049447
2.038667	0.048502
2.039000	0.048921
2.039333	0.048525
2.039667	0.048710
2.040000	0.048124
2.040333	0.048974
2.040667	0.048951
2.041000	0.048421
2.041333	0.048787
2.041667	0.049148
2.042000	0.048272
2.042333	0.048094
2.042667	0.048747
2.043000	0.047856
2.043333	0.048578
2.043667	0.048075
2.044000	0.048205
2.044333	0.048111
2.044667	0.048625
2.045000	0.048108
2.045333	0.048110
2.045667	0.048678
2.046000	0.047918
2.046333	0.047998
2.046667	0.048294
2.047000	0.047955
2.047333	0.047723
2.047667	0.048849
2.048000	0.048265
2.048333	0.048257
2.048667	0.048131
2.049000	0.048125
2.049333	0.048011
2.049667	0.047981
2.050000	0.047932
2.050333	0.047979
2.050667	0.048383
2.051000	0.047767
2.051333	0.048049
2.051667	0.047973
2.052000	0.047155
2.052333	0.047509
2.052667	0.048600
2.053000	0.047708
2.053333	0.047649
2.053667	0.047371
2.054000	0.048154
2.054333	0.047668
2.054667	0.047540
2.055000	0.047788
2.055333	0.047920
2.055667	0.047633
2.056000	0.047598
2.056333	0.047991
2.056667	0.047831
2.057000	0.046921
2.057333	0.047703
2.057667	0.047974
2.058000	0.047946
2.058333	0.047863
2.058667	0.047770
2.059000	0.047728
2.059333	0.047936
2.059667	0.048021
2.060000	0.047807
2.060333	0.047890
2.060667	0.047781
2.061000	0.047892
2.061333	0.047743
2.061667	0.048096
2.062000	0.048113
2.062333	0.047842
2.062667	0.047369
2.063000	0.048051
2.063333	0.048300
2.063667	0.048451
2.064000	0.047589
2.064333	0.047928
2.064667	0.048970
2.065000	0.048512
2.065333	0.048713
2.065667	0.049242
2.066000	0.048553
2.066333	0.049384
2.066667	0.047701
2.067000	0.048670
2.067333	0.048808
2.067667	0.047979
2.068000	0.048185
2.068333	0.048959
2.068667	0.048459
2.069000	0.048324
2.069333	0.048734
2.069667	0.048207
2.070000	0.048876
2.070333	0.049017
2.070667	0.048829
2.071000	0.048830
2.071333	0.048292
2.071667	0.048674
2.072000	0.048622
2.072333	0.048395
2.072667	0.048158
2.073000	0.048798
2.073333	0.047880
2.073667	0.048054
2.074000	0.048157
2.074333	0.048509
2.074667	0.048224
2.075000	0.047970
2.075333	0.048035
2.075667	0.049038
2.076000	0.047966
2.076333	0.048305
2.076667	0.047900
2.077000	0.048239
2.077333	0.049084
2.077667	0.047890
2.078000	0.048062
2.078333	0.048184
2.078667	0.048841
2.079000	0.047861
2.079333	0.048594
2.079667	0.048352
2.080000	0.048104
2.080333	0.048484
2.080667	0.047453
2.081000	0.048062
2.081333	0.048652
2.081667	0.047649
2.082000	0.048310
2.082333	0.048633
2.082667	0.048466
2.083000	0.048275
2.083333	0.047969
2.083667	0.048381
2.084000	0.047872
2.084333	0.048107
2.084667	0.046935
2.085000	0.047635
2.085333	0.046748
2.085667	0.047833
2.086000	0.047565
2.086333	0.048020
2.086667	0.047973
2.087000	0.047514
2.087333	0.047897
2.087667	0.047676
2.088000	0.047633
2.088333	0.047307
2.088667	0.047662
2.089000	0.047945
2.089333	0.047507
2.089667	0.047408
2.090000	0.048251
2.090333	0.047531
2.090667	0.047362
2.091000	0.048238
2.091333	0.047395
2.091667	0.048492
2.092000	0.047358
2.092333	0.047461
2.092667	0.047682
2.093000	0.047685
2.093333	0.046596
2.093667	0.047871
2.094000	0.047285
2.094333	0.047733
2.094667	0.047087
2.095000	0.047841
2.095333	0.047667
2.095667	0.048781
2.096000	0.047506
2.096333	0.047750
2.096667	0.047763
2.097000	0.047670
2.097333	0.047428
2.097667	0.048246
2.098000	0.047888
2.098333	0.047360
2.098667	0.047710
2.099000	0.047496
2.099333	0.046979
2.099667	0.047385
2.100000	0.047396
2.100333	0.047431
2.100667	0.048035
2.101000	0.047321
2.101333	0.047286
2.101667	0.047556
2.102000	0.047627
2.102333	0.048120
2.102667	0.048093
2.103000	0.047450
2.103333	0.046766
2.103667	0.047391
2.104000	0.048427
2.104333	0.047225
2.104667	0.048140
2.105000	0.048327
2.105333	0.048117
2.105667	0.047823
2.106000	0.047874
2.106333	0.047623
2.106667	0.047859
2.107000	0.047156
2.107333	0.047527
2.107667	0.047438
2.108000	0.047398
2.108333	0.047174
2.108667	0.048660
2.109000	0.047816
2.109333	0.047395
2.109667	0.047624
2.110000	0.047142
2.110333	0.047900
2.110667	0.047895
2.111000	0.047433
2.111333	0.047528
2.111667	0.048067
2.112000	0.047721
2.112333	0.047127
2.112667	0.047691
2.113000	0.047467
2.113333	0.047726
2.113667	0.047793
2.114000	0.047546
2.114333	0.048087
2.114667	0.047836
2.115000	0.048621
2.115333	0.048337
2.115667	0.047544
2.116000	0.047630
2.116333	0.048144
2.116667	0.048270
2.117000	0.048579
2.117333	0.047898
2.117667	0.047643
2.118000	0.048095
2.118333	0.048123
2.118667	0.048212
2.119000	0.047923
2.119333	0.048556
2.119667	0.047541
2.120000	0.047837
2.120333	0.047997
2.120667	0.047877
2.121000	0.047472
2.121333	0.047518
2.121667	0.048486
2.122000	0.047855
2.122333	0.047468
2.122667	0.047918
2.123000	0.047753
2.123333	0.047881
2.123667	0.047668
2.124000	0.048081
2.124333	0.048328
2.124667	0.047780
2.125000	0.047915
2.125333	0.047694
2.125667	0.048435
2.126000	0.048978
2.126333	0.048130
2.126667	0.048420
2.127000	0.050115
2.127333	0.049132
2.127667	0.049827
2.128000	0.050556
2.128333	0.051103
2.128667	0.051105
2.129000	0.051840
2.129333	0.051525
2.129667	0.052649
2.130000	0.052276
2.130333	0.052747
2.130667	0.053576
2.131000	0.053363
2.131333	0.052464
2.131667	0.053789
2.132000	0.053371
2.132333	0.053184
2.132667	0.053796
2.133000	0.053501
2.133333	0.055389
2.133667	0.055022
2.134000	0.054841
2.134333	0.056025
2.134667	0.056654
2.135000	0.056577
2.135333	0.056949
2.135667	0.057009
2.136000	0.056344
2.136333	0.056544
2.136667	0.057402
2.137000	0.058022
2.137333	0.057357
2.137667	0.057857
2.138000	0.057255
2.138333	0.057245
2.138667	0.056845
2.139000	0.056646
2.139333	0.056293
2.139667	0.056540
2.140000	0.056894
2.140333	0.055596
2.140667	0.056626
2.141000	0.055862
2.141333	0.055898
2.141667	0.055780
2.142000	0.055510
2.142333	0.054525
2.142667	0.055017
2.143000	0.054792
2.143333	0.055169
2.143667	0.054131
2.144000	0.054319
2.144333	0.054290
2.144667	0.054087
2.145000	0.054879
2.145333	0.054332
2.145667	0.053844
2.146000	0.052812
2.146333	0.053336
2.146667	0.053486
2.147000	0.052960
2.147333	0.053623
2.147667	0.054208
2.148000	0.053504
2.148333	0.052929
2.148667	0.052799
2.149000	0.053285
2.149333	0.053516
2.149667	0.052653
2.150000	0.052834
2.150333	0.052384
2.150667	0.052353
2.151000	0.052424
2.151333	0.052832
2.151667	0.052803
2.152000	0.052592
2.152333	0.052320
2.152667	0.052621
2.153000	0.052215
2.153333	0.051567
2.153667	0.052376
2.154000	0.052311
2.154333	0.051613
2.154667	0.052089
2.155000	0.051878
2.155333	0.051510
2.155667	0.051642
2.156000	0.051828
2.156333	0.050763
2.156667	0.051276
2.157000	0.050982
2.157333	0.052237
2.157667	0.051122
2.158000	0.051660
2.158333	0.051709
2.158667	0.051272
2.159000	0.051224
2.159333	0.051312
2.159667	0.051854
2.160000	0.050510
2.160333	0.051852
2.160667	0.051310
2.161000	0.050359
2.161333	0.051117
2.161667	0.050308
2.162000	0.050848
2.162333	0.050610
2.162667	0.050475
2.163000	0.050324
2.163333	0.050492
2.163667	0.050705
2.164000	0.050213
2.164333	0.050389
2.164667	0.050972
2.165000	0.049780
2.165333	0.050695
2.165667	0.050743
2.166000	0.049574
2.166333	0.050051
2.166667	0.050444
2.167000	0.050964
2.167333	0.050261
2.167667	0.051200
2.168000	0.051045
2.168333	0.050844
2.168667	0.050288
2.169000	0.049765
2.169333	0.050523
2.169667	0.050546
2.170000	0.050117
2.170333	0.049676
2.170667	0.050429
2.171000	0.050395
2.171333	0.050079
2.171667	0.050270
2.172000	0.049518
2.172333	0.049895
2.172667	0.049801
2.173000	0.049544
2.173333	0.049728
2.173667	0.049260
2.174000	0.049992
2.174333	0.049846
2.174667	0.049645
2.175000	0.049804
2.175333	0.050389
2.175667	0.049683
2.176000	0.049724
2.176333	0.049545
2.176667	0.049946
2.177000	0.049990
2.177333	0.049633
2.177667	0.049522
2.178000	0.049623
2.178333	0.048925
2.178667	0.049753
2.179000	0.050108
2.179333	0.050033
2.179667	0.048972
2.180000	0.049906
2.180333	0.049694
2.180667	0.049740
2.181000	0.049553
2.181333	0.049061
2.181667	0.049058
2.182000	0.049563
2.182333	0.049743
2.182667	0.049695
2.183000	0.049501
2.183333	0.049078
2.183667	0.048805
2.184000	0.049412
2.184333	0.048950
2.184667	0.050018
2.185000	0.049068
2.185333	0.049425
2.185667	0.049107
2.186000	0.048841
2.186333	0.049759
2.186667	0.049609
2.187000	0.050699
2.187333	0.049488
2.187667	0.050198
2.188000	0.050081
2.188333	0.049670
2.188667	0.048996
2.189000	0.049332
2.189333	0.049547
2.189667	0.049296
2.190000	0.048478
2.190333	0.049200
2.190667	0.049482
2.191000	0.049353
2.191333	0.049159
2.191667	0.049362
2.192000	0.048695
2.192333	0.049151
2.192667	0.049133
2.193000	0.048783
2.193333	0.048943
2.193667	0.048803
2.194000	0.049827
2.194333	0.049789
2.194667	0.049015
2.195000	0.049818
2.195333	0.048278
2.195667	0.049463
2.196000	0.048962
2.196333	0.048861
2.196667	0.049071
2.197000	0.049242
2.197333	0.048936
2.197667	0.048856
2.198000	0.049041
2.198333	0.048695
2.198667	0.049824
2.199000	0.049234
2.199333	0.049938
2.199667	0.049172
2.200000	0.049137
2.200333	0.049376
2.200667	0.049699
2.201000	0.049313
2.201333	0.048730
2.201667	0.048331
2.202000	0.048361
2.202333	0.048435
2.202667	0.049031
2.203000	0.049199
2.203333	0.048890
2.203667	0.048429
2.204000	0.048997
2.204333	0.048669
2.204667	0.048931
2.205000	0.048874
2.205333	0.048695
2.205667	0.048938
2.206000	0.049229
2.206333	0.048261
2.206667	0.048640
2.207000	0.048907
2.207333	0.048993
2.207667	0.048429
2.208000	0.049048
2.208333	0.048627
2.208667	0.048696
2.209000	0.049072
2.209333	0.048056
2.209667	0.049260
2.210000	0.049255
2.210333	0.049448
2.210667	0.049334
2.211000	0.049655
2.211333	0.048539
2.211667	0.048730
2.212000	0.049049
2.212333	0.049262
2.212667	0.048276
2.213000	0.048551
2.213333	0.048372
2.213667	0.047833
2.214000	0.048304
2.214333	0.049413
2.214667	0.048602
2.215000	0.048777
2.215333	0.048872
2.215667	0.048215
2.216000	0.048726
2.216333	0.048336
2.216667	0.048336
2.217000	0.049203
2.217333	0.048448
2.217667	0.048497
2.218000	0.049217
2.218333	0.048047
2.218667	0.049195
2.219000	0.049132
2.219333	0.048954
2.219667	0.048268
2.220000	0.048817
2.220333	0.048936
2.220667	0.049145
2.221000	0.048889
2.221333	0.048430
2.221667	0.048228
2.222000	0.048347
2.222333	0.047589
2.222667	0.047993
2.223000	0.048046
2.223333	0.048123
2.223667	0.048317
2.224000	0.047781
2.224333	0.048433
2.224667	0.048775
2.225000	0.048506
2.225333	0.047883
2.225667	0.048570
2.226000	0.048921
2.226333	0.048880
2.226667	0.048042
2.227000	0.049410
2.227333	0.048782
2.227667	0.048870
2.228000	0.048814
2.228333	0.048107
2.228667	0.049270
2.229000	0.048301
2.229333	0.048219
2.229667	0.048876
2.230000	0.048092
2.230333	0.047821
2.230667	0.048499
2.231000	0.047881
2.231333	0.048072
2.231667	0.048583
2.232000	0.048300
2.232333	0.048225
2.232667	0.048609
2.233000	0.049132
2.233333	0.047674
2.233667	0.047863
2.234000	0.048119
2.234333	0.048095
2.234667	0.049164
2.235000	0.047733
2.235333	0.048580
2.235667	0.048293
2.236000	0.048974
2.236333	0.048725
2.236667	0.048280
2.237000	0.048355
2.237333	0.048962
2.237667	0.048509
2.238000	0.049193
2.238333	0.048031
2.238667	0.048530
2.239000	0.048285
2.239333	0.048107
2.239667	0.047385
2.240000	0.048479
2.240333	0.048938
2.240667	0.048184
2.241000	0.048505
2.241333	0.048613
2.241667	0.048043
2.242000	0.048993
2.242333	0.049113
2.242667	0.048573
2.243000	0.048204
2.243333	0.048646
2.243667	0.048195
2.244000	0.048268
2.244333	0.048556
2.244667	0.047872
2.245000	0.048337
2.245333	0.047990
2.245667	0.048305
2.246000	0.048503
2.246333	0.047915
2.246667	0.047659
2.247000	0.049043
2.247333	0.048516
2.247667	0.048463
2.248000	0.048890
2.248333	0.048399
2.248667	0.048421
2.249000	0.048686
2.249333	0.048530
2.249667	0.047558
2.250000	0.047419
2.250333	0.048078
2.250667	0.048301
2.251000	0.048254
2.251333	0.048070
2.251667	0.047785
2.252000	0.048002
2.252333	0.048131
2.252667	0.048409
2.253000	0.048489
2.253333	0.048052
2.253667	0.048179
2.254000	0.047602
2.254333	0.048159
2.254667	0.047730
2.255000	0.048017
2.255333	0.047769
2.255667	0.048009
2.256000	0.048667
2.256333	0.048699
2.256667	0.047510
2.257000	0.048097
2.257333	0.048005
2.257667	0.049173
2.258000	0.048154
2.258333	0.047753
2.258667	0.047798
2.259000	0.048295
2.259333	0.047664
2.259667	0.048618
2.260000	0.048240
2.260333	0.047190
2.260667	0.048071
2.261000	0.047908
2.261333	0.048151
2.261667	0.048179
2.262000	0.047623
2.262333	0.048399
2.262667	0.047472
2.263000	0.047646
2.263333	0.048152
2.263667	0.047621
2.264000	0.047571
2.264333	0.048531
2.264667	0.048574
2.265000	0.048238
2.265333	0.047888
2.265667	0.047825
2.266000	0.048214
2.266333	0.048175
2.266667	0.047787
2.267000	0.048262
2.267333	0.048165
2.267667	0.048073
2.268000	0.047509
2.268333	0.048168
2.268667	0.047496
2.269000	0.047657
2.269333	0.047065
2.269667	0.047320
2.270000	0.047650
2.270333	0.047131
2.270667	0.047762
2.271000	0.047949
2.271333	0.047685
2.271667	0.048362
2.272000	0.047494
2.272333	0.048141
2.272667	0.048590
2.273000	0.048096
2.273333	0.047929
2.273667	0.047766
2.274000	0.047917
2.274333	0.047689
2.274667	0.048359
2.275000	0.047870
2.275333	0.047416
2.275667	0.048295
2.276000	0.048425
2.276333	0.047889
2.276667	0.047389
2.277000	0.047723
2.277333	0.047821
2.277667	0.047943
2.278000	0.047881
2.278333	0.048582
2.278667	0.048214
2.279000	0.047881
2.279333	0.047989
2.279667	0.047956
2.280000	0.047362
2.280333	0.048078
2.280667	0.047578
2.281000	0.048100
2.281333	0.048265
2.281667	0.047994
2.282000	0.047040
2.282333	0.047965
2.282667	0.048111
2.283000	0.047347
2.283333	0.047942
2.283667	0.047432
2.284000	0.046710
2.284333	0.047538
2.284667	0.047446
2.285000	0.048653
2.285333	0.048153
2.285667	0.048638
2.286000	0.049016
2.286333	0.048398
2.286667	0.048663
2.287000	0.048782
2.287333	0.048108
2.287667	0.048346
2.288000	0.049025
2.288333	0.048883
2.288667	0.047587
2.289000	0.048725
2.289333	0.048661
2.289667	0.048525
2.290000	0.048835
2.290333	0.047840
2.290667	0.048388
2.291000	0.047443
2.291333	0.048077
2.291667	0.047780
2.292000	0.047937
2.292333	0.048167
2.292667	0.047993
2.293000	0.048246
2.293333	0.047672
2.293667	0.048083
2.294000	0.047670
2.294333	0.048290
2.294667	0.048242
2.295000	0.049313
2.295333	0.047956
2.295667	0.048222
2.296000	0.049028
2.296333	0.048370
2.296667	0.048473
2.297000	0.048035
2.297333	0.047990
2.297667	0.048635
2.298000	0.048916
2.298333	0.049009
2.298667	0.049010
2.299000	0.048285
2.299333	0.048630
2.299667	0.048501
2.300000	0.048658
2.300333	0.048436
2.300667	0.048732
2.301000	0.048348
2.301333	0.048774
2.301667	0.048589
2.302000	0.048115
2.302333	0.048558
2.302667	0.047929
2.303000	0.048596
2.303333	0.048378
2.303667	0.048433
2.304000	0.048634
2.304333	0.047939
2.304667	0.048705
2.305000	0.048113
2.305333	0.048877
2.305667	0.048355
2.306000	0.048353
2.306333	0.048527
2.306667	0.047397
2.307000	0.048277
2.307333	0.048958
2.307667	0.049098
2.308000	0.048333
2.308333	0.048715
2.308667	0.048236
2.309000	0.048209
2.309333	0.047907
2.309667	0.048195
2.310000	0.048478
2.310333	0.048304
2.310667	0.048150
2.311000	0.048052
2.311333	0.048803
2.311667	0.048754
2.312000	0.049108
2.312333	0.048027
2.312667	0.048272
2.313000	0.048515
2.313333	0.048687
2.313667	0.048701
2.314000	0.048551
2.314333	0.048603
2.314667	0.048874
2.315000	0.048959
2.315333	0.048419
2.315667	0.049413
2.316000	0.049005
2.316333	0.048749
2.316667	0.048835
2.317000	0.048313
2.317333	0.049480
2.317667	0.048733
2.318000	0.049447
2.318333	0.048560
2.318667	0.049083
2.319000	0.048994
2.319333	0.048985
2.319667	0.048984
2.320000	0.048444
2.320333	0.049267
2.320667	0.048865
2.321000	0.049008
2.321333	0.048648
2.321667	0.048502
2.322000	0.048565
2.322333	0.049026
2.322667	0.049002
2.323000	0.049084
2.323333	0.048743
2.323667	0.048589
2.324000	0.049136
2.324333	0.048560
2.324667	0.048662
2.325000	0.048900
2.325333	0.048675
2.325667	0.049091
2.326000	0.048534
2.326333	0.048709
2.326667	0.048768
2.327000	0.048720
2.327333	0.048994
2.327667	0.048221
2.328000	0.049040
2.328333	0.049261
2.328667	0.049059
2.329000	0.048917
2.329333	0.048634
2.329667	0.048652
2.330000	0.048395
2.330333	0.048489
2.330667	0.048964
2.331000	0.049255
2.331333	0.048722
2.331667	0.049216
2.332000	0.048162
2.332333	0.049360
2.332667	0.049392
2.333000	0.049044
2.333333	0.048659
2.333667	0.048960
2.334000	0.048605
2.334333	0.048916
2.334667	0.048698
2.335000	0.048589
2.335333	0.049620
2.335667	0.049501
2.336000	0.048502
2.336333	0.049408
2.336667	0.048941
2.337000	0.048238
2.337333	0.049100
2.337667	0.049112
2.338000	0.048341
2.338333	0.048050
2.338667	0.049384
2.339000	0.048853
2.339333	0.048606
2.339667	0.049233
2.340000	0.049071
2.340333	0.048909
2.340667	0.049259
2.341000	0.049223
2.341333	0.048936
2.341667	0.048677
2.342000	0.049189
2.342333	0.049328
2.342667	0.049150
2.343000	0.049284
2.343333	0.048868
2.343667	0.049573
2.344000	0.049479
2.344333	0.049057
2.344667	0.049436
2.345000	0.049298
2.345333	0.049167
2.345667	0.048668
2.346000	0.048633
2.346333	0.048255
2.346667	0.048965
2.347000	0.049152
2.347333	0.048618
2.347667	0.048052
2.348000	0.047557
2.348333	0.048160
2.348667	0.047927
2.349000	0.047879
2.349333	0.048427
2.349667	0.048504
2.350000	0.049180
2.350333	0.048927
2.350667	0.049554
2.351000	0.049410
2.351333	0.049309
2.351667	0.049833
2.352000	0.050152
2.352333	0.050029
2.352667	0.049378
2.353000	0.049259
2.353333	0.049148
2.353667	0.048985
2.354000	0.048621
2.354333	0.049033
2.354667	0.048933
2.355000	0.047542
2.355333	0.047786
2.355667	0.047396
2.356000	0.048331
2.356333	0.048276
2.356667	0.048928
2.357000	0.048846
2.357333	0.048788
2.357667	0.049188
2.358000	0.048942
2.358333	0.049325
2.358667	0.050326
2.359000	0.050608
2.359333	0.051194
2.359667	0.052827
2.360000	0.053264
2.360333	0.053698
2.360667	0.055003
2.361000	0.054600
2.361333	0.054814
2.361667	0.055607
2.362000	0.055884
2.362333	0.055685
2.362667	0.055508
2.363000	0.056210
2.363333	0.056566
2.363667	0.057041
2.364000	0.057581
2.364333	0.058774
2.364667	0.061001
2.365000	0.062704
2.365333	0.063765
2.365667	0.063919
2.366000	0.064674
2.366333	0.065503
2.366667	0.066090
2.367000	0.066297
2.367333	0.066560
2.367667	0.065002
2.368000	0.065510
2.368333	0.064650
2.368667	0.064853
2.369000	0.064358
2.369333	0.063836
2.369667	0.063435
2.370000	0.062873
2.370333	0.063700
2.370667	0.062297
2.371000	0.062905
2.371333	0.061923
2.371667	0.060837
2.372000	0.060743
2.372333	0.060179
2.372667	0.060067
2.373000	0.059441
2.373333	0.060072
2.373667	0.058806
2.374000	0.059409
2.374333	0.058798
2.374667	0.058515
2.375000	0.058643
2.375333	0.058735
2.375667	0.058231
2.376000	0.059138
2.376333	0.058553
2.376667	0.058874
2.377000	0.057895
2.377333	0.057573
2.377667	0.057326
2.378000	0.057959
2.378333	0.056232
2.378667	0.057414
2.379000	0.056524
2.379333	0.056682
2.379667	0.056385
2.380000	0.056173
2.380333	0.055557
2.380667	0.056147
2.381000	0.055036
2.381333	0.055339
2.381667	0.054857
2.382000	0.055115
2.382333	0.055287
2.382667	0.054470
2.383000	0.054568
2.383333	0.054350
2.383667	0.054835
2.384000	0.054283
2.384333	0.053899
2.384667	0.054996
2.385000	0.055089
2.385333	0.054443
2.385667	0.054443
2.386000	0.054615
2.386333	0.054400
2.386667	0.054337
2.387000	0.054593
2.387333	0.054016
2.387667	0.053071
2.388000	0.053897
2.388333	0.053589
2.388667	0.052832
2.389000	0.053084
2.389333	0.052242
2.389667	0.053119
2.390000	0.052181
2.390333	0.052269
2.390667	0.052349
2.391000	0.052627
2.391333	0.052083
2.391667	0.052302
2.392000	0.052542
2.392333	0.052216
2.392667	0.051795
2.393000	0.052692
2.393333	0.051487
2.393667	0.052380
2.394000	0.052404
2.394333	0.051727
2.394667	0.052608
2.395000	0.051931
2.395333	0.052413
2.395667	0.052584
2.396000	0.052660
2.396333	0.052113
2.396667	0.052083
2.397000	0.052283
2.397333	0.051995
2.397667	0.052733
2.398000	0.052214
2.398333	0.052357
2.398667	0.051560
2.399000	0.052770
2.399333	0.051457
2.399667	0.051704
2.400000	0.050931
2.400333	0.051323
2.400667	0.051304
2.401000	0.051436
2.401333	0.051003
2.401667	0.051061
2.402000	0.051556
2.402333	0.050965
2.402667	0.050156
2.403000	0.050597
2.403333	0.050813
2.403667	0.051045
2.404000	0.050433
2.404333	0.050543
2.404667	0.050362
2.405000	0.050827
2.405333	0.050703
2.405667	0.050365
2.406000	0.050627
2.406333	0.050854
2.406667	0.050789
2.407000	0.050706
2.407333	0.050265
2.407667	0.051918
2.408000	0.051601
2.408333	0.050933
2.408667	0.051468
2.409000	0.051217
2.409333	0.051109
2.409667	0.050373
2.410000	0.051096
2.410333	0.050775
2.410667	0.050039
2.411000	0.050061
2.411333	0.050680
2.411667	0.050279
2.412000	0.050145
2.412333	0.050073
2.412667	0.050697
2.413000	0.049183
2.413333	0.049922
2.413667	0.050220
2.414000	0.050231
2.414333	0.050315
2.414667	0.050175
2.415000	0.050216
2.415333	0.050992
2.415667	0.050767
2.416000	0.050989
2.416333	0.051130
2.416667	0.050827
2.417000	0.051113
2.417333	0.050866
2.417667	0.050428
2.418000	0.050271
2.418333	0.049933
2.418667	0.049950
2.419000	0.049584
2.419333	0.049058
2.419667	0.050022
2.420000	0.049429
2.420333	0.049381
2.420667	0.049672
2.421000	0.049830
2.421333	0.050320
2.421667	0.050888
2.422000	0.050246
2.422333	0.050178
2.422667	0.050231
2.423000	0.051507
2.423333	0.050950
2.423667	0.050957
2.424000	0.050447
2.424333	0.050385
2.424667	0.050666
2.425000	0.050985
2.425333	0.050632
2.425667	0.050654
2.426000	0.050483
2.426333	0.049986
2.426667	0.049824
2.427000	0.050531
2.427333	0.050765
2.427667	0.050024
2.428000	0.050053
2.428333	0.049641
2.428667	0.050376
2.429000	0.050364
2.429333	0.050548
2.429667	0.050788
2.430000	0.050562
2.430333	0.051017
2.430667	0.050862
2.431000	0.050878
2.431333	0.051315
2.431667	0.051951
2.432000	0.050808
2.432333	0.050930
2.432667	0.051136
2.433000	0.051391
2.433333	0.050680
2.433667	0.051284
2.434000	0.050754
2.434333	0.050469
2.434667	0.050327
2.435000	0.050518
2.435333	0.050681
2.435667	0.050397
2.436000	0.050120
2.436333	0.050503
2.436667	0.050282
2.437000	0.050246
2.437333	0.049838
2.437667	0.049811
2.438000	0.051096
2.438333	0.051014
2.438667	0.050726
2.439000	0.051372
2.439333	0.051061
2.439667	0.050949
2.440000	0.049527
2.440333	0.049593
2.440667	0.049499
2.441000	0.049672
2.441333	0.048664
2.441667	0.049131
2.442000	0.049312
2.442333	0.049509
2.442667	0.049121
2.443000	0.049761
2.443333	0.050416
2.443667	0.050561
2.444000	0.051773
2.444333	0.051834
2.444667	0.052364
2.445000	0.051588
2.445333	0.053253
2.445667	0.053249
2.446000	0.053407
2.446333	0.051801
2.446667	0.052891
2.447000	0.052517
2.447333	0.052156
2.447667	0.051696
2.448000	0.051788
2.448333	0.051301
2.448667	0.050581
2.449000	0.050565
2.449333	0.050538
2.449667	0.050509
2.450000	0.050420
2.450333	0.049312
2.450667	0.050137
2.451000	0.049100
2.451333	0.049411
2.451667	0.049658
2.452000	0.049953
2.452333	0.050181
2.452667	0.050222
2.453000	0.050729
2.453333	0.050854
2.453667	0.049891
2.454000	0.050674
2.454333	0.049997
2.454667	0.050012
2.455000	0.049853
2.455333	0.050171
2.455667	0.050344
2.456000	0.050100
2.456333	0.050561
2.456667	0.050652
2.457000	0.051442
2.457333	0.050427
2.457667	0.051003
2.458000	0.051445
2.458333	0.050358
2.458667	0.051041
2.459000	0.050367
2.459333	0.050857
2.459667	0.050796
2.460000	0.050652
2.460333	0.050729
2.460667	0.050695
2.461000	0.050508
2.461333	0.050185
2.461667	0.051727
2.462000	0.050575
2.462333	0.050312
2.462667	0.051134
2.463000	0.050359
2.463333	0.051015
2.463667	0.050647
2.464000	0.050255
2.464333	0.050249
2.464667	0.050905
2.465000	0.050762
2.465333	0.050437
2.465667	0.050000
2.466000	0.050631
2.466333	0.050150
2.466667	0.051298
2.467000	0.050831
2.467333	0.050268
2.467667	0.050493
2.468000	0.050180
2.468333	0.050144
2.468667	0.050016
2.469000	0.050090
2.469333	0.049802
2.469667	0.050011
2.470000	0.049320
2.470333	0.049720
2.470667	0.050256
2.471000	0.050020
2.471333	0.050531
2.471667	0.052131
2.472000	0.051382
2.472333	0.051162
2.472667	0.050301
2.473000	0.051104
2.473333	0.050930
2.473667	0.051164
2.474000	0.050753
2.474333	0.051451
2.474667	0.050499
2.475000	0.050703
2.475333	0.050082
2.475667	0.050470
2.476000	0.050062
2.476333	0.050579
2.476667	0.049930
2.477000	0.049721
2.477333	0.049902
2.477667	0.050128
2.478000	0.050323
2.478333	0.050272
2.478667	0.050743
2.479000	0.050421
2.479333	0.051133
2.479667	0.051174
2.480000	0.050623
2.480333	0.051497
2.480667	0.051873
2.481000	0.050638
2.481333	0.050667
2.481667	0.051206
2.482000	0.051368
2.482333	0.050711
2.482667	0.050501
2.483000	0.050824
2.483333	0.051197
2.483667	0.050515
2.484000	0.051127
2.484333	0.050918
2.484667	0.051277
2.485000	0.051141
2.485333	0.050750
2.485667	0.050304
2.486000	0.050556
2.486333	0.050248
2.486667	0.050431
2.487000	0.050360
2.487333	0.050048
2.487667	0.050905
2.488000	0.050019
2.488333	0.050318
2.488667	0.050580
2.489000	0.049855
2.489333	0.050807
2.489667	0.050507
2.490000	0.050129
2.490333	0.049872
2.490667	0.050945
2.491000	0.050535
2.491333	0.050022
2.491667	0.050213
2.492000	0.050295
2.492333	0.050056
2.492667	0.049305
2.493000	0.049332
2.493333	0.049101
2.493667	0.049664
2.494000	0.049444
2.494333	0.049002
2.494667	0.049801
2.495000	0.048762
2.495333	0.049711
2.495667	0.050035
2.496000	0.050136
2.496333	0.050313
2.496667	0.050029
2.497000	0.050159
2.497333	0.050719
2.497667	0.050844
2.498000	0.050435
2.498333	0.051729
2.498667	0.051118
2.499000	0.052093
2.499333	0.051548
2.499667	0.051411
2.500000	0.051817
2.500333	0.051190
2.500667	0.051847
2.501000	0.051041
2.501333	0.050565
2.501667	0.049943
2.502000	0.049548
2.502333	0.049190
2.502667	0.048570
2.503000	0.048343
2.503333	0.047868
2.503667	0.047202
2.504000	0.048527
2.504333	0.047962
2.504667	0.048075
2.505000	0.047601
2.505333	0.047801
2.505667	0.049164
2.506000	0.049474
2.506333	0.049260
2.506667	0.049215
2.507000	0.049851
2.507333	0.049925
2.507667	0.050244
2.508000	0.050921
2.508333	0.050874
2.508667	0.050412
2.509000	0.050564
2.509333	0.050189
2.509667	0.050445
2.510000	0.050322
2.510333	0.050493
2.510667	0.050186
2.511000	0.049765
2.511333	0.049931
2.511667	0.049327
2.512000	0.049067
2.512333	0.049058
2.512667	0.048236
2.513000	0.047989
2.513333	0.047840
2.513667	0.048891
2.514000	0.048071
2.514333	0.048305
2.514667	0.048712
2.515000	0.048859
2.515333	0.049316
2.515667	0.049587
2.516000	0.049656
2.516333	0.049386
2.516667	0.049618
2.517000	0.050203
2.517333	0.050219
2.517667	0.050301
2.518000	0.049654
2.518333	0.049988
2.518667	0.050510
2.519000	0.049943
2.519333	0.049519
2.519667	0.049010
2.520000	0.049748
2.520333	0.049632
2.520667	0.048473
2.521000	0.048704
2.521333	0.047893
2.521667	0.049187
2.522000	0.048650
2.522333	0.048755
2.522667	0.049150
2.523000	0.048730
2.523333	0.048707
2.523667	0.049516
2.524000	0.048892
2.524333	0.049853
2.524667	0.049651
2.525000	0.049129
2.525333	0.049962
2.525667	0.049415
2.526000	0.049149
2.526333	0.049704
2.526667	0.049055
2.527000	0.049130
2.527333	0.048575
2.527667	0.048919
2.528000	0.048737
2.528333	0.048467
2.528667	0.048641
2.529000	0.048637
2.529333	0.048735
2.529667	0.049232
2.530000	0.047588
2.530333	0.048553
2.530667	0.048250
2.531000	0.048709
2.531333	0.049686
2.531667	0.049224
2.532000	0.048485
2.532333	0.049522
2.532667	0.049290
2.533000	0.049241
2.533333	0.049279
2.533667	0.048978
2.534000	0.049379
2.534333	0.049426
2.534667	0.048839
2.535000	0.048624
2.535333	0.048492
2.535667	0.048726
2.536000	0.048598
2.536333	0.048368
2.536667	0.048380
2.537000	0.049064
2.537333	0.048189
2.537667	0.048702
2.538000	0.048742
2.538333	0.048725
2.538667	0.049340
2.539000	0.049071
2.539333	0.048497
2.539667	0.049303
2.540000	0.048032
2.540333	0.049323
2.540667	0.048487
2.541000	0.048757
2.541333	0.048308
2.541667	0.048344
2.542000	0.047236
2.542333	0.047806
2.542667	0.048050
2.543000	0.048192
2.543333	0.047519
2.543667	0.047495
2.544000	0.047291
2.544333	0.048215
2.544667	0.047550
2.545000	0.047692
2.545333	0.047839
2.545667	0.048794
2.546000	0.048252
2.546333	0.048170
2.546667	0.048819
2.547000	0.048903
2.547333	0.049764
2.547667	0.048546
2.548000	0.049234
2.548333	0.049959
2.548667	0.049206
2.549000	0.049462
2.549333	0.049448
2.549667	0.049919
2.550000	0.048923
2.550333	0.048725
2.550667	0.048944
2.551000	0.048851
2.551333	0.048817
2.551667	0.048852
2.552000	0.048805
2.552333	0.047743
2.552667	0.047881
2.553000	0.047731
2.553333	0.048228
2.553667	0.047566
2.554000	0.047354
2.554333	0.046890
2.554667	0.046952
2.555000	0.047604
2.555333	0.047608
2.555667	0.047994
2.556000	0.047840
2.556333	0.048079
2.556667	0.047853
2.557000	0.047403
2.557333	0.048584
2.557667	0.049105
2.558000	0.048258
2.558333	0.048663
2.558667	0.049130
2.559000	0.049266
2.559333	0.048543
2.559667	0.048546
2.560000	0.048750
2.560333	0.049247
2.560667	0.048723
2.561000	0.047860
2.561333	0.048343
2.561667	0.048063
2.562000	0.048125
2.562333	0.047352
2.562667	0.047401
2.563000	0.048095
2.563333	0.047690
2.563667	0.047549
2.564000	0.047239
2.564333	0.047977
2.564667	0.046990
2.565000	0.048705
2.565333	0.048083
2.565667	0.047365
2.566000	0.048212
2.566333	0.047753
2.566667	0.048623
2.567000	0.048405
2.567333	0.048735
2.567667	0.048575
2.568000	0.048209
2.568333	0.048451
2.568667	0.048671
2.569000	0.047459
2.569333	0.047848
2.569667	0.047756
2.570000	0.047904
2.570333	0.047335
2.570667	0.047642
2.571000	0.047186
2.571333	0.047142
2.571667	0.047305
2.572000	0.047683
2.572333	0.048364
2.572667	0.048190
2.573000	0.048204
2.573333	0.048219
2.573667	0.047761
2.574000	0.048105
2.574333	0.047706
2.574667	0.048323
2.575000	0.048301
2.575333	0.048717
2.575667	0.048655
2.576000	0.048635
2.576333	0.048363
2.576667	0.048441
2.577000	0.048603
2.577333	0.048361
2.577667	0.048380
2.578000	0.048420
2.578333	0.048689
2.578667	0.048128
2.579000	0.047913
2.579333	0.047789
2.579667	0.048232
2.580000	0.047359
2.580333	0.047302
2.580667	0.047266
2.581000	0.047879
2.581333	0.047705
2.581667	0.048609
2.582000	0.047779
2.582333	0.048231
2.582667	0.047722
2.583000	0.048444
2.583333	0.048100
2.583667	0.048174
2.584000	0.047906
2.584333	0.047958
2.584667	0.048001
2.585000	0.048004
2.585333	0.048040
2.585667	0.047671
2.586000	0.048341
2.586333	0.048333
2.586667	0.047380
2.587000	0.047390
2.587333	0.047884
2.587667	0.048503
2.588000	0.047964
2.588333	0.048224
2.588667	0.047914
2.589000	0.047884
2.589333	0.048380
2.589667	0.047822
2.590000	0.047836
2.590333	0.047659
2.590667	0.048134
2.591000	0.048130
2.591333	0.048377
2.591667	0.048560
2.592000	0.048884
2.592333	0.048178
2.592667	0.048187
2.593000	0.047595
2.593333	0.047457
2.593667	0.048866
2.594000	0.047804
2.594333	0.048137
2.594667	0.048310
2.595000	0.047153
2.595333	0.048204
2.595667	0.047745
2.596000	0.047133
2.596333	0.047152
2.596667	0.048381
2.597000	0.047791
2.597333	0.048393
2.597667	0.048847
2.598000	0.047985
2.598333	0.047965
2.598667	0.048661
2.599000	0.049069
2.599333	0.048219
2.599667	0.048982
2.600000	0.049507
2.600333	0.049931
2.600667	0.050465
2.601000	0.051867
2.601333	0.052694
2.601667	0.052811
2.602000	0.053575
2.602333	0.054687
2.602667	0.055091
2.603000	0.055710
2.603333	0.055064
2.603667	0.054919
2.604000	0.055078
2.604333	0.054955
2.604667	0.054492
2.605000	0.054739
2.605333	0.054874
2.605667	0.054784
2.606000	0.054485
2.606333	0.054469
2.606667	0.054271
2.607000	0.054604
2.607333	0.054994
2.607667	0.055160
2.608000	0.054124
2.608333	0.054223
2.608667	0.054972
2.609000	0.054705
2.609333	0.054480
2.609667	0.054047
2.610000	0.054378
2.610333	0.054437
2.610667	0.053289
2.611000	0.053868
2.611333	0.053543
2.611667	0.052974
2.612000	0.053779
2.612333	0.053463
2.612667	0.053327
2.613000	0.053128
2.613333	0.053051
2.613667	0.053674
2.614000	0.053399
2.614333	0.053202
2.614667	0.053705
2.615000	0.053822
2.615333	0.053192
2.615667	0.053588
2.616000	0.052945
2.616333	0.053309
2.616667	0.052537
2.617000	0.053582
2.617333	0.052729
2.617667	0.052782
2.618000	0.053199
2.618333	0.053444
2.618667	0.054539
2.619000	0.055388
2.619333	0.055775
2.619667	0.055904
2.620000	0.055301
2.620333	0.055017
2.620667	0.056059
2.621000	0.055231
2.621333	0.055666
2.621667	0.055106
2.622000	0.055183
2.622333	0.054863
2.622667	0.054542
2.623000	0.053954
2.623333	0.053452
2.623667	0.053598
2.624000	0.053627
2.624333	0.052655
2.624667	0.052484
2.625000	0.052474
2.625333	0.052717
2.625667	0.052926
2.626000	0.052924
2.626333	0.053021
2.626667	0.052921
2.627000	0.053420
2.627333	0.052951
2.627667	0.052907
2.628000	0.052651
2.628333	0.051936
2.628667	0.052761
2.629000	0.052193
2.629333	0.052631
2.629667	0.052183
2.630000	0.052441
2.630333	0.052646
2.630667	0.051834
2.631000	0.051600
2.631333	0.052097
2.631667	0.051802
2.632000	0.051023
2.632333	0.051308
2.632667	0.051712
2.633000	0.050853
2.633333	0.051327
2.633667	0.051116
2.634000	0.050921
2.634333	0.050012
2.634667	0.051781
2.635000	0.051292
2.635333	0.050917
2.635667	0.051354
2.636000	0.051620
2.636333	0.051107
2.636667	0.051301
2.637000	0.051057
2.637333	0.050582
2.637667	0.050760
2.638000	0.051346
2.638333	0.050930
2.638667	0.050842
2.639000	0.050818
2.639333	0.051078
2.639667	0.050516
2.640000	0.050202
2.640333	0.050497
2.640667	0.050255
2.641000	0.050318
2.641333	0.050321
2.641667	0.049935
2.642000	0.050828
2.642333	0.049956
2.642667	0.050681
2.643000	0.050088
2.643333	0.049780
2.643667	0.050678
2.644000	0.050616
2.644333	0.050466
2.644667	0.050287
2.645000	0.050380
2.645333	0.050612
2.645667	0.050086
2.646000	0.050001
2.646333	0.050185
2.646667	0.050229
2.647000	0.050109
2.647333	0.050765
2.647667	0.049549
2.648000	0.049633
2.648333	0.050234
2.648667	0.050030
2.649000	0.050016
2.649333	0.049431
2.649667	0.050408
2.650000	0.049476
2.650333	0.050155
2.650667	0.049735
2.651000	0.050034
2.651333	0.049357
2.651667	0.049411
2.652000	0.050388
2.652333	0.049393
2.652667	0.049574
2.653000	0.049882
2.653333	0.049299
2.653667	0.049910
2.654000	0.049245
2.654333	0.049809
2.654667	0.050139
2.655000	0.049351
2.655333	0.049567
2.655667	0.049365
2.656000	0.049908
2.656333	0.050365
2.656667	0.050094
2.657000	0.049140
2.657333	0.049190
2.657667	0.049859
2.658000	0.049232
2.658333	0.048302
2.658667	0.049494
2.659000	0.049147
2.659333	0.049213
2.659667	0.049178
2.660000	0.049021
2.660333	0.049768
2.660667	0.049546
2.661000	0.049815
2.661333	0.049950
2.661667	0.049108
2.662000	0.048748
2.662333	0.049514
2.662667	0.049582
2.663000	0.049546
2.663333	0.049501
2.663667	0.049279
2.664000	0.049278
2.664333	0.049459
2.664667	0.049613
2.665000	0.049871
2.665333	0.049269
2.665667	0.049195
2.666000	0.049594
2.666333	0.049360
2.666667	0.049788
2.667000	0.049313
2.667333	0.048989
2.667667	0.049401
2.668000	0.049273
2.668333	0.049767
2.668667	0.048971
2.669000	0.049002
2.669333	0.049116
2.669667	0.049210
2.670000	0.049137
2.670333	0.048889
2.670667	0.049537
2.671000	0.048113
2.671333	0.048625
2.671667	0.048832
2.672000	0.049270
2.672333	0.048619
2.672667	0.048979
2.673000	0.048627
2.673333	0.049527
2.673667	0.047855
2.674000	0.049852
2.674333	0.048813
2.674667	0.048783
2.675000	0.048800
2.675333	0.048932
2.675667	0.048735
2.676000	0.049123
2.676333	0.049191
2.676667	0.049854
2.677000	0.048154
2.677333	0.048179
2.677667	0.048925
2.678000	0.048892
2.678333	0.048532
2.678667	0.049191
2.679000	0.048535
2.679333	0.048883
2.679667	0.048518
2.680000	0.048603
2.680333	0.048668
2.680667	0.048939
2.681000	0.048796
2.681333	0.048728
2.681667	0.048167
2.682000	0.048265
2.682333	0.048035
2.682667	0.049086
2.683000	0.048175
2.683333	0.048303
2.683667	0.048803
2.684000	0.048424
2.684333	0.049035
2.684667	0.048781
2.685000	0.049165
2.685333	0.048195
2.685667	0.049281
2.686000	0.048719
2.686333	0.048401
2.686667	0.048888
2.687000	0.048659
2.687333	0.048095
2.687667	0.048733
2.688000	0.048065
2.688333	0.048491
2.688667	0.048005
2.689000	0.048994
2.689333	0.048438
2.689667	0.047740
2.690000	0.048033
2.690333	0.047892
2.690667	0.048107
2.691000	0.048029
2.691333	0.047948
2.691667	0.048654
2.692000	0.048143
2.692333	0.047801
2.692667	0.048502
2.693000	0.048749
2.693333	0.047137
2.693667	0.049246
2.694000	0.048749
2.694333	0.048683
2.694667	0.049045
2.695000	0.049219
2.695333	0.048697
2.695667	0.049046
2.696000	0.049629
2.696333	0.048482
2.696667	0.048594
2.697000	0.049027
2.697333	0.048075
2.697667	0.048110
2.698000	0.048645
2.698333	0.047744
2.698667	0.048653
2.699000	0.048337
2.699333	0.048413
2.699667	0.047894
2.700000	0.047966
2.700333	0.048306
2.700667	0.048661
2.701000	0.048204
2.701333	0.048132
2.701667	0.048345
2.702000	0.047548
2.702333	0.047732
2.702667	0.048534
2.703000	0.048812
2.703333	0.048930
2.703667	0.047853
2.704000	0.048517
2.704333	0.048759
2.704667	0.048567
2.705000	0.049145
2.705333	0.048756
2.705667	0.048389
2.706000	0.048686
2.706333	0.048581
2.706667	0.048085
2.707000	0.049296
2.707333	0.048178
2.707667	0.048970
2.708000	0.048348
2.708333	0.048660
2.708667	0.047913
2.709000	0.047815
2.709333	0.047410
2.709667	0.048071
2.710000	0.047800
2.710333	0.047709
2.710667	0.048462
2.711000	0.047746
2.711333	0.048235
2.711667	0.047794
2.712000	0.048143
2.712333	0.047914
2.712667	0.048850
2.713000	0.048529
2.713333	0.048907
2.713667	0.047269
2.714000	0.048745
2.714333	0.048890
2.714667	0.047922
2.715000	0.048226
2.715333	0.048221
2.715667	0.048083
2.716000	0.048074
2.716333	0.047286
2.716667	0.047475
2.717000	0.048228
2.717333	0.047861
2.717667	0.048045
2.718000	0.047126
2.718333	0.048012
2.718667	0.047545
2.719000	0.047686
2.719333	0.047586
2.719667	0.048131
2.720000	0.047730
2.720333	0.048038
2.720667	0.047035
2.721000	0.048282
2.721333	0.048396
2.721667	0.047946
2.722000	0.048492
2.722333	0.048209
2.722667	0.048507
2.723000	0.049002
2.723333	0.047663
2.723667	0.048522
2.724000	0.048417
2.724333	0.047985
2.724667	0.047511
2.725000	0.047969
2.725333	0.047592
2.725667	0.047649
2.726000	0.048041
2.726333	0.048189
2.726667	0.048685
2.727000	0.048296
2.727333	0.047887
2.727667	0.048439
2.728000	0.048355
2.728333	0.047525
2.728667	0.047684
2.729000	0.048431
2.729333	0.047881
2.729667	0.047980
2.730000	0.047995
2.730333	0.047877
2.730667	0.048234
2.731000	0.047518
2.731333	0.047470
2.731667	0.048493
2.732000	0.047982
2.732333	0.047456
2.732667	0.047345
2.733000	0.048359
2.733333	0.047730
2.733667	0.047513
2.734000	0.048794
2.734333	0.048012
2.734667	0.047569
2.735000	0.047337
2.735333	0.048336
2.735667	0.046929
2.736000	0.047773
2.736333	0.047430
2.736667	0.048406
2.737000	0.047634
2.737333	0.047492
2.737667	0.047584
2.738000	0.047733
2.738333	0.047657
2.738667	0.047436
2.739000	0.047822
2.739333	0.047643
2.739667	0.047546
2.740000	0.047780
2.740333	0.046802
2.740667	0.047209
2.741000	0.048396
2.741333	0.047256
2.741667	0.048002
2.742000	0.047543
2.742333	0.047574
2.742667	0.047566
2.743000	0.048233
2.743333	0.047876
2.743667	0.047477
2.744000	0.047590
2.744333	0.047470
2.744667	0.047502
2.745000	0.047515
2.745333	0.047212
2.745667	0.047759
2.746000	0.047388
2.746333	0.047634
2.746667	0.047276
2.747000	0.047522
2.747333	0.047454
2.747667	0.047881
2.748000	0.048226
2.748333	0.047923
2.748667	0.047660
2.749000	0.047838
2.749333	0.047220
2.749667	0.047798
2.750000	0.047714
2.750333	0.047916
2.750667	0.047091
2.751000	0.047417
2.751333	0.047883
2.751667	0.047698
2.752000	0.048322
2.752333	0.047354
2.752667	0.047460
2.753000	0.047733
2.753333	0.048520
2.753667	0.047543
2.754000	0.048139
2.754333	0.048145
2.754667	0.047528
2.755000	0.047770
2.755333	0.047371
2.755667	0.047409
2.756000	0.047533
2.756333	0.047785
2.756667	0.047211
2.757000	0.048021
2.757333	0.047157
2.757667	0.047746
2.758000	0.048237
2.758333	0.047880
2.758667	0.047277
2.759000	0.047733
2.759333	0.048606
2.759667	0.047792
2.760000	0.047772
2.760333	0.048369
2.760667	0.047070
2.761000	0.048596
2.761333	0.047134
2.761667	0.047978
2.762000	0.047715
2.762333	0.046915
2.762667	0.047413
2.763000	0.047784
2.763333	0.048244
2.763667	0.047302
2.764000	0.047360
2.764333	0.047659
2.764667	0.046954
2.765000	0.047444
2.765333	0.047068
2.765667	0.047048
2.766000	0.047649
2.766333	0.046900
2.766667	0.048294
2.767000	0.048486
2.767333	0.047334
2.767667	0.047861
2.768000	0.048215
2.768333	0.046891
2.768667	0.047768
2.769000	0.048011
2.769333	0.047802
2.769667	0.047169
2.770000	0.048147
2.770333	0.048902
2.770667	0.048088
2.771000	0.048025
2.771333	0.047894
2.771667	0.047744
2.772000	0.047843
2.772333	0.047494
2.772667	0.047640
2.773000	0.047230
2.773333	0.047928
2.773667	0.047565
2.774000	0.047137
2.774333	0.047510
2.774667	0.047213
2.775000	0.047859
2.775333	0.047641
2.775667	0.047247
2.776000	0.048359
2.776333	0.048173
2.776667	0.047880
2.777000	0.047617
2.777333	0.048104
2.777667	0.047733
2.778000	0.048519
2.778333	0.048021
2.778667	0.048073
2.779000	0.047920
2.779333	0.048074
2.779667	0.048466
2.780000	0.047892
2.780333	0.047147
2.780667	0.047453
2.781000	0.047308
2.781333	0.047678
2.781667	0.047793
2.782000	0.047423
2.782333	0.047703
2.782667	0.047677
2.783000	0.047704
2.783333	0.048041
2.783667	0.047571
2.784000	0.048439
2.784333	0.047941
2.784667	0.047303
2.785000	0.047146
2.785333	0.048373
2.785667	0.047796
2.786000	0.048669
2.786333	0.048683
2.786667	0.048213
2.787000	0.048267
2.787333	0.048282
2.787667	0.046813
2.788000	0.047284
2.788333	0.047224
2.788667	0.047986
2.789000	0.047319
2.789333	0.046703
2.789667	0.047107
2.790000	0.046913
2.790333	0.046729
2.790667	0.047255
2.791000	0.046825
2.791333	0.047716
2.791667	0.047434
2.792000	0.048101
2.792333	0.047617
2.792667	0.048304
2.793000	0.048163
2.793333	0.048201
2.793667	0.048510
2.794000	0.048536
2.794333	0.048287
2.794667	0.048771
2.795000	0.048477
2.795333	0.047112
2.795667	0.047052
2.796000	0.047999
2.796333	0.047840
2.796667	0.047383
2.797000	0.047652
2.797333	0.047618
2.797667	0.047475
2.798000	0.047274
2.798333	0.047170
2.798667	0.047333
2.799000	0.047189
2.799333	0.046931
2.799667	0.046874
2.800000	0.047630
2.800333	0.046917
2.800667	0.047853
2.801000	0.047421
2.801333	0.048015
2.801667	0.047603
2.802000	0.047370
2.802333	0.047635
2.802667	0.047636
2.803000	0.047121
2.803333	0.047721
2.803667	0.047972
2.804000	0.047422
2.804333	0.047701
2.804667	0.047189
2.805000	0.048086
2.805333	0.047943
2.805667	0.047464
2.806000	0.047544
2.806333	0.047947
2.806667	0.047704
2.807000	0.047854
2.807333	0.048287
2.807667	0.048471
2.808000	0.047343
2.808333	0.047135
2.808667	0.047473
2.809000	0.047298
2.809333	0.047172
2.809667	0.047368
2.810000	0.046869
2.810333	0.047888
2.810667	0.047367
2.811000	0.047831
2.811333	0.046647
2.811667	0.047463
2.812000	0.047730
2.812333	0.047238
2.812667	0.048279
2.813000	0.047744
2.813333	0.048444
2.813667	0.047504
2.814000	0.047420
2.814333	0.047484
2.814667	0.048126
2.815000	0.049021
2.815333	0.048140
2.815667	0.048493
2.816000	0.048563
2.816333	0.048757
2.816667	0.048780
2.817000	0.049215
2.817333	0.049295
2.817667	0.050114
2.818000	0.049621
2.818333	0.049885
2.818667	0.050492
2.819000	0.050550
2.819333	0.051354
2.819667	0.052398
2.820000	0.052266
2.820333	0.052866
2.820667	0.052914
2.821000	0.053098
2.821333	0.055615
2.821667	0.054704
2.822000	0.056960
2.822333	0.057846
2.822667	0.059215
2.823000	0.060338
2.823333	0.062133
2.823667	0.063475
2.824000	0.062592
2.824333	0.063454
2.824667	0.063530
2.825000	0.062815
2.825333	0.062261
2.825667	0.062174
2.826000	0.061622
2.826333	0.061362
2.826667	0.061561
2.827000	0.061063
2.827333	0.060988
2.827667	0.059634
2.828000	0.059976
2.828333	0.059170
2.828667	0.059745
2.829000	0.059254
2.829333	0.058945
2.829667	0.058042
2.830000	0.059151
2.830333	0.058315
2.830667	0.056597
2.831000	0.057279
2.831333	0.057585
2.831667	0.057393
2.832000	0.056611
2.832333	0.056638
2.832667	0.056714
2.833000	0.056869
2.833333	0.055811
2.833667	0.056422
2.834000	0.056018
2.834333	0.055337
2.834667	0.055678
2.835000	0.056183
2.835333	0.055247
2.835667	0.055826
2.836000	0.054987
2.836333	0.054225
2.836667	0.054226
2.837000	0.054975
2.837333	0.054599
2.837667	0.054104
2.838000	0.054796
2.838333	0.054628
2.838667	0.054205
2.839000	0.054127
2.839333	0.053953
2.839667	0.053868
2.840000	0.053687
2.840333	0.053697
2.840667	0.053470
2.841000	0.053351
2.841333	0.053420
2.841667	0.052778
2.842000	0.053144
2.842333	0.052532
2.842667	0.052986
2.843000	0.052346
2.843333	0.052269
2.843667	0.052641
2.844000	0.053230
2.844333	0.053010
2.844667	0.052880
2.845000	0.052843
2.845333	0.052456
2.845667	0.052284
2.846000	0.052289
2.846333	0.051193
2.846667	0.051831
2.847000	0.052316
2.847333	0.052520
2.847667	0.051447
2.848000	0.051834
2.848333	0.052125
2.848667	0.051879
2.849000	0.051839
2.849333	0.051894
2.849667	0.051954
2.850000	0.051519
2.850333	0.051018
2.850667	0.052060
2.851000	0.052060
2.851333	0.051292
2.851667	0.050406
2.852000	0.051262
2.852333	0.051409
2.852667	0.051141
2.853000	0.051098
2.853333	0.050468
2.853667	0.050653
2.854000	0.051160
2.854333	0.050373
2.854667	0.050918
2.855000	0.051414
2.855333	0.051156
2.855667	0.051435
2.856000	0.051030
2.856333	0.050361
2.856667	0.050979
2.857000	0.050543
2.857333	0.050560
2.857667	0.050558
2.858000	0.050742
2.858333	0.049813
2.858667	0.050830
2.859000	0.050521
2.859333	0.050327
2.859667	0.050223
2.860000	0.050414
2.860333	0.050303
2.860667	0.050166
2.861000	0.050572
2.861333	0.050365
2.861667	0.049919
2.862000	0.050054
2.862333	0.049871
2.862667	0.049775
2.863000	0.050304
2.863333	0.050106
2.863667	0.050334
2.864000	0.049797
2.864333	0.049341
2.864667	0.049537
2.865000	0.050097
2.865333	0.049957
2.865667	0.049485
2.866000	0.050007
2.866333	0.050039
2.866667	0.049570
2.867000	0.049746
2.867333	0.049201
2.867667	0.049784
2.868000	0.050533
2.868333	0.049676
2.868667	0.049863
2.869000	0.049734
2.869333	0.049538
2.869667	0.049978
2.870000	0.049674
2.870333	0.048781
2.870667	0.049708
2.871000	0.049340
2.871333	0.049363
2.871667	0.049166
2.872000	0.049584
2.872333	0.049789
2.872667	0.049224
2.873000	0.049346
2.873333	0.048494
2.873667	0.049199
2.874000	0.048839
2.874333	0.049552
2.874667	0.048878
2.875000	0.049655
2.875333	0.048977
2.875667	0.049644
2.876000	0.049601
2.876333	0.049435
2.876667	0.049235
2.877000	0.048844
2.877333	0.048883
2.877667	0.049363
2.878000	0.049117
2.878333	0.049155
2.878667	0.049318
2.879000	0.048595
2.879333	0.049592
2.879667	0.049886
2.880000	0.049361
2.880333	0.049420
2.880667	0.049772
2.881000	0.049398
2.881333	0.049130
2.881667	0.048554
2.882000	0.049205
2.882333	0.049856
2.882667	0.048990
2.883000	0.049039
2.883333	0.049074
2.883667	0.048623
2.884000	0.048548
2.884333	0.048266
2.884667	0.048700
2.885000	0.048511
2.885333	0.048993
2.885667	0.048424
2.886000	0.048453
2.886333	0.048998
2.886667	0.048728
2.887000	0.048824
2.887333	0.049324
2.887667	0.049168
2.888000	0.049346
2.888333	0.050104
2.888667	0.049219
2.889000	0.050192
2.889333	0.048934
2.889667	0.049225
2.890000	0.049364
2.890333	0.048816
2.890667	0.049738
2.891000	0.048648
2.891333	0.047983
2.891667	0.048236
2.892000	0.047899
2.892333	0.048066
2.892667	0.047615
2.893000	0.047695
2.893333	0.047950
2.893667	0.048068
2.894000	0.048472
2.894333	0.047576
2.894667	0.048623
2.895000	0.048252
2.895333	0.048760
2.895667	0.048679
2.896000	0.048744
2.896333	0.048365
2.896667	0.049213
2.897000	0.049040
2.897333	0.049410
2.897667	0.049551
2.898000	0.049079
2.898333	0.049145
2.898667	0.049521
2.899000	0.048737
2.899333	0.049125
2.899667	0.049098
2.900000	0.048580
2.900333	0.048150
2.900667	0.048581
2.901000	0.048927
2.901333	0.048046
2.901667	0.048284
2.902000	0.047456
2.902333	0.048405
2.902667	0.048095
2.903000	0.048307
2.903333	0.048013
2.903667	0.047923
2.904000	0.048244
2.904333	0.048174
2.904667	0.048268
2.905000	0.048684
2.905333	0.047939
2.905667	0.048318
2.906000	0.048023
2.906333	0.048256
2.906667	0.048915
2.907000	0.048664
2.907333	0.048594
2.907667	0.048016
2.908000	0.048352
2.908333	0.048590
2.908667	0.048626
2.909000	0.048352
2.909333	0.047557
2.909667	0.048193
2.910000	0.047548
2.910333	0.048505
2.910667	0.048354
2.911000	0.048375
2.911333	0.048255
2.911667	0.047917
2.912000	0.048946
2.912333	0.048865
2.912667	0.048263
2.913000	0.047519
2.913333	0.048523
2.913667	0.048493
2.914000	0.047974
2.914333	0.048980
2.914667	0.048460
2.915000	0.048727
2.915333	0.049044
2.915667	0.048086
2.916000	0.048398
2.916333	0.047778
2.916667	0.048157
2.917000	0.048070
2.917333	0.047865
2.917667	0.047489
2.918000	0.047262
2.918333	0.047516
2.918667	0.047444
2.919000	0.047965
2.919333	0.047775
2.919667	0.048257
2.920000	0.047862
2.920333	0.049189
2.920667	0.048327
2.921000	0.048327
2.921333	0.048483
2.921667	0.049566
2.922000	0.048767
2.922333	0.048313
2.922667	0.048487
2.923000	0.048084
2.923333	0.048358
2.923667	0.048283
2.924000	0.048824
2.924333	0.047882
2.924667	0.047860
2.925000	0.048407
2.925333	0.046899
2.925667	0.047767
2.926000	0.047785
2.926333	0.047984
2.926667	0.047212
2.927000	0.048775
2.927333	0.048238
2.927667	0.048352
2.928000	0.048316
2.928333	0.047188
2.928667	0.048167
2.929000	0.048058
2.929333	0.048478
2.929667	0.048631
2.930000	0.047580
2.930333	0.048979
2.930667	0.048829
2.931000	0.048502
2.931333	0.048340
2.931667	0.048447
2.932000	0.047747
2.932333	0.048560
2.932667	0.048139
2.933000	0.047375
2.933333	0.047442
2.933667	0.046958
2.934000	0.047671
2.934333	0.047255
2.934667	0.047784
2.935000	0.047616
2.935333	0.047728
2.935667	0.048682
2.936000	0.048216
2.936333	0.048252
2.936667	0.047616
2.937000	0.047338
2.937333	0.048339
2.937667	0.047963
2.938000	0.048352
2.938333	0.048269
2.938667	0.048789
2.939000	0.047940
2.939333	0.048634
2.939667	0.048325
2.940000	0.048445
2.940333	0.048768
2.940667	0.048513
2.941000	0.047761
2.941333	0.048124
2.941667	0.048193
2.942000	0.048510
2.942333	0.048007
2.942667	0.048442
2.943000	0.047352
2.943333	0.047793
2.943667	0.047860
2.944000	0.047730
2.944333	0.048346
2.944667	0.048103
2.945000	0.047549
2.945333	0.048333
2.945667	0.048399
2.946000	0.048142
2.946333	0.048742
2.946667	0.048621
2.947000	0.048070
2.947333	0.048013
2.947667	0.048859
2.948000	0.048649
2.948333	0.048361
2.948667	0.048732
2.949000	0.047548
2.949333	0.049016
2.949667	0.048356
2.950000	0.048676
2.950333	0.048111
2.950667	0.047469
2.951000	0.047459
2.951333	0.047491
2.951667	0.047105
2.952000	0.047923
2.952333	0.047649
2.952667	0.047888
2.953000	0.048025
2.953333	0.047902
2.953667	0.047622
2.954000	0.047930
2.954333	0.048096
2.954667	0.047812
2.955000	0.048426
2.955333	0.048472
2.955667	0.047434
2.956000	0.047734
2.956333	0.048319
2.956667	0.048279
2.957000	0.048575
2.957333	0.048810
2.957667	0.048032
2.958000	0.047029
2.958333	0.048211
2.958667	0.047463
2.959000	0.046948
2.959333	0.048541
2.959667	0.048130
2.960000	0.047323
2.960333	0.047068
2.960667	0.047523
2.961000	0.047357
2.961333	0.048887
2.961667	0.047413
2.962000	0.048334
2.962333	0.047740
2.962667	0.048064
2.963000	0.047828
2.963333	0.048067
2.963667	0.048244
2.964000	0.048095
2.964333	0.048901
2.964667	0.048961
2.965000	0.048895
2.965333	0.047743
2.965667	0.048314
2.966000	0.048624
2.966333	0.047430
2.966667	0.048305
2.967000	0.046991
2.967333	0.048511
2.967667	0.048011
2.968000	0.048363
2.968333	0.047436
2.968667	0.048216
2.969000	0.048115
2.969333	0.048883
2.969667	0.048039
2.970000	0.048963
2.970333	0.048254
2.970667	0.047684
2.971000	0.047912
2.971333	0.048190
2.971667	0.048128
2.972000	0.048332
2.972333	0.049420
2.972667	0.047473
2.973000	0.048768
2.973333	0.048179
2.973667	0.048603
2.974000	0.049047
2.974333	0.047449
2.974667	0.048368
2.975000	0.048452
2.975333	0.048066
2.975667	0.048023
2.976000	0.047906
2.976333	0.048181
2.976667	0.047499
2.977000	0.048257
2.977333	0.048662
2.977667	0.047937
2.978000	0.048202
2.978333	0.047873
2.978667	0.048904
2.979000	0.049831
2.979333	0.050435
2.979667	0.051109
2.980000	0.051042
2.980333	0.051565
2.980667	0.052767
2.981000	0.055338
2.981333	0.056808
2.981667	0.058635
2.982000	0.059456
2.982333	0.060116
2.982667	0.059746
2.983000	0.060575
2.983333	0.061191
2.983667	0.060427
2.984000	0.060862
2.984333	0.060738
2.984667	0.060437
2.985000	0.060177
2.985333	0.059596
2.985667	0.060091
2.986000	0.059817
2.986333	0.059313
2.986667	0.058830
2.987000	0.058210
2.987333	0.058338
2.987667	0.058597
2.988000	0.057380
2.988333	0.057880
2.988667	0.057522
2.989000	0.057358
2.989333	0.056763
2.989667	0.057237
2.990000	0.055846
2.990333	0.055911
2.990667	0.056503
2.991000	0.055944
2.991333	0.055681
2.991667	0.055258
2.992000	0.056017
2.992333	0.055873
2.992667	0.055706
2.993000	0.054402
2.993333	0.054653
2.993667	0.054473
2.994000	0.054673
2.994333	0.054000
2.994667	0.053893
2.995000	0.054069
2.995333	0.053336
2.995667	0.054032
2.996000	0.053806
2.996333	0.053352
2.996667	0.053303
2.997000	0.053587
2.997333	0.053450
2.997667	0.053201
2.998000	0.053938
2.998333	0.053770
2.998667	0.053248
2.999000	0.053818
2.999333	0.053410
2.999667	0.054321
3.000000	0.054241
