0.000333	0.034974
0.000667	0.034307
0.001000	0.034800
0.001333	0.034455
0.001667	0.034190
0.002000	0.034427
0.002333	0.033910
0.002667	0.034717
0.003000	0.034540
0.003333	0.034552
0.003667	0.034259
0.004000	0.034682
0.004333	0.034249
0.004667	0.034769
0.005000	0.034605
0.005333	0.033993
0.005667	0.033605
0.006000	0.033771
0.006333	0.034706
0.006667	0.033932
0.007000	0.034533
0.007333	0.034484
0.007667	0.033841
0.008000	0.034078
0.008333	0.034270
0.008667	0.033950
0.009000	0.033907
0.009333	0.033783
0.009667	0.034825
0.010000	0.033989
0.010333	0.033873
0.010667	0.033549
0.011000	0.033398
0.011333	0.033912
0.011667	0.034397
0.012000	0.033981
0.012333	0.033916
0.012667	0.033436
0.013000	0.034068
0.013333	0.033711
0.013667	0.033576
0.014000	0.032843
0.014333	0.033134
0.014667	0.033413
0.015000	0.033880
0.015333	0.033660
0.015667	0.034044
0.016000	0.033733
0.016333	0.033207
0.016667	0.033140
0.017000	0.033473
0.017333	0.034090
0.017667	0.033368
0.018000	0.033486
0.018333	0.032789
0.018667	0.033139
0.019000	0.033044
0.019333	0.032943
0.019667	0.032912
0.020000	0.032850
0.020333	0.032543
0.020667	0.033003
0.021000	0.032847
0.021333	0.032661
0.021667	0.032475
0.022000	0.033495
0.022333	0.032831
0.022667	0.032914
0.023000	0.033622
0.023333	0.033090
0.023667	0.032661
0.024000	0.033078
0.024333	0.033252
0.024667	0.032370
0.025000	0.032257
0.025333	0.031350
0.025667	0.032708
0.026000	0.032247
0.026333	0.032385
0.026667	0.032514
0.027000	0.032981
0.027333	0.032175
0.027667	0.033066
0.028000	0.032812
0.028333	0.033164
0.028667	0.032769
0.029000	0.033495
0.029333	0.032970
0.029667	0.033281
0.030000	0.032337
0.030333	0.032692
0.030667	0.032031
0.031000	0.031779
0.031333	0.032420
0.031667	0.032824
0.032000	0.032396
0.032333	0.032136
0.032667	0.032330
0.033000	0.032545
0.033333	0.032531
0.033667	0.032149
0.034000	0.032565
0.034333	0.032557
0.034667	0.032376
0.035000	0.031773
0.035333	0.031943
0.035667	0.032050
0.036000	0.031663
0.036333	0.031239
0.036667	0.032682
0.037000	0.032015
0.037333	0.032603
0.037667	0.032014
0.038000	0.032346
0.038333	0.032110
0.038667	0.032062
0.039000	0.031979
0.039333	0.031897
0.039667	0.032276
0.040000	0.032099
0.040333	0.032438
0.040667	0.031552
0.041000	0.031586
0.041333	0.031073
0.041667	0.031684
0.042000	0.032082
0.042333	0.032137
0.042667	0.031333
0.043000	0.031864
0.043333	0.030796
0.043667	0.031344
0.044000	0.031385
0.044333	0.031529
0.044667	0.031819
0.045000	0.031368
0.045333	0.032191
0.045667	0.031624
0.046000	0.032273
0.046333	0.030883
0.046667	0.030853
0.047000	0.031384
0.047333	0.031517
0.047667	0.031432
0.048000	0.031249
0.048333	0.030920
0.048667	0.031404
0.049000	0.031293
0.049333	0.030990
0.049667	0.030791
0.050000	0.030683
0.050333	0.031079
0.050667	0.031309
0.051000	0.031082
0.051333	0.031137
0.051667	0.030994
0.052000	0.030740
0.052333	0.031221
0.052667	0.030812
0.053000	0.030400
0.053333	0.030600
0.053667	0.030785
0.054000	0.030807
0.054333	0.030899
0.054667	0.030640
0.055000	0.030958
0.055333	0.031355
0.055667	0.030542
0.056000	0.030386
0.056333	0.030302
0.056667	0.030457
0.057000	0.030770
0.057333	0.029849
0.057667	0.030383
0.058000	0.030310
0.058333	0.030222
0.058667	0.030057
0.059000	0.030242
0.059333	0.030898
0.059667	0.030672
0.060000	0.030722
0.060333	0.031228
0.060667	0.030666
0.061000	0.030406
0.061333	0.030097
0.061667	0.030116
0.062000	0.030085
0.062333	0.029540
0.062667	0.030352
0.063000	0.030062
0.063333	0.030453
0.063667	0.029072
0.064000	0.029466
0.064333	0.029717
0.064667	0.030540
0.065000	0.030042
0.065333	0.030033
0.065667	0.030912
0.066000	0.029575
0.066333	0.029673
0.066667	0.029724
0.067000	0.029755
0.067333	0.029250
0.067667	0.029998
0.068000	0.029736
0.068333	0.029066
0.068667	0.029523
0.069000	0.030124
0.069333	0.029154
0.069667	0.029487
0.070000	0.029852
0.070333	0.029801
0.070667	0.029781
0.071000	0.029950
0.071333	0.030139
0.071667	0.029737
0.072000	0.029906
0.072333	0.029646
0.072667	0.029462
0.073000	0.029867
0.073333	0.029139
0.073667	0.029965
0.074000	0.029320
0.074333	0.029189
0.074667	0.029675
0.075000	0.029145
0.075333	0.029244
0.075667	0.029537
0.076000	0.029483
0.076333	0.029554
0.076667	0.029821
0.077000	0.028811
0.077333	0.029339
0.077667	0.028918
0.078000	0.029155
0.078333	0.029284
0.078667	0.029309
0.079000	0.029622
0.079333	0.028916
0.079667	0.028880
0.080000	0.029486
0.080333	0.029480
0.080667	0.029207
0.081000	0.028575
0.081333	0.029129
0.081667	0.029316
0.082000	0.029265
0.082333	0.029099
0.082667	0.028697
0.083000	0.029038
0.083333	0.029107
0.083667	0.029132
0.084000	0.028381
0.084333	0.029317
0.084667	0.029106
0.085000	0.028863
0.085333	0.028766
0.085667	0.029104
0.086000	0.029779
0.086333	0.028871
0.086667	0.029013
0.087000	0.029208
0.087333	0.028249
0.087667	0.028495
0.088000	0.028731
0.088333	0.028700
0.088667	0.028822
0.089000	0.028253
0.089333	0.028759
0.089667	0.028666
0.090000	0.028813
0.090333	0.029145
0.090667	0.028769
0.091000	0.028465
0.091333	0.028480
0.091667	0.028498
0.092000	0.028385
0.092333	0.028885
0.092667	0.028908
0.093000	0.028811
0.093333	0.028845
0.093667	0.028280
0.094000	0.028179
0.094333	0.028257
0.094667	0.027742
0.095000	0.028358
0.095333	0.028073
0.095667	0.028555
0.096000	0.027840
0.096333	0.027064
0.096667	0.028002
0.097000	0.028712
0.097333	0.028353
0.097667	0.027871
0.098000	0.028023
0.098333	0.028269
0.098667	0.028055
0.099000	0.028240
0.099333	0.028035
0.099667	0.028375
0.100000	0.028257
0.100333	0.028821
0.100667	0.028566
0.101000	0.028558
0.101333	0.028578
0.101667	0.027989
0.102000	0.027893
0.102333	0.027503
0.102667	0.027225
0.103000	0.027704
0.103333	0.028113
0.103667	0.027605
0.104000	0.027559
0.104333	0.028332
0.104667	0.027520
0.105000	0.027910
0.105333	0.028473
0.105667	0.027972
0.106000	0.028022
0.106333	0.027916
0.106667	0.027451
0.107000	0.027165
0.107333	0.027753
0.107667	0.028290
0.108000	0.027456
0.108333	0.028094
0.108667	0.027641
0.109000	0.027890
0.109333	0.027368
0.109667	0.027835
0.110000	0.027640
0.110333	0.027627
0.110667	0.027906
0.111000	0.027771
0.111333	0.027823
0.111667	0.027595
0.112000	0.028491
0.112333	0.027914
0.112667	0.027437
0.113000	0.027217
0.113333	0.027599
0.113667	0.027191
0.114000	0.028047
0.114333	0.027707
0.114667	0.027198
0.115000	0.027917
0.115333	0.027924
0.115667	0.027443
0.116000	0.027370
0.116333	0.027010
0.116667	0.027139
0.117000	0.027440
0.117333	0.027360
0.117667	0.026935
0.118000	0.027396
0.118333	0.027176
0.118667	0.027822
0.119000	0.027302
0.119333	0.027424
0.119667	0.027211
0.120000	0.027041
0.120333	0.027055
0.120667	0.027046
0.121000	0.027372
0.121333	0.026549
0.121667	0.026591
0.122000	0.027213
0.122333	0.026656
0.122667	0.026580
0.123000	0.027274
0.123333	0.027771
0.123667	0.029456
0.124000	0.030882
0.124333	0.034500
0.124667	0.038659
0.125000	0.042362
0.125333	0.043807
0.125667	0.046430
0.126000	0.051199
0.126333	0.061334
0.126667	0.071226
0.127000	0.076972
0.127333	0.081478
0.127667	0.087434
0.128000	0.093288
0.128333	0.095210
0.128667	0.097131
0.129000	0.096875
0.129333	0.097632
0.129667	0.103044
0.130000	0.115809
0.130333	0.123174
0.130667	0.125490
0.131000	0.125273
0.131333	0.125366
0.131667	0.122964
0.132000	0.121543
0.132333	0.120183
0.132667	0.116886
0.133000	0.114279
0.133333	0.114776
0.133667	0.120193
0.134000	0.125088
0.134333	0.126605
0.134667	0.127199
0.135000	0.126091
0.135333	0.123984
0.135667	0.122003
0.136000	0.119748
0.136333	0.117344
0.136667	0.115487
0.137000	0.113606
0.137333	0.111090
0.137667	0.108832
0.138000	0.108542
0.138333	0.109789
0.138667	0.111163
0.139000	0.111454
0.139333	0.112226
0.139667	0.111013
0.140000	0.109999
0.140333	0.108070
0.140667	0.105431
0.141000	0.104570
0.141333	0.103062
0.141667	0.101331
0.142000	0.099020
0.142333	0.097739
0.142667	0.096437
0.143000	0.094637
0.143333	0.094088
0.143667	0.095368
0.144000	0.096087
0.144333	0.095353
0.144667	0.094897
0.145000	0.093961
0.145333	0.092044
0.145667	0.090884
0.146000	0.090664
0.146333	0.088568
0.146667	0.088220
0.147000	0.088706
0.147333	0.088319
0.147667	0.088559
0.148000	0.088766
0.148333	0.088125
0.148667	0.087250
0.149000	0.085777
0.149333	0.084335
0.149667	0.083132
0.150000	0.082391
0.150333	0.081224
0.150667	0.080825
0.151000	0.080277
0.151333	0.080028
0.151667	0.079088
0.152000	0.078811
0.152333	0.077898
0.152667	0.077412
0.153000	0.076462
0.153333	0.075089
0.153667	0.074062
0.154000	0.073207
0.154333	0.072076
0.154667	0.072300
0.155000	0.070957
0.155333	0.070418
0.155667	0.069373
0.156000	0.068327
0.156333	0.068081
0.156667	0.067079
0.157000	0.066477
0.157333	0.065588
0.157667	0.065468
0.158000	0.064954
0.158333	0.063304
0.158667	0.063099
0.159000	0.063079
0.159333	0.061864
0.159667	0.061525
0.160000	0.061182
0.160333	0.060986
0.160667	0.060312
0.161000	0.059679
0.161333	0.058707
0.161667	0.058758
0.162000	0.058248
0.162333	0.057406
0.162667	0.057423
0.163000	0.056705
0.163333	0.056562
0.163667	0.055943
0.164000	0.055374
0.164333	0.054994
0.164667	0.054700
0.165000	0.054431
0.165333	0.054535
0.165667	0.053712
0.166000	0.053067
0.166333	0.052807
0.166667	0.051824
0.167000	0.052091
0.167333	0.051621
0.167667	0.051422
0.168000	0.050962
0.168333	0.050663
0.168667	0.050963
0.169000	0.049939
0.169333	0.049558
0.169667	0.049251
0.170000	0.049170
0.170333	0.048904
0.170667	0.049046
0.171000	0.047973
0.171333	0.047998
0.171667	0.047737
0.172000	0.047766
0.172333	0.047222
0.172667	0.046619
0.173000	0.046223
0.173333	0.046108
0.173667	0.045734
0.174000	0.046085
0.174333	0.045539
0.174667	0.045363
0.175000	0.045420
0.175333	0.044548
0.175667	0.044740
0.176000	0.044011
0.176333	0.044070
0.176667	0.044283
0.177000	0.043919
0.177333	0.043703
0.177667	0.043932
0.178000	0.042914
0.178333	0.043005
0.178667	0.042469
0.179000	0.043018
0.179333	0.042357
0.179667	0.042681
0.180000	0.042129
0.180333	0.041440
0.180667	0.041650
0.181000	0.042154
0.181333	0.041870
0.181667	0.041816
0.182000	0.041725
0.182333	0.041322
0.182667	0.041330
0.183000	0.041167
0.183333	0.040851
0.183667	0.040306
0.184000	0.040028
0.184333	0.040243
0.184667	0.040276
0.185000	0.039857
0.185333	0.039460
0.185667	0.039876
0.186000	0.039016
0.186333	0.039447
0.186667	0.038640
0.187000	0.039942
0.187333	0.038981
0.187667	0.039227
0.188000	0.039061
0.188333	0.038559
0.188667	0.038440
0.189000	0.037462
0.189333	0.037118
0.189667	0.037700
0.190000	0.037454
0.190333	0.038093
0.190667	0.037742
0.191000	0.037456
0.191333	0.037326
0.191667	0.037458
0.192000	0.037123
0.192333	0.036968
0.192667	0.036594
0.193000	0.037045
0.193333	0.036899
0.193667	0.037080
0.194000	0.036540
0.194333	0.036595
0.194667	0.036095
0.195000	0.036571
0.195333	0.036336
0.195667	0.036691
0.196000	0.035997
0.196333	0.036107
0.196667	0.036010
0.197000	0.036689
0.197333	0.035772
0.197667	0.035832
0.198000	0.035693
0.198333	0.035746
0.198667	0.035506
0.199000	0.035054
0.199333	0.034873
0.199667	0.035769
0.200000	0.034998
0.200333	0.035360
0.200667	0.035401
0.201000	0.034586
0.201333	0.034518
0.201667	0.035342
0.202000	0.034835
0.202333	0.034715
0.202667	0.034382
0.203000	0.034462
0.203333	0.034734
0.203667	0.034741
0.204000	0.034286
0.204333	0.034716
0.204667	0.034191
0.205000	0.033985
0.205333	0.033871
0.205667	0.032794
0.206000	0.033633
0.206333	0.033255
0.206667	0.033499
0.207000	0.033564
0.207333	0.033547
0.207667	0.032700
0.208000	0.032769
0.208333	0.033394
0.208667	0.033118
0.209000	0.033558
0.209333	0.032495
0.209667	0.032949
0.210000	0.032599
0.210333	0.033059
0.210667	0.032661
0.211000	0.032279
0.211333	0.032107
0.211667	0.032207
0.212000	0.032149
0.212333	0.032668
0.212667	0.032235
0.213000	0.032477
0.213333	0.031938
0.213667	0.032012
0.214000	0.032714
0.214333	0.032232
0.214667	0.032471
0.215000	0.031444
0.215333	0.032279
0.215667	0.032026
0.216000	0.032367
0.216333	0.032500
0.216667	0.031992
0.217000	0.031847
0.217333	0.031461
0.217667	0.032188
0.218000	0.032105
0.218333	0.031483
0.218667	0.031813
0.219000	0.031748
0.219333	0.031503
0.219667	0.031875
0.220000	0.031153
0.220333	0.031200
0.220667	0.031171
0.221000	0.031488
0.221333	0.031213
0.221667	0.030766
0.222000	0.031088
0.222333	0.031177
0.222667	0.031082
0.223000	0.031149
0.223333	0.030812
0.223667	0.031296
0.224000	0.030953
0.224333	0.030418
0.224667	0.030598
0.225000	0.030519
0.225333	0.030400
0.225667	0.030302
0.226000	0.030700
0.226333	0.030201
0.226667	0.030813
0.227000	0.030177
0.227333	0.030247
0.227667	0.030356
0.228000	0.030175
0.228333	0.030490
0.228667	0.030076
0.229000	0.030109
0.229333	0.029545
0.229667	0.030204
0.230000	0.029878
0.230333	0.029874
0.230667	0.030379
0.231000	0.030512
0.231333	0.029760
0.231667	0.030043
0.232000	0.030010
0.232333	0.029844
0.232667	0.029546
0.233000	0.029779
0.233333	0.029903
0.233667	0.029504
0.234000	0.030679
0.234333	0.029701
0.234667	0.029826
0.235000	0.029409
0.235333	0.029374
0.235667	0.029309
0.236000	0.029344
0.236333	0.029393
0.236667	0.028790
0.237000	0.029321
0.237333	0.029149
0.237667	0.029040
0.238000	0.028914
0.238333	0.029678
0.238667	0.029203
0.239000	0.029186
0.239333	0.029508
0.239667	0.029203
0.240000	0.028929
0.240333	0.029423
0.240667	0.029796
0.241000	0.029097
0.241333	0.029516
0.241667	0.028442
0.242000	0.028768
0.242333	0.028405
0.242667	0.028924
0.243000	0.029227
0.243333	0.029144
0.243667	0.029116
0.244000	0.028081
0.244333	0.029103
0.244667	0.028500
0.245000	0.028749
0.245333	0.029100
0.245667	0.028720
0.246000	0.028025
0.246333	0.028912
0.246667	0.029526
0.247000	0.028705
0.247333	0.028595
0.247667	0.028588
0.248000	0.028703
0.248333	0.027727
0.248667	0.029105
0.249000	0.027949
0.249333	0.027764
0.249667	0.028349
0.250000	0.028715
0.250333	0.028423
0.250667	0.027999
0.251000	0.028848
0.251333	0.028149
0.251667	0.028075
0.252000	0.028184
0.252333	0.027715
0.252667	0.028737
0.253000	0.028195
0.253333	0.028551
0.253667	0.027829
0.254000	0.028253
0.254333	0.027721
0.254667	0.027510
0.255000	0.027868
0.255333	0.027851
0.255667	0.028152
0.256000	0.028100
0.256333	0.028203
0.256667	0.027765
0.257000	0.027468
0.257333	0.027829
0.257667	0.027721
0.258000	0.027304
0.258333	0.027821
0.258667	0.027705
0.259000	0.027547
0.259333	0.027663
0.259667	0.027038
0.260000	0.027359
0.260333	0.027657
0.260667	0.027498
0.261000	0.027680
0.261333	0.027544
0.261667	0.026889
0.262000	0.027010
0.262333	0.027206
0.262667	0.027021
0.263000	0.027643
0.263333	0.027557
0.263667	0.027715
0.264000	0.027759
0.264333	0.027454
0.264667	0.026728
0.265000	0.026876
0.265333	0.027226
0.265667	0.027174
0.266000	0.027645
0.266333	0.026901
0.266667	0.026975
0.267000	0.027275
0.267333	0.027154
0.267667	0.027493
0.268000	0.027973
0.268333	0.027700
0.268667	0.027173
0.269000	0.026948
0.269333	0.027103
0.269667	0.027016
0.270000	0.027429
0.270333	0.026864
0.270667	0.026878
0.271000	0.026817
0.271333	0.027741
0.271667	0.027652
0.272000	0.026861
0.272333	0.027050
0.272667	0.027103
0.273000	0.027822
0.273333	0.027655
0.273667	0.027158
0.274000	0.027165
0.274333	0.027329
0.274667	0.026672
0.275000	0.026999
0.275333	0.027344
0.275667	0.026801
0.276000	0.027308
0.276333	0.027396
0.276667	0.027676
0.277000	0.027214
0.277333	0.027239
0.277667	0.026572
0.278000	0.027203
0.278333	0.026779
0.278667	0.026947
0.279000	0.026658
0.279333	0.026720
0.279667	0.026463
0.280000	0.026897
0.280333	0.027206
0.280667	0.026661
0.281000	0.026829
0.281333	0.026259
0.281667	0.026915
0.282000	0.026850
0.282333	0.026307
0.282667	0.026944
0.283000	0.026520
0.283333	0.026413
0.283667	0.026580
0.284000	0.026439
0.284333	0.026257
0.284667	0.026395
0.285000	0.026829
0.285333	0.026194
0.285667	0.026661
0.286000	0.026693
0.286333	0.027507
0.286667	0.027942
0.287000	0.028814
0.287333	0.029827
0.287667	0.030058
0.288000	0.033324
0.288333	0.038246
0.288667	0.044741
0.289000	0.052742
0.289333	0.060128
0.289667	0.066129
0.290000	0.071530
0.290333	0.074269
0.290667	0.076797
0.291000	0.080308
0.291333	0.087452
0.291667	0.098334
0.292000	0.104787
0.292333	0.107250
0.292667	0.109048
0.293000	0.110467
0.293333	0.109881
0.293667	0.108377
0.294000	0.107547
0.294333	0.110664
0.294667	0.116225
0.295000	0.120129
0.295333	0.123087
0.295667	0.122771
0.296000	0.122784
0.296333	0.120901
0.296667	0.118466
0.297000	0.116753
0.297333	0.114222
0.297667	0.114842
0.298000	0.119094
0.298333	0.119711
0.298667	0.119716
0.299000	0.119019
0.299333	0.118794
0.299667	0.116456
0.300000	0.114341
0.300333	0.114119
0.300667	0.115132
0.301000	0.115928
0.301333	0.115942
0.301667	0.115108
0.302000	0.113582
0.302333	0.113394
0.302667	0.112360
0.303000	0.110855
0.303333	0.108625
0.303667	0.106569
0.304000	0.104434
0.304333	0.102930
0.304667	0.101919
0.305000	0.102528
0.305333	0.102495
0.305667	0.102546
0.306000	0.103129
0.306333	0.101783
0.306667	0.101107
0.307000	0.100184
0.307333	0.097942
0.307667	0.098065
0.308000	0.096257
0.308333	0.094423
0.308667	0.093147
0.309000	0.092632
0.309333	0.091477
0.309667	0.090313
0.310000	0.089037
0.310333	0.087847
0.310667	0.085974
0.311000	0.086213
0.311333	0.084267
0.311667	0.084027
0.312000	0.083314
0.312333	0.081685
0.312667	0.081353
0.313000	0.080216
0.313333	0.079850
0.313667	0.078689
0.314000	0.077857
0.314333	0.076729
0.314667	0.076237
0.315000	0.074603
0.315333	0.074147
0.315667	0.073473
0.316000	0.071929
0.316333	0.071680
0.316667	0.071095
0.317000	0.070878
0.317333	0.069790
0.317667	0.069025
0.318000	0.068236
0.318333	0.067390
0.318667	0.065905
0.319000	0.066035
0.319333	0.065920
0.319667	0.064542
0.320000	0.064868
0.320333	0.064566
0.320667	0.063728
0.321000	0.063278
0.321333	0.062636
0.321667	0.062744
0.322000	0.061645
0.322333	0.061911
0.322667	0.060998
0.323000	0.060044
0.323333	0.059724
0.323667	0.059421
0.324000	0.058675
0.324333	0.058629
0.324667	0.058149
0.325000	0.057003
0.325333	0.056354
0.325667	0.056616
0.326000	0.055968
0.326333	0.055562
0.326667	0.055852
0.327000	0.054708
0.327333	0.054554
0.327667	0.053833
0.328000	0.053265
0.328333	0.053375
0.328667	0.053255
0.329000	0.053098
0.329333	0.052668
0.329667	0.051440
0.330000	0.051665
0.330333	0.050951
0.330667	0.050504
0.331000	0.050619
0.331333	0.050236
0.331667	0.050335
0.332000	0.049666
0.332333	0.048902
0.332667	0.049219
0.333000	0.049096
0.333333	0.049407
0.333667	0.048485
0.334000	0.048616
0.334333	0.047524
0.334667	0.047623
0.335000	0.047445
0.335333	0.047154
0.335667	0.046901
0.336000	0.047219
0.336333	0.046648
0.336667	0.046111
0.337000	0.046163
0.337333	0.046688
0.337667	0.045351
0.338000	0.045395
0.338333	0.045335
0.338667	0.045127
0.339000	0.044430
0.339333	0.044882
0.339667	0.043984
0.340000	0.044127
0.340333	0.044217
0.340667	0.043678
0.341000	0.043938
0.341333	0.043924
0.341667	0.042987
0.342000	0.042719
0.342333	0.042542
0.342667	0.042632
0.343000	0.042255
0.343333	0.042450
0.343667	0.042399
0.344000	0.041854
0.344333	0.041964
0.344667	0.041465
0.345000	0.042529
0.345333	0.041729
0.345667	0.040971
0.346000	0.041193
0.346333	0.040774
0.346667	0.040824
0.347000	0.040042
0.347333	0.040210
0.347667	0.039911
0.348000	0.040443
0.348333	0.040761
0.348667	0.039714
0.349000	0.039926
0.349333	0.039640
0.349667	0.038793
0.350000	0.038816
0.350333	0.039160
0.350667	0.039186
0.351000	0.039264
0.351333	0.038606
0.351667	0.038111
0.352000	0.038545
0.352333	0.038785
0.352667	0.039092
0.353000	0.038119
0.353333	0.037913
0.353667	0.037962
0.354000	0.037790
0.354333	0.037592
0.354667	0.037651
0.355000	0.037094
0.355333	0.037393
0.355667	0.037051
0.356000	0.037340
0.356333	0.036839
0.356667	0.036929
0.357000	0.036646
0.357333	0.036995
0.357667	0.036188
0.358000	0.036203
0.358333	0.036338
0.358667	0.036384
0.359000	0.035419
0.359333	0.036375
0.359667	0.035515
0.360000	0.035181
0.360333	0.036219
0.360667	0.036353
0.361000	0.035067
0.361333	0.035710
0.361667	0.036089
0.362000	0.035664
0.362333	0.036710
0.362667	0.036847
0.363000	0.037370
0.363333	0.038428
0.363667	0.038535
0.364000	0.039136
0.364333	0.041601
0.364667	0.044357
0.365000	0.049704
0.365333	0.056181
0.365667	0.060777
0.366000	0.066283
0.366333	0.072188
0.366667	0.078877
0.367000	0.085237
0.367333	0.089096
0.367667	0.089758
0.368000	0.091673
0.368333	0.095501
0.368667	0.100961
0.369000	0.101819
0.369333	0.102076
0.369667	0.100485
0.370000	0.099333
0.370333	0.097916
0.370667	0.095761
0.371000	0.095729
0.371333	0.098199
0.371667	0.102040
0.372000	0.107066
0.372333	0.109628
0.372667	0.111741
0.373000	0.111269
0.373333	0.109373
0.373667	0.107454
0.374000	0.105666
0.374333	0.103561
0.374667	0.102395
0.375000	0.103627
0.375333	0.107583
0.375667	0.109751
0.376000	0.109772
0.376333	0.108109
0.376667	0.107085
0.377000	0.105835
0.377333	0.104543
0.377667	0.102156
0.378000	0.099888
0.378333	0.098512
0.378667	0.097492
0.379000	0.096358
0.379333	0.098790
0.379667	0.099491
0.380000	0.099730
0.380333	0.098549
0.380667	0.097211
0.381000	0.095183
0.381333	0.094159
0.381667	0.093073
0.382000	0.091674
0.382333	0.090133
0.382667	0.088781
0.383000	0.086969
0.383333	0.086462
0.383667	0.084685
0.384000	0.084111
0.384333	0.082384
0.384667	0.081303
0.385000	0.081428
0.385333	0.079948
0.385667	0.079303
0.386000	0.078055
0.386333	0.076725
0.386667	0.075632
0.387000	0.075358
0.387333	0.074493
0.387667	0.074238
0.388000	0.074286
0.388333	0.073436
0.388667	0.072797
0.389000	0.071584
0.389333	0.071326
0.389667	0.070311
0.390000	0.069309
0.390333	0.068754
0.390667	0.067805
0.391000	0.067637
0.391333	0.067035
0.391667	0.066262
0.392000	0.065842
0.392333	0.065065
0.392667	0.063838
0.393000	0.063636
0.393333	0.063071
0.393667	0.062894
0.394000	0.062023
0.394333	0.061826
0.394667	0.061234
0.395000	0.060943
0.395333	0.060601
0.395667	0.060385
0.396000	0.059805
0.396333	0.059225
0.396667	0.058502
0.397000	0.057878
0.397333	0.057753
0.397667	0.056978
0.398000	0.056564
0.398333	0.055986
0.398667	0.055847
0.399000	0.055341
0.399333	0.055363
0.399667	0.054598
0.400000	0.053739
0.400333	0.053578
0.400667	0.053885
0.401000	0.052874
0.401333	0.052740
0.401667	0.052200
0.402000	0.052121
0.402333	0.052372
0.402667	0.051377
0.403000	0.051133
0.403333	0.051060
0.403667	0.050989
0.404000	0.049901
0.404333	0.049911
0.404667	0.049613
0.405000	0.049243
0.405333	0.049288
0.405667	0.049010
0.406000	0.048099
0.406333	0.048078
0.406667	0.048333
0.407000	0.048315
0.407333	0.047079
0.407667	0.047803
0.408000	0.047669
0.408333	0.047491
0.408667	0.046739
0.409000	0.046200
0.409333	0.046480
0.409667	0.045470
0.410000	0.045662
0.410333	0.046389
0.410667	0.045759
0.411000	0.045604
0.411333	0.044487
0.411667	0.044705
0.412000	0.044824
0.412333	0.044512
0.412667	0.044532
0.413000	0.044194
0.413333	0.043970
0.413667	0.043593
0.414000	0.043644
0.414333	0.043257
0.414667	0.043149
0.415000	0.043489
0.415333	0.043189
0.415667	0.042977
0.416000	0.043478
0.416333	0.042320
0.416667	0.041929
0.417000	0.042621
0.417333	0.041999
0.417667	0.042067
0.418000	0.041524
0.418333	0.041273
0.418667	0.041482
0.419000	0.041355
0.419333	0.041501
0.419667	0.041492
0.420000	0.041264
0.420333	0.040849
0.420667	0.040879
0.421000	0.040770
0.421333	0.040226
0.421667	0.039976
0.422000	0.040518
0.422333	0.040280
0.422667	0.039871
0.423000	0.039966
0.423333	0.039446
0.423667	0.039803
0.424000	0.039814
0.424333	0.039321
0.424667	0.039323
0.425000	0.039737
0.425333	0.039074
0.425667	0.039271
0.426000	0.038692
0.426333	0.038531
0.426667	0.038673
0.427000	0.038282
0.427333	0.038528
0.427667	0.038015
0.428000	0.038050
0.428333	0.037643
0.428667	0.037233
0.429000	0.038118
0.429333	0.037103
0.429667	0.037065
0.430000	0.037951
0.430333	0.037424
0.430667	0.037360
0.431000	0.037303
0.431333	0.036709
0.431667	0.037339
0.432000	0.036980
0.432333	0.037480
0.432667	0.037103
0.433000	0.036792
0.433333	0.036813
0.433667	0.036855
0.434000	0.036818
0.434333	0.036099
0.434667	0.036541
0.435000	0.036466
0.435333	0.036976
0.435667	0.036508
0.436000	0.035873
0.436333	0.036030
0.436667	0.035802
0.437000	0.035750
0.437333	0.035162
0.437667	0.035655
0.438000	0.035822
0.438333	0.035706
0.438667	0.035519
0.439000	0.035038
0.439333	0.035134
0.439667	0.035415
0.440000	0.035134
0.440333	0.035237
0.440667	0.036043
0.441000	0.034903
0.441333	0.035371
0.441667	0.034790
0.442000	0.034911
0.442333	0.034932
0.442667	0.034756
0.443000	0.034600
0.443333	0.034415
0.443667	0.034600
0.444000	0.035383
0.444333	0.034772
0.444667	0.034563
0.445000	0.034129
0.445333	0.034725
0.445667	0.034030
0.446000	0.034448
0.446333	0.033957
0.446667	0.034151
0.447000	0.033960
0.447333	0.033910
0.447667	0.034032
0.448000	0.033580
0.448333	0.033541
0.448667	0.033414
0.449000	0.034015
0.449333	0.033966
0.449667	0.034019
0.450000	0.033409
0.450333	0.033601
0.450667	0.033204
0.451000	0.033216
0.451333	0.033174
0.451667	0.032853
0.452000	0.033004
0.452333	0.033387
0.452667	0.033328
0.453000	0.032479
0.453333	0.032647
0.453667	0.033246
0.454000	0.032894
0.454333	0.032690
0.454667	0.032601
0.455000	0.032754
0.455333	0.032657
0.455667	0.032883
0.456000	0.032426
0.456333	0.032948
0.456667	0.032340
0.457000	0.032980
0.457333	0.032150
0.457667	0.032042
0.458000	0.031865
0.458333	0.032058
0.458667	0.031569
0.459000	0.032353
0.459333	0.031621
0.459667	0.031568
0.460000	0.032168
0.460333	0.031897
0.460667	0.031917
0.461000	0.032127
0.461333	0.031531
0.461667	0.031490
0.462000	0.031669
0.462333	0.031910
0.462667	0.032099
0.463000	0.031284
0.463333	0.031956
0.463667	0.031629
0.464000	0.031913
0.464333	0.031869
0.464667	0.031700
0.465000	0.031334
0.465333	0.031663
0.465667	0.031230
0.466000	0.031352
0.466333	0.031401
0.466667	0.030796
0.467000	0.031557
0.467333	0.031133
0.467667	0.031431
0.468000	0.031594
0.468333	0.031232
0.468667	0.032171
0.469000	0.030940
0.469333	0.031190
0.469667	0.031051
0.470000	0.030940
0.470333	0.031351
0.470667	0.030697
0.471000	0.030905
0.471333	0.031386
0.471667	0.030253
0.472000	0.030682
0.472333	0.030299
0.472667	0.030665
0.473000	0.030745
0.473333	0.030452
0.473667	0.030756
0.474000	0.030823
0.474333	0.030497
0.474667	0.030321
0.475000	0.030494
0.475333	0.030724
0.475667	0.030588
0.476000	0.030382
0.476333	0.030420
0.476667	0.030545
0.477000	0.030252
0.477333	0.030442
0.477667	0.030751
0.478000	0.030384
0.478333	0.030272
0.478667	0.030048
0.479000	0.029971
0.479333	0.030220
0.479667	0.030606
0.480000	0.030872
0.480333	0.030632
0.480667	0.029933
0.481000	0.030079
0.481333	0.029647
0.481667	0.030133
0.482000	0.030175
0.482333	0.030157
0.482667	0.029867
0.483000	0.029368
0.483333	0.030323
0.483667	0.029407
0.484000	0.029546
0.484333	0.029537
0.484667	0.030340
0.485000	0.029636
0.485333	0.029639
0.485667	0.029237
0.486000	0.029311
0.486333	0.029146
0.486667	0.029658
0.487000	0.029747
0.487333	0.029334
0.487667	0.029732
0.488000	0.029154
0.488333	0.029559
0.488667	0.029591
0.489000	0.028946
0.489333	0.029202
0.489667	0.029149
0.490000	0.029648
0.490333	0.029779
0.490667	0.029190
0.491000	0.029396
0.491333	0.029750
0.491667	0.029907
0.492000	0.030134
0.492333	0.029642
0.492667	0.030297
0.493000	0.030613
0.493333	0.031345
0.493667	0.033300
0.494000	0.037009
0.494333	0.041598
0.494667	0.044827
0.495000	0.050615
0.495333	0.054911
0.495667	0.059955
0.496000	0.065882
0.496333	0.071368
0.496667	0.077662
0.497000	0.082747
0.497333	0.083488
0.497667	0.084240
0.498000	0.084726
0.498333	0.085474
0.498667	0.087463
0.499000	0.089293
0.499333	0.092284
0.499667	0.095165
0.500000	0.096946
0.500333	0.097892
0.500667	0.097838
0.501000	0.098501
0.501333	0.098049
0.501667	0.097205
0.502000	0.096531
0.502333	0.095650
0.502667	0.095485
0.503000	0.097749
0.503333	0.100322
0.503667	0.101537
0.504000	0.100224
0.504333	0.099426
0.504667	0.099032
0.505000	0.097243
0.505333	0.096162
0.505667	0.093696
0.506000	0.094350
0.506333	0.095204
0.506667	0.096109
0.507000	0.097615
0.507333	0.097241
0.507667	0.096789
0.508000	0.095772
0.508333	0.094660
0.508667	0.092841
0.509000	0.091109
0.509333	0.089883
0.509667	0.087912
0.510000	0.086773
0.510333	0.086236
0.510667	0.085566
0.511000	0.084464
0.511333	0.084183
0.511667	0.082360
0.512000	0.081362
0.512333	0.080720
0.512667	0.080201
0.513000	0.079280
0.513333	0.078011
0.513667	0.076627
0.514000	0.075290
0.514333	0.074201
0.514667	0.073799
0.515000	0.072713
0.515333	0.071931
0.515667	0.071258
0.516000	0.070730
0.516333	0.069818
0.516667	0.069541
0.517000	0.068353
0.517333	0.067817
0.517667	0.067806
0.518000	0.066817
0.518333	0.067331
0.518667	0.066084
0.519000	0.065712
0.519333	0.065388
0.519667	0.064943
0.520000	0.063967
0.520333	0.063766
0.520667	0.063785
0.521000	0.063056
0.521333	0.061491
0.521667	0.061374
0.522000	0.060635
0.522333	0.060542
0.522667	0.059433
0.523000	0.058770
0.523333	0.059129
0.523667	0.057882
0.524000	0.057666
0.524333	0.057437
0.524667	0.056433
0.525000	0.055852
0.525333	0.055041
0.525667	0.054850
0.526000	0.055633
0.526333	0.054593
0.526667	0.053592
0.527000	0.053185
0.527333	0.053389
0.527667	0.053044
0.528000	0.053095
0.528333	0.052309
0.528667	0.051655
0.529000	0.051436
0.529333	0.051342
0.529667	0.050408
0.530000	0.049880
0.530333	0.049209
0.530667	0.049239
0.531000	0.049219
0.531333	0.047996
0.531667	0.048471
0.532000	0.048227
0.532333	0.047933
0.532667	0.047665
0.533000	0.047619
0.533333	0.047283
0.533667	0.047278
0.534000	0.046332
0.534333	0.046505
0.534667	0.046331
0.535000	0.046183
0.535333	0.045808
0.535667	0.045337
0.536000	0.044977
0.536333	0.044639
0.536667	0.044302
0.537000	0.044241
0.537333	0.043573
0.537667	0.043613
0.538000	0.043433
0.538333	0.043299
0.538667	0.043640
0.539000	0.043253
0.539333	0.042993
0.539667	0.042414
0.540000	0.042770
0.540333	0.042542
0.540667	0.041540
0.541000	0.041592
0.541333	0.042116
0.541667	0.041539
0.542000	0.041504
0.542333	0.041329
0.542667	0.040732
0.543000	0.040796
0.543333	0.040939
0.543667	0.040570
0.544000	0.040688
0.544333	0.040102
0.544667	0.040614
0.545000	0.040295
0.545333	0.039772
0.545667	0.039816
0.546000	0.039058
0.546333	0.039830
0.546667	0.038916
0.547000	0.039046
0.547333	0.038466
0.547667	0.038277
0.548000	0.039260
0.548333	0.038722
0.548667	0.038403
0.549000	0.038128
0.549333	0.037917
0.549667	0.037884
0.550000	0.038095
0.550333	0.037789
0.550667	0.037135
0.551000	0.037390
0.551333	0.037429
0.551667	0.037287
0.552000	0.037062
0.552333	0.037698
0.552667	0.036660
0.553000	0.036727
0.553333	0.036828
0.553667	0.036340
0.554000	0.036941
0.554333	0.037035
0.554667	0.036700
0.555000	0.036514
0.555333	0.036668
0.555667	0.036532
0.556000	0.035942
0.556333	0.035740
0.556667	0.036091
0.557000	0.035133
0.557333	0.035873
0.557667	0.035822
0.558000	0.035372
0.558333	0.035493
0.558667	0.035472
0.559000	0.035210
0.559333	0.035602
0.559667	0.034903
0.560000	0.035298
0.560333	0.034928
0.560667	0.035437
0.561000	0.034410
0.561333	0.034455
0.561667	0.034780
0.562000	0.035200
0.562333	0.034181
0.562667	0.034654
0.563000	0.033856
0.563333	0.034432
0.563667	0.034309
0.564000	0.034319
0.564333	0.034541
0.564667	0.034233
0.565000	0.034015
0.565333	0.033739
0.565667	0.033578
0.566000	0.033633
0.566333	0.033338
0.566667	0.033698
0.567000	0.033782
0.567333	0.033555
0.567667	0.033792
0.568000	0.033341
0.568333	0.033522
0.568667	0.033267
0.569000	0.033352
0.569333	0.033121
0.569667	0.033404
0.570000	0.032910
0.570333	0.033140
0.570667	0.032104
0.571000	0.032583
0.571333	0.032233
0.571667	0.033098
0.572000	0.032301
0.572333	0.032705
0.572667	0.031923
0.573000	0.032323
0.573333	0.032107
0.573667	0.032773
0.574000	0.032194
0.574333	0.032223
0.574667	0.031425
0.575000	0.031803
0.575333	0.031910
0.575667	0.032127
0.576000	0.032101
0.576333	0.031832
0.576667	0.032037
0.577000	0.031833
0.577333	0.031380
0.577667	0.031380
0.578000	0.031313
0.578333	0.031628
0.578667	0.031032
0.579000	0.031873
0.579333	0.030954
0.579667	0.031311
0.580000	0.031304
0.580333	0.032455
0.580667	0.031503
0.581000	0.031523
0.581333	0.031011
0.581667	0.031612
0.582000	0.031323
0.582333	0.030864
0.582667	0.030988
0.583000	0.031444
0.583333	0.030621
0.583667	0.030749
0.584000	0.030320
0.584333	0.031054
0.584667	0.031137
0.585000	0.031224
0.585333	0.030893
0.585667	0.030777
0.586000	0.030888
0.586333	0.030589
0.586667	0.031386
0.587000	0.030692
0.587333	0.031282
0.587667	0.031167
0.588000	0.031055
0.588333	0.031083
0.588667	0.031102
0.589000	0.030239
0.589333	0.030484
0.589667	0.030651
0.590000	0.030067
0.590333	0.030459
0.590667	0.030240
0.591000	0.030363
0.591333	0.030294
0.591667	0.030216
0.592000	0.030097
0.592333	0.030368
0.592667	0.029823
0.593000	0.030630
0.593333	0.029605
0.593667	0.030871
0.594000	0.030007
0.594333	0.029692
0.594667	0.030001
0.595000	0.030079
0.595333	0.029962
0.595667	0.030232
0.596000	0.030235
0.596333	0.030048
0.596667	0.030310
0.597000	0.029415
0.597333	0.029957
0.597667	0.029754
0.598000	0.029557
0.598333	0.029770
0.598667	0.029898
0.599000	0.030156
0.599333	0.030505
0.599667	0.030040
0.600000	0.029347
0.600333	0.029571
0.600667	0.029145
0.601000	0.029467
0.601333	0.029403
0.601667	0.029166
0.602000	0.029209
0.602333	0.029247
0.602667	0.028983
0.603000	0.029101
0.603333	0.029705
0.603667	0.029410
0.604000	0.029203
0.604333	0.029531
0.604667	0.029830
0.605000	0.029333
0.605333	0.028885
0.605667	0.029083
0.606000	0.029168
0.606333	0.029333
0.606667	0.029954
0.607000	0.028593
0.607333	0.028949
0.607667	0.028753
0.608000	0.028914
0.608333	0.028679
0.608667	0.029243
0.609000	0.029288
0.609333	0.028636
0.609667	0.028938
0.610000	0.029054
0.610333	0.028509
0.610667	0.028829
0.611000	0.028705
0.611333	0.028270
0.611667	0.028736
0.612000	0.028988
0.612333	0.028841
0.612667	0.029397
0.613000	0.028735
0.613333	0.028472
0.613667	0.028313
0.614000	0.028866
0.614333	0.028475
0.614667	0.028916
0.615000	0.028555
0.615333	0.028533
0.615667	0.028790
0.616000	0.029021
0.616333	0.028304
0.616667	0.028600
0.617000	0.029003
0.617333	0.028633
0.617667	0.028267
0.618000	0.028669
0.618333	0.029333
0.618667	0.028724
0.619000	0.028484
0.619333	0.028157
0.619667	0.028494
0.620000	0.028073
0.620333	0.029028
0.620667	0.028825
0.621000	0.028239
0.621333	0.028244
0.621667	0.028576
0.622000	0.028867
0.622333	0.028688
0.622667	0.028513
0.623000	0.027729
0.623333	0.028544
0.623667	0.027949
0.624000	0.028822
0.624333	0.028083
0.624667	0.028643
0.625000	0.028144
0.625333	0.028649
0.625667	0.028331
0.626000	0.028262
0.626333	0.028092
0.626667	0.028817
0.627000	0.028598
0.627333	0.028398
0.627667	0.027927
0.628000	0.027914
0.628333	0.028490
0.628667	0.027700
0.629000	0.028315
0.629333	0.028613
0.629667	0.028182
0.630000	0.027937
0.630333	0.027979
0.630667	0.028113
0.631000	0.027361
0.631333	0.028303
0.631667	0.027393
0.632000	0.028303
0.632333	0.027759
0.632667	0.027676
0.633000	0.027985
0.633333	0.028186
0.633667	0.027586
0.634000	0.028787
0.634333	0.028320
0.634667	0.027690
0.635000	0.028224
0.635333	0.027479
0.635667	0.026961
0.636000	0.028099
0.636333	0.027932
0.636667	0.028301
0.637000	0.027579
0.637333	0.028027
0.637667	0.028148
0.638000	0.028474
0.638333	0.028072
0.638667	0.027539
0.639000	0.027507
0.639333	0.028182
0.639667	0.027970
0.640000	0.027970
0.640333	0.028141
0.640667	0.027747
0.641000	0.027131
0.641333	0.027788
0.641667	0.027514
0.642000	0.028034
0.642333	0.027915
0.642667	0.027587
0.643000	0.027458
0.643333	0.027305
0.643667	0.028152
0.644000	0.027583
0.644333	0.027731
0.644667	0.026466
0.645000	0.028327
0.645333	0.027680
0.645667	0.027814
0.646000	0.027770
0.646333	0.027351
0.646667	0.027787
0.647000	0.027331
0.647333	0.027877
0.647667	0.027539
0.648000	0.027565
0.648333	0.027358
0.648667	0.027960
0.649000	0.026997
0.649333	0.027862
0.649667	0.027558
0.650000	0.027641
0.650333	0.027603
0.650667	0.027494
0.651000	0.027956
0.651333	0.027809
0.651667	0.027158
0.652000	0.027690
0.652333	0.027707
0.652667	0.027404
0.653000	0.027439
0.653333	0.027683
0.653667	0.027985
0.654000	0.027208
0.654333	0.027069
0.654667	0.027434
0.655000	0.028287
0.655333	0.026866
0.655667	0.027896
0.656000	0.027183
0.656333	0.028234
0.656667	0.027439
0.657000	0.027257
0.657333	0.028219
0.657667	0.027572
0.658000	0.027282
0.658333	0.028149
0.658667	0.027405
0.659000	0.027408
0.659333	0.027676
0.659667	0.026384
0.660000	0.026903
0.660333	0.027134
0.660667	0.026681
0.661000	0.027749
0.661333	0.027072
0.661667	0.027823
0.662000	0.027418
0.662333	0.027728
0.662667	0.026983
0.663000	0.027345
0.663333	0.027216
0.663667	0.027128
0.664000	0.027556
0.664333	0.027789
0.664667	0.027405
0.665000	0.028033
0.665333	0.027299
0.665667	0.027479
0.666000	0.027637
0.666333	0.027570
0.666667	0.026792
0.667000	0.027008
0.667333	0.027807
0.667667	0.027446
0.668000	0.027774
0.668333	0.026790
0.668667	0.027553
0.669000	0.027320
0.669333	0.027397
0.669667	0.027582
0.670000	0.027854
0.670333	0.027341
0.670667	0.027744
0.671000	0.027299
0.671333	0.027517
0.671667	0.028219
0.672000	0.027779
0.672333	0.027309
0.672667	0.027538
0.673000	0.027241
0.673333	0.027777
0.673667	0.027088
0.674000	0.027274
0.674333	0.027883
0.674667	0.026844
0.675000	0.027073
0.675333	0.027578
0.675667	0.027583
0.676000	0.028157
0.676333	0.027042
0.676667	0.027668
0.677000	0.027293
0.677333	0.026887
0.677667	0.027098
0.678000	0.027539
0.678333	0.027463
0.678667	0.027764
0.679000	0.027225
0.679333	0.027700
0.679667	0.027368
0.680000	0.027321
0.680333	0.028031
0.680667	0.027550
0.681000	0.027123
0.681333	0.028015
0.681667	0.026993
0.682000	0.026871
0.682333	0.027242
0.682667	0.026684
0.683000	0.027667
0.683333	0.027334
0.683667	0.027664
0.684000	0.027153
0.684333	0.027391
0.684667	0.027365
0.685000	0.027700
0.685333	0.027816
0.685667	0.027577
0.686000	0.027195
0.686333	0.027731
0.686667	0.027378
0.687000	0.027901
0.687333	0.027297
0.687667	0.028045
0.688000	0.027332
0.688333	0.027581
0.688667	0.027255
0.689000	0.027865
0.689333	0.027467
0.689667	0.027802
0.690000	0.027728
0.690333	0.027270
0.690667	0.027236
0.691000	0.027512
0.691333	0.027433
0.691667	0.026777
0.692000	0.027811
0.692333	0.027445
0.692667	0.027530
0.693000	0.027290
0.693333	0.027101
0.693667	0.027420
0.694000	0.027420
0.694333	0.027677
0.694667	0.027676
0.695000	0.027394
0.695333	0.028294
0.695667	0.027782
0.696000	0.027330
0.696333	0.026955
0.696667	0.027398
0.697000	0.028009
0.697333	0.028332
0.697667	0.027399
0.698000	0.028009
0.698333	0.027442
0.698667	0.027073
0.699000	0.027354
0.699333	0.027098
0.699667	0.027732
0.700000	0.027853
0.700333	0.027762
0.700667	0.028152
0.701000	0.028025
0.701333	0.028092
0.701667	0.027650
0.702000	0.027663
0.702333	0.027731
0.702667	0.028210
0.703000	0.027490
0.703333	0.027757
0.703667	0.027846
0.704000	0.028032
0.704333	0.027408
0.704667	0.027682
0.705000	0.028505
0.705333	0.028132
0.705667	0.027226
0.706000	0.028115
0.706333	0.028132
0.706667	0.027715
0.707000	0.027715
0.707333	0.028090
0.707667	0.027364
0.708000	0.028080
0.708333	0.027437
0.708667	0.027681
0.709000	0.027604
0.709333	0.027253
0.709667	0.027805
0.710000	0.027618
0.710333	0.028043
0.710667	0.027781
0.711000	0.027628
0.711333	0.027494
0.711667	0.028032
0.712000	0.027805
0.712333	0.027825
0.712667	0.027974
0.713000	0.027860
0.713333	0.028036
0.713667	0.027751
0.714000	0.028432
0.714333	0.028223
0.714667	0.027497
0.715000	0.028543
0.715333	0.027701
0.715667	0.027716
0.716000	0.027535
0.716333	0.027967
0.716667	0.027893
0.717000	0.027611
0.717333	0.027879
0.717667	0.027304
0.718000	0.027785
0.718333	0.027508
0.718667	0.027681
0.719000	0.027992
0.719333	0.027919
0.719667	0.027986
0.720000	0.026990
0.720333	0.027324
0.720667	0.027484
0.721000	0.027736
0.721333	0.027971
0.721667	0.027830
0.722000	0.027969
0.722333	0.027434
0.722667	0.027678
0.723000	0.027570
0.723333	0.028220
0.723667	0.027959
0.724000	0.027701
0.724333	0.028238
0.724667	0.028062
0.725000	0.028274
0.725333	0.028486
0.725667	0.028327
0.726000	0.027612
0.726333	0.028589
0.726667	0.028234
0.727000	0.027627
0.727333	0.027899
0.727667	0.028212
0.728000	0.028032
0.728333	0.028100
0.728667	0.028014
0.729000	0.028372
0.729333	0.028220
0.729667	0.028430
0.730000	0.027805
0.730333	0.028368
0.730667	0.028009
0.731000	0.027612
0.731333	0.028388
0.731667	0.027471
0.732000	0.027823
0.732333	0.027560
0.732667	0.028056
0.733000	0.028238
0.733333	0.028323
0.733667	0.028566
0.734000	0.027382
0.734333	0.027881
0.734667	0.028062
0.735000	0.027747
0.735333	0.028269
0.735667	0.028277
0.736000	0.028195
0.736333	0.028483
0.736667	0.028252
0.737000	0.028838
0.737333	0.028447
0.737667	0.028145
0.738000	0.028274
0.738333	0.027898
0.738667	0.027761
0.739000	0.028051
0.739333	0.028261
0.739667	0.027614
0.740000	0.027759
0.740333	0.028629
0.740667	0.027751
0.741000	0.028124
0.741333	0.028205
0.741667	0.028052
0.742000	0.028361
0.742333	0.028479
0.742667	0.027757
0.743000	0.027807
0.743333	0.028233
0.743667	0.028216
0.744000	0.028105
0.744333	0.028334
0.744667	0.027881
0.745000	0.029156
0.745333	0.027928
0.745667	0.028041
0.746000	0.028220
0.746333	0.028041
0.746667	0.028467
0.747000	0.028634
0.747333	0.028733
0.747667	0.028712
0.748000	0.028094
0.748333	0.027849
0.748667	0.028319
0.749000	0.028267
0.749333	0.028158
0.749667	0.028424
0.750000	0.028348
0.750333	0.028510
0.750667	0.028257
0.751000	0.028398
0.751333	0.028164
0.751667	0.028636
0.752000	0.028462
0.752333	0.027633
0.752667	0.028307
0.753000	0.027960
0.753333	0.027902
0.753667	0.028580
0.754000	0.028935
0.754333	0.027969
0.754667	0.027852
0.755000	0.028219
0.755333	0.028237
0.755667	0.028311
0.756000	0.028647
0.756333	0.028519
0.756667	0.029214
0.757000	0.029697
0.757333	0.028835
0.757667	0.029230
0.758000	0.029067
0.758333	0.030019
0.758667	0.029332
0.759000	0.028792
0.759333	0.028932
0.759667	0.028982
0.760000	0.029179
0.760333	0.029155
0.760667	0.028978
0.761000	0.029379
0.761333	0.028842
0.761667	0.028743
0.762000	0.029213
0.762333	0.029522
0.762667	0.028933
0.763000	0.028589
0.763333	0.029152
0.763667	0.029241
0.764000	0.028848
0.764333	0.029459
0.764667	0.028965
0.765000	0.028549
0.765333	0.029089
0.765667	0.028847
0.766000	0.029049
0.766333	0.028725
0.766667	0.029009
0.767000	0.029175
0.767333	0.029148
0.767667	0.028789
0.768000	0.029299
0.768333	0.028358
0.768667	0.028756
0.769000	0.028883
0.769333	0.029112
0.769667	0.028755
0.770000	0.028598
0.770333	0.029005
0.770667	0.028571
0.771000	0.028774
0.771333	0.028517
0.771667	0.028375
0.772000	0.029229
0.772333	0.028969
0.772667	0.029344
0.773000	0.029023
0.773333	0.028978
0.773667	0.029401
0.774000	0.028655
0.774333	0.028898
0.774667	0.028768
0.775000	0.029032
0.775333	0.029182
0.775667	0.029692
0.776000	0.029402
0.776333	0.028891
0.776667	0.030636
0.777000	0.030000
0.777333	0.031289
0.777667	0.032445
0.778000	0.039161
0.778333	0.046175
0.778667	0.053636
0.779000	0.060035
0.779333	0.064329
0.779667	0.068541
0.780000	0.074782
0.780333	0.077183
0.780667	0.082363
0.781000	0.085289
0.781333	0.087406
0.781667	0.089343
0.782000	0.092148
0.782333	0.093589
0.782667	0.093574
0.783000	0.093272
0.783333	0.093108
0.783667	0.096124
0.784000	0.099502
0.784333	0.100588
0.784667	0.099530
0.785000	0.100164
0.785333	0.101503
0.785667	0.103093
0.786000	0.103654
0.786333	0.103856
0.786667	0.102665
0.787000	0.101477
0.787333	0.099877
0.787667	0.099251
0.788000	0.097528
0.788333	0.096659
0.788667	0.096538
0.789000	0.095553
0.789333	0.095907
0.789667	0.095536
0.790000	0.096314
0.790333	0.097520
0.790667	0.096501
0.791000	0.094781
0.791333	0.094019
0.791667	0.092564
0.792000	0.091223
0.792333	0.089386
0.792667	0.088569
0.793000	0.087639
0.793333	0.086132
0.793667	0.084724
0.794000	0.083537
0.794333	0.081981
0.794667	0.081567
0.795000	0.079550
0.795333	0.078464
0.795667	0.077672
0.796000	0.077012
0.796333	0.075951
0.796667	0.076083
0.797000	0.074910
0.797333	0.074767
0.797667	0.074127
0.798000	0.073971
0.798333	0.072077
0.798667	0.072151
0.799000	0.070964
0.799333	0.070344
0.799667	0.068769
0.800000	0.068319
0.800333	0.068029
0.800667	0.067376
0.801000	0.066036
0.801333	0.064976
0.801667	0.065231
0.802000	0.064409
0.802333	0.063014
0.802667	0.062764
0.803000	0.062199
0.803333	0.062319
0.803667	0.061054
0.804000	0.060610
0.804333	0.060095
0.804667	0.060021
0.805000	0.059509
0.805333	0.058639
0.805667	0.058187
0.806000	0.057714
0.806333	0.057562
0.806667	0.056954
0.807000	0.056367
0.807333	0.056253
0.807667	0.055665
0.808000	0.054647
0.808333	0.055163
0.808667	0.054552
0.809000	0.054449
0.809333	0.054000
0.809667	0.053720
0.810000	0.053292
0.810333	0.052345
0.810667	0.052649
0.811000	0.052044
0.811333	0.052121
0.811667	0.051557
0.812000	0.051016
0.812333	0.050796
0.812667	0.051023
0.813000	0.050468
0.813333	0.049719
0.813667	0.049239
0.814000	0.048764
0.814333	0.049324
0.814667	0.048978
0.815000	0.048812
0.815333	0.049005
0.815667	0.047876
0.816000	0.047950
0.816333	0.048438
0.816667	0.047198
0.817000	0.046816
0.817333	0.047302
0.817667	0.046537
0.818000	0.046522
0.818333	0.045773
0.818667	0.046263
0.819000	0.044851
0.819333	0.046191
0.819667	0.044578
0.820000	0.045455
0.820333	0.044920
0.820667	0.045084
0.821000	0.045227
0.821333	0.044240
0.821667	0.044172
0.822000	0.044221
0.822333	0.043853
0.822667	0.043663
0.823000	0.043743
0.823333	0.043703
0.823667	0.043332
0.824000	0.043426
0.824333	0.043808
0.824667	0.043389
0.825000	0.042546
0.825333	0.041744
0.825667	0.042339
0.826000	0.042211
0.826333	0.042177
0.826667	0.041968
0.827000	0.041736
0.827333	0.041943
0.827667	0.041485
0.828000	0.041704
0.828333	0.041707
0.828667	0.040986
0.829000	0.041715
0.829333	0.041048
0.829667	0.041284
0.830000	0.041436
0.830333	0.040374
0.830667	0.040723
0.831000	0.040749
0.831333	0.040351
0.831667	0.040669
0.832000	0.040530
0.832333	0.039712
0.832667	0.039493
0.833000	0.040157
0.833333	0.039720
0.833667	0.039642
0.834000	0.039631
0.834333	0.039532
0.834667	0.039276
0.835000	0.039593
0.835333	0.038787
0.835667	0.039059
0.836000	0.039042
0.836333	0.038510
0.836667	0.038751
0.837000	0.039266
0.837333	0.038505
0.837667	0.038649
0.838000	0.038992
0.838333	0.038297
0.838667	0.038565
0.839000	0.038504
0.839333	0.038231
0.839667	0.038038
0.840000	0.038309
0.840333	0.038091
0.840667	0.038696
0.841000	0.038401
0.841333	0.037610
0.841667	0.037724
0.842000	0.037584
0.842333	0.038016
0.842667	0.037501
0.843000	0.037365
0.843333	0.037460
0.843667	0.037312
0.844000	0.037294
0.844333	0.037483
0.844667	0.036996
0.845000	0.037429
0.845333	0.037753
0.845667	0.037586
0.846000	0.037485
0.846333	0.036683
0.846667	0.037048
0.847000	0.036766
0.847333	0.037226
0.847667	0.035962
0.848000	0.036792
0.848333	0.036548
0.848667	0.036683
0.849000	0.036323
0.849333	0.036680
0.849667	0.036689
0.850000	0.037018
0.850333	0.036770
0.850667	0.036608
0.851000	0.036658
0.851333	0.036290
0.851667	0.036169
0.852000	0.035548
0.852333	0.036464
0.852667	0.035984
0.853000	0.035720
0.853333	0.035578
0.853667	0.035407
0.854000	0.035828
0.854333	0.035847
0.854667	0.036194
0.855000	0.035312
0.855333	0.035215
0.855667	0.034920
0.856000	0.034737
0.856333	0.035506
0.856667	0.035321
0.857000	0.034498
0.857333	0.035316
0.857667	0.035326
0.858000	0.035873
0.858333	0.034922
0.858667	0.034563
0.859000	0.034984
0.859333	0.035314
0.859667	0.035509
0.860000	0.035507
0.860333	0.035542
0.860667	0.035504
0.861000	0.035301
0.861333	0.034609
0.861667	0.034641
0.862000	0.035163
0.862333	0.034622
0.862667	0.034468
0.863000	0.034997
0.863333	0.034755
0.863667	0.034797
0.864000	0.034431
0.864333	0.033984
0.864667	0.034955
0.865000	0.034716
0.865333	0.034148
0.865667	0.034379
0.866000	0.035122
0.866333	0.033985
0.866667	0.034151
0.867000	0.034707
0.867333	0.033960
0.867667	0.034293
0.868000	0.034282
0.868333	0.033943
0.868667	0.034646
0.869000	0.034738
0.869333	0.034460
0.869667	0.034651
0.870000	0.034309
0.870333	0.034950
0.870667	0.034595
0.871000	0.034914
0.871333	0.034209
0.871667	0.034490
0.872000	0.034099
0.872333	0.034039
0.872667	0.034316
0.873000	0.034105
0.873333	0.033991
0.873667	0.034414
0.874000	0.034179
0.874333	0.034107
0.874667	0.033394
0.875000	0.033435
0.875333	0.034328
0.875667	0.034248
0.876000	0.033971
0.876333	0.033742
0.876667	0.033959
0.877000	0.034362
0.877333	0.033995
0.877667	0.033742
0.878000	0.034263
0.878333	0.034096
0.878667	0.034494
0.879000	0.033455
0.879333	0.033663
0.879667	0.033445
0.880000	0.033936
0.880333	0.034263
0.880667	0.033812
0.881000	0.034209
0.881333	0.033751
0.881667	0.033926
0.882000	0.033972
0.882333	0.034150
0.882667	0.033627
0.883000	0.034284
0.883333	0.034134
0.883667	0.033953
0.884000	0.033636
0.884333	0.033945
0.884667	0.033675
0.885000	0.033780
0.885333	0.033509
0.885667	0.034022
0.886000	0.033549
0.886333	0.033780
0.886667	0.034050
0.887000	0.033235
0.887333	0.033325
0.887667	0.033708
0.888000	0.033887
0.888333	0.033714
0.888667	0.033956
0.889000	0.033914
0.889333	0.033213
0.889667	0.033953
0.890000	0.034331
0.890333	0.033760
0.890667	0.033835
0.891000	0.033724
0.891333	0.033880
0.891667	0.033444
0.892000	0.033290
0.892333	0.034078
0.892667	0.033540
0.893000	0.033902
0.893333	0.033994
0.893667	0.033433
0.894000	0.033399
0.894333	0.033702
0.894667	0.033962
0.895000	0.033936
0.895333	0.034111
0.895667	0.033548
0.896000	0.033989
0.896333	0.033418
0.896667	0.034158
0.897000	0.033843
0.897333	0.033224
0.897667	0.034203
0.898000	0.033457
0.898333	0.033443
0.898667	0.033594
0.899000	0.033194
0.899333	0.033873
0.899667	0.033749
0.900000	0.033740
0.900333	0.033507
0.900667	0.033683
0.901000	0.033726
0.901333	0.033451
0.901667	0.033026
0.902000	0.033342
0.902333	0.033727
0.902667	0.033615
0.903000	0.033324
0.903333	0.033841
0.903667	0.033246
0.904000	0.033705
0.904333	0.033446
0.904667	0.033871
0.905000	0.034040
0.905333	0.033064
0.905667	0.034222
0.906000	0.033859
0.906333	0.032499
0.906667	0.033656
0.907000	0.033340
0.907333	0.034515
0.907667	0.033369
0.908000	0.033345
0.908333	0.033413
0.908667	0.033126
0.909000	0.033267
0.909333	0.033671
0.909667	0.033345
0.910000	0.033634
0.910333	0.033572
0.910667	0.032914
0.911000	0.032830
0.911333	0.033235
0.911667	0.033323
0.912000	0.033128
0.912333	0.033793
0.912667	0.033391
0.913000	0.033173
0.913333	0.033125
0.913667	0.033768
0.914000	0.033392
0.914333	0.033747
0.914667	0.033109
0.915000	0.033166
0.915333	0.033420
0.915667	0.032777
0.916000	0.032872
0.916333	0.033318
0.916667	0.033154
0.917000	0.033860
0.917333	0.033613
0.917667	0.033636
0.918000	0.033809
0.918333	0.033749
0.918667	0.033666
0.919000	0.033057
0.919333	0.033393
0.919667	0.033909
0.920000	0.034671
0.920333	0.035316
0.920667	0.036320
0.921000	0.037082
0.921333	0.040156
0.921667	0.041281
0.922000	0.043542
0.922333	0.048167
0.922667	0.055092
0.923000	0.061790
0.923333	0.068660
0.923667	0.072889
0.924000	0.076462
0.924333	0.080345
0.924667	0.083071
0.925000	0.084688
0.925333	0.088995
0.925667	0.097694
0.926000	0.100969
0.926333	0.102308
0.926667	0.102162
0.927000	0.100666
0.927333	0.099190
0.927667	0.098187
0.928000	0.097122
0.928333	0.099238
0.928667	0.102649
0.929000	0.106543
0.929333	0.106873
0.929667	0.106818
0.930000	0.104886
0.930333	0.103023
0.930667	0.101577
0.931000	0.099737
0.931333	0.098780
0.931667	0.097068
0.932000	0.096014
0.932333	0.095424
0.932667	0.094846
0.933000	0.094609
0.933333	0.093392
0.933667	0.091969
0.934000	0.091487
0.934333	0.090817
0.934667	0.090505
0.935000	0.089817
0.935333	0.088367
0.935667	0.088343
0.936000	0.086201
0.936333	0.085019
0.936667	0.084597
0.937000	0.083349
0.937333	0.082519
0.937667	0.082895
0.938000	0.082366
0.938333	0.082195
0.938667	0.083760
0.939000	0.083199
0.939333	0.082721
0.939667	0.083450
0.940000	0.082999
0.940333	0.083272
0.940667	0.083590
0.941000	0.084021
0.941333	0.082598
0.941667	0.082130
0.942000	0.080624
0.942333	0.080020
0.942667	0.079078
0.943000	0.078339
0.943333	0.077193
0.943667	0.077576
0.944000	0.076821
0.944333	0.077878
0.944667	0.076221
0.945000	0.075554
0.945333	0.074617
0.945667	0.073838
0.946000	0.073425
0.946333	0.073350
0.946667	0.071447
0.947000	0.070823
0.947333	0.070386
0.947667	0.069319
0.948000	0.068863
0.948333	0.068070
0.948667	0.066899
0.949000	0.066784
0.949333	0.066229
0.949667	0.066098
0.950000	0.064670
0.950333	0.064172
0.950667	0.064740
0.951000	0.063346
0.951333	0.063049
0.951667	0.062722
0.952000	0.062218
0.952333	0.061283
0.952667	0.061908
0.953000	0.061421
0.953333	0.060423
0.953667	0.059890
0.954000	0.059454
0.954333	0.058971
0.954667	0.058521
0.955000	0.058539
0.955333	0.058463
0.955667	0.057851
0.956000	0.057852
0.956333	0.057244
0.956667	0.056711
0.957000	0.056141
0.957333	0.055574
0.957667	0.055369
0.958000	0.055231
0.958333	0.055390
0.958667	0.055307
0.959000	0.054360
0.959333	0.054192
0.959667	0.053620
0.960000	0.053668
0.960333	0.053787
0.960667	0.053388
0.961000	0.053268
0.961333	0.052230
0.961667	0.052401
0.962000	0.052736
0.962333	0.052241
0.962667	0.051815
0.963000	0.051211
0.963333	0.051290
0.963667	0.051240
0.964000	0.050530
0.964333	0.050646
0.964667	0.049973
0.965000	0.050744
0.965333	0.050221
0.965667	0.049946
0.966000	0.050307
0.966333	0.050562
0.966667	0.049961
0.967000	0.049853
0.967333	0.049400
0.967667	0.048895
0.968000	0.049393
0.968333	0.048451
0.968667	0.048490
0.969000	0.048071
0.969333	0.048616
0.969667	0.047812
0.970000	0.048252
0.970333	0.048379
0.970667	0.047562
0.971000	0.047826
0.971333	0.047776
0.971667	0.047731
0.972000	0.047348
0.972333	0.047435
0.972667	0.047223
0.973000	0.047184
0.973333	0.046586
0.973667	0.046813
0.974000	0.046976
0.974333	0.045886
0.974667	0.046520
0.975000	0.046220
0.975333	0.045297
0.975667	0.045700
0.976000	0.045701
0.976333	0.045959
0.976667	0.045541
0.977000	0.045899
0.977333	0.045082
0.977667	0.045591
0.978000	0.044837
0.978333	0.044675
0.978667	0.044702
0.979000	0.044963
0.979333	0.045103
0.979667	0.044327
0.980000	0.044573
0.980333	0.044356
0.980667	0.043852
0.981000	0.044575
0.981333	0.043361
0.981667	0.043657
0.982000	0.044007
0.982333	0.043313
0.982667	0.043755
0.983000	0.044035
0.983333	0.043787
0.983667	0.043549
0.984000	0.043946
0.984333	0.044095
0.984667	0.042777
0.985000	0.043374
0.985333	0.043230
0.985667	0.043021
0.986000	0.043078
0.986333	0.043067
0.986667	0.043400
0.987000	0.042685
0.987333	0.043046
0.987667	0.043013
0.988000	0.042675
0.988333	0.043155
0.988667	0.043235
0.989000	0.042126
0.989333	0.042384
0.989667	0.042166
0.990000	0.042433
0.990333	0.042213
0.990667	0.042757
0.991000	0.041993
0.991333	0.042656
0.991667	0.042189
0.992000	0.042031
0.992333	0.042486
0.992667	0.041694
0.993000	0.042086
0.993333	0.041936
0.993667	0.042428
0.994000	0.041847
0.994333	0.041880
0.994667	0.041907
0.995000	0.041351
0.995333	0.041601
0.995667	0.042022
0.996000	0.041837
0.996333	0.041330
0.996667	0.041165
0.997000	0.041336
0.997333	0.041104
0.997667	0.040837
0.998000	0.041215
0.998333	0.041635
0.998667	0.041794
0.999000	0.040992
0.999333	0.041012
0.999667	0.040578
1.000000	0.041361
1.000333	0.035974
1.000667	0.035733
1.001000	0.036226
1.001333	0.036508
1.001667	0.035941
1.002000	0.035329
1.002333	0.035382
1.002667	0.035733
1.003000	0.036189
1.003333	0.036061
1.003667	0.036321
1.004000	0.035765
1.004333	0.035492
1.004667	0.035735
1.005000	0.036178
1.005333	0.035512
1.005667	0.035641
1.006000	0.035668
1.006333	0.035858
1.006667	0.035691
1.007000	0.035014
1.007333	0.035586
1.007667	0.036090
1.008000	0.035891
1.008333	0.036023
1.008667	0.035062
1.009000	0.035538
1.009333	0.035027
1.009667	0.035707
1.010000	0.035760
1.010333	0.035715
1.010667	0.035092
1.011000	0.035211
1.011333	0.035048
1.011667	0.035969
1.012000	0.034902
1.012333	0.035394
1.012667	0.035878
1.013000	0.035267
1.013333	0.035096
1.013667	0.035524
1.014000	0.035752
1.014333	0.036230
1.014667	0.035102
1.015000	0.035005
1.015333	0.034957
1.015667	0.035003
1.016000	0.035368
1.016333	0.035411
1.016667	0.035525
1.017000	0.035249
1.017333	0.035079
1.017667	0.035009
1.018000	0.034934
1.018333	0.034540
1.018667	0.034998
1.019000	0.035108
1.019333	0.034886
1.019667	0.034893
1.020000	0.035624
1.020333	0.035426
1.020667	0.035441
1.021000	0.035396
1.021333	0.035206
1.021667	0.035501
1.022000	0.034918
1.022333	0.035265
1.022667	0.035137
1.023000	0.035445
1.023333	0.035472
1.023667	0.034853
1.024000	0.035066
1.024333	0.035381
1.024667	0.034807
1.025000	0.035515
1.025333	0.035112
1.025667	0.034108
1.026000	0.035403
1.026333	0.035075
1.026667	0.035495
1.027000	0.034714
1.027333	0.034530
1.027667	0.034916
1.028000	0.035512
1.028333	0.035124
1.028667	0.034784
1.029000	0.034683
1.029333	0.034946
1.029667	0.035256
1.030000	0.034895
1.030333	0.035087
1.030667	0.035774
1.031000	0.034776
1.031333	0.035336
1.031667	0.034460
1.032000	0.034636
1.032333	0.034741
1.032667	0.035395
1.033000	0.034897
1.033333	0.034486
1.033667	0.035283
1.034000	0.034878
1.034333	0.035155
1.034667	0.035220
1.035000	0.035611
1.035333	0.036088
1.035667	0.037104
1.036000	0.038314
1.036333	0.040393
1.036667	0.042644
1.037000	0.046399
1.037333	0.048309
1.037667	0.049444
1.038000	0.050756
1.038333	0.052892
1.038667	0.055954
1.039000	0.060624
1.039333	0.065128
1.039667	0.069968
1.040000	0.073469
1.040333	0.073892
1.040667	0.074927
1.041000	0.075229
1.041333	0.075705
1.041667	0.075753
1.042000	0.078605
1.042333	0.080235
1.042667	0.080809
1.043000	0.080253
1.043333	0.078760
1.043667	0.078449
1.044000	0.078086
1.044333	0.075900
1.044667	0.076561
1.045000	0.078723
1.045333	0.081603
1.045667	0.081390
1.046000	0.080704
1.046333	0.078550
1.046667	0.077778
1.047000	0.077060
1.047333	0.076407
1.047667	0.076438
1.048000	0.075976
1.048333	0.074810
1.048667	0.074698
1.049000	0.073304
1.049333	0.072495
1.049667	0.071840
1.050000	0.070435
1.050333	0.070485
1.050667	0.069386
1.051000	0.067934
1.051333	0.066817
1.051667	0.066471
1.052000	0.065976
1.052333	0.066068
1.052667	0.066548
1.053000	0.066678
1.053333	0.065414
1.053667	0.065855
1.054000	0.064011
1.054333	0.062972
1.054667	0.062621
1.055000	0.061897
1.055333	0.061676
1.055667	0.061112
1.056000	0.060720
1.056333	0.059659
1.056667	0.059062
1.057000	0.058514
1.057333	0.058078
1.057667	0.057934
1.058000	0.057743
1.058333	0.056698
1.058667	0.056445
1.059000	0.055775
1.059333	0.055808
1.059667	0.054945
1.060000	0.055191
1.060333	0.054409
1.060667	0.053847
1.061000	0.053473
1.061333	0.053372
1.061667	0.053040
1.062000	0.052581
1.062333	0.052778
1.062667	0.052411
1.063000	0.051601
1.063333	0.051347
1.063667	0.051198
1.064000	0.051031
1.064333	0.050438
1.064667	0.049874
1.065000	0.049918
1.065333	0.049293
1.065667	0.049514
1.066000	0.049573
1.066333	0.048568
1.066667	0.048296
1.067000	0.049022
1.067333	0.048173
1.067667	0.047249
1.068000	0.048310
1.068333	0.047209
1.068667	0.047897
1.069000	0.047499
1.069333	0.046577
1.069667	0.046393
1.070000	0.047234
1.070333	0.046027
1.070667	0.046351
1.071000	0.046464
1.071333	0.045620
1.071667	0.046315
1.072000	0.045998
1.072333	0.045613
1.072667	0.045125
1.073000	0.045354
1.073333	0.045369
1.073667	0.045167
1.074000	0.044398
1.074333	0.044538
1.074667	0.045444
1.075000	0.044150
1.075333	0.044250
1.075667	0.043571
1.076000	0.043928
1.076333	0.043879
1.076667	0.043662
1.077000	0.043230
1.077333	0.043386
1.077667	0.043426
1.078000	0.042744
1.078333	0.042971
1.078667	0.042301
1.079000	0.042480
1.079333	0.042761
1.079667	0.042113
1.080000	0.042951
1.080333	0.042964
1.080667	0.042653
1.081000	0.042395
1.081333	0.043419
1.081667	0.041868
1.082000	0.041376
1.082333	0.041877
1.082667	0.042185
1.083000	0.041873
1.083333	0.041822
1.083667	0.041563
1.084000	0.042059
1.084333	0.041158
1.084667	0.041721
1.085000	0.041393
1.085333	0.041173
1.085667	0.041106
1.086000	0.040841
1.086333	0.041137
1.086667	0.040681
1.087000	0.041135
1.087333	0.041272
1.087667	0.040450
1.088000	0.040713
1.088333	0.040272
1.088667	0.041307
1.089000	0.039991
1.089333	0.040387
1.089667	0.040467
1.090000	0.039773
1.090333	0.039977
1.090667	0.039661
1.091000	0.039997
1.091333	0.039713
1.091667	0.039894
1.092000	0.040031
1.092333	0.039883
1.092667	0.039812
1.093000	0.039518
1.093333	0.039924
1.093667	0.039807
1.094000	0.039242
1.094333	0.039552
1.094667	0.040270
1.095000	0.039778
1.095333	0.039236
1.095667	0.039519
1.096000	0.038909
1.096333	0.039496
1.096667	0.039252
1.097000	0.039667
1.097333	0.039560
1.097667	0.038845
1.098000	0.038536
1.098333	0.039226
1.098667	0.039117
1.099000	0.038600
1.099333	0.038554
1.099667	0.039216
1.100000	0.038765
1.100333	0.039026
1.100667	0.039099
1.101000	0.038807
1.101333	0.038818
1.101667	0.038385
1.102000	0.038811
1.102333	0.037979
1.102667	0.039240
1.103000	0.038263
1.103333	0.037769
1.103667	0.038379
1.104000	0.038165
1.104333	0.038026
1.104667	0.038255
1.105000	0.037942
1.105333	0.038346
1.105667	0.038351
1.106000	0.038375
1.106333	0.038020
1.106667	0.037616
1.107000	0.037157
1.107333	0.038027
1.107667	0.038226
1.108000	0.038492
1.108333	0.037680
1.108667	0.037539
1.109000	0.037628
1.109333	0.037610
1.109667	0.037944
1.110000	0.037703
1.110333	0.037222
1.110667	0.037678
1.111000	0.037353
1.111333	0.038256
1.111667	0.037826
1.112000	0.037748
1.112333	0.037368
1.112667	0.037659
1.113000	0.038020
1.113333	0.037288
1.113667	0.037220
1.114000	0.037712
1.114333	0.037170
1.114667	0.037415
1.115000	0.037087
1.115333	0.037214
1.115667	0.037455
1.116000	0.037352
1.116333	0.037244
1.116667	0.036647
1.117000	0.037531
1.117333	0.037156
1.117667	0.036858
1.118000	0.037410
1.118333	0.036958
1.118667	0.037387
1.119000	0.037209
1.119333	0.037056
1.119667	0.037033
1.120000	0.037405
1.120333	0.037292
1.120667	0.037062
1.121000	0.036687
1.121333	0.036915
1.121667	0.037285
1.122000	0.036546
1.122333	0.036815
1.122667	0.037556
1.123000	0.036646
1.123333	0.036617
1.123667	0.037198
1.124000	0.036594
1.124333	0.036471
1.124667	0.036524
1.125000	0.036529
1.125333	0.036540
1.125667	0.036554
1.126000	0.036884
1.126333	0.036908
1.126667	0.036645
1.127000	0.036133
1.127333	0.036290
1.127667	0.037860
1.128000	0.036711
1.128333	0.036672
1.128667	0.036268
1.129000	0.037036
1.129333	0.036760
1.129667	0.036397
1.130000	0.036079
1.130333	0.036603
1.130667	0.036634
1.131000	0.036511
1.131333	0.036079
1.131667	0.035854
1.132000	0.036323
1.132333	0.036159
1.132667	0.036633
1.133000	0.036327
1.133333	0.036095
1.133667	0.036104
1.134000	0.036217
1.134333	0.035609
1.134667	0.036114
1.135000	0.036535
1.135333	0.036157
1.135667	0.036335
1.136000	0.036099
1.136333	0.035645
1.136667	0.036408
1.137000	0.035818
1.137333	0.036308
1.137667	0.036638
1.138000	0.036639
1.138333	0.036344
1.138667	0.036336
1.139000	0.037423
1.139333	0.036669
1.139667	0.036499
1.140000	0.036100
1.140333	0.036760
1.140667	0.036805
1.141000	0.036758
1.141333	0.035951
1.141667	0.036274
1.142000	0.036670
1.142333	0.036434
1.142667	0.035784
1.143000	0.036364
1.143333	0.036652
1.143667	0.036255
1.144000	0.035774
1.144333	0.036711
1.144667	0.036319
1.145000	0.036554
1.145333	0.036385
1.145667	0.036065
1.146000	0.036198
1.146333	0.035936
1.146667	0.035982
1.147000	0.036322
1.147333	0.036309
1.147667	0.036274
1.148000	0.035971
1.148333	0.035786
1.148667	0.036414
1.149000	0.035858
1.149333	0.035787
1.149667	0.036046
1.150000	0.036046
1.150333	0.035578
1.150667	0.035615
1.151000	0.036190
1.151333	0.035955
1.151667	0.035873
1.152000	0.035584
1.152333	0.035855
1.152667	0.035469
1.153000	0.035712
1.153333	0.035513
1.153667	0.036000
1.154000	0.036636
1.154333	0.036141
1.154667	0.036016
1.155000	0.036742
1.155333	0.036233
1.155667	0.035570
1.156000	0.035259
1.156333	0.036051
1.156667	0.036055
1.157000	0.035955
1.157333	0.036419
1.157667	0.035760
1.158000	0.036579
1.158333	0.035924
1.158667	0.036280
1.159000	0.035333
1.159333	0.036173
1.159667	0.035750
1.160000	0.035896
1.160333	0.035638
1.160667	0.036411
1.161000	0.035922
1.161333	0.035961
1.161667	0.036321
1.162000	0.035821
1.162333	0.035699
1.162667	0.035564
1.163000	0.035902
1.163333	0.035652
1.163667	0.035844
1.164000	0.036326
1.164333	0.035538
1.164667	0.035874
1.165000	0.035799
1.165333	0.036352
1.165667	0.035550
1.166000	0.035899
1.166333	0.035767
1.166667	0.035687
1.167000	0.035666
1.167333	0.036315
1.167667	0.035561
1.168000	0.035894
1.168333	0.035998
1.168667	0.035898
1.169000	0.036511
1.169333	0.035433
1.169667	0.036227
1.170000	0.034707
1.170333	0.035483
1.170667	0.035502
1.171000	0.035360
1.171333	0.035406
1.171667	0.035428
1.172000	0.035810
1.172333	0.035652
1.172667	0.035760
1.173000	0.035534
1.173333	0.035508
1.173667	0.034939
1.174000	0.036050
1.174333	0.035143
1.174667	0.035291
1.175000	0.035325
1.175333	0.035770
1.175667	0.036099
1.176000	0.035238
1.176333	0.035122
1.176667	0.035332
1.177000	0.035804
1.177333	0.036156
1.177667	0.036031
1.178000	0.035764
1.178333	0.035708
1.178667	0.035858
1.179000	0.036154
1.179333	0.036397
1.179667	0.036500
1.180000	0.035983
1.180333	0.036151
1.180667	0.036436
1.181000	0.036590
1.181333	0.036437
1.181667	0.037126
1.182000	0.036382
1.182333	0.037272
1.182667	0.037068
1.183000	0.036437
1.183333	0.036988
1.183667	0.036899
1.184000	0.036469
1.184333	0.036410
1.184667	0.035721
1.185000	0.036214
1.185333	0.036271
1.185667	0.036405
1.186000	0.036324
1.186333	0.036372
1.186667	0.036109
1.187000	0.036292
1.187333	0.036193
1.187667	0.035718
1.188000	0.036262
1.188333	0.036402
1.188667	0.036115
1.189000	0.035837
1.189333	0.035841
1.189667	0.036455
1.190000	0.036228
1.190333	0.035780
1.190667	0.035971
1.191000	0.035854
1.191333	0.036010
1.191667	0.036206
1.192000	0.035219
1.192333	0.035975
1.192667	0.036679
1.193000	0.036523
1.193333	0.036219
1.193667	0.035921
1.194000	0.035756
1.194333	0.036307
1.194667	0.036365
1.195000	0.036132
1.195333	0.036178
1.195667	0.036435
1.196000	0.036400
1.196333	0.036393
1.196667	0.035468
1.197000	0.036317
1.197333	0.036238
1.197667	0.036275
1.198000	0.036140
1.198333	0.035513
1.198667	0.036029
1.199000	0.035768
1.199333	0.036296
1.199667	0.035927
1.200000	0.035723
1.200333	0.036249
1.200667	0.036253
1.201000	0.036029
1.201333	0.035578
1.201667	0.035845
1.202000	0.036022
1.202333	0.035761
1.202667	0.036146
1.203000	0.035516
1.203333	0.035566
1.203667	0.036200
1.204000	0.035801
1.204333	0.036043
1.204667	0.036327
1.205000	0.036128
1.205333	0.036151
1.205667	0.035982
1.206000	0.035653
1.206333	0.035577
1.206667	0.035810
1.207000	0.035880
1.207333	0.036251
1.207667	0.035784
1.208000	0.035842
1.208333	0.035482
1.208667	0.036232
1.209000	0.035728
1.209333	0.035929
1.209667	0.035763
1.210000	0.035668
1.210333	0.035113
1.210667	0.036558
1.211000	0.035666
1.211333	0.035275
1.211667	0.035793
1.212000	0.035160
1.212333	0.035749
1.212667	0.035948
1.213000	0.035532
1.213333	0.035846
1.213667	0.035509
1.214000	0.035253
1.214333	0.035811
1.214667	0.035375
1.215000	0.035819
1.215333	0.035768
1.215667	0.035958
1.216000	0.035342
1.216333	0.034978
1.216667	0.035207
1.217000	0.035770
1.217333	0.035799
1.217667	0.035267
1.218000	0.035401
1.218333	0.035905
1.218667	0.035390
1.219000	0.035590
1.219333	0.036098
1.219667	0.036266
1.220000	0.035153
1.220333	0.035089
1.220667	0.035663
1.221000	0.035826
1.221333	0.036517
1.221667	0.035305
1.222000	0.036074
1.222333	0.035561
1.222667	0.035248
1.223000	0.036069
1.223333	0.036054
1.223667	0.035600
1.224000	0.035953
1.224333	0.035549
1.224667	0.035334
1.225000	0.035848
1.225333	0.035956
1.225667	0.036279
1.226000	0.036332
1.226333	0.035644
1.226667	0.035868
1.227000	0.036133
1.227333	0.036270
1.227667	0.036958
1.228000	0.036422
1.228333	0.037402
1.228667	0.037188
1.229000	0.039205
1.229333	0.040513
1.229667	0.043014
1.230000	0.044929
1.230333	0.046335
1.230667	0.049656
1.231000	0.052203
1.231333	0.056992
1.231667	0.061345
1.232000	0.064661
1.232333	0.067552
1.232667	0.067796
1.233000	0.068791
1.233333	0.073123
1.233667	0.076557
1.234000	0.078660
1.234333	0.082495
1.234667	0.084378
1.235000	0.085890
1.235333	0.085425
1.235667	0.085237
1.236000	0.084097
1.236333	0.083391
1.236667	0.082757
1.237000	0.081560
1.237333	0.080417
1.237667	0.079896
1.238000	0.079211
1.238333	0.078585
1.238667	0.079762
1.239000	0.079397
1.239333	0.078815
1.239667	0.080189
1.240000	0.080724
1.240333	0.080713
1.240667	0.080268
1.241000	0.078794
1.241333	0.077983
1.241667	0.077140
1.242000	0.074821
1.242333	0.074064
1.242667	0.073338
1.243000	0.072195
1.243333	0.071912
1.243667	0.070836
1.244000	0.070096
1.244333	0.069525
1.244667	0.068455
1.245000	0.067531
1.245333	0.067201
1.245667	0.066265
1.246000	0.065901
1.246333	0.064534
1.246667	0.063673
1.247000	0.063739
1.247333	0.062936
1.247667	0.062593
1.248000	0.061754
1.248333	0.061413
1.248667	0.060696
1.249000	0.060286
1.249333	0.059874
1.249667	0.059923
1.250000	0.059024
1.250333	0.058665
1.250667	0.058569
1.251000	0.057874
1.251333	0.056983
1.251667	0.057321
1.252000	0.056461
1.252333	0.056004
1.252667	0.055688
1.253000	0.055723
1.253333	0.055029
1.253667	0.054893
1.254000	0.054109
1.254333	0.054435
1.254667	0.052940
1.255000	0.053741
1.255333	0.052997
1.255667	0.053064
1.256000	0.052760
1.256333	0.052244
1.256667	0.051892
1.257000	0.052095
1.257333	0.051534
1.257667	0.051456
1.258000	0.051242
1.258333	0.051088
1.258667	0.050268
1.259000	0.050299
1.259333	0.050395
1.259667	0.050019
1.260000	0.049773
1.260333	0.049680
1.260667	0.049261
1.261000	0.048966
1.261333	0.049494
1.261667	0.048328
1.262000	0.048535
1.262333	0.048798
1.262667	0.048240
1.263000	0.048213
1.263333	0.047943
1.263667	0.047749
1.264000	0.047302
1.264333	0.047597
1.264667	0.047176
1.265000	0.047206
1.265333	0.046496
1.265667	0.047457
1.266000	0.046562
1.266333	0.046520
1.266667	0.045600
1.267000	0.046352
1.267333	0.046264
1.267667	0.046089
1.268000	0.045836
1.268333	0.045740
1.268667	0.045285
1.269000	0.045698
1.269333	0.045042
1.269667	0.045418
1.270000	0.044702
1.270333	0.045053
1.270667	0.045303
1.271000	0.044365
1.271333	0.044414
1.271667	0.043945
1.272000	0.044356
1.272333	0.044031
1.272667	0.045001
1.273000	0.043146
1.273333	0.043783
1.273667	0.044159
1.274000	0.043509
1.274333	0.043482
1.274667	0.043383
1.275000	0.043322
1.275333	0.043630
1.275667	0.043250
1.276000	0.043273
1.276333	0.042992
1.276667	0.042437
1.277000	0.042600
1.277333	0.042458
1.277667	0.043047
1.278000	0.042567
1.278333	0.042454
1.278667	0.043483
1.279000	0.042553
1.279333	0.042424
1.279667	0.043038
1.280000	0.042755
1.280333	0.042544
1.280667	0.042270
1.281000	0.042356
1.281333	0.042162
1.281667	0.041850
1.282000	0.041518
1.282333	0.042080
1.282667	0.042208
1.283000	0.041771
1.283333	0.042178
1.283667	0.041909
1.284000	0.042072
1.284333	0.041826
1.284667	0.041333
1.285000	0.041478
1.285333	0.041589
1.285667	0.041094
1.286000	0.041196
1.286333	0.042172
1.286667	0.041020
1.287000	0.041094
1.287333	0.041482
1.287667	0.041263
1.288000	0.041241
1.288333	0.040818
1.288667	0.040656
1.289000	0.041020
1.289333	0.041560
1.289667	0.041261
1.290000	0.040923
1.290333	0.040704
1.290667	0.041033
1.291000	0.041109
1.291333	0.040253
1.291667	0.040660
1.292000	0.040307
1.292333	0.040252
1.292667	0.040787
1.293000	0.040882
1.293333	0.040593
1.293667	0.040765
1.294000	0.040639
1.294333	0.040424
1.294667	0.040447
1.295000	0.039665
1.295333	0.040164
1.295667	0.039222
1.296000	0.039737
1.296333	0.040318
1.296667	0.040089
1.297000	0.040220
1.297333	0.039080
1.297667	0.040090
1.298000	0.040048
1.298333	0.039787
1.298667	0.039678
1.299000	0.040350
1.299333	0.039451
1.299667	0.040396
1.300000	0.040240
1.300333	0.040347
1.300667	0.039603
1.301000	0.039081
1.301333	0.039297
1.301667	0.039709
1.302000	0.039732
1.302333	0.039432
1.302667	0.039529
1.303000	0.039683
1.303333	0.039794
1.303667	0.040080
1.304000	0.040054
1.304333	0.039706
1.304667	0.039718
1.305000	0.040244
1.305333	0.040106
1.305667	0.039660
1.306000	0.040434
1.306333	0.041226
1.306667	0.042293
1.307000	0.043820
1.307333	0.045360
1.307667	0.046583
1.308000	0.047537
1.308333	0.049111
1.308667	0.051698
1.309000	0.054450
1.309333	0.058431
1.309667	0.062744
1.310000	0.065414
1.310333	0.065519
1.310667	0.064946
1.311000	0.066233
1.311333	0.068416
1.311667	0.069337
1.312000	0.069011
1.312333	0.068719
1.312667	0.068886
1.313000	0.069102
1.313333	0.071070
1.313667	0.073164
1.314000	0.075590
1.314333	0.076468
1.314667	0.076472
1.315000	0.075455
1.315333	0.074648
1.315667	0.073905
1.316000	0.073245
1.316333	0.072449
1.316667	0.071473
1.317000	0.069473
1.317333	0.069176
1.317667	0.069280
1.318000	0.073048
1.318333	0.073914
1.318667	0.074393
1.319000	0.074677
1.319333	0.073061
1.319667	0.072710
1.320000	0.070947
1.320333	0.070728
1.320667	0.070916
1.321000	0.072001
1.321333	0.072088
1.321667	0.071150
1.322000	0.071230
1.322333	0.070467
1.322667	0.069623
1.323000	0.068813
1.323333	0.067963
1.323667	0.066750
1.324000	0.066311
1.324333	0.065149
1.324667	0.064860
1.325000	0.065329
1.325333	0.065340
1.325667	0.065344
1.326000	0.065659
1.326333	0.064878
1.326667	0.064053
1.327000	0.064205
1.327333	0.063209
1.327667	0.062517
1.328000	0.062282
1.328333	0.061740
1.328667	0.060941
1.329000	0.060334
1.329333	0.059613
1.329667	0.059213
1.330000	0.058765
1.330333	0.058149
1.330667	0.058311
1.331000	0.057211
1.331333	0.057233
1.331667	0.057574
1.332000	0.056772
1.332333	0.056493
1.332667	0.056288
1.333000	0.055871
1.333333	0.054908
1.333667	0.055330
1.334000	0.054393
1.334333	0.055081
1.334667	0.054354
1.335000	0.053523
1.335333	0.053179
1.335667	0.053685
1.336000	0.052356
1.336333	0.052432
1.336667	0.052371
1.337000	0.051799
1.337333	0.051893
1.337667	0.051440
1.338000	0.050799
1.338333	0.051463
1.338667	0.050842
1.339000	0.050467
1.339333	0.050686
1.339667	0.049838
1.340000	0.049962
1.340333	0.049453
1.340667	0.049956
1.341000	0.049782
1.341333	0.049023
1.341667	0.048975
1.342000	0.048271
1.342333	0.048295
1.342667	0.048389
1.343000	0.048610
1.343333	0.047723
1.343667	0.046862
1.344000	0.047378
1.344333	0.047836
1.344667	0.047375
1.345000	0.046908
1.345333	0.046748
1.345667	0.046991
1.346000	0.046786
1.346333	0.047041
1.346667	0.046656
1.347000	0.046880
1.347333	0.045922
1.347667	0.046268
1.348000	0.046166
1.348333	0.045759
1.348667	0.046048
1.349000	0.045077
1.349333	0.044904
1.349667	0.045187
1.350000	0.045719
1.350333	0.044625
1.350667	0.045501
1.351000	0.044578
1.351333	0.044573
1.351667	0.045099
1.352000	0.044770
1.352333	0.045093
1.352667	0.045070
1.353000	0.044909
1.353333	0.044463
1.353667	0.044320
1.354000	0.043805
1.354333	0.043608
1.354667	0.044543
1.355000	0.043845
1.355333	0.043746
1.355667	0.043225
1.356000	0.043320
1.356333	0.043414
1.356667	0.043134
1.357000	0.043206
1.357333	0.042873
1.357667	0.043766
1.358000	0.042670
1.358333	0.043237
1.358667	0.042125
1.359000	0.042724
1.359333	0.043119
1.359667	0.042362
1.360000	0.042877
1.360333	0.041934
1.360667	0.042538
1.361000	0.042075
1.361333	0.042130
1.361667	0.042040
1.362000	0.042498
1.362333	0.041573
1.362667	0.041735
1.363000	0.041839
1.363333	0.041666
1.363667	0.041565
1.364000	0.041554
1.364333	0.041576
1.364667	0.041368
1.365000	0.041188
1.365333	0.041594
1.365667	0.041267
1.366000	0.041197
1.366333	0.041243
1.366667	0.040997
1.367000	0.040787
1.367333	0.041190
1.367667	0.040143
1.368000	0.040875
1.368333	0.041517
1.368667	0.041219
1.369000	0.040887
1.369333	0.040721
1.369667	0.040845
1.370000	0.041257
1.370333	0.041177
1.370667	0.040428
1.371000	0.040590
1.371333	0.039972
1.371667	0.040312
1.372000	0.041067
1.372333	0.040398
1.372667	0.040227
1.373000	0.040125
1.373333	0.040520
1.373667	0.040625
1.374000	0.040445
1.374333	0.039579
1.374667	0.039864
1.375000	0.040357
1.375333	0.040435
1.375667	0.039398
1.376000	0.040240
1.376333	0.039537
1.376667	0.039525
1.377000	0.039758
1.377333	0.040377
1.377667	0.039495
1.378000	0.039410
1.378333	0.039266
1.378667	0.039269
1.379000	0.039227
1.379333	0.039548
1.379667	0.039789
1.380000	0.039937
1.380333	0.039375
1.380667	0.039486
1.381000	0.039402
1.381333	0.039573
1.381667	0.038795
1.382000	0.039716
1.382333	0.039333
1.382667	0.039366
1.383000	0.039384
1.383333	0.039010
1.383667	0.039314
1.384000	0.039679
1.384333	0.039750
1.384667	0.039018
1.385000	0.038926
1.385333	0.039999
1.385667	0.041172
1.386000	0.041351
1.386333	0.042806
1.386667	0.042993
1.387000	0.043258
1.387333	0.043346
1.387667	0.045294
1.388000	0.044997
1.388333	0.045868
1.388667	0.046373
1.389000	0.046275
1.389333	0.047729
1.389667	0.050001
1.390000	0.051944
1.390333	0.052160
1.390667	0.052639
1.391000	0.052481
1.391333	0.053046
1.391667	0.054007
1.392000	0.056028
1.392333	0.057489
1.392667	0.058299
1.393000	0.059053
1.393333	0.058696
1.393667	0.058901
1.394000	0.058599
1.394333	0.059391
1.394667	0.060085
1.395000	0.060332
1.395333	0.061272
1.395667	0.061555
1.396000	0.062567
1.396333	0.063407
1.396667	0.063066
1.397000	0.062384
1.397333	0.063346
1.397667	0.065386
1.398000	0.068417
1.398333	0.070613
1.398667	0.073383
1.399000	0.076753
1.399333	0.079092
1.399667	0.079567
1.400000	0.079551
1.400333	0.079910
1.400667	0.079115
1.401000	0.078842
1.401333	0.078051
1.401667	0.076719
1.402000	0.075799
1.402333	0.074619
1.402667	0.073305
1.403000	0.072261
1.403333	0.071471
1.403667	0.070084
1.404000	0.070802
1.404333	0.069630
1.404667	0.068828
1.405000	0.068004
1.405333	0.067104
1.405667	0.066454
1.406000	0.066052
1.406333	0.065482
1.406667	0.064746
1.407000	0.063455
1.407333	0.063215
1.407667	0.062453
1.408000	0.061609
1.408333	0.061328
1.408667	0.061096
1.409000	0.060916
1.409333	0.060534
1.409667	0.059603
1.410000	0.059463
1.410333	0.059215
1.410667	0.058050
1.411000	0.057870
1.411333	0.057574
1.411667	0.056964
1.412000	0.057261
1.412333	0.056228
1.412667	0.055923
1.413000	0.055800
1.413333	0.054933
1.413667	0.055315
1.414000	0.054249
1.414333	0.054718
1.414667	0.053792
1.415000	0.053725
1.415333	0.053459
1.415667	0.053101
1.416000	0.053395
1.416333	0.052434
1.416667	0.052676
1.417000	0.052225
1.417333	0.051722
1.417667	0.051981
1.418000	0.051327
1.418333	0.050379
1.418667	0.050472
1.419000	0.050232
1.419333	0.050375
1.419667	0.049615
1.420000	0.049880
1.420333	0.049299
1.420667	0.049122
1.421000	0.048986
1.421333	0.048788
1.421667	0.049073
1.422000	0.048816
1.422333	0.048267
1.422667	0.048341
1.423000	0.047823
1.423333	0.047928
1.423667	0.047107
1.424000	0.047670
1.424333	0.047437
1.424667	0.046965
1.425000	0.047171
1.425333	0.047163
1.425667	0.046948
1.426000	0.046615
1.426333	0.046782
1.426667	0.046175
1.427000	0.046086
1.427333	0.045420
1.427667	0.046075
1.428000	0.045956
1.428333	0.045660
1.428667	0.045210
1.429000	0.046004
1.429333	0.045126
1.429667	0.044983
1.430000	0.044908
1.430333	0.044956
1.430667	0.044766
1.431000	0.045361
1.431333	0.045319
1.431667	0.044341
1.432000	0.043727
1.432333	0.044405
1.432667	0.044503
1.433000	0.044328
1.433333	0.043857
1.433667	0.043616
1.434000	0.044163
1.434333	0.043337
1.434667	0.043838
1.435000	0.043972
1.435333	0.044108
1.435667	0.043083
1.436000	0.042959
1.436333	0.043274
1.436667	0.043633
1.437000	0.044111
1.437333	0.043135
1.437667	0.043180
1.438000	0.042723
1.438333	0.042828
1.438667	0.042561
1.439000	0.043404
1.439333	0.042226
1.439667	0.042737
1.440000	0.042205
1.440333	0.042616
1.440667	0.042655
1.441000	0.042992
1.441333	0.041281
1.441667	0.042025
1.442000	0.042490
1.442333	0.042169
1.442667	0.041188
1.443000	0.042172
1.443333	0.042632
1.443667	0.041737
1.444000	0.041494
1.444333	0.041605
1.444667	0.041660
1.445000	0.041353
1.445333	0.041556
1.445667	0.041470
1.446000	0.041352
1.446333	0.041272
1.446667	0.041160
1.447000	0.041358
1.447333	0.040977
1.447667	0.041183
1.448000	0.040993
1.448333	0.041151
1.448667	0.040746
1.449000	0.040693
1.449333	0.040967
1.449667	0.040715
1.450000	0.040388
1.450333	0.041196
1.450667	0.041541
1.451000	0.040994
1.451333	0.040524
1.451667	0.040442
1.452000	0.041204
1.452333	0.040876
1.452667	0.040826
1.453000	0.041141
1.453333	0.040125
1.453667	0.040490
1.454000	0.040436
1.454333	0.040834
1.454667	0.040325
1.455000	0.040129
1.455333	0.040572
1.455667	0.040440
1.456000	0.040254
1.456333	0.040465
1.456667	0.039752
1.457000	0.039813
1.457333	0.040631
1.457667	0.039533
1.458000	0.039445
1.458333	0.039621
1.458667	0.039910
1.459000	0.040343
1.459333	0.039964
1.459667	0.040208
1.460000	0.039692
1.460333	0.039619
1.460667	0.039852
1.461000	0.039860
1.461333	0.039766
1.461667	0.039756
1.462000	0.040329
1.462333	0.040185
1.462667	0.039437
1.463000	0.039137
1.463333	0.039575
1.463667	0.039608
1.464000	0.039121
1.464333	0.039722
1.464667	0.039823
1.465000	0.038994
1.465333	0.039405
1.465667	0.039435
1.466000	0.039101
1.466333	0.038968
1.466667	0.039346
1.467000	0.039496
1.467333	0.039070
1.467667	0.039392
1.468000	0.039465
1.468333	0.038987
1.468667	0.039402
1.469000	0.039242
1.469333	0.039359
1.469667	0.038789
1.470000	0.039053
1.470333	0.039033
1.470667	0.038968
1.471000	0.039453
1.471333	0.039577
1.471667	0.038784
1.472000	0.039438
1.472333	0.039240
1.472667	0.039741
1.473000	0.039086
1.473333	0.039057
1.473667	0.039943
1.474000	0.039659
1.474333	0.038903
1.474667	0.039457
1.475000	0.039248
1.475333	0.038953
1.475667	0.038805
1.476000	0.038890
1.476333	0.038914
1.476667	0.038474
1.477000	0.038365
1.477333	0.038577
1.477667	0.038418
1.478000	0.039328
1.478333	0.038019
1.478667	0.038168
1.479000	0.038451
1.479333	0.038894
1.479667	0.038521
1.480000	0.038107
1.480333	0.038424
1.480667	0.039196
1.481000	0.038014
1.481333	0.038495
1.481667	0.038176
1.482000	0.037833
1.482333	0.038940
1.482667	0.038697
1.483000	0.038426
1.483333	0.037753
1.483667	0.038691
1.484000	0.038463
1.484333	0.038484
1.484667	0.038606
1.485000	0.038279
1.485333	0.037826
1.485667	0.038723
1.486000	0.038069
1.486333	0.038405
1.486667	0.038785
1.487000	0.038161
1.487333	0.038442
1.487667	0.037831
1.488000	0.038328
1.488333	0.038325
1.488667	0.038325
1.489000	0.038830
1.489333	0.037882
1.489667	0.038070
1.490000	0.037960
1.490333	0.038121
1.490667	0.036999
1.491000	0.038315
1.491333	0.038158
1.491667	0.037353
1.492000	0.037516
1.492333	0.037803
1.492667	0.038103
1.493000	0.038153
1.493333	0.038671
1.493667	0.038110
1.494000	0.037756
1.494333	0.038218
1.494667	0.037784
1.495000	0.038392
1.495333	0.038106
1.495667	0.038033
1.496000	0.038386
1.496333	0.038558
1.496667	0.037896
1.497000	0.038315
1.497333	0.037751
1.497667	0.037836
1.498000	0.037572
1.498333	0.038290
1.498667	0.037593
1.499000	0.038204
1.499333	0.038188
1.499667	0.037552
1.500000	0.037883
1.500333	0.038212
1.500667	0.037516
1.501000	0.037855
1.501333	0.037865
1.501667	0.037988
1.502000	0.037492
1.502333	0.038388
1.502667	0.038379
1.503000	0.037630
1.503333	0.037237
1.503667	0.037429
1.504000	0.037596
1.504333	0.037911
1.504667	0.037320
1.505000	0.037939
1.505333	0.038450
1.505667	0.038248
1.506000	0.037812
1.506333	0.038654
1.506667	0.038366
1.507000	0.037458
1.507333	0.037687
1.507667	0.037603
1.508000	0.037784
1.508333	0.037692
1.508667	0.037311
1.509000	0.037483
1.509333	0.038055
1.509667	0.037476
1.510000	0.037865
1.510333	0.037913
1.510667	0.037077
1.511000	0.037285
1.511333	0.037548
1.511667	0.037815
1.512000	0.037298
1.512333	0.037296
1.512667	0.037278
1.513000	0.037410
1.513333	0.038061
1.513667	0.038013
1.514000	0.038272
1.514333	0.037750
1.514667	0.037801
1.515000	0.037388
1.515333	0.037818
1.515667	0.037480
1.516000	0.037441
1.516333	0.037777
1.516667	0.038085
1.517000	0.037317
1.517333	0.037358
1.517667	0.037760
1.518000	0.037983
1.518333	0.037516
1.518667	0.037738
1.519000	0.037278
1.519333	0.037406
1.519667	0.037484
1.520000	0.037891
1.520333	0.037633
1.520667	0.038144
1.521000	0.037521
1.521333	0.037810
1.521667	0.037647
1.522000	0.038120
1.522333	0.037570
1.522667	0.038709
1.523000	0.037237
1.523333	0.037428
1.523667	0.037896
1.524000	0.037471
1.524333	0.037188
1.524667	0.037704
1.525000	0.037805
1.525333	0.037490
1.525667	0.037209
1.526000	0.038030
1.526333	0.037627
1.526667	0.038578
1.527000	0.037463
1.527333	0.037647
1.527667	0.037056
1.528000	0.038314
1.528333	0.037354
1.528667	0.037542
1.529000	0.037746
1.529333	0.038165
1.529667	0.037759
1.530000	0.037723
1.530333	0.037794
1.530667	0.037299
1.531000	0.037140
1.531333	0.037558
1.531667	0.037690
1.532000	0.037130
1.532333	0.037413
1.532667	0.037956
1.533000	0.038344
1.533333	0.037825
1.533667	0.037698
1.534000	0.037419
1.534333	0.037522
1.534667	0.037344
1.535000	0.037106
1.535333	0.037189
1.535667	0.037450
1.536000	0.037619
1.536333	0.037706
1.536667	0.037870
1.537000	0.037490
1.537333	0.037441
1.537667	0.037167
1.538000	0.038096
1.538333	0.037523
1.538667	0.038465
1.539000	0.037170
1.539333	0.037144
1.539667	0.037950
1.540000	0.037484
1.540333	0.037269
1.540667	0.037375
1.541000	0.037941
1.541333	0.037744
1.541667	0.038204
1.542000	0.037888
1.542333	0.037971
1.542667	0.037650
1.543000	0.037760
1.543333	0.037597
1.543667	0.037611
1.544000	0.037660
1.544333	0.037462
1.544667	0.037517
1.545000	0.037420
1.545333	0.037322
1.545667	0.037782
1.546000	0.037759
1.546333	0.037989
1.546667	0.037953
1.547000	0.037729
1.547333	0.038072
1.547667	0.037527
1.548000	0.038194
1.548333	0.037517
1.548667	0.037614
1.549000	0.037898
1.549333	0.037448
1.549667	0.037809
1.550000	0.037860
1.550333	0.037810
1.550667	0.038298
1.551000	0.036940
1.551333	0.037748
1.551667	0.037729
1.552000	0.037255
1.552333	0.037791
1.552667	0.038314
1.553000	0.038249
1.553333	0.038120
1.553667	0.038203
1.554000	0.037233
1.554333	0.037277
1.554667	0.037938
1.555000	0.038296
1.555333	0.037914
1.555667	0.037579
1.556000	0.037753
1.556333	0.037772
1.556667	0.037920
1.557000	0.037811
1.557333	0.038284
1.557667	0.037966
1.558000	0.038216
1.558333	0.037873
1.558667	0.037466
1.559000	0.037515
1.559333	0.038137
1.559667	0.037299
1.560000	0.037463
1.560333	0.037171
1.560667	0.037605
1.561000	0.037556
1.561333	0.038124
1.561667	0.037693
1.562000	0.037755
1.562333	0.037276
1.562667	0.037997
1.563000	0.037022
1.563333	0.037548
1.563667	0.037999
1.564000	0.037718
1.564333	0.037738
1.564667	0.037827
1.565000	0.038304
1.565333	0.037450
1.565667	0.037668
1.566000	0.037958
1.566333	0.037516
1.566667	0.037881
1.567000	0.037223
1.567333	0.037820
1.567667	0.037967
1.568000	0.038021
1.568333	0.037851
1.568667	0.038352
1.569000	0.037720
1.569333	0.037669
1.569667	0.037867
1.570000	0.037840
1.570333	0.038134
1.570667	0.037411
1.571000	0.037894
1.571333	0.038007
1.571667	0.037253
1.572000	0.037823
1.572333	0.037307
1.572667	0.037553
1.573000	0.037926
1.573333	0.037636
1.573667	0.037686
1.574000	0.038630
1.574333	0.037800
1.574667	0.037303
1.575000	0.037358
1.575333	0.037743
1.575667	0.037754
1.576000	0.038266
1.576333	0.037277
1.576667	0.037656
1.577000	0.037694
1.577333	0.037478
1.577667	0.037917
1.578000	0.037819
1.578333	0.038058
1.578667	0.037734
1.579000	0.038238
1.579333	0.037944
1.579667	0.037946
1.580000	0.038322
1.580333	0.037821
1.580667	0.038434
1.581000	0.038369
1.581333	0.037568
1.581667	0.037734
1.582000	0.038240
1.582333	0.038322
1.582667	0.037320
1.583000	0.037589
1.583333	0.037692
1.583667	0.037126
1.584000	0.037686
1.584333	0.037745
1.584667	0.037370
1.585000	0.037597
1.585333	0.037728
1.585667	0.037602
1.586000	0.037481
1.586333	0.037588
1.586667	0.038291
1.587000	0.037899
1.587333	0.037932
1.587667	0.037875
1.588000	0.037252
1.588333	0.037991
1.588667	0.038175
1.589000	0.038301
1.589333	0.037931
1.589667	0.038393
1.590000	0.038370
1.590333	0.037915
1.590667	0.038433
1.591000	0.037480
1.591333	0.038467
1.591667	0.038155
1.592000	0.038051
1.592333	0.037913
1.592667	0.037549
1.593000	0.037712
1.593333	0.037964
1.593667	0.037933
1.594000	0.037878
1.594333	0.038260
1.594667	0.038152
1.595000	0.038327
1.595333	0.038107
1.595667	0.038249
1.596000	0.037674
1.596333	0.038005
1.596667	0.037796
1.597000	0.038035
1.597333	0.037743
1.597667	0.038013
1.598000	0.037660
1.598333	0.037840
1.598667	0.038375
1.599000	0.038211
1.599333	0.038000
1.599667	0.038437
1.600000	0.038187
1.600333	0.037909
1.600667	0.037636
1.601000	0.037755
1.601333	0.038399
1.601667	0.038362
1.602000	0.037866
1.602333	0.038111
1.602667	0.037576
1.603000	0.038106
1.603333	0.038414
1.603667	0.037747
1.604000	0.037568
1.604333	0.037928
1.604667	0.038557
1.605000	0.038182
1.605333	0.037812
1.605667	0.037878
1.606000	0.038653
1.606333	0.038169
1.606667	0.038312
1.607000	0.037764
1.607333	0.038261
1.607667	0.038178
1.608000	0.038155
1.608333	0.038211
1.608667	0.038137
1.609000	0.037910
1.609333	0.038452
1.609667	0.038304
1.610000	0.038608
1.610333	0.038358
1.610667	0.038281
1.611000	0.038370
1.611333	0.038445
1.611667	0.038882
1.612000	0.038670
1.612333	0.038380
1.612667	0.037609
1.613000	0.038738
1.613333	0.038622
1.613667	0.037873
1.614000	0.038187
1.614333	0.038007
1.614667	0.038683
1.615000	0.037876
1.615333	0.038352
1.615667	0.037895
1.616000	0.038222
1.616333	0.038286
1.616667	0.037712
1.617000	0.038181
1.617333	0.038404
1.617667	0.038494
1.618000	0.038330
1.618333	0.038396
1.618667	0.038392
1.619000	0.038449
1.619333	0.038138
1.619667	0.038199
1.620000	0.038589
1.620333	0.038738
1.620667	0.038071
1.621000	0.038136
1.621333	0.038092
1.621667	0.037838
1.622000	0.038630
1.622333	0.038169
1.622667	0.038306
1.623000	0.037965
1.623333	0.038335
1.623667	0.038073
1.624000	0.038297
1.624333	0.038453
1.624667	0.038169
1.625000	0.038077
1.625333	0.038422
1.625667	0.038656
1.626000	0.038091
1.626333	0.038117
1.626667	0.037834
1.627000	0.038725
1.627333	0.037954
1.627667	0.038578
1.628000	0.038431
1.628333	0.038313
1.628667	0.039339
1.629000	0.038686
1.629333	0.038633
1.629667	0.037888
1.630000	0.038458
1.630333	0.038973
1.630667	0.038124
1.631000	0.038723
1.631333	0.038343
1.631667	0.038412
1.632000	0.039514
1.632333	0.038834
1.632667	0.038904
1.633000	0.038339
1.633333	0.038839
1.633667	0.039099
1.634000	0.038181
1.634333	0.038989
1.634667	0.039646
1.635000	0.040365
1.635333	0.040146
1.635667	0.039798
1.636000	0.040749
1.636333	0.040806
1.636667	0.040970
1.637000	0.040995
1.637333	0.041119
1.637667	0.041076
1.638000	0.041374
1.638333	0.041286
1.638667	0.041016
1.639000	0.041059
1.639333	0.041367
1.639667	0.041004
1.640000	0.040743
1.640333	0.040633
1.640667	0.040631
1.641000	0.040581
1.641333	0.041080
1.641667	0.040695
1.642000	0.040153
1.642333	0.040026
1.642667	0.040746
1.643000	0.040525
1.643333	0.040224
1.643667	0.040227
1.644000	0.039852
1.644333	0.040425
1.644667	0.039606
1.645000	0.040022
1.645333	0.040111
1.645667	0.040562
1.646000	0.039955
1.646333	0.040733
1.646667	0.040705
1.647000	0.039890
1.647333	0.039925
1.647667	0.039994
1.648000	0.039772
1.648333	0.039503
1.648667	0.040294
1.649000	0.039659
1.649333	0.039595
1.649667	0.039568
1.650000	0.039755
1.650333	0.039941
1.650667	0.039258
1.651000	0.039315
1.651333	0.039320
1.651667	0.038976
1.652000	0.039138
1.652333	0.040415
1.652667	0.039729
1.653000	0.040120
1.653333	0.039613
1.653667	0.040181
1.654000	0.039195
1.654333	0.039995
1.654667	0.039784
1.655000	0.040107
1.655333	0.039803
1.655667	0.039719
1.656000	0.038561
1.656333	0.039559
1.656667	0.039646
1.657000	0.039149
1.657333	0.039919
1.657667	0.039764
1.658000	0.039653
1.658333	0.039727
1.658667	0.039698
1.659000	0.039669
1.659333	0.039531
1.659667	0.039262
1.660000	0.039764
1.660333	0.039256
1.660667	0.039206
1.661000	0.039161
1.661333	0.039700
1.661667	0.039107
1.662000	0.039851
1.662333	0.038991
1.662667	0.039898
1.663000	0.039589
1.663333	0.039343
1.663667	0.039495
1.664000	0.039638
1.664333	0.039168
1.664667	0.039431
1.665000	0.039738
1.665333	0.039671
1.665667	0.038909
1.666000	0.039568
1.666333	0.039996
1.666667	0.039512
1.667000	0.039426
1.667333	0.039537
1.667667	0.039673
1.668000	0.039049
1.668333	0.039615
1.668667	0.039771
1.669000	0.039618
1.669333	0.039372
1.669667	0.039024
1.670000	0.040238
1.670333	0.039397
1.670667	0.040141
1.671000	0.039493
1.671333	0.039546
1.671667	0.039473
1.672000	0.039680
1.672333	0.039711
1.672667	0.038820
1.673000	0.038811
1.673333	0.039462
1.673667	0.039736
1.674000	0.039334
1.674333	0.039358
1.674667	0.039517
1.675000	0.038976
1.675333	0.039444
1.675667	0.039145
1.676000	0.039361
1.676333	0.039822
1.676667	0.039115
1.677000	0.039577
1.677333	0.039147
1.677667	0.039246
1.678000	0.039337
1.678333	0.039575
1.678667	0.039462
1.679000	0.039387
1.679333	0.039097
1.679667	0.039590
1.680000	0.039671
1.680333	0.038408
1.680667	0.038814
1.681000	0.039331
1.681333	0.039272
1.681667	0.039515
1.682000	0.039867
1.682333	0.039066
1.682667	0.039616
1.683000	0.039148
1.683333	0.039492
1.683667	0.039552
1.684000	0.039431
1.684333	0.040164
1.684667	0.039161
1.685000	0.039264
1.685333	0.039328
1.685667	0.039581
1.686000	0.039659
1.686333	0.039250
1.686667	0.039559
1.687000	0.039519
1.687333	0.039662
1.687667	0.039082
1.688000	0.039808
1.688333	0.039582
1.688667	0.039605
1.689000	0.040086
1.689333	0.039408
1.689667	0.039895
1.690000	0.039563
1.690333	0.039449
1.690667	0.039149
1.691000	0.039232
1.691333	0.039512
1.691667	0.039640
1.692000	0.039456
1.692333	0.040103
1.692667	0.039524
1.693000	0.039520
1.693333	0.039942
1.693667	0.039622
1.694000	0.039070
1.694333	0.039384
1.694667	0.039361
1.695000	0.038838
1.695333	0.039744
1.695667	0.039525
1.696000	0.038877
1.696333	0.039430
1.696667	0.039475
1.697000	0.039439
1.697333	0.039167
1.697667	0.039799
1.698000	0.039898
1.698333	0.039562
1.698667	0.039405
1.699000	0.039357
1.699333	0.038966
1.699667	0.039903
1.700000	0.039682
1.700333	0.038928
1.700667	0.039752
1.701000	0.039522
1.701333	0.039585
1.701667	0.039579
1.702000	0.039775
1.702333	0.040057
1.702667	0.039935
1.703000	0.039373
1.703333	0.039556
1.703667	0.039846
1.704000	0.039193
1.704333	0.039148
1.704667	0.039331
1.705000	0.039767
1.705333	0.039790
1.705667	0.040119
1.706000	0.038436
1.706333	0.039378
1.706667	0.039503
1.707000	0.038991
1.707333	0.039730
1.707667	0.039252
1.708000	0.039356
1.708333	0.039608
1.708667	0.039860
1.709000	0.040048
1.709333	0.039568
1.709667	0.039663
1.710000	0.039776
1.710333	0.039715
1.710667	0.039931
1.711000	0.039988
1.711333	0.039860
1.711667	0.039892
1.712000	0.039904
1.712333	0.040022
1.712667	0.039737
1.713000	0.039497
1.713333	0.041109
1.713667	0.041481
1.714000	0.042386
1.714333	0.044055
1.714667	0.045175
1.715000	0.046582
1.715333	0.047952
1.715667	0.049717
1.716000	0.052771
1.716333	0.056254
1.716667	0.060339
1.717000	0.064837
1.717333	0.067467
1.717667	0.071526
1.718000	0.074400
1.718333	0.076474
1.718667	0.075822
1.719000	0.077564
1.719333	0.079553
1.719667	0.083111
1.720000	0.084819
1.720333	0.085119
1.720667	0.084512
1.721000	0.083102
1.721333	0.082434
1.721667	0.081070
1.722000	0.081163
1.722333	0.080330
1.722667	0.080035
1.723000	0.082368
1.723333	0.083953
1.723667	0.083649
1.724000	0.083613
1.724333	0.082876
1.724667	0.080787
1.725000	0.081369
1.725333	0.079795
1.725667	0.078404
1.726000	0.077253
1.726333	0.076694
1.726667	0.076185
1.727000	0.077000
1.727333	0.076985
1.727667	0.077979
1.728000	0.076912
1.728333	0.076623
1.728667	0.075974
1.729000	0.074833
1.729333	0.074344
1.729667	0.073076
1.730000	0.071911
1.730333	0.071933
1.730667	0.071149
1.731000	0.070170
1.731333	0.069398
1.731667	0.069099
1.732000	0.067865
1.732333	0.067907
1.732667	0.067594
1.733000	0.067036
1.733333	0.065541
1.733667	0.065641
1.734000	0.065005
1.734333	0.064518
1.734667	0.063901
1.735000	0.063963
1.735333	0.063396
1.735667	0.062608
1.736000	0.062282
1.736333	0.062381
1.736667	0.061124
1.737000	0.061549
1.737333	0.060889
1.737667	0.059552
1.738000	0.059995
1.738333	0.059625
1.738667	0.059154
1.739000	0.058717
1.739333	0.058395
1.739667	0.058334
1.740000	0.057071
1.740333	0.057156
1.740667	0.056212
1.741000	0.056857
1.741333	0.056163
1.741667	0.056274
1.742000	0.055695
1.742333	0.056000
1.742667	0.055358
1.743000	0.055461
1.743333	0.054499
1.743667	0.055245
1.744000	0.054697
1.744333	0.054310
1.744667	0.055159
1.745000	0.053737
1.745333	0.054207
1.745667	0.053563
1.746000	0.053247
1.746333	0.053216
1.746667	0.052663
1.747000	0.052274
1.747333	0.052640
1.747667	0.052325
1.748000	0.051688
1.748333	0.052233
1.748667	0.052102
1.749000	0.051198
1.749333	0.051175
1.749667	0.051239
1.750000	0.052149
1.750333	0.051216
1.750667	0.050221
1.751000	0.050824
1.751333	0.050504
1.751667	0.050586
1.752000	0.049974
1.752333	0.049936
1.752667	0.049451
1.753000	0.050165
1.753333	0.050044
1.753667	0.049655
1.754000	0.049282
1.754333	0.049423
1.754667	0.049433
1.755000	0.048825
1.755333	0.049683
1.755667	0.049290
1.756000	0.048195
1.756333	0.048441
1.756667	0.048776
1.757000	0.048575
1.757333	0.048685
1.757667	0.048733
1.758000	0.048357
1.758333	0.047745
1.758667	0.048325
1.759000	0.048210
1.759333	0.047962
1.759667	0.048198
1.760000	0.047839
1.760333	0.047679
1.760667	0.048007
1.761000	0.047380
1.761333	0.047823
1.761667	0.047765
1.762000	0.047304
1.762333	0.047383
1.762667	0.047765
1.763000	0.047280
1.763333	0.046725
1.763667	0.046510
1.764000	0.046404
1.764333	0.046781
1.764667	0.046962
1.765000	0.047346
1.765333	0.046960
1.765667	0.046373
1.766000	0.046686
1.766333	0.046462
1.766667	0.046472
1.767000	0.046863
1.767333	0.046196
1.767667	0.046143
1.768000	0.045949
1.768333	0.045845
1.768667	0.045411
1.769000	0.045698
1.769333	0.045741
1.769667	0.045779
1.770000	0.046251
1.770333	0.046011
1.770667	0.045999
1.771000	0.045177
1.771333	0.045638
1.771667	0.044862
1.772000	0.045535
1.772333	0.046368
1.772667	0.044770
1.773000	0.045363
1.773333	0.045592
1.773667	0.045157
1.774000	0.045010
1.774333	0.044844
1.774667	0.044908
1.775000	0.044585
1.775333	0.045344
1.775667	0.045143
1.776000	0.045042
1.776333	0.044725
1.776667	0.044571
1.777000	0.044788
1.777333	0.044309
1.777667	0.044303
1.778000	0.044509
1.778333	0.044217
1.778667	0.044542
1.779000	0.044448
1.779333	0.044232
1.779667	0.044519
1.780000	0.044696
1.780333	0.044353
1.780667	0.044201
1.781000	0.044250
1.781333	0.044518
1.781667	0.044385
1.782000	0.044075
1.782333	0.044055
1.782667	0.044788
1.783000	0.044268
1.783333	0.043759
1.783667	0.044257
1.784000	0.044362
1.784333	0.044733
1.784667	0.043964
1.785000	0.044109
1.785333	0.044514
1.785667	0.043910
1.786000	0.044696
1.786333	0.043744
1.786667	0.044193
1.787000	0.044103
1.787333	0.043266
1.787667	0.043885
1.788000	0.043794
1.788333	0.044360
1.788667	0.043599
1.789000	0.043949
1.789333	0.043915
1.789667	0.043729
1.790000	0.043316
1.790333	0.043823
1.790667	0.043524
1.791000	0.043637
1.791333	0.043676
1.791667	0.043784
1.792000	0.043507
1.792333	0.043478
1.792667	0.043249
1.793000	0.043753
1.793333	0.043945
1.793667	0.043555
1.794000	0.043518
1.794333	0.044112
1.794667	0.042679
1.795000	0.043551
1.795333	0.043623
1.795667	0.043411
1.796000	0.043459
1.796333	0.043529
1.796667	0.042995
1.797000	0.043257
1.797333	0.043143
1.797667	0.043370
1.798000	0.043337
1.798333	0.043519
1.798667	0.043141
1.799000	0.043438
1.799333	0.043472
1.799667	0.043186
1.800000	0.042216
1.800333	0.042673
1.800667	0.043017
1.801000	0.042745
1.801333	0.042991
1.801667	0.043088
1.802000	0.042560
1.802333	0.043306
1.802667	0.042638
1.803000	0.042907
1.803333	0.043516
1.803667	0.043124
1.804000	0.043042
1.804333	0.043132
1.804667	0.043274
1.805000	0.042492
1.805333	0.042910
1.805667	0.042456
1.806000	0.043618
1.806333	0.043204
1.806667	0.043470
1.807000	0.043053
1.807333	0.042806
1.807667	0.043238
1.808000	0.042277
1.808333	0.042742
1.808667	0.042842
1.809000	0.042662
1.809333	0.042755
1.809667	0.041865
1.810000	0.042613
1.810333	0.043075
1.810667	0.042860
1.811000	0.042647
1.811333	0.042677
1.811667	0.042958
1.812000	0.042824
1.812333	0.042336
1.812667	0.042566
1.813000	0.042905
1.813333	0.042687
1.813667	0.043120
1.814000	0.042851
1.814333	0.042681
1.814667	0.042924
1.815000	0.042585
1.815333	0.042776
1.815667	0.042329
1.816000	0.042929
1.816333	0.042723
1.816667	0.042335
1.817000	0.042138
1.817333	0.042333
1.817667	0.042155
1.818000	0.042842
1.818333	0.042773
1.818667	0.042441
1.819000	0.042588
1.819333	0.042441
1.819667	0.042910
1.820000	0.042620
1.820333	0.042434
1.820667	0.042640
1.821000	0.042067
1.821333	0.042331
1.821667	0.042102
1.822000	0.042815
1.822333	0.042056
1.822667	0.042119
1.823000	0.043128
1.823333	0.042114
1.823667	0.042838
1.824000	0.042762
1.824333	0.041914
1.824667	0.042172
1.825000	0.042446
1.825333	0.042204
1.825667	0.042093
1.826000	0.042401
1.826333	0.042428
1.826667	0.042322
1.827000	0.042517
1.827333	0.042059
1.827667	0.042303
1.828000	0.042683
1.828333	0.043204
1.828667	0.042154
1.829000	0.041850
1.829333	0.042528
1.829667	0.042805
1.830000	0.042031
1.830333	0.042447
1.830667	0.042832
1.831000	0.042575
1.831333	0.042421
1.831667	0.042223
1.832000	0.042630
1.832333	0.042091
1.832667	0.043024
1.833000	0.042208
1.833333	0.042029
1.833667	0.042449
1.834000	0.042143
1.834333	0.043021
1.834667	0.042116
1.835000	0.042206
1.835333	0.042826
1.835667	0.042924
1.836000	0.042941
1.836333	0.041723
1.836667	0.043312
1.837000	0.042417
1.837333	0.042625
1.837667	0.042053
1.838000	0.042977
1.838333	0.043146
1.838667	0.042441
1.839000	0.042328
1.839333	0.042786
1.839667	0.042702
1.840000	0.042304
1.840333	0.042582
1.840667	0.042051
1.841000	0.042892
1.841333	0.041968
1.841667	0.042283
1.842000	0.042486
1.842333	0.042051
1.842667	0.042993
1.843000	0.042429
1.843333	0.042655
1.843667	0.042675
1.844000	0.042759
1.844333	0.042600
1.844667	0.042564
1.845000	0.042473
1.845333	0.042517
1.845667	0.042227
1.846000	0.043062
1.846333	0.042532
1.846667	0.041968
1.847000	0.042694
1.847333	0.042404
1.847667	0.042201
1.848000	0.042341
1.848333	0.041805
1.848667	0.042487
1.849000	0.042466
1.849333	0.042515
1.849667	0.041971
1.850000	0.042448
1.850333	0.043204
1.850667	0.042701
1.851000	0.042249
1.851333	0.042234
1.851667	0.042878
1.852000	0.042517
1.852333	0.042883
1.852667	0.042968
1.853000	0.042287
1.853333	0.042893
1.853667	0.042143
1.854000	0.042585
1.854333	0.042007
1.854667	0.043030
1.855000	0.042110
1.855333	0.042834
1.855667	0.042490
1.856000	0.042132
1.856333	0.042555
1.856667	0.042110
1.857000	0.042518
1.857333	0.042603
1.857667	0.042713
1.858000	0.042892
1.858333	0.042435
1.858667	0.042885
1.859000	0.042674
1.859333	0.042518
1.859667	0.042056
1.860000	0.042489
1.860333	0.042965
1.860667	0.042058
1.861000	0.042713
1.861333	0.042374
1.861667	0.042360
1.862000	0.042308
1.862333	0.042675
1.862667	0.042381
1.863000	0.042889
1.863333	0.041851
1.863667	0.042343
1.864000	0.042821
1.864333	0.042152
1.864667	0.043189
1.865000	0.043393
1.865333	0.042512
1.865667	0.042707
1.866000	0.042841
1.866333	0.043157
1.866667	0.042659
1.867000	0.043416
1.867333	0.043544
1.867667	0.042634
1.868000	0.043296
1.868333	0.042503
1.868667	0.043047
1.869000	0.042756
1.869333	0.042358
1.869667	0.043149
1.870000	0.043641
1.870333	0.042920
1.870667	0.042760
1.871000	0.042654
1.871333	0.042964
1.871667	0.043096
1.872000	0.042739
1.872333	0.042320
1.872667	0.042723
1.873000	0.042762
1.873333	0.043061
1.873667	0.042841
1.874000	0.042577
1.874333	0.043358
1.874667	0.043116
1.875000	0.042858
1.875333	0.041840
1.875667	0.043421
1.876000	0.043114
1.876333	0.043186
1.876667	0.043350
1.877000	0.042497
1.877333	0.042744
1.877667	0.042855
1.878000	0.043046
1.878333	0.043163
1.878667	0.043659
1.879000	0.042923
1.879333	0.043290
1.879667	0.042936
1.880000	0.043100
1.880333	0.043178
1.880667	0.042794
1.881000	0.043751
1.881333	0.043057
1.881667	0.042905
1.882000	0.043410
1.882333	0.042533
1.882667	0.043329
1.883000	0.043124
1.883333	0.043519
1.883667	0.043394
1.884000	0.043592
1.884333	0.042623
1.884667	0.043222
1.885000	0.043334
1.885333	0.042634
1.885667	0.043209
1.886000	0.043557
1.886333	0.043175
1.886667	0.043862
1.887000	0.043251
1.887333	0.043165
1.887667	0.043228
1.888000	0.043932
1.888333	0.043041
1.888667	0.043225
1.889000	0.043549
1.889333	0.043977
1.889667	0.043527
1.890000	0.043519
1.890333	0.042330
1.890667	0.043101
1.891000	0.043181
1.891333	0.043916
1.891667	0.042885
1.892000	0.043440
1.892333	0.043128
1.892667	0.043277
1.893000	0.043393
1.893333	0.043177
1.893667	0.043496
1.894000	0.043729
1.894333	0.043352
1.894667	0.043940
1.895000	0.043294
1.895333	0.043454
1.895667	0.043595
1.896000	0.043267
1.896333	0.043132
1.896667	0.043853
1.897000	0.043552
1.897333	0.042947
1.897667	0.043640
1.898000	0.043480
1.898333	0.043510
1.898667	0.043379
1.899000	0.043338
1.899333	0.043487
1.899667	0.043276
1.900000	0.043715
1.900333	0.043714
1.900667	0.044114
1.901000	0.043348
1.901333	0.043737
1.901667	0.044020
1.902000	0.043833
1.902333	0.043717
1.902667	0.043468
1.903000	0.043558
1.903333	0.043300
1.903667	0.044303
1.904000	0.043461
1.904333	0.043400
1.904667	0.043453
1.905000	0.043801
1.905333	0.043534
1.905667	0.043005
1.906000	0.043840
1.906333	0.043439
1.906667	0.043830
1.907000	0.043459
1.907333	0.043525
1.907667	0.043201
1.908000	0.043544
1.908333	0.043586
1.908667	0.043812
1.909000	0.044641
1.909333	0.043393
1.909667	0.043810
1.910000	0.043673
1.910333	0.043421
1.910667	0.043905
1.911000	0.043619
1.911333	0.043106
1.911667	0.043786
1.912000	0.043358
1.912333	0.043889
1.912667	0.043181
1.913000	0.043923
1.913333	0.044391
1.913667	0.044037
1.914000	0.043552
1.914333	0.044180
1.914667	0.043715
1.915000	0.044155
1.915333	0.043932
1.915667	0.043829
1.916000	0.043251
1.916333	0.043524
1.916667	0.043772
1.917000	0.043693
1.917333	0.043969
1.917667	0.044090
1.918000	0.043389
1.918333	0.043408
1.918667	0.044206
1.919000	0.044105
1.919333	0.044041
1.919667	0.043839
1.920000	0.043529
1.920333	0.043725
1.920667	0.043518
1.921000	0.043339
1.921333	0.043904
1.921667	0.044188
1.922000	0.043808
1.922333	0.044336
1.922667	0.043968
1.923000	0.043650
1.923333	0.044034
1.923667	0.044226
1.924000	0.044218
1.924333	0.043946
1.924667	0.043854
1.925000	0.043838
1.925333	0.043582
1.925667	0.043607
1.926000	0.044059
1.926333	0.043855
1.926667	0.043803
1.927000	0.043920
1.927333	0.043527
1.927667	0.043856
1.928000	0.043759
1.928333	0.042944
1.928667	0.043951
1.929000	0.043836
1.929333	0.043896
1.929667	0.043803
1.930000	0.044329
1.930333	0.044490
1.930667	0.043126
1.931000	0.043855
1.931333	0.044295
1.931667	0.043763
1.932000	0.044897
1.932333	0.044128
1.932667	0.043890
1.933000	0.044332
1.933333	0.044549
1.933667	0.043602
1.934000	0.044258
1.934333	0.044259
1.934667	0.044368
1.935000	0.044945
1.935333	0.043613
1.935667	0.043983
1.936000	0.044307
1.936333	0.044434
1.936667	0.043781
1.937000	0.044052
1.937333	0.044083
1.937667	0.043886
1.938000	0.044758
1.938333	0.044284
1.938667	0.044268
1.939000	0.044715
1.939333	0.043793
1.939667	0.044252
1.940000	0.044435
1.940333	0.043901
1.940667	0.044645
1.941000	0.044673
1.941333	0.044682
1.941667	0.044515
1.942000	0.045159
1.942333	0.044638
1.942667	0.044387
1.943000	0.044454
1.943333	0.044738
1.943667	0.044615
1.944000	0.044484
1.944333	0.044246
1.944667	0.044317
1.945000	0.044396
1.945333	0.044767
1.945667	0.044624
1.946000	0.044639
1.946333	0.044043
1.946667	0.044481
1.947000	0.044277
1.947333	0.044615
1.947667	0.044730
1.948000	0.044403
1.948333	0.045002
1.948667	0.044209
1.949000	0.044548
1.949333	0.044560
1.949667	0.045000
1.950000	0.045212
1.950333	0.044722
1.950667	0.044541
1.951000	0.045038
1.951333	0.044796
1.951667	0.045255
1.952000	0.044637
1.952333	0.044880
1.952667	0.044577
1.953000	0.044806
1.953333	0.044979
1.953667	0.044332
1.954000	0.045541
1.954333	0.044596
1.954667	0.044632
1.955000	0.044513
1.955333	0.044620
1.955667	0.044575
1.956000	0.044650
1.956333	0.044293
1.956667	0.045194
1.957000	0.045253
1.957333	0.044332
1.957667	0.045620
1.958000	0.045325
1.958333	0.045211
1.958667	0.044264
1.959000	0.044257
1.959333	0.045263
1.959667	0.044507
1.960000	0.044536
1.960333	0.045179
1.960667	0.044726
1.961000	0.045704
1.961333	0.045253
1.961667	0.045015
1.962000	0.045663
1.962333	0.044773
1.962667	0.045011
1.963000	0.045661
1.963333	0.044433
1.963667	0.045160
1.964000	0.044889
1.964333	0.045484
1.964667	0.045152
1.965000	0.045836
1.965333	0.045099
1.965667	0.045083
1.966000	0.045107
1.966333	0.045659
1.966667	0.045169
1.967000	0.045393
1.967333	0.044636
1.967667	0.045444
1.968000	0.045316
1.968333	0.045569
1.968667	0.044990
1.969000	0.045304
1.969333	0.045436
1.969667	0.045385
1.970000	0.045414
1.970333	0.044836
1.970667	0.045316
1.971000	0.045056
1.971333	0.045716
1.971667	0.045591
1.972000	0.045260
1.972333	0.045367
1.972667	0.045475
1.973000	0.045311
1.973333	0.045491
1.973667	0.045169
1.974000	0.045118
1.974333	0.045968
1.974667	0.045839
1.975000	0.045458
1.975333	0.045517
1.975667	0.045196
1.976000	0.044918
1.976333	0.045315
1.976667	0.045222
1.977000	0.045460
1.977333	0.045163
1.977667	0.045999
1.978000	0.045632
1.978333	0.044662
1.978667	0.045348
1.979000	0.045376
1.979333	0.045506
1.979667	0.045276
1.980000	0.045685
1.980333	0.044905
1.980667	0.045094
1.981000	0.045357
1.981333	0.045414
1.981667	0.045607
1.982000	0.045111
1.982333	0.044976
1.982667	0.045843
1.983000	0.045164
1.983333	0.046090
1.983667	0.045778
1.984000	0.045475
1.984333	0.045277
1.984667	0.045675
1.985000	0.045086
1.985333	0.045916
1.985667	0.045661
1.986000	0.045931
1.986333	0.045290
1.986667	0.045091
1.987000	0.045171
1.987333	0.044991
1.987667	0.045666
1.988000	0.045304
1.988333	0.046368
1.988667	0.045426
1.989000	0.045655
1.989333	0.045712
1.989667	0.045636
1.990000	0.045585
1.990333	0.045833
1.990667	0.046096
1.991000	0.045247
1.991333	0.045379
1.991667	0.045509
1.992000	0.045126
1.992333	0.045121
1.992667	0.045823
1.993000	0.045701
1.993333	0.045541
1.993667	0.045631
1.994000	0.045665
1.994333	0.045159
1.994667	0.045735
1.995000	0.045501
1.995333	0.045463
1.995667	0.045460
1.996000	0.045439
1.996333	0.045749
1.996667	0.045947
1.997000	0.045380
1.997333	0.046174
1.997667	0.046082
1.998000	0.045571
1.998333	0.046397
1.998667	0.045793
1.999000	0.046051
1.999333	0.046114
1.999667	0.045640
2.000000	0.045957
2.000333	0.038648
2.000667	0.038754
2.001000	0.038443
2.001333	0.038150
2.001667	0.038640
2.002000	0.039028
2.002333	0.038271
2.002667	0.039106
2.003000	0.038802
2.003333	0.038116
2.003667	0.038370
2.004000	0.038630
2.004333	0.038871
2.004667	0.039111
2.005000	0.038514
2.005333	0.038317
2.005667	0.037966
2.006000	0.038654
2.006333	0.037907
2.006667	0.038114
2.007000	0.038163
2.007333	0.038285
2.007667	0.039276
2.008000	0.038527
2.008333	0.038796
2.008667	0.038908
2.009000	0.038873
2.009333	0.039073
2.009667	0.039159
2.010000	0.039238
2.010333	0.038703
2.010667	0.038895
2.011000	0.039031
2.011333	0.038147
2.011667	0.039132
2.012000	0.038890
2.012333	0.038167
2.012667	0.038487
2.013000	0.038299
2.013333	0.038288
2.013667	0.037346
2.014000	0.038537
2.014333	0.038559
2.014667	0.038202
2.015000	0.038145
2.015333	0.038501
2.015667	0.038325
2.016000	0.038614
2.016333	0.038516
2.016667	0.038884
2.017000	0.038557
2.017333	0.038000
2.017667	0.038987
2.018000	0.038484
2.018333	0.038151
2.018667	0.038491
2.019000	0.038317
2.019333	0.039010
2.019667	0.038523
2.020000	0.038761
2.020333	0.038486
2.020667	0.039002
2.021000	0.038991
2.021333	0.038752
2.021667	0.038854
2.022000	0.038896
2.022333	0.038190
2.022667	0.038369
2.023000	0.038523
2.023333	0.038790
2.023667	0.039006
2.024000	0.039240
2.024333	0.039205
2.024667	0.038786
2.025000	0.039326
2.025333	0.038610
2.025667	0.038735
2.026000	0.038196
2.026333	0.038371
2.026667	0.038301
2.027000	0.039157
2.027333	0.038794
2.027667	0.038288
2.028000	0.038526
2.028333	0.038764
2.028667	0.038938
2.029000	0.038493
2.029333	0.038867
2.029667	0.038295
2.030000	0.038515
2.030333	0.038032
2.030667	0.038316
2.031000	0.038484
2.031333	0.038411
2.031667	0.038521
2.032000	0.038247
2.032333	0.038138
2.032667	0.038288
2.033000	0.038183
2.033333	0.038770
2.033667	0.038626
2.034000	0.038563
2.034333	0.038859
2.034667	0.039033
2.035000	0.039023
2.035333	0.037961
2.035667	0.038750
2.036000	0.038490
2.036333	0.038266
2.036667	0.038892
2.037000	0.038454
2.037333	0.038153
2.037667	0.038254
2.038000	0.038340
2.038333	0.039142
2.038667	0.038770
2.039000	0.037963
2.039333	0.037997
2.039667	0.038255
2.040000	0.038820
2.040333	0.038389
2.040667	0.039081
2.041000	0.038685
2.041333	0.039393
2.041667	0.039159
2.042000	0.038847
2.042333	0.038126
2.042667	0.039010
2.043000	0.038734
2.043333	0.038370
2.043667	0.039333
2.044000	0.039050
2.044333	0.038317
2.044667	0.038938
2.045000	0.038666
2.045333	0.037822
2.045667	0.038591
2.046000	0.038749
2.046333	0.038765
2.046667	0.038179
2.047000	0.038799
2.047333	0.038733
2.047667	0.039311
2.048000	0.038651
2.048333	0.038859
2.048667	0.038391
2.049000	0.038944
2.049333	0.039055
2.049667	0.037974
2.050000	0.038333
2.050333	0.038696
2.050667	0.038705
2.051000	0.038574
2.051333	0.038245
2.051667	0.038866
2.052000	0.038564
2.052333	0.038425
2.052667	0.038224
2.053000	0.038760
2.053333	0.039048
2.053667	0.038613
2.054000	0.038695
2.054333	0.038745
2.054667	0.038675
2.055000	0.038771
2.055333	0.039192
2.055667	0.038680
2.056000	0.038948
2.056333	0.039987
2.056667	0.039272
2.057000	0.039640
2.057333	0.040239
2.057667	0.040743
2.058000	0.041813
2.058333	0.042333
2.058667	0.044513
2.059000	0.046189
2.059333	0.047655
2.059667	0.049266
2.060000	0.052482
2.060333	0.055584
2.060667	0.057519
2.061000	0.059677
2.061333	0.060245
2.061667	0.060446
2.062000	0.060902
2.062333	0.061181
2.062667	0.061957
2.063000	0.064144
2.063333	0.065511
2.063667	0.067306
2.064000	0.068555
2.064333	0.069513
2.064667	0.069616
2.065000	0.067963
2.065333	0.067670
2.065667	0.067291
2.066000	0.065384
2.066333	0.065131
2.066667	0.068038
2.067000	0.070735
2.067333	0.071597
2.067667	0.070290
2.068000	0.069806
2.068333	0.069463
2.068667	0.068413
2.069000	0.067134
2.069333	0.067204
2.069667	0.066506
2.070000	0.065642
2.070333	0.064368
2.070667	0.064046
2.071000	0.064073
2.071333	0.064800
2.071667	0.064721
2.072000	0.065101
2.072333	0.063718
2.072667	0.062849
2.073000	0.062629
2.073333	0.061269
2.073667	0.061035
2.074000	0.059559
2.074333	0.059909
2.074667	0.059950
2.075000	0.058957
2.075333	0.058451
2.075667	0.058067
2.076000	0.057609
2.076333	0.057625
2.076667	0.057655
2.077000	0.056076
2.077333	0.056414
2.077667	0.055950
2.078000	0.055503
2.078333	0.055811
2.078667	0.055423
2.079000	0.054156
2.079333	0.054138
2.079667	0.053873
2.080000	0.053655
2.080333	0.053473
2.080667	0.052750
2.081000	0.052797
2.081333	0.052706
2.081667	0.052690
2.082000	0.051827
2.082333	0.052020
2.082667	0.051365
2.083000	0.051486
2.083333	0.051248
2.083667	0.051420
2.084000	0.050884
2.084333	0.050275
2.084667	0.049856
2.085000	0.049691
2.085333	0.049961
2.085667	0.050320
2.086000	0.049495
2.086333	0.048813
2.086667	0.048936
2.087000	0.049688
2.087333	0.049252
2.087667	0.048805
2.088000	0.048648
2.088333	0.048243
2.088667	0.048021
2.089000	0.048174
2.089333	0.048351
2.089667	0.047903
2.090000	0.047408
2.090333	0.047286
2.090667	0.047605
2.091000	0.046945
2.091333	0.046979
2.091667	0.047267
2.092000	0.046586
2.092333	0.046795
2.092667	0.047255
2.093000	0.046752
2.093333	0.046136
2.093667	0.046227
2.094000	0.046405
2.094333	0.045976
2.094667	0.045550
2.095000	0.045989
2.095333	0.045234
2.095667	0.045825
2.096000	0.045647
2.096333	0.046319
2.096667	0.045107
2.097000	0.045796
2.097333	0.045315
2.097667	0.045402
2.098000	0.045188
2.098333	0.044766
2.098667	0.045375
2.099000	0.045219
2.099333	0.044645
2.099667	0.044477
2.100000	0.045110
2.100333	0.044551
2.100667	0.045127
2.101000	0.044751
2.101333	0.044562
2.101667	0.044030
2.102000	0.044720
2.102333	0.044595
2.102667	0.044698
2.103000	0.043985
2.103333	0.044261
2.103667	0.043395
2.104000	0.044561
2.104333	0.044274
2.104667	0.044289
2.105000	0.044038
2.105333	0.043179
2.105667	0.044352
2.106000	0.043436
2.106333	0.043926
2.106667	0.043139
2.107000	0.043092
2.107333	0.043305
2.107667	0.043365
2.108000	0.043033
2.108333	0.043130
2.108667	0.043067
2.109000	0.043506
2.109333	0.043186
2.109667	0.043180
2.110000	0.043220
2.110333	0.042618
2.110667	0.042849
2.111000	0.042760
2.111333	0.043440
2.111667	0.043684
2.112000	0.043054
2.112333	0.042810
2.112667	0.042835
2.113000	0.042675
2.113333	0.043324
2.113667	0.042512
2.114000	0.042761
2.114333	0.042052
2.114667	0.042273
2.115000	0.043050
2.115333	0.042841
2.115667	0.042530
2.116000	0.042348
2.116333	0.043192
2.116667	0.042097
2.117000	0.042660
2.117333	0.042095
2.117667	0.042730
2.118000	0.041699
2.118333	0.041282
2.118667	0.041754
2.119000	0.042048
2.119333	0.042655
2.119667	0.042212
2.120000	0.042273
2.120333	0.041901
2.120667	0.041919
2.121000	0.041268
2.121333	0.041384
2.121667	0.041567
2.122000	0.041310
2.122333	0.041270
2.122667	0.042150
2.123000	0.041220
2.123333	0.042270
2.123667	0.041439
2.124000	0.041715
2.124333	0.041820
2.124667	0.041360
2.125000	0.042002
2.125333	0.041665
2.125667	0.041019
2.126000	0.041127
2.126333	0.041541
2.126667	0.041419
2.127000	0.041294
2.127333	0.041564
2.127667	0.041298
2.128000	0.041163
2.128333	0.040858
2.128667	0.041016
2.129000	0.041355
2.129333	0.040721
2.129667	0.041728
2.130000	0.040899
2.130333	0.041268
2.130667	0.041287
2.131000	0.041772
2.131333	0.041873
2.131667	0.041641
2.132000	0.040887
2.132333	0.040685
2.132667	0.041273
2.133000	0.041053
2.133333	0.041041
2.133667	0.041433
2.134000	0.040899
2.134333	0.041265
2.134667	0.041500
2.135000	0.041242
2.135333	0.040994
2.135667	0.041472
2.136000	0.041486
2.136333	0.041200
2.136667	0.040753
2.137000	0.041073
2.137333	0.040691
2.137667	0.041500
2.138000	0.040741
2.138333	0.041409
2.138667	0.041226
2.139000	0.040504
2.139333	0.040790
2.139667	0.040738
2.140000	0.040558
2.140333	0.040804
2.140667	0.040920
2.141000	0.041356
2.141333	0.040726
2.141667	0.041498
2.142000	0.041186
2.142333	0.040641
2.142667	0.040543
2.143000	0.041197
2.143333	0.041630
2.143667	0.041011
2.144000	0.040368
2.144333	0.040851
2.144667	0.041335
2.145000	0.040652
2.145333	0.040723
2.145667	0.040962
2.146000	0.041059
2.146333	0.041197
2.146667	0.040760
2.147000	0.040868
2.147333	0.040618
2.147667	0.040277
2.148000	0.040931
2.148333	0.040818
2.148667	0.040823
2.149000	0.040680
2.149333	0.040937
2.149667	0.040769
2.150000	0.041286
2.150333	0.040896
2.150667	0.040912
2.151000	0.040491
2.151333	0.041075
2.151667	0.040762
2.152000	0.040550
2.152333	0.040413
2.152667	0.041133
2.153000	0.040903
2.153333	0.040477
2.153667	0.041187
2.154000	0.040920
2.154333	0.041295
2.154667	0.041147
2.155000	0.041012
2.155333	0.040843
2.155667	0.040448
2.156000	0.041111
2.156333	0.040271
2.156667	0.040192
2.157000	0.039984
2.157333	0.040675
2.157667	0.040879
2.158000	0.040873
2.158333	0.040417
2.158667	0.040758
2.159000	0.040910
2.159333	0.041384
2.159667	0.040168
2.160000	0.040153
2.160333	0.041333
2.160667	0.040653
2.161000	0.040337
2.161333	0.040596
2.161667	0.040603
2.162000	0.040007
2.162333	0.040191
2.162667	0.040242
2.163000	0.040069
2.163333	0.040589
2.163667	0.040465
2.164000	0.039964
2.164333	0.039984
2.164667	0.040725
2.165000	0.040490
2.165333	0.040300
2.165667	0.040741
2.166000	0.040419
2.166333	0.039852
2.166667	0.039825
2.167000	0.040323
2.167333	0.040406
2.167667	0.039584
2.168000	0.040355
2.168333	0.040229
2.168667	0.040176
2.169000	0.040735
2.169333	0.040249
2.169667	0.040765
2.170000	0.040452
2.170333	0.039928
2.170667	0.040822
2.171000	0.040539
2.171333	0.040389
2.171667	0.040733
2.172000	0.041069
2.172333	0.040764
2.172667	0.040878
2.173000	0.040891
2.173333	0.041150
2.173667	0.040931
2.174000	0.040317
2.174333	0.040810
2.174667	0.040121
2.175000	0.040454
2.175333	0.039773
2.175667	0.040033
2.176000	0.040344
2.176333	0.040500
2.176667	0.040864
2.177000	0.040589
2.177333	0.040134
2.177667	0.039991
2.178000	0.040340
2.178333	0.040103
2.178667	0.040390
2.179000	0.040161
2.179333	0.040030
2.179667	0.039845
2.180000	0.040228
2.180333	0.039900
2.180667	0.040589
2.181000	0.040612
2.181333	0.039668
2.181667	0.040053
2.182000	0.040010
2.182333	0.040543
2.182667	0.040736
2.183000	0.040361
2.183333	0.040419
2.183667	0.039740
2.184000	0.040028
2.184333	0.040133
2.184667	0.040574
2.185000	0.039965
2.185333	0.040463
2.185667	0.040491
2.186000	0.040748
2.186333	0.040647
2.186667	0.039972
2.187000	0.040435
2.187333	0.039885
2.187667	0.040543
2.188000	0.040284
2.188333	0.040651
2.188667	0.040114
2.189000	0.040472
2.189333	0.040460
2.189667	0.039482
2.190000	0.040097
2.190333	0.040457
2.190667	0.040287
2.191000	0.040388
2.191333	0.039812
2.191667	0.040286
2.192000	0.040124
2.192333	0.040074
2.192667	0.039663
2.193000	0.040321
2.193333	0.040801
2.193667	0.040210
2.194000	0.039988
2.194333	0.039681
2.194667	0.040465
2.195000	0.040421
2.195333	0.040263
2.195667	0.040048
2.196000	0.039709
2.196333	0.040267
2.196667	0.040029
2.197000	0.040711
2.197333	0.040018
2.197667	0.040426
2.198000	0.040131
2.198333	0.040243
2.198667	0.040250
2.199000	0.040481
2.199333	0.040323
2.199667	0.040274
2.200000	0.040223
2.200333	0.040189
2.200667	0.040890
2.201000	0.040215
2.201333	0.040442
2.201667	0.040592
2.202000	0.039900
2.202333	0.039973
2.202667	0.040351
2.203000	0.040022
2.203333	0.040388
2.203667	0.040201
2.204000	0.040099
2.204333	0.040267
2.204667	0.038842
2.205000	0.039924
2.205333	0.039974
2.205667	0.040342
2.206000	0.040752
2.206333	0.039889
2.206667	0.039961
2.207000	0.040648
2.207333	0.040163
2.207667	0.040643
2.208000	0.040322
2.208333	0.040533
2.208667	0.039613
2.209000	0.040040
2.209333	0.040716
2.209667	0.040368
2.210000	0.040326
2.210333	0.040663
2.210667	0.040997
2.211000	0.041008
2.211333	0.041867
2.211667	0.042044
2.212000	0.043487
2.212333	0.044409
2.212667	0.045749
2.213000	0.047836
2.213333	0.050388
2.213667	0.053538
2.214000	0.056680
2.214333	0.057832
2.214667	0.058835
2.215000	0.060955
2.215333	0.063363
2.215667	0.066060
2.216000	0.068224
2.216333	0.069833
2.216667	0.069478
2.217000	0.069971
2.217333	0.068764
2.217667	0.068590
2.218000	0.068641
2.218333	0.069411
2.218667	0.070962
2.219000	0.072172
2.219333	0.072392
2.219667	0.072690
2.220000	0.071527
2.220333	0.071016
2.220667	0.070105
2.221000	0.068781
2.221333	0.068421
2.221667	0.067751
2.222000	0.068875
2.222333	0.068836
2.222667	0.069075
2.223000	0.068397
2.223333	0.067669
2.223667	0.066269
2.224000	0.065648
2.224333	0.065420
2.224667	0.064579
2.225000	0.063886
2.225333	0.063305
2.225667	0.063355
2.226000	0.062409
2.226333	0.061565
2.226667	0.060971
2.227000	0.060856
2.227333	0.060484
2.227667	0.060333
2.228000	0.059253
2.228333	0.058948
2.228667	0.058725
2.229000	0.057866
2.229333	0.056787
2.229667	0.057072
2.230000	0.056631
2.230333	0.056488
2.230667	0.055482
2.231000	0.056123
2.231333	0.055835
2.231667	0.054964
2.232000	0.054238
2.232333	0.054430
2.232667	0.054395
2.233000	0.053866
2.233333	0.053645
2.233667	0.053784
2.234000	0.052782
2.234333	0.053212
2.234667	0.052360
2.235000	0.052849
2.235333	0.051889
2.235667	0.052006
2.236000	0.052332
2.236333	0.052051
2.236667	0.051454
2.237000	0.051773
2.237333	0.050976
2.237667	0.051039
2.238000	0.051202
2.238333	0.050994
2.238667	0.050088
2.239000	0.050333
2.239333	0.049920
2.239667	0.049472
2.240000	0.049443
2.240333	0.049351
2.240667	0.048532
2.241000	0.049259
2.241333	0.049025
2.241667	0.048201
2.242000	0.048905
2.242333	0.048034
2.242667	0.048905
2.243000	0.047958
2.243333	0.048534
2.243667	0.047429
2.244000	0.048064
2.244333	0.047511
2.244667	0.047584
2.245000	0.047598
2.245333	0.047634
2.245667	0.047666
2.246000	0.046580
2.246333	0.047412
2.246667	0.046447
2.247000	0.046593
2.247333	0.046773
2.247667	0.046672
2.248000	0.046213
2.248333	0.046664
2.248667	0.046535
2.249000	0.046604
2.249333	0.046306
2.249667	0.046093
2.250000	0.046913
2.250333	0.046343
2.250667	0.046520
2.251000	0.045481
2.251333	0.046396
2.251667	0.046197
2.252000	0.045936
2.252333	0.045558
2.252667	0.045312
2.253000	0.045710
2.253333	0.045418
2.253667	0.045032
2.254000	0.044977
2.254333	0.045300
2.254667	0.044975
2.255000	0.044966
2.255333	0.044828
2.255667	0.044709
2.256000	0.044676
2.256333	0.045154
2.256667	0.044604
2.257000	0.044863
2.257333	0.044329
2.257667	0.044515
2.258000	0.044069
2.258333	0.044668
2.258667	0.044692
2.259000	0.045544
2.259333	0.044457
2.259667	0.044171
2.260000	0.044003
2.260333	0.044323
2.260667	0.044179
2.261000	0.043400
2.261333	0.044315
2.261667	0.043885
2.262000	0.044294
2.262333	0.044431
2.262667	0.043835
2.263000	0.044194
2.263333	0.043809
2.263667	0.044333
2.264000	0.043308
2.264333	0.043493
2.264667	0.043832
2.265000	0.043517
2.265333	0.043330
2.265667	0.043722
2.266000	0.043440
2.266333	0.043129
2.266667	0.043121
2.267000	0.042788
2.267333	0.043451
2.267667	0.042413
2.268000	0.042293
2.268333	0.042981
2.268667	0.043226
2.269000	0.043042
2.269333	0.042747
2.269667	0.043170
2.270000	0.042636
2.270333	0.042430
2.270667	0.042918
2.271000	0.043078
2.271333	0.043015
2.271667	0.043109
2.272000	0.043035
2.272333	0.043480
2.272667	0.042501
2.273000	0.043366
2.273333	0.042349
2.273667	0.043322
2.274000	0.042695
2.274333	0.041934
2.274667	0.042430
2.275000	0.042649
2.275333	0.042369
2.275667	0.042745
2.276000	0.042887
2.276333	0.042687
2.276667	0.042254
2.277000	0.041763
2.277333	0.042616
2.277667	0.042337
2.278000	0.042306
2.278333	0.042229
2.278667	0.042081
2.279000	0.042512
2.279333	0.042519
2.279667	0.042231
2.280000	0.042091
2.280333	0.041893
2.280667	0.043259
2.281000	0.042545
2.281333	0.041900
2.281667	0.042345
2.282000	0.042000
2.282333	0.041881
2.282667	0.041718
2.283000	0.041452
2.283333	0.041983
2.283667	0.041582
2.284000	0.041940
2.284333	0.041952
2.284667	0.041369
2.285000	0.042280
2.285333	0.041952
2.285667	0.041906
2.286000	0.042465
2.286333	0.042318
2.286667	0.041405
2.287000	0.042168
2.287333	0.042186
2.287667	0.041494
2.288000	0.041769
2.288333	0.042022
2.288667	0.041822
2.289000	0.041693
2.289333	0.041228
2.289667	0.042269
2.290000	0.041737
2.290333	0.041682
2.290667	0.041870
2.291000	0.041855
2.291333	0.041317
2.291667	0.041135
2.292000	0.041952
2.292333	0.041434
2.292667	0.041360
2.293000	0.041278
2.293333	0.041633
2.293667	0.041504
2.294000	0.041473
2.294333	0.041745
2.294667	0.041738
2.295000	0.040467
2.295333	0.041578
2.295667	0.041480
2.296000	0.041308
2.296333	0.041197
2.296667	0.041163
2.297000	0.040715
2.297333	0.040459
2.297667	0.041230
2.298000	0.041695
2.298333	0.040661
2.298667	0.041438
2.299000	0.040932
2.299333	0.040854
2.299667	0.041689
2.300000	0.040971
2.300333	0.041231
2.300667	0.041365
2.301000	0.040913
2.301333	0.040512
2.301667	0.041358
2.302000	0.041665
2.302333	0.040957
2.302667	0.041114
2.303000	0.040720
2.303333	0.040788
2.303667	0.041614
2.304000	0.041202
2.304333	0.041279
2.304667	0.041063
2.305000	0.041140
2.305333	0.040727
2.305667	0.040967
2.306000	0.041605
2.306333	0.041175
2.306667	0.041199
2.307000	0.040913
2.307333	0.040701
2.307667	0.041201
2.308000	0.041526
2.308333	0.040755
2.308667	0.041311
2.309000	0.040903
2.309333	0.041288
2.309667	0.040597
2.310000	0.040923
2.310333	0.040703
2.310667	0.041141
2.311000	0.041174
2.311333	0.040758
2.311667	0.041219
2.312000	0.041495
2.312333	0.041071
2.312667	0.040403
2.313000	0.040672
2.313333	0.040728
2.313667	0.040944
2.314000	0.041110
2.314333	0.041174
2.314667	0.041396
2.315000	0.040959
2.315333	0.041193
2.315667	0.040905
2.316000	0.040912
2.316333	0.040425
2.316667	0.041045
2.317000	0.040485
2.317333	0.041113
2.317667	0.041288
2.318000	0.040352
2.318333	0.040368
2.318667	0.041706
2.319000	0.041249
2.319333	0.040646
2.319667	0.041073
2.320000	0.040698
2.320333	0.040773
2.320667	0.040936
2.321000	0.041283
2.321333	0.041135
2.321667	0.040860
2.322000	0.041475
2.322333	0.040838
2.322667	0.040636
2.323000	0.040454
2.323333	0.040867
2.323667	0.041353
2.324000	0.040939
2.324333	0.041065
2.324667	0.040127
2.325000	0.040707
2.325333	0.041066
2.325667	0.041160
2.326000	0.040555
2.326333	0.041015
2.326667	0.040710
2.327000	0.040772
2.327333	0.040576
2.327667	0.040805
2.328000	0.040815
2.328333	0.041032
2.328667	0.040555
2.329000	0.041141
2.329333	0.040399
2.329667	0.040969
2.330000	0.040648
2.330333	0.040509
2.330667	0.040113
2.331000	0.040368
2.331333	0.041143
2.331667	0.040690
2.332000	0.040564
2.332333	0.040168
2.332667	0.040911
2.333000	0.040981
2.333333	0.040951
2.333667	0.040838
2.334000	0.041180
2.334333	0.040683
2.334667	0.041207
2.335000	0.040563
2.335333	0.040782
2.335667	0.040718
2.336000	0.040839
2.336333	0.040365
2.336667	0.040806
2.337000	0.040759
2.337333	0.040536
2.337667	0.040377
2.338000	0.040744
2.338333	0.040506
2.338667	0.040779
2.339000	0.040229
2.339333	0.040345
2.339667	0.040717
2.340000	0.041087
2.340333	0.040886
2.340667	0.040679
2.341000	0.040597
2.341333	0.040470
2.341667	0.040674
2.342000	0.040902
2.342333	0.039803
2.342667	0.040994
2.343000	0.040448
2.343333	0.041536
2.343667	0.040304
2.344000	0.040781
2.344333	0.040671
2.344667	0.040418
2.345000	0.040617
2.345333	0.040591
2.345667	0.041066
2.346000	0.040679
2.346333	0.040081
2.346667	0.040405
2.347000	0.039992
2.347333	0.040813
2.347667	0.040573
2.348000	0.040953
2.348333	0.040303
2.348667	0.040341
2.349000	0.040479
2.349333	0.040336
2.349667	0.040324
2.350000	0.040522
2.350333	0.040140
2.350667	0.040464
2.351000	0.040992
2.351333	0.040655
2.351667	0.040592
2.352000	0.039792
2.352333	0.040756
2.352667	0.040660
2.353000	0.040290
2.353333	0.040354
2.353667	0.040648
2.354000	0.040384
2.354333	0.040676
2.354667	0.040970
2.355000	0.040927
2.355333	0.040552
2.355667	0.040120
2.356000	0.041156
2.356333	0.040369
2.356667	0.040415
2.357000	0.040781
2.357333	0.040446
2.357667	0.040556
2.358000	0.041037
2.358333	0.040378
2.358667	0.040509
2.359000	0.040496
2.359333	0.039935
2.359667	0.040420
2.360000	0.040334
2.360333	0.040131
2.360667	0.040224
2.361000	0.040257
2.361333	0.040019
2.361667	0.040100
2.362000	0.040642
2.362333	0.039837
2.362667	0.039860
2.363000	0.040030
2.363333	0.040298
2.363667	0.040626
2.364000	0.040634
2.364333	0.040593
2.364667	0.040286
2.365000	0.040804
2.365333	0.040010
2.365667	0.040415
2.366000	0.040406
2.366333	0.040355
2.366667	0.040194
2.367000	0.039912
2.367333	0.039863
2.367667	0.040196
2.368000	0.040161
2.368333	0.040326
2.368667	0.040859
2.369000	0.040642
2.369333	0.040245
2.369667	0.040517
2.370000	0.040267
2.370333	0.040579
2.370667	0.040213
2.371000	0.039827
2.371333	0.040594
2.371667	0.040160
2.372000	0.040818
2.372333	0.040158
2.372667	0.040480
2.373000	0.039763
2.373333	0.040729
2.373667	0.040094
2.374000	0.040215
2.374333	0.040558
2.374667	0.040134
2.375000	0.040440
2.375333	0.039895
2.375667	0.040146
2.376000	0.040550
2.376333	0.040171
2.376667	0.040959
2.377000	0.040139
2.377333	0.039692
2.377667	0.040010
2.378000	0.040546
2.378333	0.040061
2.378667	0.039205
2.379000	0.039951
2.379333	0.040290
2.379667	0.040784
2.380000	0.040177
2.380333	0.040017
2.380667	0.040113
2.381000	0.040370
2.381333	0.040650
2.381667	0.040500
2.382000	0.040457
2.382333	0.040715
2.382667	0.041298
2.383000	0.041222
2.383333	0.040830
2.383667	0.041475
2.384000	0.042354
2.384333	0.043652
2.384667	0.045406
2.385000	0.047369
2.385333	0.047432
2.385667	0.047780
2.386000	0.046930
2.386333	0.047898
2.386667	0.047671
2.387000	0.050149
2.387333	0.052593
2.387667	0.054404
2.388000	0.055303
2.388333	0.054566
2.388667	0.054658
2.389000	0.056260
2.389333	0.059977
2.389667	0.064026
2.390000	0.065128
2.390333	0.066551
2.390667	0.066129
2.391000	0.067130
2.391333	0.068270
2.391667	0.070330
2.392000	0.070046
2.392333	0.070634
2.392667	0.070612
2.393000	0.070718
2.393333	0.070060
2.393667	0.071342
2.394000	0.071167
2.394333	0.070062
2.394667	0.069284
2.395000	0.069090
2.395333	0.069377
2.395667	0.068712
2.396000	0.068006
2.396333	0.067392
2.396667	0.067189
2.397000	0.066510
2.397333	0.065959
2.397667	0.064570
2.398000	0.065157
2.398333	0.063705
2.398667	0.063419
2.399000	0.062753
2.399333	0.062427
2.399667	0.062284
2.400000	0.061538
2.400333	0.061215
2.400667	0.061461
2.401000	0.061238
2.401333	0.060135
2.401667	0.060648
2.402000	0.059701
2.402333	0.059158
2.402667	0.059164
2.403000	0.058717
2.403333	0.057486
2.403667	0.058017
2.404000	0.057041
2.404333	0.057728
2.404667	0.056102
2.405000	0.056064
2.405333	0.055529
2.405667	0.055618
2.406000	0.054681
2.406333	0.055623
2.406667	0.054680
2.407000	0.054465
2.407333	0.054034
2.407667	0.053084
2.408000	0.053584
2.408333	0.053565
2.408667	0.053034
2.409000	0.052379
2.409333	0.052554
2.409667	0.052055
2.410000	0.051722
2.410333	0.052077
2.410667	0.050940
2.411000	0.050811
2.411333	0.051386
2.411667	0.051059
2.412000	0.050946
2.412333	0.050816
2.412667	0.050147
2.413000	0.049745
2.413333	0.049453
2.413667	0.050104
2.414000	0.049649
2.414333	0.049919
2.414667	0.049614
2.415000	0.049602
2.415333	0.048885
2.415667	0.048737
2.416000	0.049141
2.416333	0.048338
2.416667	0.048761
2.417000	0.048594
2.417333	0.047870
2.417667	0.047473
2.418000	0.047461
2.418333	0.047387
2.418667	0.047745
2.419000	0.047422
2.419333	0.047808
2.419667	0.047398
2.420000	0.047518
2.420333	0.047478
2.420667	0.047095
2.421000	0.046720
2.421333	0.046642
2.421667	0.047028
2.422000	0.046827
2.422333	0.047105
2.422667	0.046459
2.423000	0.046455
2.423333	0.046385
2.423667	0.046633
2.424000	0.046148
2.424333	0.046225
2.424667	0.046541
2.425000	0.045287
2.425333	0.046194
2.425667	0.045929
2.426000	0.046194
2.426333	0.045483
2.426667	0.045651
2.427000	0.045350
2.427333	0.045505
2.427667	0.045532
2.428000	0.045703
2.428333	0.044617
2.428667	0.045493
2.429000	0.044711
2.429333	0.044938
2.429667	0.044141
2.430000	0.044878
2.430333	0.045557
2.430667	0.044474
2.431000	0.044797
2.431333	0.044714
2.431667	0.045046
2.432000	0.044261
2.432333	0.044879
2.432667	0.044437
2.433000	0.044437
2.433333	0.044066
2.433667	0.043949
2.434000	0.043747
2.434333	0.044138
2.434667	0.044209
2.435000	0.044093
2.435333	0.043788
2.435667	0.044239
2.436000	0.043689
2.436333	0.044259
2.436667	0.043173
2.437000	0.043907
2.437333	0.043801
2.437667	0.044044
2.438000	0.043675
2.438333	0.043650
2.438667	0.044095
2.439000	0.043688
2.439333	0.043853
2.439667	0.044320
2.440000	0.042915
2.440333	0.042715
2.440667	0.043318
2.441000	0.043222
2.441333	0.043496
2.441667	0.042940
2.442000	0.043291
2.442333	0.042997
2.442667	0.043090
2.443000	0.043342
2.443333	0.043040
2.443667	0.042949
2.444000	0.043083
2.444333	0.042721
2.444667	0.043301
2.445000	0.043036
2.445333	0.043071
2.445667	0.043335
2.446000	0.042668
2.446333	0.043510
2.446667	0.042946
2.447000	0.043187
2.447333	0.043115
2.447667	0.043342
2.448000	0.042769
2.448333	0.042170
2.448667	0.042956
2.449000	0.042411
2.449333	0.042340
2.449667	0.042231
2.450000	0.043002
2.450333	0.042025
2.450667	0.041870
2.451000	0.042096
2.451333	0.042250
2.451667	0.041677
2.452000	0.042799
2.452333	0.041954
2.452667	0.042048
2.453000	0.042388
2.453333	0.042452
2.453667	0.042243
2.454000	0.042512
2.454333	0.042322
2.454667	0.041642
2.455000	0.042325
2.455333	0.042823
2.455667	0.041955
2.456000	0.042469
2.456333	0.041761
2.456667	0.042305
2.457000	0.042225
2.457333	0.042434
2.457667	0.041667
2.458000	0.041869
2.458333	0.041527
2.458667	0.041885
2.459000	0.042432
2.459333	0.041800
2.459667	0.041844
2.460000	0.042208
2.460333	0.042105
2.460667	0.042245
2.461000	0.042431
2.461333	0.041874
2.461667	0.041787
2.462000	0.041932
2.462333	0.042006
2.462667	0.041582
2.463000	0.041847
2.463333	0.041270
2.463667	0.041909
2.464000	0.041240
2.464333	0.041395
2.464667	0.041947
2.465000	0.041896
2.465333	0.042023
2.465667	0.041855
2.466000	0.041693
2.466333	0.041776
2.466667	0.041613
2.467000	0.041621
2.467333	0.041281
2.467667	0.041637
2.468000	0.041670
2.468333	0.042156
2.468667	0.041996
2.469000	0.041597
2.469333	0.041391
2.469667	0.041070
2.470000	0.041387
2.470333	0.041245
2.470667	0.041786
2.471000	0.041630
2.471333	0.041964
2.471667	0.042131
2.472000	0.041840
2.472333	0.041522
2.472667	0.041658
2.473000	0.041729
2.473333	0.041751
2.473667	0.041465
2.474000	0.041704
2.474333	0.041116
2.474667	0.041088
2.475000	0.041701
2.475333	0.040870
2.475667	0.041642
2.476000	0.041067
2.476333	0.041530
2.476667	0.041535
2.477000	0.041116
2.477333	0.040871
2.477667	0.040875
2.478000	0.041277
2.478333	0.040667
2.478667	0.041223
2.479000	0.041659
2.479333	0.041428
2.479667	0.041077
2.480000	0.041230
2.480333	0.041244
2.480667	0.041484
2.481000	0.041101
2.481333	0.041806
2.481667	0.041367
2.482000	0.041535
2.482333	0.041010
2.482667	0.040699
2.483000	0.041557
2.483333	0.041179
2.483667	0.041039
2.484000	0.041099
2.484333	0.041828
2.484667	0.041195
2.485000	0.040854
2.485333	0.041460
2.485667	0.041396
2.486000	0.040890
2.486333	0.041073
2.486667	0.040761
2.487000	0.040760
2.487333	0.041133
2.487667	0.041361
2.488000	0.041535
2.488333	0.040720
2.488667	0.040578
2.489000	0.041065
2.489333	0.041299
2.489667	0.040749
2.490000	0.040896
2.490333	0.040382
2.490667	0.041147
2.491000	0.040890
2.491333	0.040821
2.491667	0.040049
2.492000	0.040561
2.492333	0.040214
2.492667	0.040830
2.493000	0.041150
2.493333	0.040723
2.493667	0.041119
2.494000	0.040780
2.494333	0.041816
2.494667	0.040790
2.495000	0.040810
2.495333	0.041168
2.495667	0.040684
2.496000	0.041167
2.496333	0.040191
2.496667	0.040394
2.497000	0.040803
2.497333	0.040537
2.497667	0.040574
2.498000	0.041135
2.498333	0.040774
2.498667	0.041146
2.499000	0.040769
2.499333	0.040617
2.499667	0.040101
2.500000	0.041000
2.500333	0.041399
2.500667	0.040448
2.501000	0.040778
2.501333	0.040875
2.501667	0.041522
2.502000	0.040950
2.502333	0.040764
2.502667	0.040962
2.503000	0.041009
2.503333	0.040402
2.503667	0.040811
2.504000	0.041053
2.504333	0.041004
2.504667	0.040791
2.505000	0.041214
2.505333	0.041096
2.505667	0.040640
2.506000	0.041243
2.506333	0.040610
2.506667	0.040373
2.507000	0.041549
2.507333	0.041168
2.507667	0.040908
2.508000	0.040794
2.508333	0.041276
2.508667	0.040643
2.509000	0.040622
2.509333	0.040926
2.509667	0.041015
2.510000	0.040141
2.510333	0.040169
2.510667	0.041487
2.511000	0.040550
2.511333	0.041144
2.511667	0.040705
2.512000	0.040189
2.512333	0.041340
2.512667	0.040497
2.513000	0.040499
2.513333	0.040950
2.513667	0.041065
2.514000	0.040693
2.514333	0.040427
2.514667	0.040910
2.515000	0.040930
2.515333	0.040613
2.515667	0.040774
2.516000	0.041416
2.516333	0.040723
2.516667	0.041018
2.517000	0.040919
2.517333	0.040616
2.517667	0.040097
2.518000	0.040662
2.518333	0.040479
2.518667	0.041488
2.519000	0.040939
2.519333	0.040664
2.519667	0.041419
2.520000	0.040611
2.520333	0.040983
2.520667	0.041146
2.521000	0.040982
2.521333	0.040262
2.521667	0.041076
2.522000	0.040854
2.522333	0.040628
2.522667	0.040951
2.523000	0.040662
2.523333	0.040998
2.523667	0.040624
2.524000	0.040919
2.524333	0.041289
2.524667	0.040919
2.525000	0.040353
2.525333	0.040603
2.525667	0.041385
2.526000	0.040748
2.526333	0.040265
2.526667	0.041314
2.527000	0.041174
2.527333	0.040441
2.527667	0.040876
2.528000	0.040994
2.528333	0.041108
2.528667	0.040485
2.529000	0.041212
2.529333	0.041412
2.529667	0.040333
2.530000	0.041099
2.530333	0.041000
2.530667	0.040743
2.531000	0.040307
2.531333	0.040526
2.531667	0.040876
2.532000	0.040689
2.532333	0.041619
2.532667	0.041162
2.533000	0.041207
2.533333	0.040695
2.533667	0.041202
2.534000	0.040972
2.534333	0.040862
2.534667	0.040675
2.535000	0.040852
2.535333	0.040491
2.535667	0.040710
2.536000	0.040680
2.536333	0.040971
2.536667	0.040658
2.537000	0.040931
2.537333	0.041272
2.537667	0.041137
2.538000	0.041057
2.538333	0.041569
2.538667	0.040794
2.539000	0.040717
2.539333	0.040204
2.539667	0.040765
2.540000	0.041057
2.540333	0.041221
2.540667	0.041077
2.541000	0.040722
2.541333	0.041392
2.541667	0.041101
2.542000	0.041344
2.542333	0.040902
2.542667	0.041586
2.543000	0.040482
2.543333	0.041278
2.543667	0.040557
2.544000	0.041140
2.544333	0.040891
2.544667	0.040733
2.545000	0.041270
2.545333	0.041122
2.545667	0.040817
2.546000	0.040612
2.546333	0.040715
2.546667	0.040875
2.547000	0.040890
2.547333	0.040993
2.547667	0.041648
2.548000	0.040816
2.548333	0.040668
2.548667	0.040743
2.549000	0.041280
2.549333	0.040614
2.549667	0.041067
2.550000	0.040753
2.550333	0.041327
2.550667	0.040718
2.551000	0.041237
2.551333	0.041656
2.551667	0.040966
2.552000	0.041137
2.552333	0.040876
2.552667	0.040629
2.553000	0.040657
2.553333	0.040719
2.553667	0.041317
2.554000	0.041778
2.554333	0.040498
2.554667	0.040744
2.555000	0.040679
2.555333	0.040767
2.555667	0.041108
2.556000	0.041094
2.556333	0.040943
2.556667	0.040683
2.557000	0.040940
2.557333	0.041456
2.557667	0.040937
2.558000	0.041301
2.558333	0.040953
2.558667	0.041162
2.559000	0.040644
2.559333	0.040895
2.559667	0.041044
2.560000	0.040532
2.560333	0.040795
2.560667	0.040623
2.561000	0.041547
2.561333	0.041182
2.561667	0.041245
2.562000	0.040976
2.562333	0.041320
2.562667	0.040858
2.563000	0.040594
2.563333	0.041026
2.563667	0.041149
2.564000	0.040758
2.564333	0.041384
2.564667	0.040984
2.565000	0.040914
2.565333	0.041583
2.565667	0.040731
2.566000	0.040527
2.566333	0.040992
2.566667	0.040832
2.567000	0.041412
2.567333	0.041019
2.567667	0.041002
2.568000	0.041089
2.568333	0.040587
2.568667	0.041052
2.569000	0.040856
2.569333	0.041110
2.569667	0.041094
2.570000	0.040920
2.570333	0.041195
2.570667	0.040717
2.571000	0.040438
2.571333	0.041250
2.571667	0.041183
2.572000	0.040825
2.572333	0.040865
2.572667	0.041068
2.573000	0.040708
2.573333	0.041379
2.573667	0.040746
2.574000	0.040996
2.574333	0.040374
2.574667	0.041436
2.575000	0.040856
2.575333	0.040969
2.575667	0.040872
2.576000	0.041064
2.576333	0.041067
2.576667	0.041095
2.577000	0.040867
2.577333	0.040818
2.577667	0.040650
2.578000	0.040444
2.578333	0.041053
2.578667	0.041087
2.579000	0.040622
2.579333	0.041293
2.579667	0.041165
2.580000	0.040816
2.580333	0.041137
2.580667	0.041404
2.581000	0.040544
2.581333	0.040734
2.581667	0.040804
2.582000	0.040446
2.582333	0.041149
2.582667	0.041615
2.583000	0.041053
2.583333	0.040611
2.583667	0.040575
2.584000	0.040969
2.584333	0.041096
2.584667	0.041792
2.585000	0.041062
2.585333	0.041553
2.585667	0.041240
2.586000	0.041062
2.586333	0.041076
2.586667	0.041031
2.587000	0.040694
2.587333	0.042060
2.587667	0.041399
2.588000	0.040751
2.588333	0.041297
2.588667	0.040996
2.589000	0.041074
2.589333	0.040762
2.589667	0.040885
2.590000	0.041009
2.590333	0.041074
2.590667	0.040717
2.591000	0.040713
2.591333	0.040732
2.591667	0.040669
2.592000	0.041104
2.592333	0.040718
2.592667	0.041172
2.593000	0.040962
2.593333	0.040729
2.593667	0.041207
2.594000	0.041009
2.594333	0.041219
2.594667	0.041498
2.595000	0.041465
2.595333	0.040819
2.595667	0.041309
2.596000	0.041145
2.596333	0.041507
2.596667	0.041264
2.597000	0.040814
2.597333	0.041513
2.597667	0.040887
2.598000	0.041346
2.598333	0.041459
2.598667	0.040937
2.599000	0.040622
2.599333	0.040617
2.599667	0.041637
2.600000	0.041466
2.600333	0.041776
2.600667	0.040933
2.601000	0.041024
2.601333	0.040913
2.601667	0.040775
2.602000	0.041562
2.602333	0.040963
2.602667	0.041197
2.603000	0.041664
2.603333	0.041809
2.603667	0.040435
2.604000	0.041790
2.604333	0.041718
2.604667	0.040477
2.605000	0.041287
2.605333	0.041338
2.605667	0.040958
2.606000	0.040948
2.606333	0.040458
2.606667	0.040683
2.607000	0.040652
2.607333	0.041737
2.607667	0.041031
2.608000	0.041598
2.608333	0.040990
2.608667	0.040783
2.609000	0.041152
2.609333	0.040732
2.609667	0.041090
2.610000	0.041263
2.610333	0.040652
2.610667	0.041031
2.611000	0.040928
2.611333	0.040510
2.611667	0.040925
2.612000	0.041030
2.612333	0.040708
2.612667	0.041077
2.613000	0.041766
2.613333	0.041277
2.613667	0.040746
2.614000	0.041016
2.614333	0.041205
2.614667	0.041012
2.615000	0.040926
2.615333	0.041165
2.615667	0.041423
2.616000	0.040827
2.616333	0.041310
2.616667	0.040720
2.617000	0.041094
2.617333	0.040961
2.617667	0.040992
2.618000	0.040931
2.618333	0.041299
2.618667	0.040496
2.619000	0.040880
2.619333	0.040938
2.619667	0.040928
2.620000	0.041127
2.620333	0.041049
2.620667	0.040701
2.621000	0.041182
2.621333	0.041343
2.621667	0.041060
2.622000	0.040527
2.622333	0.040998
2.622667	0.041169
2.623000	0.041189
2.623333	0.040916
2.623667	0.041257
2.624000	0.041178
2.624333	0.040598
2.624667	0.041366
2.625000	0.040874
2.625333	0.041266
2.625667	0.040927
2.626000	0.040703
2.626333	0.041396
2.626667	0.041354
2.627000	0.041311
2.627333	0.041576
2.627667	0.040521
2.628000	0.041130
2.628333	0.041771
2.628667	0.041421
2.629000	0.041199
2.629333	0.041003
2.629667	0.039922
2.630000	0.041274
2.630333	0.040972
2.630667	0.041198
2.631000	0.040713
2.631333	0.040982
2.631667	0.040879
2.632000	0.041049
2.632333	0.041041
2.632667	0.041706
2.633000	0.041196
2.633333	0.041028
2.633667	0.041147
2.634000	0.040714
2.634333	0.040685
2.634667	0.041073
2.635000	0.041454
2.635333	0.040756
2.635667	0.040620
2.636000	0.041432
2.636333	0.041340
2.636667	0.041348
2.637000	0.040816
2.637333	0.040653
2.637667	0.040931
2.638000	0.040875
2.638333	0.040805
2.638667	0.040648
2.639000	0.040469
2.639333	0.041588
2.639667	0.041227
2.640000	0.041209
2.640333	0.041605
2.640667	0.040318
2.641000	0.040706
2.641333	0.041613
2.641667	0.041357
2.642000	0.040928
2.642333	0.041229
2.642667	0.041085
2.643000	0.040845
2.643333	0.040844
2.643667	0.041028
2.644000	0.040870
2.644333	0.040454
2.644667	0.040307
2.645000	0.040693
2.645333	0.040607
2.645667	0.040770
2.646000	0.040982
2.646333	0.041105
2.646667	0.041567
2.647000	0.041011
2.647333	0.040850
2.647667	0.041004
2.648000	0.041625
2.648333	0.040908
2.648667	0.040424
2.649000	0.040215
2.649333	0.041434
2.649667	0.040971
2.650000	0.040984
2.650333	0.040578
2.650667	0.041308
2.651000	0.040155
2.651333	0.040778
2.651667	0.040861
2.652000	0.041281
2.652333	0.040963
2.652667	0.040569
2.653000	0.040555
2.653333	0.040458
2.653667	0.041227
2.654000	0.040746
2.654333	0.041182
2.654667	0.041326
2.655000	0.041110
2.655333	0.041154
2.655667	0.041057
2.656000	0.040737
2.656333	0.041450
2.656667	0.040999
2.657000	0.041164
2.657333	0.040092
2.657667	0.040457
2.658000	0.040813
2.658333	0.041469
2.658667	0.040943
2.659000	0.040720
2.659333	0.041258
2.659667	0.040411
2.660000	0.040131
2.660333	0.041108
2.660667	0.040934
2.661000	0.040713
2.661333	0.040708
2.661667	0.040383
2.662000	0.040858
2.662333	0.040338
2.662667	0.040588
2.663000	0.041164
2.663333	0.040446
2.663667	0.040274
2.664000	0.040237
2.664333	0.040779
2.664667	0.040753
2.665000	0.040450
2.665333	0.040118
2.665667	0.040385
2.666000	0.041212
2.666333	0.040623
2.666667	0.040198
2.667000	0.040259
2.667333	0.040447
2.667667	0.040871
2.668000	0.041002
2.668333	0.040517
2.668667	0.040762
2.669000	0.040547
2.669333	0.041340
2.669667	0.041595
2.670000	0.040333
2.670333	0.040684
2.670667	0.040880
2.671000	0.040603
2.671333	0.040319
2.671667	0.040482
2.672000	0.039872
2.672333	0.041694
2.672667	0.040328
2.673000	0.040813
2.673333	0.041212
2.673667	0.040637
2.674000	0.041190
2.674333	0.041141
2.674667	0.041399
2.675000	0.041798
2.675333	0.041437
2.675667	0.042601
2.676000	0.043057
2.676333	0.044287
2.676667	0.044788
2.677000	0.046575
2.677333	0.048223
2.677667	0.050538
2.678000	0.051682
2.678333	0.051763
2.678667	0.053024
2.679000	0.054405
2.679333	0.056373
2.679667	0.057451
2.680000	0.059650
2.680333	0.060273
2.680667	0.059688
2.681000	0.060013
2.681333	0.059591
2.681667	0.059344
2.682000	0.059848
2.682333	0.059406
2.682667	0.061015
2.683000	0.061689
2.683333	0.063312
2.683667	0.063636
2.684000	0.063902
2.684333	0.063171
2.684667	0.063401
2.685000	0.062494
2.685333	0.062747
2.685667	0.061579
2.686000	0.061780
2.686333	0.062190
2.686667	0.063096
2.687000	0.064499
2.687333	0.063766
2.687667	0.063997
2.688000	0.062999
2.688333	0.062488
2.688667	0.061370
2.689000	0.061296
2.689333	0.060345
2.689667	0.060103
2.690000	0.060784
2.690333	0.062200
2.690667	0.062458
2.691000	0.062652
2.691333	0.061673
2.691667	0.061918
2.692000	0.060492
2.692333	0.061002
2.692667	0.060007
2.693000	0.059169
2.693333	0.058629
2.693667	0.057443
2.694000	0.057969
2.694333	0.057541
2.694667	0.057649
2.695000	0.057196
2.695333	0.057317
2.695667	0.056739
2.696000	0.056357
2.696333	0.055897
2.696667	0.055053
2.697000	0.055359
2.697333	0.055005
2.697667	0.054319
2.698000	0.054178
2.698333	0.054017
2.698667	0.053749
2.699000	0.053140
2.699333	0.053349
2.699667	0.052217
2.700000	0.052308
2.700333	0.052418
2.700667	0.052214
2.701000	0.052087
2.701333	0.051920
2.701667	0.051273
2.702000	0.051171
2.702333	0.050400
2.702667	0.050857
2.703000	0.050647
2.703333	0.049799
2.703667	0.049411
2.704000	0.050292
2.704333	0.049454
2.704667	0.049708
2.705000	0.049805
2.705333	0.048785
2.705667	0.048872
2.706000	0.049294
2.706333	0.048944
2.706667	0.049089
2.707000	0.049223
2.707333	0.048693
2.707667	0.048622
2.708000	0.047653
2.708333	0.047627
2.708667	0.048934
2.709000	0.047206
2.709333	0.048294
2.709667	0.048187
2.710000	0.047070
2.710333	0.047485
2.710667	0.047381
2.711000	0.047237
2.711333	0.047035
2.711667	0.047353
2.712000	0.046279
2.712333	0.046746
2.712667	0.046599
2.713000	0.046783
2.713333	0.046522
2.713667	0.046307
2.714000	0.046218
2.714333	0.046256
2.714667	0.045773
2.715000	0.046090
2.715333	0.045839
2.715667	0.045338
2.716000	0.045984
2.716333	0.045856
2.716667	0.045690
2.717000	0.045712
2.717333	0.045043
2.717667	0.046017
2.718000	0.044664
2.718333	0.045510
2.718667	0.044988
2.719000	0.045367
2.719333	0.045090
2.719667	0.044787
2.720000	0.044542
2.720333	0.045091
2.720667	0.044433
2.721000	0.044571
2.721333	0.045165
2.721667	0.044701
2.722000	0.044859
2.722333	0.044832
2.722667	0.044442
2.723000	0.044524
2.723333	0.044159
2.723667	0.043758
2.724000	0.044291
2.724333	0.044674
2.724667	0.044726
2.725000	0.044100
2.725333	0.044635
2.725667	0.043959
2.726000	0.043634
2.726333	0.043689
2.726667	0.043897
2.727000	0.044181
2.727333	0.044222
2.727667	0.043211
2.728000	0.044042
2.728333	0.043278
2.728667	0.043261
2.729000	0.043643
2.729333	0.043568
2.729667	0.043021
2.730000	0.043267
2.730333	0.043325
2.730667	0.043137
2.731000	0.043505
2.731333	0.043257
2.731667	0.043152
2.732000	0.042590
2.732333	0.042938
2.732667	0.042900
2.733000	0.043246
2.733333	0.043089
2.733667	0.043130
2.734000	0.043229
2.734333	0.043031
2.734667	0.043247
2.735000	0.043057
2.735333	0.042895
2.735667	0.043436
2.736000	0.042589
2.736333	0.043252
2.736667	0.042778
2.737000	0.042704
2.737333	0.042331
2.737667	0.043008
2.738000	0.043293
2.738333	0.042426
2.738667	0.043098
2.739000	0.042567
2.739333	0.042354
2.739667	0.042713
2.740000	0.043869
2.740333	0.042760
2.740667	0.043877
2.741000	0.043545
2.741333	0.043616
2.741667	0.044190
2.742000	0.044859
2.742333	0.044678
2.742667	0.045757
2.743000	0.045344
2.743333	0.046243
2.743667	0.045955
2.744000	0.045983
2.744333	0.045765
2.744667	0.047321
2.745000	0.046764
2.745333	0.046679
2.745667	0.047288
2.746000	0.049940
2.746333	0.053069
2.746667	0.054168
2.747000	0.054424
2.747333	0.055741
2.747667	0.055958
2.748000	0.056345
2.748333	0.058093
2.748667	0.058716
2.749000	0.058591
2.749333	0.058480
2.749667	0.057986
2.750000	0.057512
2.750333	0.058219
2.750667	0.057611
2.751000	0.057541
2.751333	0.056517
2.751667	0.056938
2.752000	0.057556
2.752333	0.057676
2.752667	0.056645
2.753000	0.057310
2.753333	0.056864
2.753667	0.056786
2.754000	0.056435
2.754333	0.057479
2.754667	0.057585
2.755000	0.057079
2.755333	0.056828
2.755667	0.056122
2.756000	0.056660
2.756333	0.056053
2.756667	0.054819
2.757000	0.054965
2.757333	0.055722
2.757667	0.055420
2.758000	0.054975
2.758333	0.053912
2.758667	0.054517
2.759000	0.054274
2.759333	0.054399
2.759667	0.053808
2.760000	0.053866
2.760333	0.053860
2.760667	0.054050
2.761000	0.054359
2.761333	0.054066
2.761667	0.054664
2.762000	0.053798
2.762333	0.053100
2.762667	0.053405
2.763000	0.052527
2.763333	0.052703
2.763667	0.052200
2.764000	0.052200
2.764333	0.051428
2.764667	0.051333
2.765000	0.051229
2.765333	0.050938
2.765667	0.050268
2.766000	0.050697
2.766333	0.050336
2.766667	0.049484
2.767000	0.050329
2.767333	0.050094
2.767667	0.050096
2.768000	0.048729
2.768333	0.049078
2.768667	0.048905
2.769000	0.048515
2.769333	0.048878
2.769667	0.049024
2.770000	0.047801
2.770333	0.047321
2.770667	0.048503
2.771000	0.047964
2.771333	0.048165
2.771667	0.047571
2.772000	0.047901
2.772333	0.046883
2.772667	0.046964
2.773000	0.046855
2.773333	0.046218
2.773667	0.047096
2.774000	0.046635
2.774333	0.046582
2.774667	0.046542
2.775000	0.046704
2.775333	0.047209
2.775667	0.046320
2.776000	0.045986
2.776333	0.045972
2.776667	0.045743
2.777000	0.045598
2.777333	0.045927
2.777667	0.045371
2.778000	0.045661
2.778333	0.046215
2.778667	0.045895
2.779000	0.045084
2.779333	0.045463
2.779667	0.044682
2.780000	0.045509
2.780333	0.045371
2.780667	0.044993
2.781000	0.044484
2.781333	0.045097
2.781667	0.044536
2.782000	0.044658
2.782333	0.044385
2.782667	0.044546
2.783000	0.043921
2.783333	0.044718
2.783667	0.044626
2.784000	0.044820
2.784333	0.044489
2.784667	0.043824
2.785000	0.043631
2.785333	0.044051
2.785667	0.044002
2.786000	0.043494
2.786333	0.043719
2.786667	0.043864
2.787000	0.043502
2.787333	0.043836
2.787667	0.044039
2.788000	0.043799
2.788333	0.043158
2.788667	0.043520
2.789000	0.043279
2.789333	0.044237
2.789667	0.043576
2.790000	0.043398
2.790333	0.043179
2.790667	0.043680
2.791000	0.043286
2.791333	0.042739
2.791667	0.043285
2.792000	0.043841
2.792333	0.043613
2.792667	0.043057
2.793000	0.043311
2.793333	0.042818
2.793667	0.042509
2.794000	0.042824
2.794333	0.042566
2.794667	0.042803
2.795000	0.043411
2.795333	0.043261
2.795667	0.042726
2.796000	0.042630
2.796333	0.042878
2.796667	0.042733
2.797000	0.043123
2.797333	0.043067
2.797667	0.041884
2.798000	0.042545
2.798333	0.043015
2.798667	0.042426
2.799000	0.042607
2.799333	0.042673
2.799667	0.042507
2.800000	0.042379
2.800333	0.042726
2.800667	0.043082
2.801000	0.042329
2.801333	0.042163
2.801667	0.041775
2.802000	0.042213
2.802333	0.042505
2.802667	0.042179
2.803000	0.042496
2.803333	0.042283
2.803667	0.042168
2.804000	0.042053
2.804333	0.042372
2.804667	0.041843
2.805000	0.042169
2.805333	0.042265
2.805667	0.042061
2.806000	0.042037
2.806333	0.042089
2.806667	0.042304
2.807000	0.042293
2.807333	0.041611
2.807667	0.041022
2.808000	0.042210
2.808333	0.041514
2.808667	0.041671
2.809000	0.042072
2.809333	0.041413
2.809667	0.041832
2.810000	0.041399
2.810333	0.041695
2.810667	0.041275
2.811000	0.041385
2.811333	0.041336
2.811667	0.041327
2.812000	0.041446
2.812333	0.041370
2.812667	0.042128
2.813000	0.041967
2.813333	0.041231
2.813667	0.041396
2.814000	0.041478
2.814333	0.042446
2.814667	0.041236
2.815000	0.041827
2.815333	0.042382
2.815667	0.041726
2.816000	0.041139
2.816333	0.041558
2.816667	0.041363
2.817000	0.041664
2.817333	0.041034
2.817667	0.041381
2.818000	0.041584
2.818333	0.041696
2.818667	0.041056
2.819000	0.041470
2.819333	0.041190
2.819667	0.040914
2.820000	0.040734
2.820333	0.041543
2.820667	0.042035
2.821000	0.041180
2.821333	0.041246
2.821667	0.041592
2.822000	0.041253
2.822333	0.041722
2.822667	0.042412
2.823000	0.041312
2.823333	0.040427
2.823667	0.041232
2.824000	0.041362
2.824333	0.041237
2.824667	0.040681
2.825000	0.041296
2.825333	0.041740
2.825667	0.041049
2.826000	0.041235
2.826333	0.041122
2.826667	0.040936
2.827000	0.041593
2.827333	0.040907
2.827667	0.040864
2.828000	0.041101
2.828333	0.041119
2.828667	0.040921
2.829000	0.041117
2.829333	0.041016
2.829667	0.041597
2.830000	0.040891
2.830333	0.041223
2.830667	0.041673
2.831000	0.040983
2.831333	0.040739
2.831667	0.041296
2.832000	0.041011
2.832333	0.041361
2.832667	0.041295
2.833000	0.040763
2.833333	0.041182
2.833667	0.040859
2.834000	0.041008
2.834333	0.041005
2.834667	0.040926
2.835000	0.041051
2.835333	0.041114
2.835667	0.040899
2.836000	0.040902
2.836333	0.041012
2.836667	0.040484
2.837000	0.041238
2.837333	0.040774
2.837667	0.040747
2.838000	0.041125
2.838333	0.041187
2.838667	0.040175
2.839000	0.040195
2.839333	0.040244
2.839667	0.041454
2.840000	0.040637
2.840333	0.040521
2.840667	0.040797
2.841000	0.041602
2.841333	0.041126
2.841667	0.041109
2.842000	0.040453
2.842333	0.040875
2.842667	0.040910
2.843000	0.040979
2.843333	0.041908
2.843667	0.041086
2.844000	0.040738
2.844333	0.040507
2.844667	0.040956
2.845000	0.040627
2.845333	0.040335
2.845667	0.041117
2.846000	0.040764
2.846333	0.040158
2.846667	0.040615
2.847000	0.041449
2.847333	0.040890
2.847667	0.040454
2.848000	0.040775
2.848333	0.040491
2.848667	0.041198
2.849000	0.040201
2.849333	0.040752
2.849667	0.040530
2.850000	0.040681
2.850333	0.040655
2.850667	0.040706
2.851000	0.041100
2.851333	0.040695
2.851667	0.040904
2.852000	0.041059
2.852333	0.041035
2.852667	0.040593
2.853000	0.040346
2.853333	0.040147
2.853667	0.040704
2.854000	0.040477
2.854333	0.040397
2.854667	0.040295
2.855000	0.041189
2.855333	0.040069
2.855667	0.040669
2.856000	0.040396
2.856333	0.040235
2.856667	0.040753
2.857000	0.041301
2.857333	0.040465
2.857667	0.040523
2.858000	0.040686
2.858333	0.039440
2.858667	0.040412
2.859000	0.039782
2.859333	0.040026
2.859667	0.040417
2.860000	0.040725
2.860333	0.039655
2.860667	0.040316
2.861000	0.040394
2.861333	0.040315
2.861667	0.040354
2.862000	0.041363
2.862333	0.040192
2.862667	0.040428
2.863000	0.040334
2.863333	0.040289
2.863667	0.040962
2.864000	0.040811
2.864333	0.040879
2.864667	0.040188
2.865000	0.039896
2.865333	0.040785
2.865667	0.040156
2.866000	0.040697
2.866333	0.040522
2.866667	0.040608
2.867000	0.040945
2.867333	0.039835
2.867667	0.040502
2.868000	0.040611
2.868333	0.039539
2.868667	0.040521
2.869000	0.040590
2.869333	0.040096
2.869667	0.039807
2.870000	0.039996
2.870333	0.040424
2.870667	0.040659
2.871000	0.040415
2.871333	0.040055
2.871667	0.040500
2.872000	0.040697
2.872333	0.040306
2.872667	0.039599
2.873000	0.040224
2.873333	0.040163
2.873667	0.040232
2.874000	0.039642
2.874333	0.040476
2.874667	0.040064
2.875000	0.040439
2.875333	0.039823
2.875667	0.040247
2.876000	0.040419
2.876333	0.039698
2.876667	0.040279
2.877000	0.040057
2.877333	0.039643
2.877667	0.040147
2.878000	0.040263
2.878333	0.040262
2.878667	0.039662
2.879000	0.040062
2.879333	0.040243
2.879667	0.039695
2.880000	0.039752
2.880333	0.040303
2.880667	0.040255
2.881000	0.039915
2.881333	0.039856
2.881667	0.039985
2.882000	0.040138
2.882333	0.040257
2.882667	0.039969
2.883000	0.039555
2.883333	0.040747
2.883667	0.039875
2.884000	0.040518
2.884333	0.039806
2.884667	0.039587
2.885000	0.040320
2.885333	0.039825
2.885667	0.039380
2.886000	0.039884
2.886333	0.040153
2.886667	0.040105
2.887000	0.040310
2.887333	0.040141
2.887667	0.039743
2.888000	0.040110
2.888333	0.040107
2.888667	0.040364
2.889000	0.040261
2.889333	0.040624
2.889667	0.039944
2.890000	0.040396
2.890333	0.040377
2.890667	0.039927
2.891000	0.039718
2.891333	0.040354
2.891667	0.040808
2.892000	0.040269
2.892333	0.039744
2.892667	0.040491
2.893000	0.039781
2.893333	0.039897
2.893667	0.039797
2.894000	0.039925
2.894333	0.040251
2.894667	0.040224
2.895000	0.040015
2.895333	0.040424
2.895667	0.040444
2.896000	0.040321
2.896333	0.040318
2.896667	0.039976
2.897000	0.039890
2.897333	0.039660
2.897667	0.039907
2.898000	0.039343
2.898333	0.040047
2.898667	0.039576
2.899000	0.040364
2.899333	0.039937
2.899667	0.039778
2.900000	0.040526
2.900333	0.039417
2.900667	0.040694
2.901000	0.040255
2.901333	0.040718
2.901667	0.039856
2.902000	0.040038
2.902333	0.040049
2.902667	0.040434
2.903000	0.040338
2.903333	0.040664
2.903667	0.041045
2.904000	0.040117
2.904333	0.039696
2.904667	0.040557
2.905000	0.040166
2.905333	0.041471
2.905667	0.040410
2.906000	0.040121
2.906333	0.040141
2.906667	0.040226
2.907000	0.041740
2.907333	0.041304
2.907667	0.042417
2.908000	0.041936
2.908333	0.042186
2.908667	0.042690
2.909000	0.042823
2.909333	0.043103
2.909667	0.043349
2.910000	0.045109
2.910333	0.046628
2.910667	0.046813
2.911000	0.047484
2.911333	0.047165
2.911667	0.046492
2.912000	0.047129
2.912333	0.048911
2.912667	0.050341
2.913000	0.050989
2.913333	0.051933
2.913667	0.052737
2.914000	0.053148
2.914333	0.054739
2.914667	0.056230
2.915000	0.057535
2.915333	0.059044
2.915667	0.059903
2.916000	0.059729
2.916333	0.060117
2.916667	0.059618
2.917000	0.060004
2.917333	0.060717
2.917667	0.062894
2.918000	0.063631
2.918333	0.063653
2.918667	0.064119
2.919000	0.063228
2.919333	0.062866
2.919667	0.062500
2.920000	0.062376
2.920333	0.061921
2.920667	0.061453
2.921000	0.060525
2.921333	0.060629
2.921667	0.059513
2.922000	0.059458
2.922333	0.058047
2.922667	0.057676
2.923000	0.057347
2.923333	0.056893
2.923667	0.057055
2.924000	0.056908
2.924333	0.056283
2.924667	0.054959
2.925000	0.055524
2.925333	0.055300
2.925667	0.054917
2.926000	0.054494
2.926333	0.054633
2.926667	0.054407
2.927000	0.053595
2.927333	0.053114
2.927667	0.053158
2.928000	0.053187
2.928333	0.052012
2.928667	0.052424
2.929000	0.052095
2.929333	0.051486
2.929667	0.051339
2.930000	0.051062
2.930333	0.050813
2.930667	0.050805
2.931000	0.050527
2.931333	0.050029
2.931667	0.049857
2.932000	0.050042
2.932333	0.049989
2.932667	0.049306
2.933000	0.049266
2.933333	0.049698
2.933667	0.049113
2.934000	0.049043
2.934333	0.048400
2.934667	0.048427
2.935000	0.048454
2.935333	0.048494
2.935667	0.047958
2.936000	0.047910
2.936333	0.047708
2.936667	0.047654
2.937000	0.048332
2.937333	0.047357
2.937667	0.047092
2.938000	0.047239
2.938333	0.047329
2.938667	0.047343
2.939000	0.046890
2.939333	0.047075
2.939667	0.046587
2.940000	0.046376
2.940333	0.046687
2.940667	0.046299
2.941000	0.045819
2.941333	0.045906
2.941667	0.046029
2.942000	0.045903
2.942333	0.046019
2.942667	0.045976
2.943000	0.046103
2.943333	0.046040
2.943667	0.045984
2.944000	0.045575
2.944333	0.045430
2.944667	0.045530
2.945000	0.044815
2.945333	0.045259
2.945667	0.044432
2.946000	0.045065
2.946333	0.045625
2.946667	0.045229
2.947000	0.044594
2.947333	0.044856
2.947667	0.044874
2.948000	0.044475
2.948333	0.044692
2.948667	0.044793
2.949000	0.044133
2.949333	0.044301
2.949667	0.044594
2.950000	0.044107
2.950333	0.044168
2.950667	0.044687
2.951000	0.043967
2.951333	0.044082
2.951667	0.044187
2.952000	0.044012
2.952333	0.044023
2.952667	0.044484
2.953000	0.043819
2.953333	0.043881
2.953667	0.044621
2.954000	0.044682
2.954333	0.043975
2.954667	0.044017
2.955000	0.043671
2.955333	0.043525
2.955667	0.044010
2.956000	0.044620
2.956333	0.043869
2.956667	0.043775
2.957000	0.043532
2.957333	0.043553
2.957667	0.043582
2.958000	0.043729
2.958333	0.043662
2.958667	0.043545
2.959000	0.043574
2.959333	0.043000
2.959667	0.042717
2.960000	0.043158
2.960333	0.043492
2.960667	0.043207
2.961000	0.042732
2.961333	0.043587
2.961667	0.043792
2.962000	0.043261
2.962333	0.043476
2.962667	0.043216
2.963000	0.042917
2.963333	0.042526
2.963667	0.042949
2.964000	0.042922
2.964333	0.042537
2.964667	0.043385
2.965000	0.042796
2.965333	0.043421
2.965667	0.042827
2.966000	0.043070
2.966333	0.043201
2.966667	0.042721
2.967000	0.042601
2.967333	0.042577
2.967667	0.042792
2.968000	0.042816
2.968333	0.042507
2.968667	0.042699
2.969000	0.042506
2.969333	0.043028
2.969667	0.042731
2.970000	0.042781
2.970333	0.041957
2.970667	0.042578
2.971000	0.042186
2.971333	0.041802
2.971667	0.042401
2.972000	0.042356
2.972333	0.042948
2.972667	0.042849
2.973000	0.041947
2.973333	0.042287
2.973667	0.041940
2.974000	0.042270
2.974333	0.042899
2.974667	0.042600
2.975000	0.042085
2.975333	0.042193
2.975667	0.042073
2.976000	0.042478
2.976333	0.042049
2.976667	0.041948
2.977000	0.041595
2.977333	0.041533
2.977667	0.041592
2.978000	0.041971
2.978333	0.042319
2.978667	0.042137
2.979000	0.041927
2.979333	0.042139
2.979667	0.041505
2.980000	0.041996
2.980333	0.041827
2.980667	0.041453
2.981000	0.042514
2.981333	0.042176
2.981667	0.042015
2.982000	0.041305
2.982333	0.042490
2.982667	0.042090
2.983000	0.041514
2.983333	0.041881
2.983667	0.041481
2.984000	0.041728
2.984333	0.041152
2.984667	0.041830
2.985000	0.041273
2.985333	0.041718
2.985667	0.041464
2.986000	0.041703
2.986333	0.042076
2.986667	0.042183
2.987000	0.041694
2.987333	0.041145
2.987667	0.042505
2.988000	0.042424
2.988333	0.041511
2.988667	0.041616
2.989000	0.041595
2.989333	0.041168
2.989667	0.041661
2.990000	0.041442
2.990333	0.041035
2.990667	0.041525
2.991000	0.041674
2.991333	0.041283
2.991667	0.041454
2.992000	0.041452
2.992333	0.042317
2.992667	0.041216
2.993000	0.041887
2.993333	0.042114
2.993667	0.041864
2.994000	0.041752
2.994333	0.041635
2.994667	0.041638
2.995000	0.041543
2.995333	0.041175
2.995667	0.041938
2.996000	0.041624
2.996333	0.041263
2.996667	0.041524
2.997000	0.041472
2.997333	0.041389
2.997667	0.040762
2.998000	0.041440
2.998333	0.041364
2.998667	0.041913
2.999000	0.040940
2.999333	0.041469
2.999667	0.041396
3.000000	0.042171
