0.000333	0.035073
0.000667	0.034685
0.001000	0.033731
0.001333	0.034982
0.001667	0.034723
0.002000	0.034028
0.002333	0.034000
0.002667	0.034128
0.003000	0.034409
0.003333	0.033588
0.003667	0.033552
0.004000	0.034083
0.004333	0.034317
0.004667	0.034119
0.005000	0.034707
0.005333	0.034612
0.005667	0.035467
0.006000	0.034677
0.006333	0.035873
0.006667	0.035528
0.007000	0.035000
0.007333	0.035175
0.007667	0.034066
0.008000	0.033346
0.008333	0.034284
0.008667	0.034107
0.009000	0.033013
0.009333	0.033799
0.009667	0.032975
0.010000	0.033519
0.010333	0.033386
0.010667	0.032811
0.011000	0.033625
0.011333	0.034093
0.011667	0.034659
0.012000	0.034938
0.012333	0.035015
0.012667	0.035578
0.013000	0.035684
0.013333	0.034999
0.013667	0.034690
0.014000	0.033960
0.014333	0.034582
0.014667	0.035090
0.015000	0.033459
0.015333	0.032875
0.015667	0.033567
0.016000	0.032858
0.016333	0.032850
0.016667	0.033715
0.017000	0.032884
0.017333	0.033296
0.017667	0.033998
0.018000	0.032994
0.018333	0.033991
0.018667	0.034856
0.019000	0.034591
0.019333	0.035405
0.019667	0.035451
0.020000	0.034315
0.020333	0.034993
0.020667	0.034170
0.021000	0.034644
0.021333	0.033075
0.021667	0.033455
0.022000	0.033544
0.022333	0.032822
0.022667	0.032379
0.023000	0.032237
0.023333	0.032330
0.023667	0.031319
0.024000	0.032703
0.024333	0.032100
0.024667	0.033261
0.025000	0.033773
0.025333	0.034390
0.025667	0.035836
0.026000	0.034939
0.026333	0.035013
0.026667	0.034691
0.027000	0.035447
0.027333	0.035968
0.027667	0.034483
0.028000	0.034775
0.028333	0.034416
0.028667	0.032699
0.029000	0.033236
0.029333	0.032929
0.029667	0.032563
0.030000	0.032006
0.030333	0.032436
0.030667	0.032300
0.031000	0.032678
0.031333	0.031947
0.031667	0.032641
0.032000	0.032907
0.032333	0.032729
0.032667	0.033037
0.033000	0.033802
0.033333	0.034351
0.033667	0.033387
0.034000	0.035126
0.034333	0.033534
0.034667	0.035291
0.035000	0.033979
0.035333	0.034481
0.035667	0.033879
0.036000	0.034016
0.036333	0.033001
0.036667	0.032659
0.037000	0.033305
0.037333	0.032820
0.037667	0.033138
0.038000	0.033375
0.038333	0.032856
0.038667	0.033343
0.039000	0.031940
0.039333	0.033433
0.039667	0.032963
0.040000	0.033802
0.040333	0.033969
0.040667	0.034037
0.041000	0.033420
0.041333	0.032694
0.041667	0.033967
0.042000	0.032637
0.042333	0.033482
0.042667	0.032159
0.043000	0.033437
0.043333	0.033499
0.043667	0.032021
0.044000	0.032734
0.044333	0.032831
0.044667	0.032697
0.045000	0.033090
0.045333	0.033223
0.045667	0.032888
0.046000	0.033700
0.046333	0.034491
0.046667	0.033777
0.047000	0.032871
0.047333	0.033709
0.047667	0.032334
0.048000	0.032788
0.048333	0.034066
0.048667	0.033065
0.049000	0.032165
0.049333	0.032116
0.049667	0.032542
0.050000	0.032037
0.050333	0.032822
0.050667	0.031739
0.051000	0.031371
0.051333	0.031418
0.051667	0.032565
0.052000	0.032528
0.052333	0.033162
0.052667	0.032627
0.053000	0.034127
0.053333	0.033952
0.053667	0.034241
0.054000	0.033357
0.054333	0.034099
0.054667	0.033351
0.055000	0.032663
0.055333	0.032727
0.055667	0.032506
0.056000	0.033287
0.056333	0.031427
0.056667	0.031690
0.057000	0.031446
0.057333	0.032997
0.057667	0.031622
0.058000	0.031962
0.058333	0.032250
0.058667	0.032789
0.059000	0.032736
0.059333	0.033186
0.059667	0.032931
0.060000	0.033199
0.060333	0.033376
0.060667	0.033293
0.061000	0.034004
0.061333	0.032518
0.061667	0.032597
0.062000	0.032207
0.062333	0.032585
0.062667	0.032366
0.063000	0.031568
0.063333	0.032310
0.063667	0.032444
0.064000	0.032308
0.064333	0.031041
0.064667	0.031210
0.065000	0.031931
0.065333	0.031308
0.065667	0.031856
0.066000	0.032094
0.066333	0.032679
0.066667	0.032268
0.067000	0.032984
0.067333	0.032269
0.067667	0.033228
0.068000	0.032677
0.068333	0.031929
0.068667	0.032722
0.069000	0.032693
0.069333	0.032270
0.069667	0.032758
0.070000	0.032539
0.070333	0.031462
0.070667	0.032867
0.071000	0.032148
0.071333	0.031668
0.071667	0.032480
0.072000	0.032085
0.072333	0.032758
0.072667	0.031845
0.073000	0.031534
0.073333	0.031463
0.073667	0.032277
0.074000	0.032319
0.074333	0.033128
0.074667	0.032860
0.075000	0.032000
0.075333	0.032570
0.075667	0.033137
0.076000	0.032402
0.076333	0.032566
0.076667	0.031717
0.077000	0.031794
0.077333	0.031204
0.077667	0.031312
0.078000	0.031604
0.078333	0.032137
0.078667	0.031643
0.079000	0.031196
0.079333	0.031744
0.079667	0.032225
0.080000	0.031860
0.080333	0.031614
0.080667	0.032285
0.081000	0.032854
0.081333	0.031767
0.081667	0.031960
0.082000	0.032640
0.082333	0.032877
0.082667	0.031739
0.083000	0.033054
0.083333	0.032476
0.083667	0.032777
0.084000	0.031809
0.084333	0.031348
0.084667	0.032774
0.085000	0.032188
0.085333	0.031444
0.085667	0.030726
0.086000	0.031464
0.086333	0.032001
0.086667	0.031504
0.087000	0.032401
0.087333	0.032068
0.087667	0.031813
0.088000	0.032820
0.088333	0.031654
0.088667	0.031522
0.089000	0.032141
0.089333	0.032152
0.089667	0.030522
0.090000	0.032544
0.090333	0.030949
0.090667	0.030986
0.091000	0.031638
0.091333	0.031415
0.091667	0.032044
0.092000	0.032001
0.092333	0.032872
0.092667	0.031897
0.093000	0.031964
0.093333	0.032266
0.093667	0.032099
0.094000	0.032124
0.094333	0.032664
0.094667	0.032523
0.095000	0.032269
0.095333	0.031908
0.095667	0.032502
0.096000	0.031816
0.096333	0.031982
0.096667	0.031079
0.097000	0.031746
0.097333	0.031934
0.097667	0.031156
0.098000	0.031578
0.098333	0.031705
0.098667	0.032436
0.099000	0.031755
0.099333	0.031358
0.099667	0.031519
0.100000	0.032392
0.100333	0.032881
0.100667	0.032615
0.101000	0.034276
0.101333	0.032336
0.101667	0.032655
0.102000	0.032321
0.102333	0.032365
0.102667	0.031978
0.103000	0.032504
0.103333	0.032772
0.103667	0.030794
0.104000	0.031339
0.104333	0.030958
0.104667	0.031208
0.105000	0.032056
0.105333	0.030862
0.105667	0.031653
0.106000	0.032283
0.106333	0.032559
0.106667	0.031889
0.107000	0.031638
0.107333	0.032715
0.107667	0.031989
0.108000	0.032691
0.108333	0.031873
0.108667	0.031577
0.109000	0.031510
0.109333	0.031861
0.109667	0.031465
0.110000	0.031246
0.110333	0.031919
0.110667	0.031379
0.111000	0.032055
0.111333	0.030354
0.111667	0.031554
0.112000	0.031287
0.112333	0.031843
0.112667	0.032300
0.113000	0.032252
0.113333	0.031779
0.113667	0.031556
0.114000	0.032816
0.114333	0.031960
0.114667	0.031471
0.115000	0.031739
0.115333	0.032153
0.115667	0.032554
0.116000	0.031377
0.116333	0.032301
0.116667	0.032044
0.117000	0.032138
0.117333	0.032203
0.117667	0.031157
0.118000	0.032210
0.118333	0.031195
0.118667	0.032107
0.119000	0.031480
0.119333	0.031836
0.119667	0.030257
0.120000	0.031354
0.120333	0.031397
0.120667	0.030922
0.121000	0.030318
0.121333	0.031303
0.121667	0.029343
0.122000	0.029866
0.122333	0.028812
0.122667	0.028438
0.123000	0.028838
0.123333	0.028814
0.123667	0.029189
0.124000	0.028841
0.124333	0.030352
0.124667	0.029987
0.125000	0.031233
0.125333	0.030511
0.125667	0.030825
0.126000	0.031147
0.126333	0.032113
0.126667	0.031347
0.127000	0.032712
0.127333	0.031699
0.127667	0.031577
0.128000	0.032479
0.128333	0.032006
0.128667	0.031852
0.129000	0.031412
0.129333	0.031429
0.129667	0.031501
0.130000	0.030858
0.130333	0.030615
0.130667	0.030589
0.131000	0.030595
0.131333	0.029738
0.131667	0.029672
0.132000	0.031329
0.132333	0.029757
0.132667	0.030218
0.133000	0.030244
0.133333	0.030172
0.133667	0.030998
0.134000	0.031741
0.134333	0.031269
0.134667	0.031021
0.135000	0.030755
0.135333	0.031172
0.135667	0.031604
0.136000	0.030780
0.136333	0.030737
0.136667	0.030433
0.137000	0.032056
0.137333	0.031165
0.137667	0.031239
0.138000	0.030826
0.138333	0.030949
0.138667	0.030604
0.139000	0.029917
0.139333	0.031023
0.139667	0.031352
0.140000	0.030691
0.140333	0.030327
0.140667	0.031614
0.141000	0.031755
0.141333	0.031264
0.141667	0.031723
0.142000	0.030810
0.142333	0.030994
0.142667	0.031714
0.143000	0.030505
0.143333	0.030699
0.143667	0.031297
0.144000	0.031498
0.144333	0.030547
0.144667	0.030661
0.145000	0.031651
0.145333	0.030369
0.145667	0.031060
0.146000	0.031954
0.146333	0.031426
0.146667	0.030435
0.147000	0.030186
0.147333	0.031077
0.147667	0.030485
0.148000	0.030787
0.148333	0.030697
0.148667	0.029436
0.149000	0.030928
0.149333	0.030386
0.149667	0.030857
0.150000	0.030592
0.150333	0.030257
0.150667	0.030667
0.151000	0.030712
0.151333	0.030758
0.151667	0.031577
0.152000	0.029859
0.152333	0.030777
0.152667	0.030681
0.153000	0.030970
0.153333	0.030216
0.153667	0.030271
0.154000	0.029572
0.154333	0.030654
0.154667	0.030957
0.155000	0.030035
0.155333	0.029880
0.155667	0.030466
0.156000	0.030301
0.156333	0.030402
0.156667	0.029745
0.157000	0.030745
0.157333	0.029553
0.157667	0.030350
0.158000	0.030914
0.158333	0.031234
0.158667	0.031653
0.159000	0.032686
0.159333	0.032558
0.159667	0.032671
0.160000	0.032826
0.160333	0.032606
0.160667	0.032611
0.161000	0.031881
0.161333	0.031568
0.161667	0.030766
0.162000	0.030138
0.162333	0.029499
0.162667	0.029658
0.163000	0.030063
0.163333	0.028462
0.163667	0.028958
0.164000	0.029651
0.164333	0.029588
0.164667	0.028911
0.165000	0.029826
0.165333	0.030165
0.165667	0.030938
0.166000	0.031142
0.166333	0.031329
0.166667	0.031516
0.167000	0.030636
0.167333	0.030477
0.167667	0.031079
0.168000	0.030366
0.168333	0.029935
0.168667	0.031280
0.169000	0.030176
0.169333	0.029604
0.169667	0.030044
0.170000	0.030552
0.170333	0.030920
0.170667	0.031546
0.171000	0.032047
0.171333	0.032650
0.171667	0.035009
0.172000	0.035653
0.172333	0.036193
0.172667	0.036585
0.173000	0.036163
0.173333	0.035297
0.173667	0.035853
0.174000	0.034564
0.174333	0.034538
0.174667	0.033497
0.175000	0.032333
0.175333	0.032570
0.175667	0.038128
0.176000	0.058883
0.176333	0.086755
0.176667	0.092875
0.177000	0.093702
0.177333	0.092737
0.177667	0.093326
0.178000	0.091774
0.178333	0.091254
0.178667	0.090862
0.179000	0.089297
0.179333	0.088215
0.179667	0.085686
0.180000	0.085213
0.180333	0.083731
0.180667	0.082587
0.181000	0.081418
0.181333	0.091391
0.181667	0.113344
0.182000	0.127865
0.182333	0.127768
0.182667	0.122764
0.183000	0.120368
0.183333	0.118376
0.183667	0.115579
0.184000	0.113556
0.184333	0.111385
0.184667	0.110648
0.185000	0.108121
0.185333	0.106056
0.185667	0.102983
0.186000	0.101798
0.186333	0.100292
0.186667	0.098325
0.187000	0.096829
0.187333	0.095029
0.187667	0.092958
0.188000	0.090777
0.188333	0.089303
0.188667	0.088330
0.189000	0.086650
0.189333	0.084724
0.189667	0.084116
0.190000	0.081980
0.190333	0.081218
0.190667	0.080924
0.191000	0.079114
0.191333	0.078819
0.191667	0.077677
0.192000	0.077158
0.192333	0.077079
0.192667	0.075627
0.193000	0.075348
0.193333	0.074519
0.193667	0.073146
0.194000	0.072758
0.194333	0.071473
0.194667	0.069902
0.195000	0.069798
0.195333	0.068376
0.195667	0.067790
0.196000	0.066241
0.196333	0.066268
0.196667	0.065827
0.197000	0.066251
0.197333	0.063688
0.197667	0.063902
0.198000	0.064702
0.198333	0.063118
0.198667	0.063442
0.199000	0.063317
0.199333	0.062614
0.199667	0.063096
0.200000	0.061788
0.200333	0.062411
0.200667	0.061921
0.201000	0.061332
0.201333	0.060193
0.201667	0.059659
0.202000	0.058922
0.202333	0.058297
0.202667	0.057804
0.203000	0.057126
0.203333	0.057070
0.203667	0.055714
0.204000	0.055535
0.204333	0.055730
0.204667	0.054365
0.205000	0.054205
0.205333	0.053897
0.205667	0.053057
0.206000	0.054680
0.206333	0.053678
0.206667	0.053295
0.207000	0.054166
0.207333	0.054466
0.207667	0.053254
0.208000	0.052889
0.208333	0.054059
0.208667	0.054080
0.209000	0.052713
0.209333	0.052975
0.209667	0.051736
0.210000	0.051619
0.210333	0.051589
0.210667	0.051623
0.211000	0.050330
0.211333	0.050058
0.211667	0.050949
0.212000	0.049814
0.212333	0.049393
0.212667	0.049986
0.213000	0.049913
0.213333	0.049647
0.213667	0.049336
0.214000	0.049838
0.214333	0.050048
0.214667	0.048784
0.215000	0.049415
0.215333	0.049063
0.215667	0.048667
0.216000	0.049149
0.216333	0.048199
0.216667	0.048189
0.217000	0.048248
0.217333	0.048046
0.217667	0.047597
0.218000	0.047465
0.218333	0.046232
0.218667	0.046965
0.219000	0.047385
0.219333	0.046608
0.219667	0.045378
0.220000	0.045868
0.220333	0.045799
0.220667	0.045934
0.221000	0.045928
0.221333	0.045811
0.221667	0.045424
0.222000	0.046845
0.222333	0.045296
0.222667	0.045349
0.223000	0.045943
0.223333	0.044675
0.223667	0.044612
0.224000	0.045370
0.224333	0.044801
0.224667	0.045244
0.225000	0.044937
0.225333	0.044350
0.225667	0.044294
0.226000	0.044342
0.226333	0.044162
0.226667	0.044265
0.227000	0.043398
0.227333	0.044129
0.227667	0.043354
0.228000	0.043356
0.228333	0.043011
0.228667	0.042910
0.229000	0.043870
0.229333	0.043823
0.229667	0.043138
0.230000	0.043203
0.230333	0.043204
0.230667	0.042592
0.231000	0.042248
0.231333	0.041718
0.231667	0.043070
0.232000	0.042469
0.232333	0.043242
0.232667	0.042368
0.233000	0.041785
0.233333	0.041662
0.233667	0.041654
0.234000	0.041871
0.234333	0.042484
0.234667	0.041410
0.235000	0.041550
0.235333	0.041462
0.235667	0.041317
0.236000	0.040577
0.236333	0.041361
0.236667	0.040863
0.237000	0.040761
0.237333	0.041001
0.237667	0.040777
0.238000	0.039920
0.238333	0.041564
0.238667	0.040605
0.239000	0.040358
0.239333	0.040924
0.239667	0.040894
0.240000	0.039845
0.240333	0.040475
0.240667	0.039979
0.241000	0.040659
0.241333	0.039623
0.241667	0.039646
0.242000	0.039878
0.242333	0.040076
0.242667	0.039820
0.243000	0.039982
0.243333	0.039993
0.243667	0.039258
0.244000	0.039292
0.244333	0.039538
0.244667	0.038903
0.245000	0.038945
0.245333	0.039761
0.245667	0.039761
0.246000	0.039412
0.246333	0.038592
0.246667	0.039128
0.247000	0.038004
0.247333	0.039157
0.247667	0.038430
0.248000	0.039066
0.248333	0.039314
0.248667	0.039024
0.249000	0.039043
0.249333	0.038756
0.249667	0.039150
0.250000	0.038967
0.250333	0.038513
0.250667	0.037869
0.251000	0.038085
0.251333	0.038918
0.251667	0.038968
0.252000	0.037609
0.252333	0.038095
0.252667	0.038282
0.253000	0.037648
0.253333	0.039164
0.253667	0.038802
0.254000	0.038280
0.254333	0.038874
0.254667	0.039067
0.255000	0.038486
0.255333	0.038548
0.255667	0.038744
0.256000	0.037539
0.256333	0.038779
0.256667	0.037393
0.257000	0.038294
0.257333	0.037882
0.257667	0.036705
0.258000	0.037921
0.258333	0.037306
0.258667	0.037450
0.259000	0.037060
0.259333	0.037216
0.259667	0.036852
0.260000	0.037485
0.260333	0.037248
0.260667	0.036608
0.261000	0.036405
0.261333	0.037303
0.261667	0.037433
0.262000	0.036942
0.262333	0.037678
0.262667	0.037158
0.263000	0.036767
0.263333	0.036492
0.263667	0.037170
0.264000	0.036411
0.264333	0.037032
0.264667	0.037151
0.265000	0.037214
0.265333	0.036812
0.265667	0.037904
0.266000	0.036709
0.266333	0.037460
0.266667	0.036886
0.267000	0.036685
0.267333	0.036858
0.267667	0.036603
0.268000	0.037256
0.268333	0.037248
0.268667	0.036505
0.269000	0.036431
0.269333	0.036517
0.269667	0.036393
0.270000	0.036204
0.270333	0.036750
0.270667	0.035779
0.271000	0.036686
0.271333	0.036600
0.271667	0.035728
0.272000	0.036233
0.272333	0.034982
0.272667	0.036316
0.273000	0.035599
0.273333	0.036530
0.273667	0.035364
0.274000	0.035778
0.274333	0.035625
0.274667	0.036707
0.275000	0.036104
0.275333	0.035409
0.275667	0.035416
0.276000	0.035654
0.276333	0.035408
0.276667	0.035586
0.277000	0.035856
0.277333	0.035887
0.277667	0.035318
0.278000	0.035598
0.278333	0.035552
0.278667	0.036194
0.279000	0.035507
0.279333	0.035252
0.279667	0.035853
0.280000	0.035213
0.280333	0.036057
0.280667	0.035623
0.281000	0.037100
0.281333	0.035105
0.281667	0.036029
0.282000	0.035980
0.282333	0.034998
0.282667	0.035065
0.283000	0.035601
0.283333	0.034532
0.283667	0.035841
0.284000	0.035110
0.284333	0.034613
0.284667	0.034933
0.285000	0.035417
0.285333	0.036002
0.285667	0.034142
0.286000	0.035088
0.286333	0.034638
0.286667	0.034551
0.287000	0.034828
0.287333	0.035465
0.287667	0.034473
0.288000	0.034381
0.288333	0.034628
0.288667	0.035498
0.289000	0.035169
0.289333	0.035479
0.289667	0.034945
0.290000	0.034849
0.290333	0.034484
0.290667	0.034439
0.291000	0.034515
0.291333	0.034077
0.291667	0.034936
0.292000	0.035501
0.292333	0.034470
0.292667	0.034337
0.293000	0.035150
0.293333	0.035618
0.293667	0.034543
0.294000	0.034186
0.294333	0.034459
0.294667	0.034109
0.295000	0.033977
0.295333	0.034143
0.295667	0.034421
0.296000	0.034386
0.296333	0.034834
0.296667	0.034331
0.297000	0.034472
0.297333	0.035548
0.297667	0.034392
0.298000	0.034093
0.298333	0.034762
0.298667	0.034076
0.299000	0.034144
0.299333	0.035383
0.299667	0.034434
0.300000	0.034886
0.300333	0.034000
0.300667	0.034256
0.301000	0.034519
0.301333	0.034096
0.301667	0.033927
0.302000	0.034752
0.302333	0.034123
0.302667	0.033111
0.303000	0.033209
0.303333	0.034390
0.303667	0.034062
0.304000	0.034613
0.304333	0.034120
0.304667	0.034236
0.305000	0.034459
0.305333	0.033375
0.305667	0.034288
0.306000	0.034430
0.306333	0.033415
0.306667	0.032681
0.307000	0.034425
0.307333	0.033713
0.307667	0.034266
0.308000	0.033890
0.308333	0.035118
0.308667	0.034033
0.309000	0.033267
0.309333	0.034326
0.309667	0.033764
0.310000	0.033087
0.310333	0.033228
0.310667	0.033671
0.311000	0.034104
0.311333	0.032989
0.311667	0.034102
0.312000	0.033423
0.312333	0.033665
0.312667	0.032687
0.313000	0.033015
0.313333	0.032961
0.313667	0.033851
0.314000	0.033325
0.314333	0.034197
0.314667	0.033373
0.315000	0.033974
0.315333	0.033218
0.315667	0.033755
0.316000	0.033973
0.316333	0.033431
0.316667	0.033194
0.317000	0.032716
0.317333	0.033333
0.317667	0.033841
0.318000	0.032624
0.318333	0.033740
0.318667	0.032404
0.319000	0.032828
0.319333	0.033217
0.319667	0.032448
0.320000	0.033744
0.320333	0.033010
0.320667	0.032026
0.321000	0.031910
0.321333	0.033208
0.321667	0.032968
0.322000	0.033364
0.322333	0.033172
0.322667	0.032688
0.323000	0.033718
0.323333	0.033200
0.323667	0.033129
0.324000	0.033054
0.324333	0.032837
0.324667	0.033103
0.325000	0.033548
0.325333	0.033476
0.325667	0.032271
0.326000	0.033257
0.326333	0.033216
0.326667	0.032991
0.327000	0.032610
0.327333	0.033561
0.327667	0.033557
0.328000	0.032891
0.328333	0.033425
0.328667	0.033161
0.329000	0.033037
0.329333	0.032744
0.329667	0.032525
0.330000	0.032725
0.330333	0.033879
0.330667	0.032814
0.331000	0.032984
0.331333	0.032400
0.331667	0.032700
0.332000	0.032995
0.332333	0.032952
0.332667	0.032835
0.333000	0.033631
0.333333	0.032545
0.333667	0.032953
0.334000	0.032711
0.334333	0.032096
0.334667	0.033194
0.335000	0.032667
0.335333	0.032828
0.335667	0.032308
0.336000	0.033632
0.336333	0.032931
0.336667	0.032924
0.337000	0.032277
0.337333	0.032572
0.337667	0.031894
0.338000	0.033106
0.338333	0.032779
0.338667	0.034220
0.339000	0.032548
0.339333	0.032663
0.339667	0.032971
0.340000	0.032988
0.340333	0.032464
0.340667	0.032024
0.341000	0.031747
0.341333	0.032782
0.341667	0.032392
0.342000	0.033335
0.342333	0.032688
0.342667	0.032275
0.343000	0.032686
0.343333	0.032251
0.343667	0.031939
0.344000	0.031145
0.344333	0.033431
0.344667	0.032444
0.345000	0.031126
0.345333	0.032973
0.345667	0.032643
0.346000	0.032135
0.346333	0.030760
0.346667	0.032450
0.347000	0.033376
0.347333	0.031734
0.347667	0.032349
0.348000	0.032032
0.348333	0.032174
0.348667	0.032398
0.349000	0.032864
0.349333	0.032041
0.349667	0.032768
0.350000	0.031862
0.350333	0.033005
0.350667	0.033689
0.351000	0.032715
0.351333	0.031271
0.351667	0.032150
0.352000	0.031520
0.352333	0.031892
0.352667	0.032059
0.353000	0.031570
0.353333	0.032043
0.353667	0.031995
0.354000	0.031640
0.354333	0.032264
0.354667	0.032530
0.355000	0.032449
0.355333	0.031995
0.355667	0.032593
0.356000	0.032741
0.356333	0.031714
0.356667	0.031724
0.357000	0.031583
0.357333	0.032469
0.357667	0.032223
0.358000	0.031670
0.358333	0.032342
0.358667	0.032235
0.359000	0.032223
0.359333	0.032012
0.359667	0.032003
0.360000	0.032429
0.360333	0.031930
0.360667	0.032483
0.361000	0.032102
0.361333	0.032404
0.361667	0.032147
0.362000	0.031900
0.362333	0.031568
0.362667	0.032221
0.363000	0.031864
0.363333	0.032413
0.363667	0.031593
0.364000	0.031629
0.364333	0.032423
0.364667	0.031741
0.365000	0.032217
0.365333	0.032042
0.365667	0.031839
0.366000	0.031268
0.366333	0.032673
0.366667	0.031360
0.367000	0.031980
0.367333	0.032513
0.367667	0.032286
0.368000	0.031946
0.368333	0.032149
0.368667	0.031748
0.369000	0.032073
0.369333	0.031350
0.369667	0.032267
0.370000	0.031610
0.370333	0.032055
0.370667	0.031549
0.371000	0.032257
0.371333	0.031745
0.371667	0.031106
0.372000	0.032404
0.372333	0.031640
0.372667	0.031236
0.373000	0.031973
0.373333	0.031927
0.373667	0.032543
0.374000	0.031165
0.374333	0.031565
0.374667	0.031230
0.375000	0.032213
0.375333	0.031704
0.375667	0.031631
0.376000	0.032012
0.376333	0.030850
0.376667	0.032309
0.377000	0.031847
0.377333	0.031905
0.377667	0.031265
0.378000	0.032451
0.378333	0.032140
0.378667	0.030954
0.379000	0.032269
0.379333	0.031706
0.379667	0.031202
0.380000	0.032340
0.380333	0.032207
0.380667	0.031253
0.381000	0.031033
0.381333	0.031390
0.381667	0.031761
0.382000	0.031492
0.382333	0.031513
0.382667	0.030824
0.383000	0.032014
0.383333	0.031643
0.383667	0.031418
0.384000	0.031656
0.384333	0.031525
0.384667	0.031848
0.385000	0.030690
0.385333	0.031894
0.385667	0.031125
0.386000	0.031377
0.386333	0.031866
0.386667	0.030875
0.387000	0.032279
0.387333	0.031072
0.387667	0.031961
0.388000	0.031565
0.388333	0.031408
0.388667	0.031022
0.389000	0.031037
0.389333	0.031366
0.389667	0.031915
0.390000	0.030573
0.390333	0.033681
0.390667	0.031446
0.391000	0.032499
0.391333	0.030488
0.391667	0.030778
0.392000	0.030202
0.392333	0.031684
0.392667	0.032458
0.393000	0.030814
0.393333	0.031793
0.393667	0.032625
0.394000	0.031605
0.394333	0.031369
0.394667	0.030591
0.395000	0.031344
0.395333	0.031822
0.395667	0.031655
0.396000	0.031885
0.396333	0.031508
0.396667	0.031896
0.397000	0.031607
0.397333	0.031669
0.397667	0.031208
0.398000	0.030921
0.398333	0.031147
0.398667	0.030979
0.399000	0.031736
0.399333	0.031394
0.399667	0.031288
0.400000	0.030802
0.400333	0.031845
0.400667	0.031505
0.401000	0.030967
0.401333	0.032045
0.401667	0.032726
0.402000	0.030695
0.402333	0.030979
0.402667	0.030820
0.403000	0.031814
0.403333	0.030616
0.403667	0.030984
0.404000	0.031579
0.404333	0.031942
0.404667	0.030854
0.405000	0.031835
0.405333	0.031072
0.405667	0.031013
0.406000	0.031261
0.406333	0.032630
0.406667	0.031803
0.407000	0.032163
0.407333	0.030712
0.407667	0.031701
0.408000	0.031203
0.408333	0.030896
0.408667	0.031312
0.409000	0.031192
0.409333	0.031297
0.409667	0.030949
0.410000	0.031946
0.410333	0.030649
0.410667	0.031108
0.411000	0.030569
0.411333	0.030387
0.411667	0.031008
0.412000	0.031476
0.412333	0.030896
0.412667	0.030584
0.413000	0.031263
0.413333	0.030262
0.413667	0.030568
0.414000	0.031852
0.414333	0.030669
0.414667	0.031171
0.415000	0.031365
0.415333	0.032541
0.415667	0.030802
0.416000	0.030730
0.416333	0.030300
0.416667	0.031094
0.417000	0.031373
0.417333	0.031033
0.417667	0.031723
0.418000	0.031631
0.418333	0.031647
0.418667	0.031192
0.419000	0.030438
0.419333	0.030584
0.419667	0.031459
0.420000	0.031439
0.420333	0.031219
0.420667	0.031737
0.421000	0.031312
0.421333	0.029849
0.421667	0.030380
0.422000	0.031824
0.422333	0.031108
0.422667	0.032115
0.423000	0.031641
0.423333	0.030709
0.423667	0.031224
0.424000	0.030483
0.424333	0.031246
0.424667	0.031212
0.425000	0.032048
0.425333	0.031549
0.425667	0.030496
0.426000	0.031091
0.426333	0.031250
0.426667	0.031259
0.427000	0.031475
0.427333	0.031913
0.427667	0.030477
0.428000	0.030402
0.428333	0.030474
0.428667	0.031245
0.429000	0.029866
0.429333	0.030387
0.429667	0.030629
0.430000	0.031680
0.430333	0.031246
0.430667	0.031493
0.431000	0.031218
0.431333	0.030824
0.431667	0.030434
0.432000	0.031312
0.432333	0.030278
0.432667	0.031648
0.433000	0.030637
0.433333	0.030834
0.433667	0.031793
0.434000	0.030905
0.434333	0.030186
0.434667	0.030268
0.435000	0.031428
0.435333	0.030547
0.435667	0.030413
0.436000	0.030677
0.436333	0.030292
0.436667	0.031720
0.437000	0.030271
0.437333	0.030705
0.437667	0.032174
0.438000	0.030513
0.438333	0.030616
0.438667	0.030050
0.439000	0.030281
0.439333	0.031263
0.439667	0.029921
0.440000	0.030844
0.440333	0.031020
0.440667	0.031100
0.441000	0.030922
0.441333	0.030576
0.441667	0.030938
0.442000	0.030537
0.442333	0.030009
0.442667	0.030211
0.443000	0.030362
0.443333	0.031173
0.443667	0.031056
0.444000	0.031611
0.444333	0.030223
0.444667	0.031380
0.445000	0.031537
0.445333	0.030998
0.445667	0.030311
0.446000	0.031957
0.446333	0.031285
0.446667	0.030293
0.447000	0.030442
0.447333	0.031107
0.447667	0.030185
0.448000	0.031239
0.448333	0.031410
0.448667	0.029920
0.449000	0.030447
0.449333	0.031087
0.449667	0.031443
0.450000	0.031327
0.450333	0.030783
0.450667	0.031138
0.451000	0.030211
0.451333	0.031573
0.451667	0.031811
0.452000	0.030650
0.452333	0.030483
0.452667	0.029731
0.453000	0.030220
0.453333	0.032254
0.453667	0.030355
0.454000	0.031078
0.454333	0.030028
0.454667	0.030805
0.455000	0.030231
0.455333	0.030888
0.455667	0.030410
0.456000	0.030110
0.456333	0.029655
0.456667	0.030466
0.457000	0.030962
0.457333	0.029911
0.457667	0.030357
0.458000	0.031635
0.458333	0.030628
0.458667	0.030678
0.459000	0.030006
0.459333	0.031147
0.459667	0.030462
0.460000	0.031229
0.460333	0.030370
0.460667	0.030193
0.461000	0.030462
0.461333	0.030557
0.461667	0.031496
0.462000	0.030780
0.462333	0.029811
0.462667	0.030184
0.463000	0.030765
0.463333	0.031303
0.463667	0.031593
0.464000	0.031540
0.464333	0.031499
0.464667	0.031461
0.465000	0.031955
0.465333	0.032083
0.465667	0.033220
0.466000	0.032590
0.466333	0.032242
0.466667	0.033136
0.467000	0.034097
0.467333	0.033740
0.467667	0.033542
0.468000	0.033465
0.468333	0.033067
0.468667	0.033293
0.469000	0.033121
0.469333	0.032706
0.469667	0.033102
0.470000	0.032633
0.470333	0.033427
0.470667	0.033111
0.471000	0.033804
0.471333	0.031703
0.471667	0.032744
0.472000	0.031850
0.472333	0.033324
0.472667	0.032861
0.473000	0.032337
0.473333	0.032534
0.473667	0.031817
0.474000	0.031529
0.474333	0.032386
0.474667	0.031970
0.475000	0.032268
0.475333	0.032906
0.475667	0.032545
0.476000	0.032356
0.476333	0.032424
0.476667	0.031714
0.477000	0.032685
0.477333	0.031585
0.477667	0.032941
0.478000	0.033132
0.478333	0.031492
0.478667	0.032966
0.479000	0.032027
0.479333	0.031182
0.479667	0.031227
0.480000	0.031670
0.480333	0.032074
0.480667	0.031928
0.481000	0.032339
0.481333	0.032494
0.481667	0.032753
0.482000	0.032436
0.482333	0.031325
0.482667	0.031843
0.483000	0.032162
0.483333	0.031435
0.483667	0.031927
0.484000	0.032327
0.484333	0.031655
0.484667	0.031754
0.485000	0.031964
0.485333	0.031680
0.485667	0.031734
0.486000	0.032095
0.486333	0.031716
0.486667	0.031979
0.487000	0.031350
0.487333	0.031485
0.487667	0.031966
0.488000	0.031500
0.488333	0.031868
0.488667	0.031805
0.489000	0.031834
0.489333	0.031678
0.489667	0.030900
0.490000	0.031051
0.490333	0.032311
0.490667	0.031651
0.491000	0.031152
0.491333	0.032260
0.491667	0.031219
0.492000	0.032235
0.492333	0.031720
0.492667	0.031111
0.493000	0.031809
0.493333	0.030992
0.493667	0.032827
0.494000	0.031247
0.494333	0.031290
0.494667	0.031358
0.495000	0.031348
0.495333	0.031855
0.495667	0.030799
0.496000	0.032441
0.496333	0.031004
0.496667	0.030674
0.497000	0.031536
0.497333	0.030750
0.497667	0.030522
0.498000	0.030975
0.498333	0.031219
0.498667	0.030951
0.499000	0.031697
0.499333	0.032139
0.499667	0.030872
0.500000	0.031111
0.500333	0.031145
0.500667	0.031624
0.501000	0.031281
0.501333	0.031831
0.501667	0.030881
0.502000	0.030124
0.502333	0.030769
0.502667	0.030217
0.503000	0.030439
0.503333	0.030464
0.503667	0.031702
0.504000	0.031545
0.504333	0.030738
0.504667	0.030290
0.505000	0.030915
0.505333	0.032290
0.505667	0.031188
0.506000	0.031386
0.506333	0.030471
0.506667	0.030873
0.507000	0.030655
0.507333	0.030810
0.507667	0.031033
0.508000	0.031344
0.508333	0.031565
0.508667	0.031035
0.509000	0.031014
0.509333	0.030464
0.509667	0.031336
0.510000	0.030352
0.510333	0.031874
0.510667	0.030474
0.511000	0.031293
0.511333	0.031243
0.511667	0.029829
0.512000	0.030861
0.512333	0.030395
0.512667	0.029704
0.513000	0.030635
0.513333	0.030887
0.513667	0.030488
0.514000	0.030670
0.514333	0.030733
0.514667	0.030180
0.515000	0.030141
0.515333	0.030296
0.515667	0.031039
0.516000	0.030847
0.516333	0.030612
0.516667	0.030703
0.517000	0.030571
0.517333	0.030961
0.517667	0.030314
0.518000	0.031556
0.518333	0.030853
0.518667	0.030509
0.519000	0.031619
0.519333	0.030202
0.519667	0.030631
0.520000	0.029330
0.520333	0.030668
0.520667	0.030437
0.521000	0.030742
0.521333	0.029949
0.521667	0.030993
0.522000	0.031157
0.522333	0.029845
0.522667	0.030501
0.523000	0.031326
0.523333	0.030811
0.523667	0.030463
0.524000	0.030242
0.524333	0.030614
0.524667	0.030471
0.525000	0.030744
0.525333	0.030029
0.525667	0.030659
0.526000	0.030410
0.526333	0.030732
0.526667	0.030103
0.527000	0.029622
0.527333	0.030676
0.527667	0.030041
0.528000	0.031005
0.528333	0.030743
0.528667	0.031066
0.529000	0.030826
0.529333	0.030305
0.529667	0.030273
0.530000	0.031448
0.530333	0.031454
0.530667	0.031457
0.531000	0.030084
0.531333	0.031020
0.531667	0.030220
0.532000	0.030060
0.532333	0.030220
0.532667	0.030520
0.533000	0.030338
0.533333	0.030048
0.533667	0.031241
0.534000	0.030425
0.534333	0.030986
0.534667	0.030765
0.535000	0.030721
0.535333	0.030072
0.535667	0.029691
0.536000	0.030985
0.536333	0.030520
0.536667	0.030735
0.537000	0.030917
0.537333	0.030804
0.537667	0.030136
0.538000	0.029791
0.538333	0.030773
0.538667	0.030136
0.539000	0.030803
0.539333	0.030395
0.539667	0.030538
0.540000	0.029931
0.540333	0.030556
0.540667	0.030660
0.541000	0.030492
0.541333	0.030681
0.541667	0.029675
0.542000	0.030173
0.542333	0.030399
0.542667	0.030682
0.543000	0.030509
0.543333	0.031048
0.543667	0.031350
0.544000	0.029939
0.544333	0.030123
0.544667	0.030781
0.545000	0.030532
0.545333	0.029706
0.545667	0.029664
0.546000	0.030546
0.546333	0.029876
0.546667	0.030320
0.547000	0.029634
0.547333	0.029822
0.547667	0.030096
0.548000	0.029571
0.548333	0.030581
0.548667	0.031225
0.549000	0.029980
0.549333	0.030790
0.549667	0.029802
0.550000	0.029340
0.550333	0.029928
0.550667	0.030299
0.551000	0.030053
0.551333	0.030910
0.551667	0.030275
0.552000	0.030447
0.552333	0.030206
0.552667	0.029785
0.553000	0.030503
0.553333	0.029433
0.553667	0.029769
0.554000	0.030648
0.554333	0.030598
0.554667	0.030176
0.555000	0.031154
0.555333	0.030284
0.555667	0.029689
0.556000	0.030958
0.556333	0.030678
0.556667	0.030567
0.557000	0.029466
0.557333	0.030306
0.557667	0.030203
0.558000	0.030319
0.558333	0.030433
0.558667	0.029216
0.559000	0.030679
0.559333	0.030791
0.559667	0.031019
0.560000	0.029710
0.560333	0.030319
0.560667	0.030176
0.561000	0.030581
0.561333	0.030533
0.561667	0.029640
0.562000	0.029623
0.562333	0.029610
0.562667	0.029236
0.563000	0.030358
0.563333	0.028949
0.563667	0.029976
0.564000	0.029824
0.564333	0.029878
0.564667	0.028891
0.565000	0.030471
0.565333	0.029835
0.565667	0.028952
0.566000	0.030519
0.566333	0.030755
0.566667	0.030327
0.567000	0.030435
0.567333	0.030047
0.567667	0.031040
0.568000	0.030642
0.568333	0.030494
0.568667	0.031040
0.569000	0.031530
0.569333	0.030234
0.569667	0.030298
0.570000	0.030463
0.570333	0.031613
0.570667	0.030416
0.571000	0.031257
0.571333	0.030369
0.571667	0.030302
0.572000	0.030554
0.572333	0.030920
0.572667	0.030576
0.573000	0.030336
0.573333	0.030684
0.573667	0.030836
0.574000	0.029578
0.574333	0.030597
0.574667	0.030363
0.575000	0.030541
0.575333	0.029869
0.575667	0.030435
0.576000	0.030000
0.576333	0.030625
0.576667	0.030917
0.577000	0.030888
0.577333	0.030392
0.577667	0.030085
0.578000	0.029920
0.578333	0.030061
0.578667	0.029424
0.579000	0.030080
0.579333	0.029471
0.579667	0.030919
0.580000	0.030885
0.580333	0.030825
0.580667	0.029819
0.581000	0.030497
0.581333	0.029915
0.581667	0.030042
0.582000	0.030860
0.582333	0.030584
0.582667	0.029719
0.583000	0.030985
0.583333	0.028989
0.583667	0.029745
0.584000	0.030488
0.584333	0.029371
0.584667	0.030183
0.585000	0.029765
0.585333	0.029574
0.585667	0.029409
0.586000	0.030742
0.586333	0.030566
0.586667	0.030185
0.587000	0.028843
0.587333	0.030226
0.587667	0.029522
0.588000	0.029863
0.588333	0.029637
0.588667	0.030208
0.589000	0.029765
0.589333	0.030205
0.589667	0.029825
0.590000	0.029942
0.590333	0.030147
0.590667	0.030065
0.591000	0.029637
0.591333	0.029224
0.591667	0.030035
0.592000	0.029995
0.592333	0.030474
0.592667	0.030341
0.593000	0.029479
0.593333	0.029827
0.593667	0.029621
0.594000	0.029423
0.594333	0.030281
0.594667	0.029775
0.595000	0.030252
0.595333	0.030160
0.595667	0.030903
0.596000	0.029285
0.596333	0.030023
0.596667	0.029584
0.597000	0.029535
0.597333	0.028852
0.597667	0.029816
0.598000	0.030669
0.598333	0.029569
0.598667	0.029339
0.599000	0.029687
0.599333	0.029287
0.599667	0.028704
0.600000	0.029312
0.600333	0.028596
0.600667	0.030632
0.601000	0.030447
0.601333	0.029832
0.601667	0.030156
0.602000	0.030619
0.602333	0.030367
0.602667	0.030196
0.603000	0.029810
0.603333	0.030448
0.603667	0.029351
0.604000	0.030008
0.604333	0.030016
0.604667	0.029722
0.605000	0.029833
0.605333	0.030358
0.605667	0.030530
0.606000	0.029940
0.606333	0.030352
0.606667	0.030222
0.607000	0.029796
0.607333	0.030221
0.607667	0.029104
0.608000	0.030656
0.608333	0.030142
0.608667	0.029082
0.609000	0.029167
0.609333	0.029898
0.609667	0.029507
0.610000	0.029540
0.610333	0.029809
0.610667	0.030602
0.611000	0.029887
0.611333	0.030827
0.611667	0.030267
0.612000	0.030108
0.612333	0.029677
0.612667	0.030285
0.613000	0.030753
0.613333	0.029957
0.613667	0.030439
0.614000	0.029295
0.614333	0.029343
0.614667	0.029681
0.615000	0.030766
0.615333	0.030104
0.615667	0.030068
0.616000	0.029342
0.616333	0.030606
0.616667	0.030384
0.617000	0.029804
0.617333	0.030200
0.617667	0.028890
0.618000	0.030460
0.618333	0.029187
0.618667	0.029653
0.619000	0.029398
0.619333	0.029942
0.619667	0.029823
0.620000	0.031230
0.620333	0.030278
0.620667	0.029016
0.621000	0.030888
0.621333	0.030529
0.621667	0.029511
0.622000	0.028827
0.622333	0.029343
0.622667	0.030582
0.623000	0.030016
0.623333	0.030870
0.623667	0.029832
0.624000	0.030081
0.624333	0.030709
0.624667	0.029220
0.625000	0.029622
0.625333	0.029580
0.625667	0.029783
0.626000	0.030278
0.626333	0.029771
0.626667	0.030330
0.627000	0.029946
0.627333	0.029546
0.627667	0.030140
0.628000	0.028969
0.628333	0.030760
0.628667	0.029630
0.629000	0.029715
0.629333	0.029745
0.629667	0.028606
0.630000	0.029674
0.630333	0.028809
0.630667	0.029992
0.631000	0.029555
0.631333	0.030129
0.631667	0.029500
0.632000	0.030189
0.632333	0.030158
0.632667	0.029526
0.633000	0.030028
0.633333	0.029282
0.633667	0.028973
0.634000	0.029434
0.634333	0.029333
0.634667	0.029292
0.635000	0.029139
0.635333	0.030004
0.635667	0.029590
0.636000	0.028839
0.636333	0.029652
0.636667	0.029080
0.637000	0.029310
0.637333	0.028650
0.637667	0.030451
0.638000	0.029625
0.638333	0.029457
0.638667	0.029505
0.639000	0.029529
0.639333	0.029253
0.639667	0.029952
0.640000	0.029056
0.640333	0.028795
0.640667	0.029666
0.641000	0.029056
0.641333	0.029184
0.641667	0.029525
0.642000	0.028694
0.642333	0.029508
0.642667	0.030088
0.643000	0.029436
0.643333	0.029464
0.643667	0.030368
0.644000	0.029718
0.644333	0.029208
0.644667	0.029355
0.645000	0.029144
0.645333	0.028421
0.645667	0.029410
0.646000	0.028895
0.646333	0.028421
0.646667	0.028957
0.647000	0.029435
0.647333	0.029753
0.647667	0.029344
0.648000	0.029549
0.648333	0.028823
0.648667	0.029144
0.649000	0.029436
0.649333	0.029063
0.649667	0.030206
0.650000	0.030177
0.650333	0.031166
0.650667	0.031338
0.651000	0.030447
0.651333	0.030553
0.651667	0.031706
0.652000	0.031976
0.652333	0.032808
0.652667	0.033559
0.653000	0.035209
0.653333	0.036595
0.653667	0.052496
0.654000	0.083554
0.654333	0.095870
0.654667	0.096116
0.655000	0.093412
0.655333	0.091874
0.655667	0.091489
0.656000	0.089365
0.656333	0.088822
0.656667	0.090831
0.657000	0.094469
0.657333	0.099179
0.657667	0.104641
0.658000	0.107006
0.658333	0.106949
0.658667	0.106003
0.659000	0.102459
0.659333	0.101049
0.659667	0.098817
0.660000	0.096801
0.660333	0.094682
0.660667	0.092600
0.661000	0.091256
0.661333	0.088564
0.661667	0.086691
0.662000	0.084825
0.662333	0.083553
0.662667	0.080885
0.663000	0.082002
0.663333	0.080332
0.663667	0.079178
0.664000	0.077553
0.664333	0.076884
0.664667	0.075750
0.665000	0.073072
0.665333	0.074016
0.665667	0.072449
0.666000	0.071411
0.666333	0.070301
0.666667	0.069544
0.667000	0.068495
0.667333	0.067953
0.667667	0.066414
0.668000	0.066976
0.668333	0.065807
0.668667	0.064698
0.669000	0.063847
0.669333	0.064107
0.669667	0.062471
0.670000	0.062522
0.670333	0.061766
0.670667	0.060966
0.671000	0.059893
0.671333	0.059847
0.671667	0.058980
0.672000	0.058534
0.672333	0.058509
0.672667	0.057835
0.673000	0.057145
0.673333	0.056923
0.673667	0.058221
0.674000	0.055881
0.674333	0.055522
0.674667	0.055421
0.675000	0.054681
0.675333	0.054324
0.675667	0.053489
0.676000	0.053632
0.676333	0.052440
0.676667	0.052854
0.677000	0.051896
0.677333	0.051688
0.677667	0.051760
0.678000	0.051414
0.678333	0.050695
0.678667	0.050621
0.679000	0.051023
0.679333	0.050270
0.679667	0.049561
0.680000	0.050171
0.680333	0.049212
0.680667	0.049172
0.681000	0.049599
0.681333	0.049167
0.681667	0.049408
0.682000	0.048206
0.682333	0.049152
0.682667	0.047247
0.683000	0.047096
0.683333	0.047340
0.683667	0.046157
0.684000	0.047192
0.684333	0.046656
0.684667	0.047446
0.685000	0.046718
0.685333	0.046821
0.685667	0.046853
0.686000	0.045714
0.686333	0.046164
0.686667	0.046083
0.687000	0.045636
0.687333	0.045039
0.687667	0.045831
0.688000	0.044835
0.688333	0.044490
0.688667	0.044378
0.689000	0.045116
0.689333	0.043660
0.689667	0.044165
0.690000	0.043763
0.690333	0.043837
0.690667	0.044151
0.691000	0.043910
0.691333	0.043151
0.691667	0.043410
0.692000	0.042509
0.692333	0.044446
0.692667	0.042645
0.693000	0.043412
0.693333	0.041696
0.693667	0.041996
0.694000	0.043428
0.694333	0.041575
0.694667	0.042283
0.695000	0.041316
0.695333	0.041590
0.695667	0.042003
0.696000	0.041172
0.696333	0.041824
0.696667	0.041733
0.697000	0.040857
0.697333	0.041446
0.697667	0.040790
0.698000	0.041268
0.698333	0.040667
0.698667	0.039732
0.699000	0.041036
0.699333	0.040838
0.699667	0.041544
0.700000	0.041379
0.700333	0.039526
0.700667	0.039573
0.701000	0.040935
0.701333	0.039633
0.701667	0.039475
0.702000	0.040076
0.702333	0.040119
0.702667	0.039253
0.703000	0.039422
0.703333	0.038888
0.703667	0.039432
0.704000	0.039906
0.704333	0.038659
0.704667	0.038282
0.705000	0.039635
0.705333	0.039737
0.705667	0.038279
0.706000	0.039415
0.706333	0.038085
0.706667	0.038632
0.707000	0.039657
0.707333	0.037683
0.707667	0.038575
0.708000	0.038220
0.708333	0.038311
0.708667	0.037980
0.709000	0.038171
0.709333	0.038146
0.709667	0.037412
0.710000	0.036675
0.710333	0.038745
0.710667	0.037329
0.711000	0.037594
0.711333	0.038275
0.711667	0.036715
0.712000	0.037730
0.712333	0.037798
0.712667	0.036415
0.713000	0.037888
0.713333	0.036054
0.713667	0.037514
0.714000	0.038290
0.714333	0.037045
0.714667	0.036484
0.715000	0.037142
0.715333	0.036943
0.715667	0.036455
0.716000	0.036631
0.716333	0.036433
0.716667	0.037439
0.717000	0.037079
0.717333	0.035956
0.717667	0.036099
0.718000	0.036404
0.718333	0.036478
0.718667	0.036724
0.719000	0.037094
0.719333	0.036646
0.719667	0.036053
0.720000	0.035738
0.720333	0.037431
0.720667	0.036029
0.721000	0.035972
0.721333	0.035725
0.721667	0.035105
0.722000	0.035541
0.722333	0.036081
0.722667	0.035477
0.723000	0.035620
0.723333	0.035100
0.723667	0.035037
0.724000	0.035802
0.724333	0.035416
0.724667	0.035630
0.725000	0.035244
0.725333	0.034719
0.725667	0.035009
0.726000	0.035674
0.726333	0.035114
0.726667	0.035231
0.727000	0.035515
0.727333	0.034243
0.727667	0.035284
0.728000	0.033557
0.728333	0.033934
0.728667	0.035430
0.729000	0.034603
0.729333	0.034151
0.729667	0.034977
0.730000	0.034501
0.730333	0.035567
0.730667	0.034342
0.731000	0.034213
0.731333	0.034657
0.731667	0.035148
0.732000	0.034493
0.732333	0.034143
0.732667	0.035015
0.733000	0.033590
0.733333	0.035135
0.733667	0.035542
0.734000	0.035705
0.734333	0.035039
0.734667	0.035171
0.735000	0.034779
0.735333	0.034505
0.735667	0.034434
0.736000	0.035494
0.736333	0.033753
0.736667	0.034977
0.737000	0.033610
0.737333	0.034550
0.737667	0.034459
0.738000	0.034042
0.738333	0.033987
0.738667	0.033829
0.739000	0.033794
0.739333	0.033374
0.739667	0.033932
0.740000	0.034229
0.740333	0.033904
0.740667	0.034210
0.741000	0.034265
0.741333	0.034216
0.741667	0.034775
0.742000	0.035103
0.742333	0.032639
0.742667	0.033977
0.743000	0.033648
0.743333	0.033029
0.743667	0.033735
0.744000	0.034570
0.744333	0.034284
0.744667	0.033351
0.745000	0.033234
0.745333	0.034709
0.745667	0.033569
0.746000	0.033169
0.746333	0.034148
0.746667	0.033337
0.747000	0.033080
0.747333	0.033546
0.747667	0.033304
0.748000	0.032693
0.748333	0.033117
0.748667	0.034008
0.749000	0.033315
0.749333	0.033146
0.749667	0.032247
0.750000	0.032981
0.750333	0.033671
0.750667	0.033769
0.751000	0.032374
0.751333	0.033410
0.751667	0.031889
0.752000	0.033680
0.752333	0.033516
0.752667	0.032954
0.753000	0.033229
0.753333	0.033210
0.753667	0.032678
0.754000	0.032349
0.754333	0.032354
0.754667	0.033233
0.755000	0.033137
0.755333	0.033049
0.755667	0.032840
0.756000	0.032409
0.756333	0.032542
0.756667	0.032032
0.757000	0.033288
0.757333	0.032884
0.757667	0.033277
0.758000	0.032545
0.758333	0.032803
0.758667	0.033133
0.759000	0.032542
0.759333	0.032373
0.759667	0.032941
0.760000	0.032754
0.760333	0.032349
0.760667	0.031640
0.761000	0.033264
0.761333	0.032649
0.761667	0.033106
0.762000	0.031509
0.762333	0.032703
0.762667	0.032176
0.763000	0.033068
0.763333	0.031743
0.763667	0.033179
0.764000	0.032115
0.764333	0.032355
0.764667	0.032578
0.765000	0.032217
0.765333	0.032298
0.765667	0.032052
0.766000	0.033162
0.766333	0.031751
0.766667	0.032261
0.767000	0.032464
0.767333	0.031848
0.767667	0.032520
0.768000	0.032546
0.768333	0.032583
0.768667	0.031855
0.769000	0.032181
0.769333	0.032348
0.769667	0.032272
0.770000	0.032842
0.770333	0.031397
0.770667	0.032227
0.771000	0.032503
0.771333	0.032855
0.771667	0.032657
0.772000	0.031996
0.772333	0.032055
0.772667	0.031995
0.773000	0.031326
0.773333	0.032202
0.773667	0.032535
0.774000	0.031694
0.774333	0.031383
0.774667	0.032699
0.775000	0.032637
0.775333	0.031388
0.775667	0.032441
0.776000	0.032128
0.776333	0.032346
0.776667	0.032494
0.777000	0.031422
0.777333	0.032561
0.777667	0.032059
0.778000	0.031015
0.778333	0.032508
0.778667	0.031538
0.779000	0.032151
0.779333	0.032899
0.779667	0.032681
0.780000	0.034246
0.780333	0.034238
0.780667	0.034560
0.781000	0.035865
0.781333	0.038415
0.781667	0.045191
0.782000	0.063792
0.782333	0.085131
0.782667	0.092026
0.783000	0.091920
0.783333	0.091108
0.783667	0.089455
0.784000	0.088192
0.784333	0.086717
0.784667	0.086275
0.785000	0.086115
0.785333	0.085403
0.785667	0.084598
0.786000	0.084374
0.786333	0.081374
0.786667	0.081385
0.787000	0.079949
0.787333	0.080580
0.787667	0.079364
0.788000	0.077023
0.788333	0.076010
0.788667	0.075066
0.789000	0.074163
0.789333	0.072683
0.789667	0.070762
0.790000	0.070261
0.790333	0.068957
0.790667	0.067954
0.791000	0.065929
0.791333	0.065941
0.791667	0.065162
0.792000	0.065062
0.792333	0.063168
0.792667	0.063482
0.793000	0.062321
0.793333	0.060961
0.793667	0.058981
0.794000	0.060144
0.794333	0.058489
0.794667	0.058552
0.795000	0.057839
0.795333	0.056717
0.795667	0.057849
0.796000	0.055363
0.796333	0.056498
0.796667	0.056183
0.797000	0.053716
0.797333	0.054729
0.797667	0.054052
0.798000	0.053112
0.798333	0.052544
0.798667	0.053667
0.799000	0.052262
0.799333	0.051991
0.799667	0.051693
0.800000	0.050799
0.800333	0.050581
0.800667	0.050440
0.801000	0.050171
0.801333	0.049963
0.801667	0.049436
0.802000	0.048952
0.802333	0.049625
0.802667	0.049096
0.803000	0.049016
0.803333	0.048741
0.803667	0.047952
0.804000	0.047399
0.804333	0.047495
0.804667	0.046056
0.805000	0.046700
0.805333	0.046723
0.805667	0.046026
0.806000	0.046174
0.806333	0.045681
0.806667	0.045630
0.807000	0.045714
0.807333	0.045654
0.807667	0.046404
0.808000	0.045562
0.808333	0.044795
0.808667	0.044546
0.809000	0.044550
0.809333	0.044706
0.809667	0.043399
0.810000	0.044268
0.810333	0.044201
0.810667	0.044259
0.811000	0.042803
0.811333	0.043796
0.811667	0.042981
0.812000	0.043337
0.812333	0.042679
0.812667	0.043078
0.813000	0.042911
0.813333	0.042566
0.813667	0.042094
0.814000	0.041759
0.814333	0.042135
0.814667	0.041971
0.815000	0.042112
0.815333	0.041819
0.815667	0.041077
0.816000	0.040591
0.816333	0.041625
0.816667	0.040624
0.817000	0.041544
0.817333	0.040270
0.817667	0.040908
0.818000	0.040800
0.818333	0.040049
0.818667	0.040982
0.819000	0.040958
0.819333	0.041550
0.819667	0.040619
0.820000	0.040500
0.820333	0.040060
0.820667	0.039817
0.821000	0.040532
0.821333	0.040115
0.821667	0.040337
0.822000	0.039799
0.822333	0.039800
0.822667	0.039997
0.823000	0.040332
0.823333	0.039163
0.823667	0.038693
0.824000	0.038997
0.824333	0.039434
0.824667	0.039353
0.825000	0.038961
0.825333	0.039066
0.825667	0.038422
0.826000	0.038969
0.826333	0.039414
0.826667	0.038699
0.827000	0.038002
0.827333	0.037685
0.827667	0.038173
0.828000	0.038841
0.828333	0.037908
0.828667	0.037411
0.829000	0.037261
0.829333	0.039174
0.829667	0.038758
0.830000	0.037767
0.830333	0.038878
0.830667	0.038140
0.831000	0.037489
0.831333	0.037421
0.831667	0.037732
0.832000	0.037943
0.832333	0.037268
0.832667	0.037116
0.833000	0.037799
0.833333	0.037586
0.833667	0.037865
0.834000	0.036806
0.834333	0.037015
0.834667	0.036637
0.835000	0.037311
0.835333	0.037439
0.835667	0.037233
0.836000	0.036598
0.836333	0.036986
0.836667	0.038186
0.837000	0.036603
0.837333	0.036910
0.837667	0.036774
0.838000	0.036343
0.838333	0.036878
0.838667	0.036546
0.839000	0.036738
0.839333	0.036315
0.839667	0.035898
0.840000	0.036433
0.840333	0.035493
0.840667	0.036477
0.841000	0.037119
0.841333	0.035686
0.841667	0.036138
0.842000	0.036003
0.842333	0.035918
0.842667	0.036538
0.843000	0.035647
0.843333	0.035528
0.843667	0.035969
0.844000	0.035361
0.844333	0.035832
0.844667	0.035747
0.845000	0.035840
0.845333	0.035132
0.845667	0.036371
0.846000	0.036461
0.846333	0.035478
0.846667	0.034943
0.847000	0.035979
0.847333	0.035504
0.847667	0.035982
0.848000	0.035677
0.848333	0.035144
0.848667	0.035351
0.849000	0.035389
0.849333	0.035460
0.849667	0.035323
0.850000	0.035362
0.850333	0.035574
0.850667	0.034533
0.851000	0.035027
0.851333	0.034155
0.851667	0.035417
0.852000	0.034419
0.852333	0.035996
0.852667	0.034690
0.853000	0.036052
0.853333	0.034970
0.853667	0.034442
0.854000	0.034232
0.854333	0.034464
0.854667	0.035657
0.855000	0.034756
0.855333	0.034241
0.855667	0.035233
0.856000	0.033938
0.856333	0.033918
0.856667	0.035370
0.857000	0.035365
0.857333	0.034695
0.857667	0.035307
0.858000	0.034679
0.858333	0.034761
0.858667	0.033549
0.859000	0.034320
0.859333	0.035430
0.859667	0.034771
0.860000	0.035450
0.860333	0.034248
0.860667	0.034702
0.861000	0.033258
0.861333	0.034781
0.861667	0.034225
0.862000	0.035093
0.862333	0.034263
0.862667	0.035114
0.863000	0.034275
0.863333	0.034535
0.863667	0.033608
0.864000	0.034761
0.864333	0.034077
0.864667	0.035256
0.865000	0.034720
0.865333	0.034020
0.865667	0.033701
0.866000	0.034011
0.866333	0.033684
0.866667	0.034964
0.867000	0.033916
0.867333	0.033974
0.867667	0.034251
0.868000	0.034801
0.868333	0.032983
0.868667	0.033962
0.869000	0.034334
0.869333	0.033854
0.869667	0.033481
0.870000	0.034521
0.870333	0.033939
0.870667	0.033657
0.871000	0.033228
0.871333	0.033725
0.871667	0.033289
0.872000	0.033207
0.872333	0.034094
0.872667	0.033995
0.873000	0.033354
0.873333	0.034189
0.873667	0.032426
0.874000	0.034196
0.874333	0.034287
0.874667	0.033904
0.875000	0.034317
0.875333	0.033953
0.875667	0.033356
0.876000	0.034894
0.876333	0.034174
0.876667	0.033081
0.877000	0.034375
0.877333	0.033280
0.877667	0.033105
0.878000	0.032915
0.878333	0.033546
0.878667	0.033969
0.879000	0.033559
0.879333	0.033300
0.879667	0.033210
0.880000	0.034024
0.880333	0.032829
0.880667	0.033849
0.881000	0.033569
0.881333	0.033219
0.881667	0.033835
0.882000	0.033533
0.882333	0.032743
0.882667	0.033526
0.883000	0.033172
0.883333	0.033822
0.883667	0.033958
0.884000	0.032950
0.884333	0.033225
0.884667	0.032758
0.885000	0.032670
0.885333	0.032770
0.885667	0.033282
0.886000	0.033378
0.886333	0.033062
0.886667	0.032392
0.887000	0.033340
0.887333	0.032879
0.887667	0.032922
0.888000	0.032908
0.888333	0.033491
0.888667	0.033130
0.889000	0.032638
0.889333	0.034005
0.889667	0.033405
0.890000	0.033288
0.890333	0.033732
0.890667	0.033654
0.891000	0.033697
0.891333	0.033708
0.891667	0.032736
0.892000	0.032739
0.892333	0.032985
0.892667	0.032888
0.893000	0.033175
0.893333	0.033348
0.893667	0.032452
0.894000	0.034263
0.894333	0.033968
0.894667	0.032918
0.895000	0.032520
0.895333	0.032681
0.895667	0.033067
0.896000	0.033343
0.896333	0.033509
0.896667	0.033059
0.897000	0.032943
0.897333	0.032960
0.897667	0.032624
0.898000	0.033526
0.898333	0.033204
0.898667	0.032792
0.899000	0.032959
0.899333	0.032132
0.899667	0.033514
0.900000	0.033187
0.900333	0.033893
0.900667	0.033325
0.901000	0.033485
0.901333	0.032299
0.901667	0.032954
0.902000	0.033481
0.902333	0.033483
0.902667	0.033247
0.903000	0.033063
0.903333	0.031520
0.903667	0.033957
0.904000	0.032604
0.904333	0.034348
0.904667	0.033186
0.905000	0.032861
0.905333	0.033371
0.905667	0.033451
0.906000	0.033591
0.906333	0.032866
0.906667	0.032271
0.907000	0.033071
0.907333	0.032512
0.907667	0.033653
0.908000	0.032744
0.908333	0.032769
0.908667	0.032916
0.909000	0.033050
0.909333	0.033001
0.909667	0.032772
0.910000	0.033366
0.910333	0.033152
0.910667	0.032485
0.911000	0.033441
0.911333	0.033218
0.911667	0.033517
0.912000	0.032707
0.912333	0.032493
0.912667	0.033227
0.913000	0.033936
0.913333	0.033128
0.913667	0.033270
0.914000	0.033941
0.914333	0.032874
0.914667	0.033699
0.915000	0.032642
0.915333	0.032668
0.915667	0.032531
0.916000	0.033713
0.916333	0.033238
0.916667	0.032944
0.917000	0.033387
0.917333	0.032372
0.917667	0.033714
0.918000	0.032689
0.918333	0.032993
0.918667	0.033091
0.919000	0.033445
0.919333	0.033414
0.919667	0.033319
0.920000	0.033574
0.920333	0.032830
0.920667	0.033297
0.921000	0.034410
0.921333	0.034059
0.921667	0.033961
0.922000	0.033957
0.922333	0.033487
0.922667	0.032716
0.923000	0.033431
0.923333	0.033329
0.923667	0.033136
0.924000	0.032667
0.924333	0.033698
0.924667	0.033978
0.925000	0.033933
0.925333	0.033085
0.925667	0.032957
0.926000	0.032444
0.926333	0.033139
0.926667	0.032967
0.927000	0.033287
0.927333	0.033097
0.927667	0.032725
0.928000	0.033518
0.928333	0.033831
0.928667	0.032321
0.929000	0.034391
0.929333	0.033842
0.929667	0.032899
0.930000	0.032703
0.930333	0.033733
0.930667	0.033510
0.931000	0.033352
0.931333	0.032851
0.931667	0.033059
0.932000	0.033279
0.932333	0.033887
0.932667	0.033348
0.933000	0.032909
0.933333	0.033581
0.933667	0.033417
0.934000	0.032987
0.934333	0.033203
0.934667	0.033124
0.935000	0.032477
0.935333	0.033423
0.935667	0.033809
0.936000	0.033049
0.936333	0.032813
0.936667	0.032559
0.937000	0.032800
0.937333	0.032839
0.937667	0.032987
0.938000	0.033766
0.938333	0.033406
0.938667	0.033536
0.939000	0.033872
0.939333	0.034421
0.939667	0.032831
0.940000	0.033319
0.940333	0.033601
0.940667	0.034174
0.941000	0.033788
0.941333	0.033949
0.941667	0.032926
0.942000	0.032902
0.942333	0.033965
0.942667	0.034424
0.943000	0.033816
0.943333	0.034093
0.943667	0.034048
0.944000	0.034338
0.944333	0.033269
0.944667	0.034153
0.945000	0.034035
0.945333	0.033456
0.945667	0.033636
0.946000	0.033622
0.946333	0.032926
0.946667	0.033911
0.947000	0.033337
0.947333	0.033696
0.947667	0.034340
0.948000	0.034326
0.948333	0.033899
0.948667	0.034103
0.949000	0.033127
0.949333	0.033549
0.949667	0.034519
0.950000	0.033687
0.950333	0.033462
0.950667	0.033064
0.951000	0.033821
0.951333	0.033673
0.951667	0.033790
0.952000	0.032972
0.952333	0.033585
0.952667	0.033441
0.953000	0.032703
0.953333	0.033493
0.953667	0.034436
0.954000	0.032844
0.954333	0.034052
0.954667	0.033358
0.955000	0.032962
0.955333	0.034059
0.955667	0.033692
0.956000	0.032595
0.956333	0.033428
0.956667	0.033916
0.957000	0.033121
0.957333	0.033484
0.957667	0.032949
0.958000	0.033751
0.958333	0.034251
0.958667	0.034020
0.959000	0.033726
0.959333	0.033979
0.959667	0.034086
0.960000	0.033453
0.960333	0.034166
0.960667	0.033896
0.961000	0.033840
0.961333	0.033343
0.961667	0.033914
0.962000	0.032459
0.962333	0.033783
0.962667	0.033953
0.963000	0.034427
0.963333	0.034177
0.963667	0.033878
0.964000	0.033659
0.964333	0.033861
0.964667	0.034554
0.965000	0.033751
0.965333	0.033868
0.965667	0.033981
0.966000	0.033274
0.966333	0.034497
0.966667	0.034295
0.967000	0.033366
0.967333	0.033727
0.967667	0.033372
0.968000	0.034569
0.968333	0.034511
0.968667	0.033689
0.969000	0.034463
0.969333	0.032876
0.969667	0.033572
0.970000	0.034057
0.970333	0.034018
0.970667	0.034250
0.971000	0.033454
0.971333	0.034137
0.971667	0.033637
0.972000	0.033030
0.972333	0.033278
0.972667	0.033460
0.973000	0.034119
0.973333	0.034392
0.973667	0.033763
0.974000	0.034023
0.974333	0.034379
0.974667	0.035561
0.975000	0.035244
0.975333	0.034775
0.975667	0.034681
0.976000	0.035236
0.976333	0.035248
0.976667	0.034945
0.977000	0.034522
0.977333	0.034825
0.977667	0.034195
0.978000	0.034313
0.978333	0.033443
0.978667	0.033923
0.979000	0.033958
0.979333	0.032868
0.979667	0.032048
0.980000	0.033671
0.980333	0.034159
0.980667	0.034302
0.981000	0.034314
0.981333	0.033332
0.981667	0.034002
0.982000	0.034627
0.982333	0.035036
0.982667	0.033903
0.983000	0.033986
0.983333	0.033501
0.983667	0.033821
0.984000	0.034093
0.984333	0.034848
0.984667	0.034165
0.985000	0.034095
0.985333	0.034689
0.985667	0.032781
0.986000	0.034693
0.986333	0.033875
0.986667	0.034516
0.987000	0.033810
0.987333	0.033524
0.987667	0.035560
0.988000	0.034905
0.988333	0.034349
0.988667	0.034687
0.989000	0.035472
0.989333	0.034755
0.989667	0.034968
0.990000	0.036019
0.990333	0.035456
0.990667	0.034796
0.991000	0.033644
0.991333	0.035647
0.991667	0.034968
0.992000	0.034387
0.992333	0.034355
0.992667	0.033694
0.993000	0.034622
0.993333	0.034390
0.993667	0.033780
0.994000	0.035107
0.994333	0.034338
0.994667	0.034530
0.995000	0.033945
0.995333	0.035637
0.995667	0.035296
0.996000	0.034545
0.996333	0.034960
0.996667	0.036030
0.997000	0.034431
0.997333	0.035486
0.997667	0.035279
0.998000	0.035090
0.998333	0.034505
0.998667	0.034951
0.999000	0.035396
0.999333	0.034684
0.999667	0.034304
1.000000	0.034668
1.000333	0.027425
1.000667	0.027639
1.001000	0.027369
1.001333	0.026949
1.001667	0.026929
1.002000	0.026712
1.002333	0.027344
1.002667	0.027454
1.003000	0.026908
1.003333	0.028366
1.003667	0.027600
1.004000	0.027240
1.004333	0.027475
1.004667	0.028494
1.005000	0.026830
1.005333	0.026708
1.005667	0.025979
1.006000	0.027433
1.006333	0.026640
1.006667	0.027183
1.007000	0.027763
1.007333	0.026824
1.007667	0.027122
1.008000	0.027328
1.008333	0.028518
1.008667	0.027895
1.009000	0.028072
1.009333	0.028735
1.009667	0.028238
1.010000	0.026982
1.010333	0.026746
1.010667	0.026676
1.011000	0.027482
1.011333	0.026982
1.011667	0.027049
1.012000	0.027464
1.012333	0.027797
1.012667	0.027229
1.013000	0.027340
1.013333	0.027707
1.013667	0.026957
1.014000	0.028019
1.014333	0.027566
1.014667	0.026954
1.015000	0.027371
1.015333	0.028553
1.015667	0.027832
1.016000	0.027455
1.016333	0.028086
1.016667	0.027900
1.017000	0.027281
1.017333	0.027386
1.017667	0.027583
1.018000	0.026776
1.018333	0.027580
1.018667	0.027223
1.019000	0.026928
1.019333	0.028223
1.019667	0.027105
1.020000	0.026856
1.020333	0.027259
1.020667	0.026956
1.021000	0.027153
1.021333	0.027076
1.021667	0.027574
1.022000	0.027671
1.022333	0.028262
1.022667	0.028317
1.023000	0.027565
1.023333	0.027179
1.023667	0.027034
1.024000	0.027850
1.024333	0.027681
1.024667	0.027152
1.025000	0.027250
1.025333	0.027174
1.025667	0.026843
1.026000	0.026891
1.026333	0.026963
1.026667	0.026821
1.027000	0.027484
1.027333	0.027816
1.027667	0.027053
1.028000	0.027902
1.028333	0.026895
1.028667	0.028441
1.029000	0.027150
1.029333	0.027152
1.029667	0.027535
1.030000	0.027484
1.030333	0.027332
1.030667	0.027018
1.031000	0.027894
1.031333	0.026896
1.031667	0.028063
1.032000	0.027351
1.032333	0.026589
1.032667	0.027185
1.033000	0.027152
1.033333	0.027915
1.033667	0.026756
1.034000	0.027751
1.034333	0.027761
1.034667	0.027349
1.035000	0.028010
1.035333	0.027477
1.035667	0.028064
1.036000	0.027688
1.036333	0.027825
1.036667	0.027357
1.037000	0.028017
1.037333	0.027769
1.037667	0.027364
1.038000	0.027434
1.038333	0.027366
1.038667	0.026882
1.039000	0.026799
1.039333	0.027129
1.039667	0.029229
1.040000	0.029134
1.040333	0.029872
1.040667	0.029384
1.041000	0.029882
1.041333	0.029939
1.041667	0.030248
1.042000	0.030443
1.042333	0.030202
1.042667	0.031770
1.043000	0.035368
1.043333	0.057433
1.043667	0.080260
1.044000	0.084733
1.044333	0.081907
1.044667	0.082047
1.045000	0.079952
1.045333	0.078402
1.045667	0.076682
1.046000	0.075812
1.046333	0.074458
1.046667	0.074540
1.047000	0.082313
1.047333	0.097762
1.047667	0.108181
1.048000	0.107551
1.048333	0.105183
1.048667	0.100898
1.049000	0.098740
1.049333	0.096631
1.049667	0.094155
1.050000	0.092082
1.050333	0.088874
1.050667	0.087991
1.051000	0.086483
1.051333	0.086966
1.051667	0.086615
1.052000	0.088068
1.052333	0.092079
1.052667	0.093098
1.053000	0.092199
1.053333	0.091630
1.053667	0.089429
1.054000	0.087439
1.054333	0.086562
1.054667	0.084951
1.055000	0.082237
1.055333	0.081505
1.055667	0.079925
1.056000	0.078744
1.056333	0.077887
1.056667	0.075837
1.057000	0.074163
1.057333	0.074253
1.057667	0.072336
1.058000	0.071854
1.058333	0.070161
1.058667	0.069070
1.059000	0.068432
1.059333	0.067551
1.059667	0.067002
1.060000	0.066131
1.060333	0.066450
1.060667	0.065022
1.061000	0.064154
1.061333	0.062995
1.061667	0.063019
1.062000	0.062741
1.062333	0.061211
1.062667	0.060578
1.063000	0.060804
1.063333	0.059700
1.063667	0.058332
1.064000	0.057672
1.064333	0.058053
1.064667	0.057825
1.065000	0.057341
1.065333	0.056840
1.065667	0.055660
1.066000	0.054964
1.066333	0.055522
1.066667	0.053613
1.067000	0.054610
1.067333	0.054566
1.067667	0.054151
1.068000	0.053922
1.068333	0.053180
1.068667	0.053083
1.069000	0.051700
1.069333	0.051600
1.069667	0.051425
1.070000	0.050877
1.070333	0.051049
1.070667	0.050572
1.071000	0.050009
1.071333	0.050244
1.071667	0.050249
1.072000	0.048696
1.072333	0.049775
1.072667	0.048775
1.073000	0.048202
1.073333	0.049276
1.073667	0.048901
1.074000	0.047398
1.074333	0.047604
1.074667	0.046957
1.075000	0.047178
1.075333	0.046091
1.075667	0.047135
1.076000	0.046283
1.076333	0.046850
1.076667	0.047024
1.077000	0.045922
1.077333	0.045359
1.077667	0.045294
1.078000	0.045678
1.078333	0.045434
1.078667	0.044780
1.079000	0.044337
1.079333	0.045049
1.079667	0.044683
1.080000	0.044193
1.080333	0.043420
1.080667	0.044221
1.081000	0.044442
1.081333	0.043979
1.081667	0.044612
1.082000	0.044045
1.082333	0.043052
1.082667	0.042722
1.083000	0.042709
1.083333	0.042622
1.083667	0.043331
1.084000	0.042886
1.084333	0.042495
1.084667	0.041401
1.085000	0.042533
1.085333	0.041958
1.085667	0.041410
1.086000	0.042248
1.086333	0.041695
1.086667	0.042351
1.087000	0.041603
1.087333	0.041321
1.087667	0.040747
1.088000	0.041717
1.088333	0.040311
1.088667	0.041120
1.089000	0.040040
1.089333	0.040991
1.089667	0.040586
1.090000	0.041168
1.090333	0.040736
1.090667	0.040629
1.091000	0.040979
1.091333	0.039379
1.091667	0.040524
1.092000	0.040015
1.092333	0.039616
1.092667	0.039677
1.093000	0.039030
1.093333	0.039452
1.093667	0.040215
1.094000	0.039190
1.094333	0.039318
1.094667	0.038728
1.095000	0.039057
1.095333	0.038899
1.095667	0.038871
1.096000	0.038240
1.096333	0.037987
1.096667	0.038271
1.097000	0.037874
1.097333	0.038431
1.097667	0.038801
1.098000	0.037985
1.098333	0.038249
1.098667	0.038157
1.099000	0.038402
1.099333	0.037917
1.099667	0.037572
1.100000	0.037939
1.100333	0.037005
1.100667	0.037899
1.101000	0.037968
1.101333	0.037637
1.101667	0.037943
1.102000	0.037829
1.102333	0.036889
1.102667	0.037445
1.103000	0.037823
1.103333	0.038198
1.103667	0.037441
1.104000	0.037239
1.104333	0.036610
1.104667	0.036793
1.105000	0.037298
1.105333	0.036328
1.105667	0.036173
1.106000	0.038130
1.106333	0.037541
1.106667	0.036947
1.107000	0.037101
1.107333	0.036107
1.107667	0.035997
1.108000	0.036703
1.108333	0.035862
1.108667	0.036400
1.109000	0.036474
1.109333	0.036584
1.109667	0.036378
1.110000	0.036741
1.110333	0.036663
1.110667	0.036381
1.111000	0.036290
1.111333	0.036472
1.111667	0.035760
1.112000	0.036422
1.112333	0.037030
1.112667	0.037243
1.113000	0.036323
1.113333	0.035255
1.113667	0.035966
1.114000	0.036444
1.114333	0.035184
1.114667	0.035926
1.115000	0.036105
1.115333	0.035886
1.115667	0.035275
1.116000	0.035809
1.116333	0.035574
1.116667	0.035230
1.117000	0.035024
1.117333	0.035824
1.117667	0.035742
1.118000	0.034773
1.118333	0.036050
1.118667	0.035466
1.119000	0.035470
1.119333	0.035795
1.119667	0.035379
1.120000	0.034695
1.120333	0.034690
1.120667	0.034632
1.121000	0.035424
1.121333	0.035671
1.121667	0.034823
1.122000	0.034321
1.122333	0.035926
1.122667	0.035003
1.123000	0.035730
1.123333	0.035735
1.123667	0.035059
1.124000	0.034549
1.124333	0.035351
1.124667	0.035911
1.125000	0.034230
1.125333	0.034992
1.125667	0.033779
1.126000	0.033901
1.126333	0.035172
1.126667	0.034477
1.127000	0.035124
1.127333	0.033266
1.127667	0.035136
1.128000	0.034117
1.128333	0.033814
1.128667	0.034453
1.129000	0.034885
1.129333	0.034150
1.129667	0.034416
1.130000	0.034008
1.130333	0.034786
1.130667	0.033389
1.131000	0.033812
1.131333	0.033576
1.131667	0.033463
1.132000	0.033189
1.132333	0.033171
1.132667	0.033916
1.133000	0.034198
1.133333	0.033639
1.133667	0.033835
1.134000	0.033331
1.134333	0.033690
1.134667	0.033715
1.135000	0.033323
1.135333	0.034207
1.135667	0.033400
1.136000	0.033992
1.136333	0.034220
1.136667	0.033527
1.137000	0.033769
1.137333	0.033626
1.137667	0.034152
1.138000	0.033542
1.138333	0.033165
1.138667	0.033899
1.139000	0.033434
1.139333	0.033619
1.139667	0.033608
1.140000	0.033655
1.140333	0.033210
1.140667	0.033658
1.141000	0.034175
1.141333	0.032754
1.141667	0.033722
1.142000	0.032487
1.142333	0.033395
1.142667	0.033181
1.143000	0.033264
1.143333	0.033648
1.143667	0.033191
1.144000	0.033558
1.144333	0.033119
1.144667	0.033684
1.145000	0.033172
1.145333	0.033081
1.145667	0.032908
1.146000	0.033072
1.146333	0.033660
1.146667	0.032821
1.147000	0.033469
1.147333	0.033629
1.147667	0.033069
1.148000	0.032914
1.148333	0.032865
1.148667	0.033560
1.149000	0.033395
1.149333	0.033567
1.149667	0.032480
1.150000	0.033115
1.150333	0.032782
1.150667	0.033016
1.151000	0.033592
1.151333	0.032656
1.151667	0.032888
1.152000	0.032043
1.152333	0.032523
1.152667	0.032672
1.153000	0.033176
1.153333	0.032980
1.153667	0.033076
1.154000	0.032232
1.154333	0.031988
1.154667	0.033328
1.155000	0.034006
1.155333	0.034036
1.155667	0.031894
1.156000	0.032906
1.156333	0.032519
1.156667	0.032722
1.157000	0.032371
1.157333	0.032683
1.157667	0.031777
1.158000	0.032756
1.158333	0.032614
1.158667	0.033405
1.159000	0.033511
1.159333	0.032764
1.159667	0.032270
1.160000	0.032994
1.160333	0.033341
1.160667	0.031901
1.161000	0.032102
1.161333	0.032568
1.161667	0.032123
1.162000	0.032276
1.162333	0.031983
1.162667	0.032799
1.163000	0.031809
1.163333	0.033148
1.163667	0.032227
1.164000	0.033331
1.164333	0.031914
1.164667	0.032044
1.165000	0.033211
1.165333	0.033558
1.165667	0.032988
1.166000	0.032587
1.166333	0.033224
1.166667	0.032965
1.167000	0.032840
1.167333	0.032358
1.167667	0.032934
1.168000	0.031560
1.168333	0.032735
1.168667	0.032699
1.169000	0.032294
1.169333	0.032489
1.169667	0.031633
1.170000	0.032052
1.170333	0.032137
1.170667	0.033065
1.171000	0.032744
1.171333	0.032498
1.171667	0.032795
1.172000	0.032494
1.172333	0.032412
1.172667	0.031783
1.173000	0.031053
1.173333	0.032104
1.173667	0.032709
1.174000	0.032667
1.174333	0.031906
1.174667	0.032429
1.175000	0.032301
1.175333	0.032743
1.175667	0.032154
1.176000	0.031883
1.176333	0.033038
1.176667	0.032231
1.177000	0.032198
1.177333	0.032732
1.177667	0.031709
1.178000	0.032530
1.178333	0.032066
1.178667	0.032176
1.179000	0.031842
1.179333	0.033265
1.179667	0.032632
1.180000	0.031307
1.180333	0.032580
1.180667	0.032231
1.181000	0.031857
1.181333	0.032973
1.181667	0.032196
1.182000	0.031821
1.182333	0.032137
1.182667	0.031988
1.183000	0.032000
1.183333	0.032647
1.183667	0.031803
1.184000	0.032224
1.184333	0.031859
1.184667	0.032306
1.185000	0.031932
1.185333	0.032107
1.185667	0.032248
1.186000	0.031309
1.186333	0.031543
1.186667	0.031577
1.187000	0.032924
1.187333	0.031505
1.187667	0.031559
1.188000	0.031367
1.188333	0.032380
1.188667	0.032127
1.189000	0.031211
1.189333	0.031446
1.189667	0.031876
1.190000	0.031581
1.190333	0.032474
1.190667	0.032048
1.191000	0.031024
1.191333	0.032375
1.191667	0.032340
1.192000	0.031988
1.192333	0.031947
1.192667	0.031882
1.193000	0.030895
1.193333	0.032290
1.193667	0.031757
1.194000	0.031788
1.194333	0.031503
1.194667	0.032344
1.195000	0.032900
1.195333	0.031208
1.195667	0.031155
1.196000	0.031750
1.196333	0.031601
1.196667	0.031817
1.197000	0.032243
1.197333	0.031230
1.197667	0.031305
1.198000	0.031730
1.198333	0.031197
1.198667	0.031639
1.199000	0.031407
1.199333	0.032079
1.199667	0.032043
1.200000	0.032250
1.200333	0.031907
1.200667	0.031378
1.201000	0.031636
1.201333	0.030995
1.201667	0.031127
1.202000	0.031658
1.202333	0.031928
1.202667	0.032316
1.203000	0.031354
1.203333	0.031698
1.203667	0.032268
1.204000	0.031970
1.204333	0.032003
1.204667	0.032235
1.205000	0.030369
1.205333	0.031143
1.205667	0.031810
1.206000	0.031306
1.206333	0.032267
1.206667	0.031725
1.207000	0.031256
1.207333	0.032232
1.207667	0.031672
1.208000	0.031857
1.208333	0.031626
1.208667	0.031491
1.209000	0.031923
1.209333	0.032440
1.209667	0.030937
1.210000	0.031637
1.210333	0.031204
1.210667	0.031849
1.211000	0.031650
1.211333	0.031110
1.211667	0.032021
1.212000	0.031091
1.212333	0.031483
1.212667	0.031558
1.213000	0.031358
1.213333	0.031265
1.213667	0.031298
1.214000	0.031371
1.214333	0.032220
1.214667	0.031470
1.215000	0.031304
1.215333	0.032294
1.215667	0.031261
1.216000	0.032482
1.216333	0.031318
1.216667	0.031827
1.217000	0.031992
1.217333	0.032053
1.217667	0.031237
1.218000	0.030955
1.218333	0.032128
1.218667	0.031079
1.219000	0.032119
1.219333	0.030899
1.219667	0.031411
1.220000	0.031449
1.220333	0.032008
1.220667	0.031706
1.221000	0.032018
1.221333	0.030934
1.221667	0.031228
1.222000	0.030985
1.222333	0.031409
1.222667	0.031308
1.223000	0.031763
1.223333	0.031632
1.223667	0.032500
1.224000	0.031342
1.224333	0.031292
1.224667	0.031068
1.225000	0.031700
1.225333	0.032088
1.225667	0.032275
1.226000	0.031465
1.226333	0.032104
1.226667	0.031537
1.227000	0.031496
1.227333	0.031364
1.227667	0.031490
1.228000	0.031022
1.228333	0.030972
1.228667	0.031387
1.229000	0.031663
1.229333	0.032078
1.229667	0.030999
1.230000	0.031344
1.230333	0.030891
1.230667	0.030750
1.231000	0.032725
1.231333	0.031638
1.231667	0.030948
1.232000	0.031522
1.232333	0.032203
1.232667	0.031101
1.233000	0.031648
1.233333	0.031174
1.233667	0.031944
1.234000	0.031547
1.234333	0.030770
1.234667	0.031144
1.235000	0.031290
1.235333	0.032143
1.235667	0.031909
1.236000	0.030824
1.236333	0.031734
1.236667	0.031299
1.237000	0.031692
1.237333	0.030245
1.237667	0.030977
1.238000	0.031285
1.238333	0.031563
1.238667	0.030905
1.239000	0.032333
1.239333	0.031747
1.239667	0.031531
1.240000	0.031594
1.240333	0.031660
1.240667	0.031754
1.241000	0.030816
1.241333	0.032120
1.241667	0.032151
1.242000	0.032066
1.242333	0.031876
1.242667	0.030692
1.243000	0.030672
1.243333	0.031440
1.243667	0.030914
1.244000	0.031710
1.244333	0.031437
1.244667	0.031566
1.245000	0.031071
1.245333	0.031429
1.245667	0.031325
1.246000	0.030887
1.246333	0.031152
1.246667	0.031731
1.247000	0.031440
1.247333	0.031616
1.247667	0.032259
1.248000	0.032230
1.248333	0.031144
1.248667	0.030767
1.249000	0.031206
1.249333	0.031348
1.249667	0.031011
1.250000	0.031731
1.250333	0.031693
1.250667	0.031852
1.251000	0.031246
1.251333	0.031626
1.251667	0.031918
1.252000	0.031504
1.252333	0.031694
1.252667	0.031353
1.253000	0.030610
1.253333	0.031287
1.253667	0.031609
1.254000	0.032135
1.254333	0.030831
1.254667	0.031722
1.255000	0.032002
1.255333	0.030500
1.255667	0.032012
1.256000	0.030964
1.256333	0.031276
1.256667	0.030197
1.257000	0.032868
1.257333	0.031131
1.257667	0.031856
1.258000	0.031717
1.258333	0.031194
1.258667	0.031432
1.259000	0.031614
1.259333	0.031422
1.259667	0.032140
1.260000	0.031979
1.260333	0.031042
1.260667	0.031258
1.261000	0.030927
1.261333	0.032164
1.261667	0.031773
1.262000	0.031338
1.262333	0.031102
1.262667	0.029529
1.263000	0.031086
1.263333	0.030536
1.263667	0.031281
1.264000	0.030316
1.264333	0.030891
1.264667	0.031987
1.265000	0.031512
1.265333	0.031271
1.265667	0.031828
1.266000	0.031029
1.266333	0.031387
1.266667	0.031167
1.267000	0.031536
1.267333	0.031522
1.267667	0.030842
1.268000	0.030823
1.268333	0.030970
1.268667	0.031266
1.269000	0.031377
1.269333	0.031265
1.269667	0.031014
1.270000	0.031339
1.270333	0.030469
1.270667	0.031371
1.271000	0.030415
1.271333	0.031117
1.271667	0.031610
1.272000	0.031004
1.272333	0.030695
1.272667	0.030727
1.273000	0.031428
1.273333	0.031002
1.273667	0.031060
1.274000	0.031798
1.274333	0.031128
1.274667	0.030659
1.275000	0.030984
1.275333	0.031611
1.275667	0.031734
1.276000	0.031806
1.276333	0.031688
1.276667	0.031102
1.277000	0.030839
1.277333	0.031277
1.277667	0.031212
1.278000	0.032352
1.278333	0.031510
1.278667	0.031119
1.279000	0.031689
1.279333	0.031465
1.279667	0.031731
1.280000	0.030805
1.280333	0.031520
1.280667	0.031290
1.281000	0.032256
1.281333	0.031659
1.281667	0.031570
1.282000	0.030521
1.282333	0.030628
1.282667	0.031744
1.283000	0.030866
1.283333	0.030988
1.283667	0.032383
1.284000	0.030836
1.284333	0.031080
1.284667	0.031532
1.285000	0.030471
1.285333	0.031491
1.285667	0.031554
1.286000	0.031151
1.286333	0.031624
1.286667	0.032131
1.287000	0.031809
1.287333	0.031310
1.287667	0.031153
1.288000	0.031601
1.288333	0.031092
1.288667	0.031390
1.289000	0.031872
1.289333	0.031580
1.289667	0.030821
1.290000	0.031845
1.290333	0.032083
1.290667	0.031004
1.291000	0.031270
1.291333	0.031040
1.291667	0.031114
1.292000	0.031975
1.292333	0.031399
1.292667	0.033057
1.293000	0.032106
1.293333	0.032011
1.293667	0.031392
1.294000	0.030987
1.294333	0.031563
1.294667	0.031914
1.295000	0.032268
1.295333	0.032057
1.295667	0.032966
1.296000	0.031480
1.296333	0.031780
1.296667	0.031786
1.297000	0.031119
1.297333	0.032049
1.297667	0.031366
1.298000	0.031442
1.298333	0.032662
1.298667	0.031965
1.299000	0.031513
1.299333	0.031481
1.299667	0.031523
1.300000	0.031486
1.300333	0.032045
1.300667	0.032931
1.301000	0.031410
1.301333	0.031887
1.301667	0.031599
1.302000	0.031579
1.302333	0.031460
1.302667	0.032946
1.303000	0.032009
1.303333	0.032345
1.303667	0.031941
1.304000	0.032140
1.304333	0.032117
1.304667	0.032542
1.305000	0.032060
1.305333	0.031965
1.305667	0.032691
1.306000	0.032690
1.306333	0.032238
1.306667	0.031442
1.307000	0.032005
1.307333	0.031839
1.307667	0.032649
1.308000	0.031832
1.308333	0.032250
1.308667	0.031933
1.309000	0.032383
1.309333	0.032643
1.309667	0.033187
1.310000	0.031583
1.310333	0.032116
1.310667	0.032019
1.311000	0.032119
1.311333	0.031968
1.311667	0.032128
1.312000	0.032277
1.312333	0.031879
1.312667	0.033130
1.313000	0.032734
1.313333	0.032096
1.313667	0.032377
1.314000	0.031564
1.314333	0.033067
1.314667	0.031744
1.315000	0.032492
1.315333	0.032904
1.315667	0.032053
1.316000	0.032015
1.316333	0.031228
1.316667	0.031709
1.317000	0.031472
1.317333	0.032151
1.317667	0.032071
1.318000	0.033156
1.318333	0.032309
1.318667	0.032352
1.319000	0.032598
1.319333	0.032890
1.319667	0.032353
1.320000	0.032368
1.320333	0.031344
1.320667	0.032898
1.321000	0.032217
1.321333	0.032869
1.321667	0.031734
1.322000	0.032270
1.322333	0.032789
1.322667	0.033049
1.323000	0.032348
1.323333	0.032705
1.323667	0.033330
1.324000	0.032225
1.324333	0.032231
1.324667	0.031864
1.325000	0.032808
1.325333	0.033005
1.325667	0.031677
1.326000	0.031345
1.326333	0.032587
1.326667	0.031481
1.327000	0.032207
1.327333	0.032314
1.327667	0.031554
1.328000	0.032766
1.328333	0.032414
1.328667	0.031941
1.329000	0.032775
1.329333	0.032893
1.329667	0.033033
1.330000	0.032561
1.330333	0.032274
1.330667	0.032551
1.331000	0.033219
1.331333	0.033012
1.331667	0.032365
1.332000	0.032170
1.332333	0.032955
1.332667	0.033391
1.333000	0.031869
1.333333	0.032283
1.333667	0.033498
1.334000	0.032816
1.334333	0.032206
1.334667	0.032716
1.335000	0.031959
1.335333	0.032913
1.335667	0.032087
1.336000	0.032102
1.336333	0.032218
1.336667	0.032503
1.337000	0.032795
1.337333	0.033383
1.337667	0.031462
1.338000	0.032341
1.338333	0.033089
1.338667	0.032681
1.339000	0.032762
1.339333	0.033347
1.339667	0.032696
1.340000	0.032456
1.340333	0.032790
1.340667	0.031942
1.341000	0.031875
1.341333	0.032558
1.341667	0.032916
1.342000	0.032114
1.342333	0.032753
1.342667	0.033221
1.343000	0.032735
1.343333	0.032745
1.343667	0.030990
1.344000	0.032663
1.344333	0.032142
1.344667	0.033004
1.345000	0.033034
1.345333	0.032693
1.345667	0.033579
1.346000	0.033154
1.346333	0.032696
1.346667	0.032944
1.347000	0.032655
1.347333	0.033141
1.347667	0.032846
1.348000	0.033345
1.348333	0.033126
1.348667	0.032559
1.349000	0.032938
1.349333	0.032371
1.349667	0.033293
1.350000	0.033230
1.350333	0.032566
1.350667	0.032926
1.351000	0.032218
1.351333	0.032489
1.351667	0.032523
1.352000	0.032729
1.352333	0.032931
1.352667	0.032686
1.353000	0.032402
1.353333	0.033141
1.353667	0.032468
1.354000	0.033452
1.354333	0.032816
1.354667	0.032390
1.355000	0.032359
1.355333	0.032901
1.355667	0.032605
1.356000	0.032704
1.356333	0.033138
1.356667	0.032142
1.357000	0.032887
1.357333	0.032146
1.357667	0.031807
1.358000	0.032890
1.358333	0.032362
1.358667	0.032287
1.359000	0.033004
1.359333	0.032498
1.359667	0.032272
1.360000	0.032572
1.360333	0.033591
1.360667	0.033377
1.361000	0.032221
1.361333	0.032482
1.361667	0.033404
1.362000	0.032482
1.362333	0.032337
1.362667	0.033279
1.363000	0.032277
1.363333	0.032594
1.363667	0.032266
1.364000	0.032911
1.364333	0.032962
1.364667	0.033121
1.365000	0.032114
1.365333	0.031686
1.365667	0.032955
1.366000	0.032710
1.366333	0.032412
1.366667	0.032983
1.367000	0.033006
1.367333	0.033105
1.367667	0.033029
1.368000	0.033167
1.368333	0.032786
1.368667	0.032515
1.369000	0.032787
1.369333	0.032638
1.369667	0.033207
1.370000	0.032736
1.370333	0.032161
1.370667	0.032296
1.371000	0.032175
1.371333	0.033244
1.371667	0.032185
1.372000	0.032487
1.372333	0.032952
1.372667	0.033127
1.373000	0.033665
1.373333	0.032970
1.373667	0.033347
1.374000	0.033206
1.374333	0.032273
1.374667	0.032059
1.375000	0.032012
1.375333	0.031244
1.375667	0.032174
1.376000	0.032903
1.376333	0.033060
1.376667	0.032754
1.377000	0.032531
1.377333	0.032818
1.377667	0.032194
1.378000	0.032841
1.378333	0.032922
1.378667	0.032979
1.379000	0.032153
1.379333	0.032972
1.379667	0.032513
1.380000	0.032951
1.380333	0.032123
1.380667	0.032437
1.381000	0.032542
1.381333	0.032750
1.381667	0.032424
1.382000	0.033555
1.382333	0.033216
1.382667	0.032231
1.383000	0.032891
1.383333	0.031581
1.383667	0.032585
1.384000	0.032289
1.384333	0.033585
1.384667	0.031498
1.385000	0.032596
1.385333	0.032407
1.385667	0.032336
1.386000	0.032447
1.386333	0.032980
1.386667	0.032463
1.387000	0.032870
1.387333	0.032806
1.387667	0.032825
1.388000	0.032241
1.388333	0.032843
1.388667	0.033063
1.389000	0.032483
1.389333	0.032374
1.389667	0.033273
1.390000	0.033229
1.390333	0.032106
1.390667	0.032784
1.391000	0.033376
1.391333	0.033635
1.391667	0.032282
1.392000	0.033730
1.392333	0.032100
1.392667	0.033684
1.393000	0.032412
1.393333	0.032580
1.393667	0.031521
1.394000	0.032402
1.394333	0.033471
1.394667	0.031876
1.395000	0.032921
1.395333	0.033338
1.395667	0.031711
1.396000	0.032181
1.396333	0.032435
1.396667	0.032567
1.397000	0.031986
1.397333	0.033659
1.397667	0.032010
1.398000	0.033070
1.398333	0.032880
1.398667	0.032383
1.399000	0.032547
1.399333	0.031857
1.399667	0.032062
1.400000	0.031484
1.400333	0.032035
1.400667	0.032324
1.401000	0.031781
1.401333	0.032208
1.401667	0.032595
1.402000	0.031691
1.402333	0.032174
1.402667	0.032608
1.403000	0.032107
1.403333	0.032255
1.403667	0.033140
1.404000	0.032792
1.404333	0.032155
1.404667	0.031807
1.405000	0.032380
1.405333	0.032984
1.405667	0.032588
1.406000	0.032041
1.406333	0.032346
1.406667	0.032052
1.407000	0.032770
1.407333	0.031861
1.407667	0.032231
1.408000	0.033086
1.408333	0.032989
1.408667	0.031956
1.409000	0.033004
1.409333	0.031824
1.409667	0.032591
1.410000	0.032621
1.410333	0.032643
1.410667	0.031260
1.411000	0.032807
1.411333	0.033003
1.411667	0.032736
1.412000	0.031660
1.412333	0.032123
1.412667	0.032647
1.413000	0.032447
1.413333	0.033282
1.413667	0.033234
1.414000	0.032229
1.414333	0.032661
1.414667	0.031632
1.415000	0.031523
1.415333	0.032227
1.415667	0.033165
1.416000	0.033268
1.416333	0.032264
1.416667	0.031741
1.417000	0.032941
1.417333	0.032486
1.417667	0.032313
1.418000	0.032840
1.418333	0.032684
1.418667	0.032552
1.419000	0.033012
1.419333	0.033119
1.419667	0.032915
1.420000	0.032284
1.420333	0.032263
1.420667	0.032524
1.421000	0.032601
1.421333	0.032504
1.421667	0.032441
1.422000	0.031528
1.422333	0.032421
1.422667	0.033468
1.423000	0.032939
1.423333	0.032288
1.423667	0.031828
1.424000	0.031935
1.424333	0.033195
1.424667	0.032452
1.425000	0.032862
1.425333	0.032536
1.425667	0.032705
1.426000	0.032620
1.426333	0.032707
1.426667	0.032660
1.427000	0.032407
1.427333	0.032934
1.427667	0.032152
1.428000	0.032435
1.428333	0.032469
1.428667	0.032897
1.429000	0.032453
1.429333	0.033181
1.429667	0.032755
1.430000	0.031746
1.430333	0.032424
1.430667	0.032744
1.431000	0.032477
1.431333	0.032115
1.431667	0.032546
1.432000	0.032677
1.432333	0.031873
1.432667	0.032096
1.433000	0.032990
1.433333	0.032161
1.433667	0.033391
1.434000	0.032649
1.434333	0.031998
1.434667	0.032048
1.435000	0.032350
1.435333	0.032296
1.435667	0.032420
1.436000	0.032329
1.436333	0.032578
1.436667	0.032942
1.437000	0.031238
1.437333	0.032279
1.437667	0.031587
1.438000	0.032273
1.438333	0.032708
1.438667	0.032446
1.439000	0.031922
1.439333	0.032189
1.439667	0.032654
1.440000	0.031977
1.440333	0.032019
1.440667	0.032709
1.441000	0.031532
1.441333	0.031831
1.441667	0.032902
1.442000	0.032461
1.442333	0.032906
1.442667	0.032870
1.443000	0.031792
1.443333	0.031300
1.443667	0.033107
1.444000	0.031977
1.444333	0.032690
1.444667	0.031874
1.445000	0.032321
1.445333	0.032783
1.445667	0.031738
1.446000	0.032097
1.446333	0.032913
1.446667	0.032338
1.447000	0.031767
1.447333	0.032116
1.447667	0.031770
1.448000	0.032636
1.448333	0.032775
1.448667	0.032202
1.449000	0.032392
1.449333	0.033120
1.449667	0.032744
1.450000	0.032600
1.450333	0.032757
1.450667	0.032604
1.451000	0.031815
1.451333	0.032861
1.451667	0.032075
1.452000	0.032490
1.452333	0.032234
1.452667	0.031782
1.453000	0.032296
1.453333	0.032032
1.453667	0.031468
1.454000	0.031956
1.454333	0.032431
1.454667	0.031964
1.455000	0.032167
1.455333	0.031611
1.455667	0.031751
1.456000	0.031468
1.456333	0.031442
1.456667	0.032097
1.457000	0.032179
1.457333	0.031649
1.457667	0.031675
1.458000	0.033229
1.458333	0.032320
1.458667	0.030779
1.459000	0.031565
1.459333	0.032474
1.459667	0.032116
1.460000	0.031484
1.460333	0.032698
1.460667	0.032265
1.461000	0.033143
1.461333	0.032707
1.461667	0.032289
1.462000	0.031203
1.462333	0.031840
1.462667	0.032293
1.463000	0.032041
1.463333	0.031764
1.463667	0.033235
1.464000	0.032953
1.464333	0.033145
1.464667	0.032232
1.465000	0.032319
1.465333	0.032993
1.465667	0.033141
1.466000	0.031891
1.466333	0.033031
1.466667	0.031258
1.467000	0.031720
1.467333	0.031657
1.467667	0.032327
1.468000	0.031926
1.468333	0.032630
1.468667	0.031695
1.469000	0.031686
1.469333	0.031898
1.469667	0.032642
1.470000	0.031965
1.470333	0.031712
1.470667	0.032038
1.471000	0.032716
1.471333	0.032979
1.471667	0.032068
1.472000	0.032293
1.472333	0.032293
1.472667	0.031880
1.473000	0.031544
1.473333	0.031901
1.473667	0.032019
1.474000	0.032068
1.474333	0.031720
1.474667	0.032503
1.475000	0.031455
1.475333	0.032292
1.475667	0.031745
1.476000	0.031631
1.476333	0.032101
1.476667	0.031693
1.477000	0.031843
1.477333	0.032086
1.477667	0.031941
1.478000	0.031618
1.478333	0.032336
1.478667	0.032635
1.479000	0.032745
1.479333	0.031418
1.479667	0.031382
1.480000	0.032932
1.480333	0.031989
1.480667	0.032825
1.481000	0.031466
1.481333	0.031710
1.481667	0.032087
1.482000	0.032173
1.482333	0.032925
1.482667	0.032775
1.483000	0.032010
1.483333	0.032383
1.483667	0.032933
1.484000	0.031735
1.484333	0.032749
1.484667	0.032466
1.485000	0.031464
1.485333	0.031553
1.485667	0.030863
1.486000	0.032506
1.486333	0.031600
1.486667	0.031455
1.487000	0.032003
1.487333	0.031302
1.487667	0.031672
1.488000	0.031904
1.488333	0.032573
1.488667	0.032223
1.489000	0.031627
1.489333	0.032409
1.489667	0.032458
1.490000	0.031388
1.490333	0.031966
1.490667	0.032244
1.491000	0.032236
1.491333	0.032449
1.491667	0.031549
1.492000	0.032930
1.492333	0.031933
1.492667	0.031921
1.493000	0.031760
1.493333	0.032751
1.493667	0.032556
1.494000	0.032608
1.494333	0.032012
1.494667	0.032257
1.495000	0.032571
1.495333	0.031963
1.495667	0.031671
1.496000	0.031943
1.496333	0.031831
1.496667	0.031542
1.497000	0.031819
1.497333	0.032167
1.497667	0.032108
1.498000	0.032270
1.498333	0.032777
1.498667	0.032153
1.499000	0.032611
1.499333	0.032960
1.499667	0.032896
1.500000	0.031567
1.500333	0.031129
1.500667	0.031174
1.501000	0.031112
1.501333	0.031316
1.501667	0.031133
1.502000	0.032298
1.502333	0.032613
1.502667	0.032359
1.503000	0.031555
1.503333	0.032145
1.503667	0.030729
1.504000	0.032432
1.504333	0.032592
1.504667	0.032099
1.505000	0.033027
1.505333	0.031664
1.505667	0.032570
1.506000	0.031380
1.506333	0.031678
1.506667	0.031243
1.507000	0.032433
1.507333	0.031612
1.507667	0.032331
1.508000	0.031980
1.508333	0.032121
1.508667	0.032373
1.509000	0.032739
1.509333	0.032743
1.509667	0.031595
1.510000	0.030867
1.510333	0.031903
1.510667	0.031792
1.511000	0.031606
1.511333	0.031674
1.511667	0.032221
1.512000	0.031501
1.512333	0.031623
1.512667	0.032387
1.513000	0.032512
1.513333	0.031103
1.513667	0.031611
1.514000	0.031489
1.514333	0.031538
1.514667	0.031162
1.515000	0.031712
1.515333	0.031982
1.515667	0.032309
1.516000	0.032334
1.516333	0.031115
1.516667	0.032838
1.517000	0.031086
1.517333	0.031007
1.517667	0.031753
1.518000	0.031042
1.518333	0.031633
1.518667	0.032127
1.519000	0.031488
1.519333	0.032298
1.519667	0.032317
1.520000	0.031888
1.520333	0.031334
1.520667	0.031527
1.521000	0.031954
1.521333	0.031997
1.521667	0.031305
1.522000	0.031994
1.522333	0.031624
1.522667	0.031717
1.523000	0.032037
1.523333	0.032269
1.523667	0.031821
1.524000	0.031982
1.524333	0.031490
1.524667	0.031481
1.525000	0.031705
1.525333	0.031630
1.525667	0.031501
1.526000	0.031806
1.526333	0.031183
1.526667	0.032260
1.527000	0.031619
1.527333	0.030638
1.527667	0.031819
1.528000	0.031718
1.528333	0.030958
1.528667	0.030797
1.529000	0.031724
1.529333	0.031527
1.529667	0.031534
1.530000	0.032088
1.530333	0.031944
1.530667	0.031515
1.531000	0.031721
1.531333	0.032332
1.531667	0.030696
1.532000	0.031950
1.532333	0.031026
1.532667	0.031406
1.533000	0.032599
1.533333	0.032097
1.533667	0.031749
1.534000	0.031714
1.534333	0.031324
1.534667	0.032062
1.535000	0.032084
1.535333	0.030807
1.535667	0.032028
1.536000	0.030932
1.536333	0.032062
1.536667	0.031357
1.537000	0.031840
1.537333	0.031383
1.537667	0.031590
1.538000	0.032712
1.538333	0.031589
1.538667	0.032026
1.539000	0.031461
1.539333	0.031420
1.539667	0.032052
1.540000	0.032705
1.540333	0.030994
1.540667	0.031697
1.541000	0.032499
1.541333	0.032004
1.541667	0.031227
1.542000	0.031209
1.542333	0.032566
1.542667	0.031988
1.543000	0.031858
1.543333	0.031751
1.543667	0.032758
1.544000	0.031971
1.544333	0.031828
1.544667	0.032377
1.545000	0.032505
1.545333	0.032700
1.545667	0.032098
1.546000	0.032802
1.546333	0.032826
1.546667	0.033278
1.547000	0.032950
1.547333	0.033742
1.547667	0.036633
1.548000	0.045700
1.548333	0.063216
1.548667	0.077772
1.549000	0.084513
1.549333	0.084723
1.549667	0.083615
1.550000	0.081723
1.550333	0.080583
1.550667	0.078153
1.551000	0.077181
1.551333	0.075855
1.551667	0.075156
1.552000	0.075312
1.552333	0.080178
1.552667	0.094404
1.553000	0.109326
1.553333	0.111494
1.553667	0.109161
1.554000	0.105761
1.554333	0.103164
1.554667	0.100345
1.555000	0.097888
1.555333	0.095821
1.555667	0.093201
1.556000	0.091673
1.556333	0.089829
1.556667	0.088050
1.557000	0.087062
1.557333	0.085406
1.557667	0.084336
1.558000	0.082494
1.558333	0.082280
1.558667	0.080165
1.559000	0.078941
1.559333	0.078334
1.559667	0.076343
1.560000	0.075054
1.560333	0.074700
1.560667	0.074185
1.561000	0.071597
1.561333	0.070353
1.561667	0.070247
1.562000	0.069407
1.562333	0.069040
1.562667	0.068594
1.563000	0.067649
1.563333	0.065974
1.563667	0.065935
1.564000	0.065317
1.564333	0.065144
1.564667	0.064036
1.565000	0.062841
1.565333	0.063142
1.565667	0.062465
1.566000	0.061955
1.566333	0.060616
1.566667	0.060986
1.567000	0.059382
1.567333	0.059735
1.567667	0.059460
1.568000	0.058544
1.568333	0.058004
1.568667	0.057429
1.569000	0.058079
1.569333	0.056787
1.569667	0.056425
1.570000	0.055513
1.570333	0.055682
1.570667	0.055680
1.571000	0.055240
1.571333	0.054201
1.571667	0.055056
1.572000	0.054723
1.572333	0.053600
1.572667	0.054191
1.573000	0.053346
1.573333	0.051353
1.573667	0.052986
1.574000	0.052617
1.574333	0.051004
1.574667	0.052162
1.575000	0.050636
1.575333	0.050309
1.575667	0.050147
1.576000	0.050273
1.576333	0.050796
1.576667	0.049982
1.577000	0.050215
1.577333	0.049174
1.577667	0.049141
1.578000	0.049428
1.578333	0.048929
1.578667	0.048208
1.579000	0.048017
1.579333	0.048592
1.579667	0.048828
1.580000	0.048967
1.580333	0.048043
1.580667	0.046917
1.581000	0.047569
1.581333	0.047313
1.581667	0.047889
1.582000	0.046254
1.582333	0.046906
1.582667	0.046544
1.583000	0.046977
1.583333	0.045440
1.583667	0.045255
1.584000	0.044999
1.584333	0.046482
1.584667	0.045232
1.585000	0.046236
1.585333	0.045840
1.585667	0.044708
1.586000	0.045133
1.586333	0.045182
1.586667	0.044884
1.587000	0.044469
1.587333	0.044753
1.587667	0.043283
1.588000	0.044556
1.588333	0.043950
1.588667	0.043442
1.589000	0.044122
1.589333	0.042919
1.589667	0.044080
1.590000	0.043754
1.590333	0.043444
1.590667	0.043603
1.591000	0.043352
1.591333	0.043356
1.591667	0.043007
1.592000	0.042325
1.592333	0.043052
1.592667	0.042863
1.593000	0.041969
1.593333	0.042126
1.593667	0.042412
1.594000	0.042639
1.594333	0.042499
1.594667	0.042394
1.595000	0.041472
1.595333	0.042009
1.595667	0.041973
1.596000	0.041925
1.596333	0.041667
1.596667	0.041473
1.597000	0.041058
1.597333	0.040849
1.597667	0.041824
1.598000	0.041031
1.598333	0.040945
1.598667	0.040798
1.599000	0.040589
1.599333	0.040696
1.599667	0.040233
1.600000	0.040521
1.600333	0.040729
1.600667	0.040719
1.601000	0.040715
1.601333	0.040595
1.601667	0.041550
1.602000	0.040574
1.602333	0.040463
1.602667	0.040447
1.603000	0.039488
1.603333	0.039655
1.603667	0.040734
1.604000	0.040329
1.604333	0.040191
1.604667	0.038734
1.605000	0.039665
1.605333	0.039481
1.605667	0.039144
1.606000	0.039329
1.606333	0.040552
1.606667	0.038394
1.607000	0.039482
1.607333	0.039535
1.607667	0.038991
1.608000	0.039445
1.608333	0.038901
1.608667	0.038348
1.609000	0.039686
1.609333	0.038233
1.609667	0.038349
1.610000	0.038593
1.610333	0.038517
1.610667	0.037941
1.611000	0.039297
1.611333	0.037478
1.611667	0.038856
1.612000	0.037987
1.612333	0.039300
1.612667	0.038842
1.613000	0.038228
1.613333	0.037701
1.613667	0.038681
1.614000	0.037944
1.614333	0.037633
1.614667	0.038254
1.615000	0.038615
1.615333	0.037833
1.615667	0.037863
1.616000	0.037831
1.616333	0.038077
1.616667	0.037622
1.617000	0.037552
1.617333	0.038047
1.617667	0.037803
1.618000	0.037771
1.618333	0.037183
1.618667	0.037269
1.619000	0.037337
1.619333	0.037399
1.619667	0.037423
1.620000	0.037286
1.620333	0.037107
1.620667	0.037494
1.621000	0.036978
1.621333	0.037510
1.621667	0.037636
1.622000	0.036800
1.622333	0.037181
1.622667	0.036888
1.623000	0.036689
1.623333	0.036544
1.623667	0.037151
1.624000	0.037015
1.624333	0.036276
1.624667	0.036878
1.625000	0.037123
1.625333	0.036523
1.625667	0.036810
1.626000	0.036766
1.626333	0.037242
1.626667	0.036380
1.627000	0.036330
1.627333	0.036068
1.627667	0.036598
1.628000	0.036894
1.628333	0.036204
1.628667	0.036610
1.629000	0.036395
1.629333	0.035292
1.629667	0.036272
1.630000	0.036924
1.630333	0.035902
1.630667	0.036228
1.631000	0.036894
1.631333	0.035733
1.631667	0.036175
1.632000	0.035952
1.632333	0.036362
1.632667	0.035791
1.633000	0.036361
1.633333	0.036193
1.633667	0.035523
1.634000	0.036377
1.634333	0.035568
1.634667	0.035840
1.635000	0.035635
1.635333	0.035026
1.635667	0.035443
1.636000	0.035423
1.636333	0.036086
1.636667	0.036075
1.637000	0.036411
1.637333	0.037082
1.637667	0.035891
1.638000	0.035894
1.638333	0.037003
1.638667	0.037111
1.639000	0.036115
1.639333	0.035589
1.639667	0.036337
1.640000	0.036494
1.640333	0.036326
1.640667	0.035883
1.641000	0.036257
1.641333	0.035670
1.641667	0.035797
1.642000	0.036110
1.642333	0.036379
1.642667	0.035004
1.643000	0.035605
1.643333	0.036088
1.643667	0.035253
1.644000	0.035628
1.644333	0.035595
1.644667	0.035889
1.645000	0.034878
1.645333	0.035049
1.645667	0.034937
1.646000	0.035120
1.646333	0.035276
1.646667	0.035577
1.647000	0.035451
1.647333	0.035699
1.647667	0.035481
1.648000	0.035002
1.648333	0.035586
1.648667	0.034725
1.649000	0.035008
1.649333	0.035164
1.649667	0.035663
1.650000	0.034974
1.650333	0.035120
1.650667	0.035344
1.651000	0.034315
1.651333	0.034658
1.651667	0.036155
1.652000	0.035762
1.652333	0.035569
1.652667	0.035116
1.653000	0.035100
1.653333	0.034562
1.653667	0.034436
1.654000	0.035614
1.654333	0.034617
1.654667	0.034572
1.655000	0.035570
1.655333	0.034786
1.655667	0.034346
1.656000	0.034681
1.656333	0.034803
1.656667	0.034669
1.657000	0.034553
1.657333	0.034254
1.657667	0.035245
1.658000	0.034881
1.658333	0.035156
1.658667	0.034863
1.659000	0.035223
1.659333	0.034789
1.659667	0.035250
1.660000	0.034810
1.660333	0.034742
1.660667	0.034364
1.661000	0.035472
1.661333	0.034348
1.661667	0.033624
1.662000	0.034161
1.662333	0.033918
1.662667	0.034266
1.663000	0.034663
1.663333	0.034070
1.663667	0.034003
1.664000	0.034237
1.664333	0.034540
1.664667	0.034631
1.665000	0.034008
1.665333	0.034037
1.665667	0.034328
1.666000	0.034031
1.666333	0.033645
1.666667	0.034452
1.667000	0.035160
1.667333	0.034289
1.667667	0.034689
1.668000	0.035646
1.668333	0.034921
1.668667	0.034079
1.669000	0.034009
1.669333	0.034595
1.669667	0.035749
1.670000	0.035272
1.670333	0.033718
1.670667	0.034391
1.671000	0.033815
1.671333	0.034650
1.671667	0.034287
1.672000	0.034123
1.672333	0.034762
1.672667	0.035435
1.673000	0.033596
1.673333	0.034342
1.673667	0.033700
1.674000	0.033559
1.674333	0.033522
1.674667	0.034298
1.675000	0.033725
1.675333	0.034947
1.675667	0.034690
1.676000	0.033176
1.676333	0.033740
1.676667	0.034535
1.677000	0.033297
1.677333	0.034837
1.677667	0.034528
1.678000	0.034513
1.678333	0.033852
1.678667	0.034404
1.679000	0.033420
1.679333	0.033701
1.679667	0.034521
1.680000	0.034007
1.680333	0.033971
1.680667	0.034585
1.681000	0.034399
1.681333	0.033407
1.681667	0.032980
1.682000	0.033706
1.682333	0.033579
1.682667	0.032933
1.683000	0.032733
1.683333	0.033587
1.683667	0.033593
1.684000	0.034104
1.684333	0.033655
1.684667	0.033048
1.685000	0.033981
1.685333	0.034243
1.685667	0.034038
1.686000	0.033811
1.686333	0.033823
1.686667	0.033023
1.687000	0.033906
1.687333	0.033402
1.687667	0.033394
1.688000	0.033745
1.688333	0.033541
1.688667	0.032976
1.689000	0.034224
1.689333	0.034522
1.689667	0.033369
1.690000	0.033560
1.690333	0.033731
1.690667	0.033803
1.691000	0.034274
1.691333	0.034112
1.691667	0.033734
1.692000	0.033461
1.692333	0.034700
1.692667	0.033544
1.693000	0.033442
1.693333	0.033756
1.693667	0.032529
1.694000	0.033508
1.694333	0.033569
1.694667	0.033258
1.695000	0.033976
1.695333	0.032923
1.695667	0.033573
1.696000	0.033474
1.696333	0.033941
1.696667	0.032936
1.697000	0.034205
1.697333	0.033701
1.697667	0.033780
1.698000	0.032936
1.698333	0.033709
1.698667	0.034026
1.699000	0.033622
1.699333	0.033359
1.699667	0.033815
1.700000	0.033199
1.700333	0.033559
1.700667	0.033764
1.701000	0.034006
1.701333	0.032888
1.701667	0.033289
1.702000	0.033717
1.702333	0.034049
1.702667	0.033630
1.703000	0.033086
1.703333	0.033038
1.703667	0.034485
1.704000	0.033216
1.704333	0.033098
1.704667	0.033858
1.705000	0.033544
1.705333	0.033345
1.705667	0.033569
1.706000	0.033790
1.706333	0.034033
1.706667	0.032849
1.707000	0.033844
1.707333	0.033156
1.707667	0.032741
1.708000	0.032706
1.708333	0.033659
1.708667	0.033287
1.709000	0.033915
1.709333	0.032958
1.709667	0.032841
1.710000	0.033951
1.710333	0.034070
1.710667	0.032499
1.711000	0.033955
1.711333	0.033328
1.711667	0.032559
1.712000	0.032340
1.712333	0.032716
1.712667	0.033735
1.713000	0.033572
1.713333	0.033578
1.713667	0.033402
1.714000	0.033248
1.714333	0.032587
1.714667	0.032848
1.715000	0.034118
1.715333	0.033911
1.715667	0.032912
1.716000	0.033026
1.716333	0.033804
1.716667	0.034307
1.717000	0.033233
1.717333	0.033428
1.717667	0.033515
1.718000	0.033446
1.718333	0.032724
1.718667	0.032956
1.719000	0.032606
1.719333	0.032723
1.719667	0.033078
1.720000	0.033072
1.720333	0.033073
1.720667	0.032993
1.721000	0.033465
1.721333	0.033328
1.721667	0.032613
1.722000	0.034113
1.722333	0.032620
1.722667	0.032795
1.723000	0.032962
1.723333	0.032887
1.723667	0.032359
1.724000	0.033924
1.724333	0.033258
1.724667	0.032216
1.725000	0.032373
1.725333	0.033499
1.725667	0.034279
1.726000	0.033406
1.726333	0.033834
1.726667	0.032326
1.727000	0.032654
1.727333	0.033195
1.727667	0.033232
1.728000	0.032898
1.728333	0.033703
1.728667	0.032289
1.729000	0.032430
1.729333	0.032807
1.729667	0.032187
1.730000	0.032374
1.730333	0.032525
1.730667	0.033110
1.731000	0.033410
1.731333	0.031710
1.731667	0.032828
1.732000	0.033327
1.732333	0.032805
1.732667	0.032130
1.733000	0.032512
1.733333	0.032995
1.733667	0.031920
1.734000	0.032500
1.734333	0.032716
1.734667	0.032081
1.735000	0.032805
1.735333	0.031468
1.735667	0.032894
1.736000	0.032493
1.736333	0.032065
1.736667	0.032951
1.737000	0.032570
1.737333	0.032423
1.737667	0.032583
1.738000	0.032221
1.738333	0.031515
1.738667	0.032609
1.739000	0.032669
1.739333	0.033328
1.739667	0.032572
1.740000	0.032390
1.740333	0.032141
1.740667	0.032911
1.741000	0.032343
1.741333	0.032275
1.741667	0.032961
1.742000	0.032262
1.742333	0.033172
1.742667	0.032665
1.743000	0.032775
1.743333	0.032695
1.743667	0.032021
1.744000	0.032697
1.744333	0.032728
1.744667	0.032661
1.745000	0.033131
1.745333	0.032068
1.745667	0.032875
1.746000	0.032358
1.746333	0.032836
1.746667	0.032600
1.747000	0.032510
1.747333	0.033028
1.747667	0.032459
1.748000	0.032617
1.748333	0.033707
1.748667	0.032749
1.749000	0.033524
1.749333	0.033510
1.749667	0.032722
1.750000	0.032195
1.750333	0.032719
1.750667	0.033041
1.751000	0.032628
1.751333	0.033456
1.751667	0.032635
1.752000	0.032740
1.752333	0.033516
1.752667	0.032149
1.753000	0.032521
1.753333	0.032932
1.753667	0.032390
1.754000	0.032183
1.754333	0.032857
1.754667	0.032692
1.755000	0.033402
1.755333	0.033370
1.755667	0.033866
1.756000	0.034980
1.756333	0.035123
1.756667	0.035231
1.757000	0.035893
1.757333	0.035841
1.757667	0.035359
1.758000	0.034947
1.758333	0.034423
1.758667	0.035570
1.759000	0.035590
1.759333	0.035190
1.759667	0.036405
1.760000	0.036656
1.760333	0.040825
1.760667	0.053377
1.761000	0.069311
1.761333	0.079275
1.761667	0.083889
1.762000	0.084190
1.762333	0.082255
1.762667	0.080209
1.763000	0.079528
1.763333	0.078164
1.763667	0.075752
1.764000	0.074093
1.764333	0.072416
1.764667	0.071576
1.765000	0.069916
1.765333	0.069491
1.765667	0.071250
1.766000	0.081005
1.766333	0.097731
1.766667	0.105735
1.767000	0.101880
1.767333	0.100984
1.767667	0.097782
1.768000	0.095955
1.768333	0.093432
1.768667	0.091446
1.769000	0.089106
1.769333	0.086868
1.769667	0.086370
1.770000	0.085178
1.770333	0.084162
1.770667	0.081481
1.771000	0.080824
1.771333	0.079240
1.771667	0.078437
1.772000	0.076875
1.772333	0.075802
1.772667	0.075055
1.773000	0.072594
1.773333	0.072133
1.773667	0.070314
1.774000	0.070654
1.774333	0.069543
1.774667	0.068545
1.775000	0.067881
1.775333	0.066759
1.775667	0.065983
1.776000	0.065249
1.776333	0.065058
1.776667	0.063624
1.777000	0.062446
1.777333	0.063090
1.777667	0.062158
1.778000	0.061319
1.778333	0.060860
1.778667	0.060625
1.779000	0.059355
1.779333	0.058777
1.779667	0.058505
1.780000	0.057650
1.780333	0.057942
1.780667	0.058149
1.781000	0.056954
1.781333	0.056176
1.781667	0.055709
1.782000	0.055892
1.782333	0.054618
1.782667	0.054374
1.783000	0.054472
1.783333	0.054005
1.783667	0.053936
1.784000	0.054267
1.784333	0.052990
1.784667	0.052719
1.785000	0.053088
1.785333	0.051915
1.785667	0.051939
1.786000	0.051213
1.786333	0.050239
1.786667	0.051237
1.787000	0.050212
1.787333	0.050800
1.787667	0.050888
1.788000	0.049395
1.788333	0.048043
1.788667	0.050058
1.789000	0.048657
1.789333	0.049644
1.789667	0.048803
1.790000	0.048871
1.790333	0.048263
1.790667	0.047464
1.791000	0.047567
1.791333	0.046521
1.791667	0.046864
1.792000	0.046955
1.792333	0.046566
1.792667	0.047591
1.793000	0.046262
1.793333	0.046154
1.793667	0.045438
1.794000	0.044920
1.794333	0.045103
1.794667	0.046362
1.795000	0.045660
1.795333	0.044793
1.795667	0.044639
1.796000	0.045040
1.796333	0.044388
1.796667	0.044439
1.797000	0.043938
1.797333	0.043854
1.797667	0.043067
1.798000	0.043312
1.798333	0.042948
1.798667	0.043575
1.799000	0.043583
1.799333	0.042213
1.799667	0.042949
1.800000	0.043515
1.800333	0.043085
1.800667	0.042970
1.801000	0.042040
1.801333	0.042593
1.801667	0.042267
1.802000	0.043693
1.802333	0.042542
1.802667	0.042027
1.803000	0.043836
1.803333	0.042295
1.803667	0.042029
1.804000	0.041834
1.804333	0.042632
1.804667	0.041589
1.805000	0.041075
1.805333	0.042294
1.805667	0.041722
1.806000	0.041569
1.806333	0.041803
1.806667	0.042115
1.807000	0.040598
1.807333	0.040611
1.807667	0.040416
1.808000	0.041810
1.808333	0.040192
1.808667	0.040902
1.809000	0.040644
1.809333	0.041079
1.809667	0.040419
1.810000	0.040886
1.810333	0.039832
1.810667	0.040164
1.811000	0.039334
1.811333	0.039970
1.811667	0.039895
1.812000	0.039406
1.812333	0.040301
1.812667	0.040707
1.813000	0.040972
1.813333	0.039906
1.813667	0.040083
1.814000	0.039721
1.814333	0.038244
1.814667	0.038367
1.815000	0.038233
1.815333	0.038969
1.815667	0.039134
1.816000	0.038716
1.816333	0.039278
1.816667	0.039098
1.817000	0.038780
1.817333	0.038922
1.817667	0.038640
1.818000	0.038003
1.818333	0.038419
1.818667	0.039185
1.819000	0.038477
1.819333	0.038394
1.819667	0.038038
1.820000	0.038018
1.820333	0.038918
1.820667	0.038158
1.821000	0.038776
1.821333	0.037810
1.821667	0.038156
1.822000	0.037617
1.822333	0.037448
1.822667	0.039075
1.823000	0.037233
1.823333	0.037644
1.823667	0.037211
1.824000	0.037062
1.824333	0.037471
1.824667	0.037396
1.825000	0.037417
1.825333	0.037682
1.825667	0.037318
1.826000	0.037647
1.826333	0.037400
1.826667	0.037669
1.827000	0.036750
1.827333	0.037983
1.827667	0.037357
1.828000	0.036935
1.828333	0.037428
1.828667	0.037017
1.829000	0.036574
1.829333	0.037018
1.829667	0.037062
1.830000	0.036414
1.830333	0.036942
1.830667	0.036076
1.831000	0.036822
1.831333	0.036620
1.831667	0.036328
1.832000	0.036860
1.832333	0.036741
1.832667	0.037519
1.833000	0.036422
1.833333	0.036239
1.833667	0.037167
1.834000	0.037471
1.834333	0.037042
1.834667	0.035386
1.835000	0.037327
1.835333	0.036787
1.835667	0.036842
1.836000	0.037270
1.836333	0.036423
1.836667	0.037164
1.837000	0.035787
1.837333	0.035954
1.837667	0.036038
1.838000	0.036787
1.838333	0.035797
1.838667	0.035271
1.839000	0.035677
1.839333	0.036564
1.839667	0.035525
1.840000	0.035381
1.840333	0.036291
1.840667	0.034961
1.841000	0.034929
1.841333	0.034928
1.841667	0.035545
1.842000	0.035216
1.842333	0.035555
1.842667	0.036520
1.843000	0.035782
1.843333	0.035287
1.843667	0.035348
1.844000	0.034941
1.844333	0.035213
1.844667	0.035725
1.845000	0.035775
1.845333	0.034726
1.845667	0.035833
1.846000	0.035699
1.846333	0.035405
1.846667	0.036379
1.847000	0.035755
1.847333	0.035183
1.847667	0.035885
1.848000	0.035040
1.848333	0.035385
1.848667	0.035329
1.849000	0.034556
1.849333	0.036528
1.849667	0.035024
1.850000	0.035721
1.850333	0.034662
1.850667	0.034754
1.851000	0.034202
1.851333	0.034563
1.851667	0.034436
1.852000	0.034833
1.852333	0.034987
1.852667	0.035225
1.853000	0.034379
1.853333	0.034149
1.853667	0.035112
1.854000	0.034625
1.854333	0.036007
1.854667	0.035350
1.855000	0.034969
1.855333	0.035346
1.855667	0.035968
1.856000	0.034644
1.856333	0.033598
1.856667	0.034069
1.857000	0.034209
1.857333	0.035321
1.857667	0.034295
1.858000	0.033911
1.858333	0.033923
1.858667	0.034318
1.859000	0.035198
1.859333	0.033457
1.859667	0.033664
1.860000	0.034760
1.860333	0.034271
1.860667	0.034340
1.861000	0.033693
1.861333	0.033954
1.861667	0.034391
1.862000	0.034329
1.862333	0.033631
1.862667	0.033904
1.863000	0.033883
1.863333	0.034898
1.863667	0.034121
1.864000	0.034152
1.864333	0.033875
1.864667	0.034550
1.865000	0.035130
1.865333	0.034555
1.865667	0.033931
1.866000	0.034684
1.866333	0.034132
1.866667	0.034370
1.867000	0.034079
1.867333	0.034151
1.867667	0.034616
1.868000	0.034513
1.868333	0.034759
1.868667	0.033900
1.869000	0.033269
1.869333	0.034171
1.869667	0.033767
1.870000	0.033068
1.870333	0.034475
1.870667	0.033859
1.871000	0.033684
1.871333	0.034309
1.871667	0.033530
1.872000	0.032936
1.872333	0.034495
1.872667	0.033866
1.873000	0.033047
1.873333	0.033257
1.873667	0.033326
1.874000	0.033603
1.874333	0.033654
1.874667	0.033507
1.875000	0.033557
1.875333	0.033977
1.875667	0.032806
1.876000	0.033864
1.876333	0.033516
1.876667	0.033882
1.877000	0.033787
1.877333	0.032285
1.877667	0.032228
1.878000	0.033649
1.878333	0.033178
1.878667	0.032670
1.879000	0.033143
1.879333	0.033196
1.879667	0.032769
1.880000	0.033296
1.880333	0.033303
1.880667	0.033600
1.881000	0.033111
1.881333	0.032579
1.881667	0.033186
1.882000	0.032992
1.882333	0.033295
1.882667	0.032758
1.883000	0.033680
1.883333	0.033011
1.883667	0.033118
1.884000	0.032535
1.884333	0.033430
1.884667	0.032814
1.885000	0.032843
1.885333	0.032669
1.885667	0.032815
1.886000	0.032679
1.886333	0.033214
1.886667	0.032804
1.887000	0.032587
1.887333	0.032923
1.887667	0.033490
1.888000	0.032685
1.888333	0.032916
1.888667	0.032950
1.889000	0.033081
1.889333	0.031601
1.889667	0.033303
1.890000	0.032381
1.890333	0.032978
1.890667	0.032112
1.891000	0.032294
1.891333	0.032922
1.891667	0.033271
1.892000	0.032645
1.892333	0.032309
1.892667	0.034111
1.893000	0.033086
1.893333	0.032712
1.893667	0.032845
1.894000	0.032738
1.894333	0.033461
1.894667	0.032745
1.895000	0.033011
1.895333	0.032189
1.895667	0.033759
1.896000	0.032710
1.896333	0.032214
1.896667	0.032564
1.897000	0.033177
1.897333	0.032227
1.897667	0.032123
1.898000	0.032929
1.898333	0.032100
1.898667	0.032522
1.899000	0.032296
1.899333	0.033177
1.899667	0.032820
1.900000	0.032650
1.900333	0.032516
1.900667	0.032815
1.901000	0.032946
1.901333	0.033470
1.901667	0.032662
1.902000	0.032280
1.902333	0.032076
1.902667	0.032089
1.903000	0.031988
1.903333	0.030944
1.903667	0.033553
1.904000	0.033319
1.904333	0.032086
1.904667	0.032005
1.905000	0.032236
1.905333	0.031217
1.905667	0.032352
1.906000	0.032641
1.906333	0.031545
1.906667	0.032281
1.907000	0.032972
1.907333	0.032286
1.907667	0.032332
1.908000	0.032149
1.908333	0.033108
1.908667	0.032162
1.909000	0.032087
1.909333	0.032303
1.909667	0.031199
1.910000	0.032139
1.910333	0.032559
1.910667	0.031821
1.911000	0.031719
1.911333	0.032518
1.911667	0.031504
1.912000	0.031463
1.912333	0.032011
1.912667	0.031885
1.913000	0.031704
1.913333	0.031825
1.913667	0.031906
1.914000	0.031826
1.914333	0.032543
1.914667	0.032075
1.915000	0.031011
1.915333	0.031827
1.915667	0.031844
1.916000	0.032341
1.916333	0.032603
1.916667	0.031531
1.917000	0.032583
1.917333	0.031582
1.917667	0.032072
1.918000	0.032031
1.918333	0.031161
1.918667	0.031784
1.919000	0.033291
1.919333	0.032234
1.919667	0.032712
1.920000	0.032083
1.920333	0.032591
1.920667	0.032555
1.921000	0.032508
1.921333	0.031732
1.921667	0.032159
1.922000	0.031801
1.922333	0.032187
1.922667	0.032228
1.923000	0.033833
1.923333	0.031822
1.923667	0.031664
1.924000	0.031408
1.924333	0.032720
1.924667	0.033201
1.925000	0.032368
1.925333	0.032249
1.925667	0.032484
1.926000	0.031473
1.926333	0.031049
1.926667	0.031757
1.927000	0.032493
1.927333	0.031764
1.927667	0.031781
1.928000	0.031741
1.928333	0.032611
1.928667	0.031975
1.929000	0.032000
1.929333	0.032339
1.929667	0.032130
1.930000	0.032305
1.930333	0.031639
1.930667	0.031886
1.931000	0.031478
1.931333	0.032852
1.931667	0.031451
1.932000	0.033011
1.932333	0.031386
1.932667	0.032512
1.933000	0.032643
1.933333	0.031674
1.933667	0.031926
1.934000	0.032095
1.934333	0.032872
1.934667	0.031829
1.935000	0.031834
1.935333	0.031900
1.935667	0.031909
1.936000	0.032229
1.936333	0.031871
1.936667	0.032584
1.937000	0.031334
1.937333	0.032103
1.937667	0.031551
1.938000	0.031859
1.938333	0.032006
1.938667	0.031840
1.939000	0.031634
1.939333	0.031837
1.939667	0.032267
1.940000	0.031694
1.940333	0.031223
1.940667	0.031817
1.941000	0.031664
1.941333	0.032007
1.941667	0.032169
1.942000	0.031551
1.942333	0.031452
1.942667	0.031889
1.943000	0.031637
1.943333	0.031393
1.943667	0.032083
1.944000	0.031595
1.944333	0.031715
1.944667	0.030598
1.945000	0.031450
1.945333	0.031586
1.945667	0.031602
1.946000	0.031166
1.946333	0.031632
1.946667	0.031103
1.947000	0.031158
1.947333	0.031262
1.947667	0.031812
1.948000	0.032196
1.948333	0.030958
1.948667	0.031053
1.949000	0.031443
1.949333	0.031366
1.949667	0.031126
1.950000	0.030942
1.950333	0.030677
1.950667	0.031774
1.951000	0.031595
1.951333	0.030502
1.951667	0.031703
1.952000	0.031569
1.952333	0.030799
1.952667	0.032241
1.953000	0.031754
1.953333	0.031200
1.953667	0.030964
1.954000	0.031941
1.954333	0.032302
1.954667	0.031532
1.955000	0.031366
1.955333	0.030430
1.955667	0.031172
1.956000	0.030820
1.956333	0.031873
1.956667	0.031819
1.957000	0.031828
1.957333	0.030910
1.957667	0.031820
1.958000	0.032529
1.958333	0.032023
1.958667	0.032133
1.959000	0.031786
1.959333	0.032503
1.959667	0.031525
1.960000	0.031215
1.960333	0.031329
1.960667	0.031621
1.961000	0.031083
1.961333	0.031526
1.961667	0.032160
1.962000	0.031420
1.962333	0.032092
1.962667	0.031687
1.963000	0.031597
1.963333	0.032288
1.963667	0.031310
1.964000	0.031924
1.964333	0.032396
1.964667	0.030730
1.965000	0.031192
1.965333	0.032519
1.965667	0.031604
1.966000	0.031636
1.966333	0.032610
1.966667	0.030957
1.967000	0.032331
1.967333	0.031223
1.967667	0.031321
1.968000	0.031317
1.968333	0.031371
1.968667	0.032004
1.969000	0.032017
1.969333	0.032017
1.969667	0.031495
1.970000	0.031985
1.970333	0.031804
1.970667	0.031604
1.971000	0.032060
1.971333	0.031641
1.971667	0.031385
1.972000	0.030602
1.972333	0.031802
1.972667	0.031913
1.973000	0.031809
1.973333	0.031613
1.973667	0.032325
1.974000	0.032155
1.974333	0.031401
1.974667	0.031738
1.975000	0.030813
1.975333	0.031927
1.975667	0.030819
1.976000	0.032703
1.976333	0.032687
1.976667	0.032097
1.977000	0.032575
1.977333	0.032827
1.977667	0.031830
1.978000	0.031123
1.978333	0.031699
1.978667	0.032407
1.979000	0.030923
1.979333	0.031741
1.979667	0.032195
1.980000	0.031988
1.980333	0.031595
1.980667	0.032128
1.981000	0.031634
1.981333	0.031358
1.981667	0.031303
1.982000	0.032952
1.982333	0.031665
1.982667	0.031569
1.983000	0.031352
1.983333	0.032193
1.983667	0.031780
1.984000	0.032658
1.984333	0.031058
1.984667	0.031430
1.985000	0.030971
1.985333	0.030953
1.985667	0.031733
1.986000	0.031164
1.986333	0.032360
1.986667	0.031797
1.987000	0.032512
1.987333	0.031634
1.987667	0.030452
1.988000	0.031702
1.988333	0.032071
1.988667	0.030696
1.989000	0.032126
1.989333	0.031278
1.989667	0.031377
1.990000	0.031988
1.990333	0.031766
1.990667	0.031717
1.991000	0.032924
1.991333	0.031607
1.991667	0.031214
1.992000	0.031740
1.992333	0.031914
1.992667	0.032110
1.993000	0.032174
1.993333	0.031514
1.993667	0.032429
1.994000	0.031721
1.994333	0.032150
1.994667	0.031415
1.995000	0.032894
1.995333	0.032059
1.995667	0.032474
1.996000	0.030712
1.996333	0.031611
1.996667	0.031067
1.997000	0.032032
1.997333	0.032323
1.997667	0.031058
1.998000	0.030876
1.998333	0.031845
1.998667	0.031372
1.999000	0.031602
1.999333	0.032166
1.999667	0.031260
2.000000	0.031565
2.000333	0.029644
2.000667	0.031516
2.001000	0.029472
2.001333	0.029690
2.001667	0.030299
2.002000	0.030333
2.002333	0.030354
2.002667	0.030504
2.003000	0.030680
2.003333	0.030824
2.003667	0.030492
2.004000	0.030621
2.004333	0.030338
2.004667	0.029626
2.005000	0.030141
2.005333	0.030731
2.005667	0.031721
2.006000	0.030612
2.006333	0.030029
2.006667	0.030117
2.007000	0.030042
2.007333	0.030118
2.007667	0.030232
2.008000	0.029653
2.008333	0.030161
2.008667	0.030258
2.009000	0.030333
2.009333	0.029338
2.009667	0.030040
2.010000	0.030436
2.010333	0.029738
2.010667	0.030865
2.011000	0.030005
2.011333	0.029689
2.011667	0.029835
2.012000	0.030430
2.012333	0.030160
2.012667	0.030464
2.013000	0.030386
2.013333	0.031424
2.013667	0.031146
2.014000	0.030589
2.014333	0.030715
2.014667	0.029637
2.015000	0.030333
2.015333	0.030137
2.015667	0.030157
2.016000	0.029429
2.016333	0.029159
2.016667	0.031167
2.017000	0.030445
2.017333	0.030194
2.017667	0.030415
2.018000	0.030559
2.018333	0.030087
2.018667	0.029723
2.019000	0.029887
2.019333	0.030433
2.019667	0.030015
2.020000	0.029495
2.020333	0.030169
2.020667	0.030163
2.021000	0.030136
2.021333	0.030121
2.021667	0.030520
2.022000	0.030200
2.022333	0.030300
2.022667	0.029968
2.023000	0.029602
2.023333	0.031518
2.023667	0.030544
2.024000	0.029740
2.024333	0.029955
2.024667	0.029757
2.025000	0.029320
2.025333	0.030799
2.025667	0.030151
2.026000	0.029829
2.026333	0.030266
2.026667	0.029901
2.027000	0.030153
2.027333	0.030466
2.027667	0.029936
2.028000	0.029884
2.028333	0.030728
2.028667	0.030317
2.029000	0.029963
2.029333	0.030157
2.029667	0.030520
2.030000	0.029707
2.030333	0.029482
2.030667	0.030361
2.031000	0.030358
2.031333	0.030383
2.031667	0.030778
2.032000	0.030598
2.032333	0.029709
2.032667	0.030544
2.033000	0.030127
2.033333	0.030366
2.033667	0.030805
2.034000	0.030494
2.034333	0.030230
2.034667	0.029755
2.035000	0.031485
2.035333	0.030310
2.035667	0.030155
2.036000	0.029654
2.036333	0.030654
2.036667	0.030632
2.037000	0.030931
2.037333	0.030377
2.037667	0.030249
2.038000	0.030976
2.038333	0.029971
2.038667	0.030935
2.039000	0.030061
2.039333	0.029684
2.039667	0.030275
2.040000	0.030327
2.040333	0.030003
2.040667	0.029964
2.041000	0.030085
2.041333	0.030643
2.041667	0.029936
2.042000	0.030671
2.042333	0.030860
2.042667	0.030194
2.043000	0.030320
2.043333	0.029863
2.043667	0.030442
2.044000	0.030837
2.044333	0.029801
2.044667	0.030723
2.045000	0.031264
2.045333	0.030173
2.045667	0.030264
2.046000	0.030950
2.046333	0.030087
2.046667	0.030044
2.047000	0.030406
2.047333	0.030946
2.047667	0.030179
2.048000	0.029505
2.048333	0.030358
2.048667	0.029809
2.049000	0.029748
2.049333	0.030986
2.049667	0.030780
2.050000	0.029956
2.050333	0.030049
2.050667	0.030461
2.051000	0.030498
2.051333	0.030063
2.051667	0.030492
2.052000	0.030256
2.052333	0.031434
2.052667	0.030103
2.053000	0.030306
2.053333	0.029938
2.053667	0.030463
2.054000	0.030073
2.054333	0.030748
2.054667	0.030515
2.055000	0.030502
2.055333	0.031152
2.055667	0.030007
2.056000	0.030648
2.056333	0.030529
2.056667	0.030515
2.057000	0.029929
2.057333	0.030515
2.057667	0.030244
2.058000	0.030130
2.058333	0.029972
2.058667	0.030920
2.059000	0.030140
2.059333	0.029976
2.059667	0.030278
2.060000	0.029900
2.060333	0.030970
2.060667	0.030661
2.061000	0.030934
2.061333	0.030724
2.061667	0.030525
2.062000	0.030442
2.062333	0.030568
2.062667	0.030752
2.063000	0.030176
2.063333	0.030594
2.063667	0.030012
2.064000	0.030205
2.064333	0.030294
2.064667	0.030419
2.065000	0.030742
2.065333	0.031012
2.065667	0.030944
2.066000	0.031125
2.066333	0.030794
2.066667	0.030569
2.067000	0.030487
2.067333	0.030926
2.067667	0.030368
2.068000	0.031455
2.068333	0.030055
2.068667	0.030458
2.069000	0.030357
2.069333	0.031369
2.069667	0.030818
2.070000	0.030906
2.070333	0.030517
2.070667	0.031212
2.071000	0.030998
2.071333	0.030422
2.071667	0.031116
2.072000	0.030383
2.072333	0.030537
2.072667	0.030891
2.073000	0.030836
2.073333	0.030626
2.073667	0.030433
2.074000	0.031165
2.074333	0.031542
2.074667	0.030567
2.075000	0.030631
2.075333	0.030236
2.075667	0.030316
2.076000	0.031086
2.076333	0.031231
2.076667	0.030069
2.077000	0.031365
2.077333	0.031704
2.077667	0.029931
2.078000	0.031114
2.078333	0.030961
2.078667	0.030394
2.079000	0.031005
2.079333	0.030851
2.079667	0.030596
2.080000	0.031934
2.080333	0.031146
2.080667	0.031271
2.081000	0.031132
2.081333	0.030381
2.081667	0.031586
2.082000	0.031034
2.082333	0.030099
2.082667	0.031969
2.083000	0.030776
2.083333	0.030895
2.083667	0.031039
2.084000	0.031022
2.084333	0.030821
2.084667	0.030551
2.085000	0.030924
2.085333	0.030766
2.085667	0.030550
2.086000	0.031426
2.086333	0.030999
2.086667	0.030960
2.087000	0.031472
2.087333	0.031312
2.087667	0.030949
2.088000	0.031437
2.088333	0.031577
2.088667	0.031503
2.089000	0.031304
2.089333	0.031080
2.089667	0.031316
2.090000	0.030670
2.090333	0.031402
2.090667	0.030832
2.091000	0.031161
2.091333	0.030999
2.091667	0.031737
2.092000	0.031066
2.092333	0.032030
2.092667	0.031443
2.093000	0.030775
2.093333	0.031194
2.093667	0.031250
2.094000	0.031884
2.094333	0.031006
2.094667	0.031740
2.095000	0.031443
2.095333	0.030233
2.095667	0.031857
2.096000	0.031413
2.096333	0.030795
2.096667	0.031839
2.097000	0.030813
2.097333	0.030974
2.097667	0.031228
2.098000	0.030827
2.098333	0.030222
2.098667	0.031196
2.099000	0.030730
2.099333	0.032401
2.099667	0.030694
2.100000	0.031500
2.100333	0.031026
2.100667	0.031445
2.101000	0.030957
2.101333	0.031793
2.101667	0.031695
2.102000	0.031796
2.102333	0.030758
2.102667	0.032167
2.103000	0.031059
2.103333	0.031567
2.103667	0.031735
2.104000	0.031868
2.104333	0.031683
2.104667	0.031324
2.105000	0.032680
2.105333	0.031356
2.105667	0.030966
2.106000	0.030886
2.106333	0.031232
2.106667	0.031618
2.107000	0.031892
2.107333	0.032195
2.107667	0.031116
2.108000	0.031387
2.108333	0.031252
2.108667	0.032202
2.109000	0.031376
2.109333	0.030938
2.109667	0.031935
2.110000	0.032625
2.110333	0.031520
2.110667	0.031293
2.111000	0.030722
2.111333	0.031193
2.111667	0.031143
2.112000	0.032062
2.112333	0.032401
2.112667	0.032974
2.113000	0.033423
2.113333	0.033715
2.113667	0.033448
2.114000	0.033850
2.114333	0.032974
2.114667	0.033309
2.115000	0.034086
2.115333	0.033207
2.115667	0.034669
2.116000	0.035366
2.116333	0.034167
2.116667	0.034250
2.117000	0.035266
2.117333	0.034869
2.117667	0.036023
2.118000	0.034878
2.118333	0.034995
2.118667	0.034464
2.119000	0.035728
2.119333	0.037303
2.119667	0.040467
2.120000	0.048293
2.120333	0.061081
2.120667	0.068386
2.121000	0.070785
2.121333	0.072519
2.121667	0.072075
2.122000	0.071523
2.122333	0.070358
2.122667	0.069107
2.123000	0.067739
2.123333	0.066364
2.123667	0.063614
2.124000	0.062315
2.124333	0.062603
2.124667	0.061209
2.125000	0.060247
2.125333	0.064570
2.125667	0.067060
2.126000	0.072534
2.126333	0.077476
2.126667	0.078589
2.127000	0.077637
2.127333	0.074940
2.127667	0.073075
2.128000	0.072406
2.128333	0.070103
2.128667	0.069483
2.129000	0.068288
2.129333	0.066739
2.129667	0.066235
2.130000	0.065524
2.130333	0.063681
2.130667	0.062787
2.131000	0.062250
2.131333	0.059680
2.131667	0.059926
2.132000	0.060432
2.132333	0.059454
2.132667	0.059198
2.133000	0.058503
2.133333	0.056852
2.133667	0.056998
2.134000	0.055950
2.134333	0.055372
2.134667	0.055150
2.135000	0.054603
2.135333	0.054069
2.135667	0.053516
2.136000	0.053047
2.136333	0.053080
2.136667	0.053225
2.137000	0.051687
2.137333	0.051359
2.137667	0.051065
2.138000	0.049954
2.138333	0.051274
2.138667	0.050278
2.139000	0.050017
2.139333	0.049253
2.139667	0.048500
2.140000	0.049014
2.140333	0.048704
2.140667	0.048120
2.141000	0.048423
2.141333	0.046656
2.141667	0.046859
2.142000	0.046948
2.142333	0.047343
2.142667	0.047173
2.143000	0.046883
2.143333	0.046781
2.143667	0.046022
2.144000	0.046710
2.144333	0.046351
2.144667	0.045174
2.145000	0.045343
2.145333	0.045648
2.145667	0.045279
2.146000	0.045453
2.146333	0.044446
2.146667	0.045012
2.147000	0.044877
2.147333	0.044878
2.147667	0.044210
2.148000	0.043884
2.148333	0.043827
2.148667	0.043935
2.149000	0.043750
2.149333	0.042481
2.149667	0.044325
2.150000	0.042556
2.150333	0.042394
2.150667	0.043233
2.151000	0.043304
2.151333	0.042434
2.151667	0.042587
2.152000	0.042612
2.152333	0.041710
2.152667	0.041623
2.153000	0.041901
2.153333	0.042171
2.153667	0.041841
2.154000	0.041867
2.154333	0.041819
2.154667	0.041928
2.155000	0.040967
2.155333	0.040837
2.155667	0.040993
2.156000	0.040569
2.156333	0.040148
2.156667	0.040891
2.157000	0.040740
2.157333	0.040874
2.157667	0.040905
2.158000	0.040508
2.158333	0.040219
2.158667	0.040392
2.159000	0.039413
2.159333	0.040630
2.159667	0.040213
2.160000	0.040443
2.160333	0.039940
2.160667	0.040357
2.161000	0.040441
2.161333	0.040387
2.161667	0.039151
2.162000	0.040510
2.162333	0.039587
2.162667	0.038992
2.163000	0.039842
2.163333	0.039280
2.163667	0.038818
2.164000	0.038489
2.164333	0.039325
2.164667	0.039973
2.165000	0.038925
2.165333	0.038961
2.165667	0.039092
2.166000	0.037988
2.166333	0.038885
2.166667	0.039471
2.167000	0.038913
2.167333	0.038858
2.167667	0.039828
2.168000	0.039245
2.168333	0.038922
2.168667	0.039341
2.169000	0.038662
2.169333	0.037540
2.169667	0.038470
2.170000	0.038698
2.170333	0.038304
2.170667	0.037264
2.171000	0.038162
2.171333	0.036800
2.171667	0.037159
2.172000	0.037363
2.172333	0.037273
2.172667	0.037372
2.173000	0.037104
2.173333	0.037942
2.173667	0.037444
2.174000	0.037608
2.174333	0.037675
2.174667	0.038075
2.175000	0.038392
2.175333	0.038398
2.175667	0.039502
2.176000	0.038410
2.176333	0.037965
2.176667	0.038161
2.177000	0.037288
2.177333	0.037767
2.177667	0.038585
2.178000	0.037503
2.178333	0.037069
2.178667	0.036471
2.179000	0.036930
2.179333	0.037352
2.179667	0.037421
2.180000	0.036459
2.180333	0.036591
2.180667	0.037522
2.181000	0.037011
2.181333	0.037984
2.181667	0.038023
2.182000	0.036962
2.182333	0.037175
2.182667	0.038362
2.183000	0.037474
2.183333	0.037845
2.183667	0.037672
2.184000	0.037789
2.184333	0.036770
2.184667	0.037438
2.185000	0.037446
2.185333	0.037019
2.185667	0.037553
2.186000	0.036868
2.186333	0.035842
2.186667	0.036466
2.187000	0.036328
2.187333	0.036715
2.187667	0.036613
2.188000	0.036868
2.188333	0.036572
2.188667	0.036238
2.189000	0.036495
2.189333	0.037606
2.189667	0.036187
2.190000	0.037354
2.190333	0.036970
2.190667	0.037791
2.191000	0.036673
2.191333	0.036832
2.191667	0.036961
2.192000	0.036315
2.192333	0.036454
2.192667	0.036505
2.193000	0.036532
2.193333	0.036227
2.193667	0.035149
2.194000	0.036644
2.194333	0.035052
2.194667	0.035216
2.195000	0.037135
2.195333	0.036405
2.195667	0.036604
2.196000	0.037291
2.196333	0.035595
2.196667	0.035895
2.197000	0.037133
2.197333	0.036728
2.197667	0.037095
2.198000	0.036988
2.198333	0.036960
2.198667	0.036425
2.199000	0.036483
2.199333	0.036961
2.199667	0.035389
2.200000	0.036734
2.200333	0.036136
2.200667	0.035422
2.201000	0.035509
2.201333	0.036829
2.201667	0.036443
2.202000	0.035572
2.202333	0.035749
2.202667	0.036358
2.203000	0.036615
2.203333	0.035588
2.203667	0.035676
2.204000	0.036582
2.204333	0.036015
2.204667	0.036931
2.205000	0.036075
2.205333	0.036094
2.205667	0.036876
2.206000	0.035978
2.206333	0.036811
2.206667	0.035652
2.207000	0.036184
2.207333	0.035594
2.207667	0.035531
2.208000	0.037012
2.208333	0.036245
2.208667	0.036309
2.209000	0.036576
2.209333	0.037433
2.209667	0.036273
2.210000	0.036047
2.210333	0.036187
2.210667	0.036088
2.211000	0.035921
2.211333	0.036128
2.211667	0.035631
2.212000	0.035137
2.212333	0.035016
2.212667	0.035602
2.213000	0.035099
2.213333	0.035013
2.213667	0.035226
2.214000	0.035302
2.214333	0.035713
2.214667	0.036065
2.215000	0.036064
2.215333	0.036225
2.215667	0.035998
2.216000	0.036015
2.216333	0.037086
2.216667	0.037140
2.217000	0.036572
2.217333	0.036755
2.217667	0.036993
2.218000	0.037338
2.218333	0.036735
2.218667	0.037776
2.219000	0.037180
2.219333	0.038192
2.219667	0.038050
2.220000	0.039243
2.220333	0.038064
2.220667	0.037923
2.221000	0.039415
2.221333	0.041010
2.221667	0.040274
2.222000	0.042928
2.222333	0.042018
2.222667	0.043111
2.223000	0.045104
2.223333	0.045626
2.223667	0.048564
2.224000	0.052868
2.224333	0.063314
2.224667	0.068822
2.225000	0.071840
2.225333	0.072115
2.225667	0.071935
2.226000	0.070560
2.226333	0.069396
2.226667	0.068091
2.227000	0.066778
2.227333	0.066618
2.227667	0.064241
2.228000	0.063399
2.228333	0.062280
2.228667	0.061193
2.229000	0.060676
2.229333	0.059879
2.229667	0.058586
2.230000	0.058232
2.230333	0.057192
2.230667	0.056634
2.231000	0.055732
2.231333	0.054521
2.231667	0.054683
2.232000	0.054850
2.232333	0.054020
2.232667	0.053615
2.233000	0.052271
2.233333	0.052986
2.233667	0.051001
2.234000	0.051448
2.234333	0.050650
2.234667	0.051338
2.235000	0.050891
2.235333	0.048935
2.235667	0.050079
2.236000	0.049697
2.236333	0.049340
2.236667	0.047669
2.237000	0.047739
2.237333	0.047438
2.237667	0.048098
2.238000	0.048365
2.238333	0.047289
2.238667	0.046673
2.239000	0.047673
2.239333	0.045820
2.239667	0.046537
2.240000	0.045870
2.240333	0.045609
2.240667	0.045745
2.241000	0.045823
2.241333	0.045640
2.241667	0.045056
2.242000	0.045273
2.242333	0.044944
2.242667	0.045187
2.243000	0.044630
2.243333	0.043859
2.243667	0.043793
2.244000	0.042979
2.244333	0.043056
2.244667	0.043492
2.245000	0.043348
2.245333	0.043085
2.245667	0.043609
2.246000	0.042509
2.246333	0.042375
2.246667	0.042909
2.247000	0.042593
2.247333	0.042381
2.247667	0.043442
2.248000	0.042814
2.248333	0.042209
2.248667	0.042922
2.249000	0.041873
2.249333	0.042250
2.249667	0.042225
2.250000	0.042326
2.250333	0.042030
2.250667	0.041429
2.251000	0.041569
2.251333	0.041302
2.251667	0.041214
2.252000	0.041387
2.252333	0.041673
2.252667	0.042107
2.253000	0.040290
2.253333	0.041143
2.253667	0.040740
2.254000	0.041073
2.254333	0.040762
2.254667	0.040619
2.255000	0.040690
2.255333	0.041132
2.255667	0.041725
2.256000	0.040972
2.256333	0.040228
2.256667	0.040057
2.257000	0.039973
2.257333	0.039584
2.257667	0.039830
2.258000	0.041157
2.258333	0.039069
2.258667	0.040214
2.259000	0.039336
2.259333	0.039991
2.259667	0.040331
2.260000	0.039775
2.260333	0.039020
2.260667	0.039584
2.261000	0.039422
2.261333	0.039564
2.261667	0.040030
2.262000	0.038706
2.262333	0.039097
2.262667	0.038958
2.263000	0.039518
2.263333	0.038850
2.263667	0.039350
2.264000	0.039293
2.264333	0.039204
2.264667	0.039267
2.265000	0.039589
2.265333	0.040285
2.265667	0.039862
2.266000	0.038940
2.266333	0.040175
2.266667	0.039567
2.267000	0.038427
2.267333	0.038902
2.267667	0.039464
2.268000	0.037902
2.268333	0.038971
2.268667	0.039535
2.269000	0.039274
2.269333	0.039184
2.269667	0.037927
2.270000	0.038947
2.270333	0.037910
2.270667	0.038083
2.271000	0.038471
2.271333	0.038691
2.271667	0.038577
2.272000	0.037790
2.272333	0.038148
2.272667	0.038319
2.273000	0.038656
2.273333	0.038925
2.273667	0.038581
2.274000	0.038110
2.274333	0.037720
2.274667	0.038951
2.275000	0.038832
2.275333	0.037698
2.275667	0.038953
2.276000	0.037640
2.276333	0.038138
2.276667	0.037738
2.277000	0.036746
2.277333	0.038040
2.277667	0.038495
2.278000	0.037649
2.278333	0.037704
2.278667	0.038003
2.279000	0.037565
2.279333	0.037485
2.279667	0.037351
2.280000	0.038806
2.280333	0.037881
2.280667	0.038000
2.281000	0.037127
2.281333	0.037666
2.281667	0.038801
2.282000	0.038233
2.282333	0.037721
2.282667	0.038634
2.283000	0.038693
2.283333	0.037996
2.283667	0.036820
2.284000	0.037208
2.284333	0.037372
2.284667	0.037632
2.285000	0.036572
2.285333	0.037161
2.285667	0.037424
2.286000	0.037854
2.286333	0.037359
2.286667	0.036906
2.287000	0.037834
2.287333	0.036801
2.287667	0.037589
2.288000	0.037315
2.288333	0.036617
2.288667	0.036634
2.289000	0.037380
2.289333	0.037276
2.289667	0.037882
2.290000	0.037291
2.290333	0.037732
2.290667	0.036041
2.291000	0.036943
2.291333	0.037527
2.291667	0.036319
2.292000	0.037496
2.292333	0.036565
2.292667	0.036859
2.293000	0.036611
2.293333	0.037246
2.293667	0.036494
2.294000	0.036397
2.294333	0.037099
2.294667	0.036458
2.295000	0.037245
2.295333	0.035894
2.295667	0.036164
2.296000	0.037311
2.296333	0.036687
2.296667	0.036909
2.297000	0.037069
2.297333	0.036949
2.297667	0.037401
2.298000	0.036552
2.298333	0.037085
2.298667	0.036563
2.299000	0.037130
2.299333	0.035747
2.299667	0.037160
2.300000	0.036863
2.300333	0.037297
2.300667	0.037181
2.301000	0.035988
2.301333	0.036597
2.301667	0.036533
2.302000	0.037226
2.302333	0.037006
2.302667	0.036342
2.303000	0.036787
2.303333	0.037186
2.303667	0.036605
2.304000	0.036649
2.304333	0.037537
2.304667	0.036412
2.305000	0.036320
2.305333	0.036916
2.305667	0.037345
2.306000	0.036862
2.306333	0.036416
2.306667	0.036041
2.307000	0.035760
2.307333	0.036521
2.307667	0.036743
2.308000	0.036609
2.308333	0.035933
2.308667	0.035847
2.309000	0.036718
2.309333	0.036995
2.309667	0.036495
2.310000	0.036349
2.310333	0.036481
2.310667	0.036419
2.311000	0.035150
2.311333	0.035430
2.311667	0.036506
2.312000	0.036315
2.312333	0.036538
2.312667	0.035890
2.313000	0.035677
2.313333	0.037521
2.313667	0.035825
2.314000	0.036100
2.314333	0.036065
2.314667	0.035622
2.315000	0.036513
2.315333	0.035979
2.315667	0.035712
2.316000	0.036478
2.316333	0.036245
2.316667	0.036083
2.317000	0.036629
2.317333	0.036666
2.317667	0.036607
2.318000	0.036801
2.318333	0.037594
2.318667	0.034983
2.319000	0.035464
2.319333	0.036713
2.319667	0.036902
2.320000	0.036867
2.320333	0.036035
2.320667	0.036483
2.321000	0.035627
2.321333	0.035778
2.321667	0.036072
2.322000	0.035170
2.322333	0.035719
2.322667	0.035718
2.323000	0.036539
2.323333	0.036292
2.323667	0.035977
2.324000	0.036135
2.324333	0.036575
2.324667	0.036099
2.325000	0.035809
2.325333	0.035642
2.325667	0.035242
2.326000	0.035954
2.326333	0.036581
2.326667	0.035602
2.327000	0.036428
2.327333	0.036151
2.327667	0.036293
2.328000	0.036201
2.328333	0.036684
2.328667	0.036038
2.329000	0.035393
2.329333	0.036427
2.329667	0.035862
2.330000	0.035144
2.330333	0.037061
2.330667	0.036028
2.331000	0.036528
2.331333	0.036597
2.331667	0.035966
2.332000	0.035982
2.332333	0.035739
2.332667	0.035530
2.333000	0.036882
2.333333	0.035824
2.333667	0.035502
2.334000	0.034516
2.334333	0.035517
2.334667	0.035852
2.335000	0.036035
2.335333	0.036856
2.335667	0.035804
2.336000	0.036029
2.336333	0.035452
2.336667	0.036036
2.337000	0.035912
2.337333	0.035863
2.337667	0.035730
2.338000	0.036709
2.338333	0.035748
2.338667	0.035824
2.339000	0.035353
2.339333	0.036087
2.339667	0.035826
2.340000	0.036219
2.340333	0.036297
2.340667	0.035757
2.341000	0.035099
2.341333	0.035049
2.341667	0.035838
2.342000	0.035042
2.342333	0.035483
2.342667	0.035259
2.343000	0.035773
2.343333	0.035154
2.343667	0.036463
2.344000	0.035931
2.344333	0.036344
2.344667	0.035293
2.345000	0.036362
2.345333	0.035723
2.345667	0.036130
2.346000	0.035585
2.346333	0.035759
2.346667	0.036087
2.347000	0.035902
2.347333	0.036170
2.347667	0.035601
2.348000	0.036071
2.348333	0.036538
2.348667	0.035597
2.349000	0.035770
2.349333	0.035687
2.349667	0.035565
2.350000	0.035422
2.350333	0.036044
2.350667	0.035560
2.351000	0.035624
2.351333	0.036013
2.351667	0.035918
2.352000	0.035857
2.352333	0.034952
2.352667	0.036082
2.353000	0.036841
2.353333	0.036729
2.353667	0.035858
2.354000	0.036416
2.354333	0.035850
2.354667	0.036424
2.355000	0.036695
2.355333	0.036970
2.355667	0.036090
2.356000	0.036388
2.356333	0.036469
2.356667	0.036131
2.357000	0.035520
2.357333	0.035928
2.357667	0.036023
2.358000	0.035233
2.358333	0.035736
2.358667	0.035958
2.359000	0.035246
2.359333	0.034969
2.359667	0.035745
2.360000	0.035070
2.360333	0.036263
2.360667	0.035690
2.361000	0.034714
2.361333	0.035845
2.361667	0.035157
2.362000	0.034951
2.362333	0.035584
2.362667	0.035658
2.363000	0.035546
2.363333	0.036521
2.363667	0.036538
2.364000	0.035672
2.364333	0.035978
2.364667	0.035361
2.365000	0.035567
2.365333	0.035542
2.365667	0.035500
2.366000	0.035071
2.366333	0.034927
2.366667	0.035582
2.367000	0.035921
2.367333	0.035614
2.367667	0.035085
2.368000	0.035975
2.368333	0.035152
2.368667	0.036482
2.369000	0.035745
2.369333	0.035673
2.369667	0.035993
2.370000	0.036128
2.370333	0.035180
2.370667	0.036339
2.371000	0.036386
2.371333	0.036067
2.371667	0.036322
2.372000	0.035848
2.372333	0.035719
2.372667	0.036327
2.373000	0.035106
2.373333	0.034721
2.373667	0.034757
2.374000	0.036353
2.374333	0.035411
2.374667	0.035727
2.375000	0.035792
2.375333	0.034899
2.375667	0.036133
2.376000	0.035869
2.376333	0.034699
2.376667	0.035658
2.377000	0.035854
2.377333	0.035659
2.377667	0.035158
2.378000	0.036567
2.378333	0.036828
2.378667	0.035840
2.379000	0.035551
2.379333	0.036152
2.379667	0.036215
2.380000	0.035527
2.380333	0.035616
2.380667	0.035501
2.381000	0.036320
2.381333	0.035262
2.381667	0.034593
2.382000	0.035956
2.382333	0.035924
2.382667	0.035712
2.383000	0.036071
2.383333	0.035283
2.383667	0.036552
2.384000	0.036066
2.384333	0.035456
2.384667	0.036636
2.385000	0.035474
2.385333	0.036513
2.385667	0.036388
2.386000	0.036847
2.386333	0.035447
2.386667	0.035904
2.387000	0.035686
2.387333	0.035445
2.387667	0.035391
2.388000	0.034582
2.388333	0.035194
2.388667	0.035375
2.389000	0.034861
2.389333	0.035477
2.389667	0.034725
2.390000	0.035922
2.390333	0.035857
2.390667	0.035410
2.391000	0.035931
2.391333	0.035615
2.391667	0.035607
2.392000	0.035367
2.392333	0.036721
2.392667	0.034922
2.393000	0.034282
2.393333	0.035781
2.393667	0.035618
2.394000	0.035337
2.394333	0.035573
2.394667	0.035204
2.395000	0.034056
2.395333	0.034965
2.395667	0.036386
2.396000	0.035721
2.396333	0.035045
2.396667	0.035375
2.397000	0.035956
2.397333	0.036025
2.397667	0.035517
2.398000	0.035427
2.398333	0.035375
2.398667	0.035618
2.399000	0.036105
2.399333	0.036191
2.399667	0.035650
2.400000	0.035504
2.400333	0.035688
2.400667	0.036490
2.401000	0.036213
2.401333	0.035191
2.401667	0.036404
2.402000	0.035203
2.402333	0.035846
2.402667	0.034339
2.403000	0.035346
2.403333	0.034867
2.403667	0.035247
2.404000	0.035613
2.404333	0.035291
2.404667	0.035315
2.405000	0.035367
2.405333	0.034841
2.405667	0.035256
2.406000	0.035880
2.406333	0.035695
2.406667	0.035273
2.407000	0.034531
2.407333	0.035365
2.407667	0.034679
2.408000	0.035040
2.408333	0.033976
2.408667	0.035357
2.409000	0.035800
2.409333	0.035089
2.409667	0.035715
2.410000	0.035389
2.410333	0.035263
2.410667	0.034916
2.411000	0.036333
2.411333	0.036338
2.411667	0.035309
2.412000	0.035506
2.412333	0.034880
2.412667	0.035677
2.413000	0.034935
2.413333	0.035097
2.413667	0.035523
2.414000	0.035538
2.414333	0.035147
2.414667	0.035196
2.415000	0.035910
2.415333	0.034746
2.415667	0.035286
2.416000	0.034911
2.416333	0.035109
2.416667	0.034496
2.417000	0.034991
2.417333	0.036045
2.417667	0.035300
2.418000	0.034835
2.418333	0.034949
2.418667	0.034920
2.419000	0.035738
2.419333	0.035020
2.419667	0.035838
2.420000	0.035106
2.420333	0.035371
2.420667	0.035102
2.421000	0.034906
2.421333	0.035539
2.421667	0.035447
2.422000	0.034254
2.422333	0.035022
2.422667	0.035291
2.423000	0.035364
2.423333	0.035791
2.423667	0.036044
2.424000	0.034810
2.424333	0.035751
2.424667	0.034480
2.425000	0.035171
2.425333	0.034877
2.425667	0.035618
2.426000	0.035707
2.426333	0.034604
2.426667	0.035488
2.427000	0.034389
2.427333	0.034895
2.427667	0.034258
2.428000	0.034670
2.428333	0.035550
2.428667	0.034900
2.429000	0.034862
2.429333	0.034941
2.429667	0.034614
2.430000	0.034979
2.430333	0.035644
2.430667	0.034506
2.431000	0.034535
2.431333	0.035183
2.431667	0.035128
2.432000	0.035038
2.432333	0.034556
2.432667	0.035007
2.433000	0.034322
2.433333	0.035470
2.433667	0.034792
2.434000	0.034909
2.434333	0.034845
2.434667	0.034815
2.435000	0.034894
2.435333	0.034908
2.435667	0.034726
2.436000	0.035114
2.436333	0.034663
2.436667	0.035089
2.437000	0.034960
2.437333	0.034505
2.437667	0.035335
2.438000	0.034670
2.438333	0.035428
2.438667	0.035073
2.439000	0.034105
2.439333	0.036009
2.439667	0.034765
2.440000	0.035294
2.440333	0.035649
2.440667	0.035070
2.441000	0.035694
2.441333	0.035147
2.441667	0.034967
2.442000	0.034824
2.442333	0.034408
2.442667	0.035120
2.443000	0.035416
2.443333	0.036053
2.443667	0.036185
2.444000	0.034875
2.444333	0.034974
2.444667	0.034983
2.445000	0.035834
2.445333	0.035451
2.445667	0.035031
2.446000	0.034204
2.446333	0.034791
2.446667	0.035355
2.447000	0.035942
2.447333	0.035326
2.447667	0.034311
2.448000	0.034935
2.448333	0.034555
2.448667	0.034339
2.449000	0.035521
2.449333	0.035697
2.449667	0.035146
2.450000	0.036071
2.450333	0.034100
2.450667	0.034479
2.451000	0.033974
2.451333	0.035598
2.451667	0.035778
2.452000	0.035034
2.452333	0.034957
2.452667	0.035351
2.453000	0.034888
2.453333	0.035842
2.453667	0.034524
2.454000	0.034932
2.454333	0.035077
2.454667	0.035118
2.455000	0.034715
2.455333	0.034972
2.455667	0.034526
2.456000	0.035789
2.456333	0.034852
2.456667	0.034879
2.457000	0.035927
2.457333	0.034554
2.457667	0.035384
2.458000	0.035514
2.458333	0.034833
2.458667	0.034679
2.459000	0.035445
2.459333	0.034564
2.459667	0.035191
2.460000	0.035309
2.460333	0.034947
2.460667	0.034524
2.461000	0.034779
2.461333	0.034896
2.461667	0.035627
2.462000	0.035311
2.462333	0.034929
2.462667	0.034443
2.463000	0.035900
2.463333	0.035988
2.463667	0.034852
2.464000	0.034899
2.464333	0.034955
2.464667	0.035157
2.465000	0.035058
2.465333	0.035538
2.465667	0.034878
2.466000	0.035073
2.466333	0.034800
2.466667	0.035242
2.467000	0.035124
2.467333	0.034972
2.467667	0.035269
2.468000	0.034680
2.468333	0.033839
2.468667	0.034568
2.469000	0.034946
2.469333	0.035574
2.469667	0.034892
2.470000	0.034968
2.470333	0.034870
2.470667	0.034117
2.471000	0.034735
2.471333	0.035172
2.471667	0.035119
2.472000	0.035342
2.472333	0.034931
2.472667	0.035605
2.473000	0.035364
2.473333	0.035850
2.473667	0.034639
2.474000	0.035605
2.474333	0.035234
2.474667	0.035554
2.475000	0.035646
2.475333	0.035128
2.475667	0.035610
2.476000	0.035521
2.476333	0.034941
2.476667	0.034967
2.477000	0.034810
2.477333	0.034915
2.477667	0.034974
2.478000	0.035775
2.478333	0.035315
2.478667	0.035015
2.479000	0.035618
2.479333	0.035288
2.479667	0.035214
2.480000	0.035102
2.480333	0.035663
2.480667	0.035026
2.481000	0.035151
2.481333	0.034226
2.481667	0.035226
2.482000	0.035269
2.482333	0.034896
2.482667	0.034907
2.483000	0.034842
2.483333	0.034947
2.483667	0.034678
2.484000	0.034933
2.484333	0.035963
2.484667	0.035139
2.485000	0.034996
2.485333	0.035015
2.485667	0.034653
2.486000	0.035870
2.486333	0.036186
2.486667	0.034382
2.487000	0.034924
2.487333	0.035012
2.487667	0.035129
2.488000	0.035028
2.488333	0.034862
2.488667	0.034688
2.489000	0.035143
2.489333	0.036274
2.489667	0.034748
2.490000	0.034750
2.490333	0.034329
2.490667	0.034475
2.491000	0.035260
2.491333	0.034337
2.491667	0.035109
2.492000	0.035229
2.492333	0.036511
2.492667	0.036202
2.493000	0.034955
2.493333	0.035435
2.493667	0.035348
2.494000	0.035058
2.494333	0.036165
2.494667	0.034093
2.495000	0.035371
2.495333	0.034953
2.495667	0.035222
2.496000	0.034680
2.496333	0.035608
2.496667	0.035547
2.497000	0.035464
2.497333	0.035156
2.497667	0.036334
2.498000	0.034685
2.498333	0.035005
2.498667	0.034209
2.499000	0.035699
2.499333	0.035447
2.499667	0.034959
2.500000	0.035422
2.500333	0.035321
2.500667	0.035237
2.501000	0.034565
2.501333	0.035000
2.501667	0.035767
2.502000	0.033934
2.502333	0.035621
2.502667	0.035031
2.503000	0.035283
2.503333	0.034536
2.503667	0.034605
2.504000	0.034750
2.504333	0.035372
2.504667	0.034682
2.505000	0.034820
2.505333	0.035831
2.505667	0.034744
2.506000	0.035150
2.506333	0.035071
2.506667	0.034934
2.507000	0.035235
2.507333	0.035750
2.507667	0.034680
2.508000	0.035933
2.508333	0.034449
2.508667	0.035146
2.509000	0.035903
2.509333	0.035433
2.509667	0.035336
2.510000	0.034866
2.510333	0.035119
2.510667	0.035491
2.511000	0.035139
2.511333	0.035320
2.511667	0.034868
2.512000	0.036258
2.512333	0.034841
2.512667	0.035486
2.513000	0.034920
2.513333	0.035039
2.513667	0.035425
2.514000	0.034783
2.514333	0.035636
2.514667	0.034756
2.515000	0.034491
2.515333	0.034536
2.515667	0.033607
2.516000	0.035312
2.516333	0.034755
2.516667	0.034689
2.517000	0.034520
2.517333	0.034892
2.517667	0.035000
2.518000	0.035290
2.518333	0.035168
2.518667	0.035148
2.519000	0.035639
2.519333	0.035177
2.519667	0.036191
2.520000	0.035344
2.520333	0.034884
2.520667	0.035701
2.521000	0.035028
2.521333	0.034962
2.521667	0.034905
2.522000	0.035733
2.522333	0.035077
2.522667	0.034486
2.523000	0.034928
2.523333	0.034081
2.523667	0.034753
2.524000	0.035285
2.524333	0.035321
2.524667	0.035341
2.525000	0.035267
2.525333	0.034566
2.525667	0.035051
2.526000	0.035668
2.526333	0.035898
2.526667	0.035336
2.527000	0.035881
2.527333	0.034829
2.527667	0.035603
2.528000	0.035238
2.528333	0.035365
2.528667	0.034869
2.529000	0.035547
2.529333	0.035549
2.529667	0.034802
2.530000	0.034647
2.530333	0.035278
2.530667	0.035680
2.531000	0.035252
2.531333	0.035265
2.531667	0.035244
2.532000	0.034968
2.532333	0.034627
2.532667	0.036016
2.533000	0.035088
2.533333	0.035484
2.533667	0.034740
2.534000	0.035353
2.534333	0.035248
2.534667	0.036378
2.535000	0.036262
2.535333	0.035111
2.535667	0.035260
2.536000	0.035192
2.536333	0.035383
2.536667	0.035327
2.537000	0.035264
2.537333	0.035766
2.537667	0.035068
2.538000	0.036108
2.538333	0.035456
2.538667	0.034955
2.539000	0.035129
2.539333	0.034542
2.539667	0.035081
2.540000	0.035132
2.540333	0.034544
2.540667	0.034334
2.541000	0.035639
2.541333	0.035931
2.541667	0.035373
2.542000	0.034692
2.542333	0.035124
2.542667	0.035300
2.543000	0.034466
2.543333	0.035041
2.543667	0.034880
2.544000	0.035418
2.544333	0.034848
2.544667	0.035217
2.545000	0.034900
2.545333	0.035205
2.545667	0.035302
2.546000	0.035721
2.546333	0.035063
2.546667	0.036356
2.547000	0.035007
2.547333	0.036035
2.547667	0.035435
2.548000	0.035033
2.548333	0.035253
2.548667	0.035509
2.549000	0.035749
2.549333	0.035236
2.549667	0.035300
2.550000	0.034995
2.550333	0.035116
2.550667	0.034837
2.551000	0.034405
2.551333	0.035563
2.551667	0.034936
2.552000	0.034785
2.552333	0.035705
2.552667	0.035361
2.553000	0.035312
2.553333	0.035024
2.553667	0.035360
2.554000	0.035459
2.554333	0.034928
2.554667	0.035532
2.555000	0.034754
2.555333	0.035862
2.555667	0.035107
2.556000	0.035037
2.556333	0.035297
2.556667	0.034906
2.557000	0.036297
2.557333	0.034675
2.557667	0.034536
2.558000	0.035595
2.558333	0.035176
2.558667	0.035209
2.559000	0.034964
2.559333	0.035831
2.559667	0.034811
2.560000	0.034559
2.560333	0.035168
2.560667	0.035611
2.561000	0.035719
2.561333	0.035342
2.561667	0.035126
2.562000	0.035325
2.562333	0.036182
2.562667	0.035650
2.563000	0.034950
2.563333	0.035307
2.563667	0.035158
2.564000	0.035405
2.564333	0.035712
2.564667	0.035709
2.565000	0.034557
2.565333	0.035174
2.565667	0.034477
2.566000	0.034435
2.566333	0.034879
2.566667	0.035748
2.567000	0.035883
2.567333	0.035095
2.567667	0.034626
2.568000	0.035110
2.568333	0.035603
2.568667	0.035097
2.569000	0.035032
2.569333	0.035653
2.569667	0.035789
2.570000	0.034844
2.570333	0.035362
2.570667	0.035681
2.571000	0.035171
2.571333	0.035789
2.571667	0.035513
2.572000	0.036166
2.572333	0.035457
2.572667	0.035344
2.573000	0.034865
2.573333	0.035456
2.573667	0.034325
2.574000	0.034894
2.574333	0.034483
2.574667	0.035668
2.575000	0.034693
2.575333	0.035463
2.575667	0.035315
2.576000	0.034513
2.576333	0.035836
2.576667	0.035397
2.577000	0.035216
2.577333	0.035029
2.577667	0.035854
2.578000	0.034840
2.578333	0.034899
2.578667	0.035578
2.579000	0.036446
2.579333	0.036367
2.579667	0.035089
2.580000	0.035173
2.580333	0.035602
2.580667	0.035840
2.581000	0.035591
2.581333	0.035276
2.581667	0.034374
2.582000	0.035374
2.582333	0.036342
2.582667	0.034884
2.583000	0.035312
2.583333	0.035495
2.583667	0.036071
2.584000	0.036059
2.584333	0.035125
2.584667	0.035443
2.585000	0.035708
2.585333	0.034319
2.585667	0.035944
2.586000	0.035037
2.586333	0.035906
2.586667	0.035428
2.587000	0.035448
2.587333	0.035869
2.587667	0.035033
2.588000	0.035817
2.588333	0.035702
2.588667	0.035232
2.589000	0.035574
2.589333	0.035698
2.589667	0.035911
2.590000	0.035062
2.590333	0.035855
2.590667	0.035561
2.591000	0.035790
2.591333	0.035468
2.591667	0.036542
2.592000	0.035465
2.592333	0.035590
2.592667	0.036308
2.593000	0.034532
2.593333	0.036283
2.593667	0.034956
2.594000	0.035650
2.594333	0.035350
2.594667	0.035884
2.595000	0.035267
2.595333	0.035033
2.595667	0.035952
2.596000	0.034603
2.596333	0.035565
2.596667	0.035232
2.597000	0.036121
2.597333	0.036030
2.597667	0.035731
2.598000	0.036306
2.598333	0.035094
2.598667	0.036110
2.599000	0.035847
2.599333	0.035197
2.599667	0.035480
2.600000	0.035100
2.600333	0.036093
2.600667	0.035583
2.601000	0.035620
2.601333	0.035737
2.601667	0.034893
2.602000	0.035014
2.602333	0.035449
2.602667	0.036080
2.603000	0.035494
2.603333	0.035844
2.603667	0.035762
2.604000	0.034966
2.604333	0.035127
2.604667	0.035541
2.605000	0.036749
2.605333	0.034769
2.605667	0.035346
2.606000	0.035991
2.606333	0.036286
2.606667	0.035459
2.607000	0.035722
2.607333	0.035580
2.607667	0.035436
2.608000	0.035512
2.608333	0.035065
2.608667	0.035385
2.609000	0.035777
2.609333	0.035670
2.609667	0.035595
2.610000	0.035514
2.610333	0.035317
2.610667	0.035379
2.611000	0.036053
2.611333	0.035114
2.611667	0.035627
2.612000	0.035333
2.612333	0.035614
2.612667	0.035315
2.613000	0.035880
2.613333	0.034977
2.613667	0.035330
2.614000	0.036059
2.614333	0.035731
2.614667	0.035733
2.615000	0.035634
2.615333	0.035623
2.615667	0.035556
2.616000	0.036033
2.616333	0.036258
2.616667	0.035506
2.617000	0.035328
2.617333	0.035346
2.617667	0.036608
2.618000	0.035820
2.618333	0.035797
2.618667	0.035774
2.619000	0.036360
2.619333	0.036985
2.619667	0.035242
2.620000	0.035821
2.620333	0.035341
2.620667	0.035732
2.621000	0.035380
2.621333	0.035957
2.621667	0.035486
2.622000	0.036414
2.622333	0.036445
2.622667	0.036061
2.623000	0.035099
2.623333	0.035658
2.623667	0.035940
2.624000	0.035094
2.624333	0.035908
2.624667	0.035159
2.625000	0.036477
2.625333	0.036240
2.625667	0.035234
2.626000	0.035453
2.626333	0.035297
2.626667	0.035415
2.627000	0.037275
2.627333	0.035881
2.627667	0.036598
2.628000	0.035491
2.628333	0.036792
2.628667	0.035479
2.629000	0.035602
2.629333	0.036654
2.629667	0.035408
2.630000	0.035843
2.630333	0.034968
2.630667	0.035240
2.631000	0.036224
2.631333	0.035461
2.631667	0.035690
2.632000	0.035533
2.632333	0.035366
2.632667	0.036381
2.633000	0.035446
2.633333	0.036134
2.633667	0.036131
2.634000	0.034915
2.634333	0.036474
2.634667	0.035285
2.635000	0.035898
2.635333	0.035694
2.635667	0.034898
2.636000	0.034935
2.636333	0.035937
2.636667	0.035897
2.637000	0.036958
2.637333	0.035993
2.637667	0.035338
2.638000	0.034987
2.638333	0.035377
2.638667	0.035732
2.639000	0.035371
2.639333	0.035524
2.639667	0.035708
2.640000	0.036820
2.640333	0.035296
2.640667	0.036081
2.641000	0.035899
2.641333	0.036320
2.641667	0.036615
2.642000	0.035899
2.642333	0.036552
2.642667	0.036012
2.643000	0.035619
2.643333	0.034909
2.643667	0.036095
2.644000	0.035760
2.644333	0.035952
2.644667	0.035600
2.645000	0.035461
2.645333	0.035544
2.645667	0.035982
2.646000	0.035548
2.646333	0.036535
2.646667	0.036037
2.647000	0.036329
2.647333	0.035439
2.647667	0.036086
2.648000	0.035096
2.648333	0.035818
2.648667	0.036302
2.649000	0.037442
2.649333	0.035394
2.649667	0.035544
2.650000	0.036312
2.650333	0.035365
2.650667	0.036374
2.651000	0.036054
2.651333	0.036074
2.651667	0.035545
2.652000	0.035501
2.652333	0.036289
2.652667	0.036168
2.653000	0.035702
2.653333	0.035885
2.653667	0.035348
2.654000	0.036039
2.654333	0.036231
2.654667	0.035824
2.655000	0.036333
2.655333	0.035701
2.655667	0.035561
2.656000	0.035522
2.656333	0.035903
2.656667	0.035184
2.657000	0.036398
2.657333	0.035660
2.657667	0.035757
2.658000	0.036220
2.658333	0.036751
2.658667	0.035500
2.659000	0.036021
2.659333	0.035409
2.659667	0.035728
2.660000	0.036345
2.660333	0.035864
2.660667	0.035855
2.661000	0.036366
2.661333	0.034921
2.661667	0.036978
2.662000	0.034529
2.662333	0.035672
2.662667	0.035126
2.663000	0.035503
2.663333	0.035987
2.663667	0.035933
2.664000	0.036602
2.664333	0.036003
2.664667	0.036331
2.665000	0.036367
2.665333	0.036120
2.665667	0.035977
2.666000	0.036771
2.666333	0.035891
2.666667	0.036675
2.667000	0.036229
2.667333	0.035421
2.667667	0.036618
2.668000	0.035993
2.668333	0.035668
2.668667	0.036554
2.669000	0.036213
2.669333	0.036110
2.669667	0.036420
2.670000	0.035313
2.670333	0.036696
2.670667	0.036157
2.671000	0.036291
2.671333	0.036109
2.671667	0.035354
2.672000	0.036860
2.672333	0.035883
2.672667	0.035120
2.673000	0.035981
2.673333	0.037055
2.673667	0.036530
2.674000	0.036460
2.674333	0.036697
2.674667	0.036053
2.675000	0.035738
2.675333	0.036532
2.675667	0.036635
2.676000	0.036209
2.676333	0.035510
2.676667	0.036630
2.677000	0.036025
2.677333	0.036008
2.677667	0.036626
2.678000	0.035886
2.678333	0.037111
2.678667	0.035758
2.679000	0.036663
2.679333	0.036106
2.679667	0.036000
2.680000	0.035706
2.680333	0.035168
2.680667	0.035980
2.681000	0.036620
2.681333	0.036620
2.681667	0.036006
2.682000	0.035844
2.682333	0.035506
2.682667	0.036165
2.683000	0.036507
2.683333	0.036141
2.683667	0.035906
2.684000	0.037070
2.684333	0.035849
2.684667	0.035849
2.685000	0.036398
2.685333	0.036504
2.685667	0.037116
2.686000	0.036852
2.686333	0.036463
2.686667	0.036609
2.687000	0.036298
2.687333	0.036340
2.687667	0.035766
2.688000	0.036329
2.688333	0.036933
2.688667	0.036772
2.689000	0.035889
2.689333	0.035686
2.689667	0.036082
2.690000	0.035788
2.690333	0.036420
2.690667	0.035630
2.691000	0.036188
2.691333	0.036540
2.691667	0.036473
2.692000	0.036244
2.692333	0.036123
2.692667	0.036878
2.693000	0.036943
2.693333	0.036681
2.693667	0.035486
2.694000	0.036544
2.694333	0.036608
2.694667	0.035791
2.695000	0.035936
2.695333	0.036052
2.695667	0.035687
2.696000	0.035990
2.696333	0.036312
2.696667	0.036899
2.697000	0.036756
2.697333	0.036079
2.697667	0.036067
2.698000	0.035478
2.698333	0.036423
2.698667	0.036141
2.699000	0.035901
2.699333	0.036103
2.699667	0.036765
2.700000	0.036285
2.700333	0.035942
2.700667	0.036646
2.701000	0.035181
2.701333	0.036830
2.701667	0.036662
2.702000	0.036281
2.702333	0.036209
2.702667	0.035973
2.703000	0.035704
2.703333	0.035985
2.703667	0.036544
2.704000	0.035522
2.704333	0.035299
2.704667	0.036144
2.705000	0.035990
2.705333	0.036532
2.705667	0.036220
2.706000	0.036417
2.706333	0.036715
2.706667	0.035846
2.707000	0.035622
2.707333	0.036183
2.707667	0.035759
2.708000	0.035176
2.708333	0.036476
2.708667	0.036549
2.709000	0.035388
2.709333	0.036368
2.709667	0.036219
2.710000	0.036782
2.710333	0.036619
2.710667	0.036449
2.711000	0.036886
2.711333	0.035481
2.711667	0.035834
2.712000	0.036557
2.712333	0.036517
2.712667	0.035813
2.713000	0.036549
2.713333	0.035888
2.713667	0.036640
2.714000	0.037529
2.714333	0.035734
2.714667	0.035757
2.715000	0.036836
2.715333	0.035851
2.715667	0.036724
2.716000	0.035988
2.716333	0.035904
2.716667	0.036459
2.717000	0.036459
2.717333	0.036354
2.717667	0.036226
2.718000	0.035488
2.718333	0.036834
2.718667	0.036531
2.719000	0.036707
2.719333	0.037008
2.719667	0.036429
2.720000	0.036119
2.720333	0.035224
2.720667	0.036575
2.721000	0.036486
2.721333	0.036264
2.721667	0.036411
2.722000	0.036485
2.722333	0.036145
2.722667	0.036172
2.723000	0.036370
2.723333	0.036521
2.723667	0.036783
2.724000	0.036608
2.724333	0.036113
2.724667	0.036354
2.725000	0.036833
2.725333	0.035965
2.725667	0.036359
2.726000	0.036153
2.726333	0.037277
2.726667	0.036022
2.727000	0.035870
2.727333	0.036449
2.727667	0.036932
2.728000	0.035946
2.728333	0.035877
2.728667	0.036119
2.729000	0.036998
2.729333	0.036760
2.729667	0.036468
2.730000	0.035916
2.730333	0.036421
2.730667	0.036087
2.731000	0.036161
2.731333	0.035669
2.731667	0.036843
2.732000	0.036637
2.732333	0.036390
2.732667	0.036509
2.733000	0.035829
2.733333	0.036386
2.733667	0.035178
2.734000	0.036259
2.734333	0.036048
2.734667	0.036175
2.735000	0.035433
2.735333	0.037283
2.735667	0.036234
2.736000	0.036475
2.736333	0.035490
2.736667	0.036762
2.737000	0.036514
2.737333	0.036457
2.737667	0.036574
2.738000	0.036653
2.738333	0.036131
2.738667	0.036555
2.739000	0.036440
2.739333	0.036658
2.739667	0.036221
2.740000	0.036062
2.740333	0.037101
2.740667	0.036303
2.741000	0.035846
2.741333	0.036171
2.741667	0.036095
2.742000	0.036029
2.742333	0.035419
2.742667	0.035708
2.743000	0.035837
2.743333	0.036395
2.743667	0.035710
2.744000	0.035586
2.744333	0.035481
2.744667	0.036680
2.745000	0.036251
2.745333	0.036392
2.745667	0.036112
2.746000	0.036557
2.746333	0.036314
2.746667	0.035738
2.747000	0.036280
2.747333	0.036407
2.747667	0.036275
2.748000	0.037914
2.748333	0.036920
2.748667	0.036515
2.749000	0.037029
2.749333	0.036089
2.749667	0.035997
2.750000	0.036906
2.750333	0.036077
2.750667	0.036296
2.751000	0.036156
2.751333	0.035685
2.751667	0.036338
2.752000	0.035711
2.752333	0.035832
2.752667	0.035026
2.753000	0.036060
2.753333	0.037357
2.753667	0.036965
2.754000	0.035848
2.754333	0.036498
2.754667	0.036738
2.755000	0.036327
2.755333	0.036059
2.755667	0.036300
2.756000	0.036419
2.756333	0.036197
2.756667	0.036522
2.757000	0.035529
2.757333	0.036749
2.757667	0.035648
2.758000	0.037041
2.758333	0.036415
2.758667	0.034664
2.759000	0.035895
2.759333	0.036662
2.759667	0.035719
2.760000	0.036617
2.760333	0.037276
2.760667	0.035932
2.761000	0.035995
2.761333	0.036563
2.761667	0.037748
2.762000	0.036230
2.762333	0.036422
2.762667	0.036059
2.763000	0.036367
2.763333	0.036374
2.763667	0.036095
2.764000	0.036547
2.764333	0.035780
2.764667	0.037215
2.765000	0.036001
2.765333	0.036500
2.765667	0.037104
2.766000	0.036654
2.766333	0.036739
2.766667	0.036168
2.767000	0.036721
2.767333	0.036822
2.767667	0.036824
2.768000	0.036932
2.768333	0.036715
2.768667	0.036493
2.769000	0.036447
2.769333	0.036136
2.769667	0.036223
2.770000	0.036280
2.770333	0.036746
2.770667	0.036768
2.771000	0.036758
2.771333	0.035815
2.771667	0.036736
2.772000	0.036965
2.772333	0.036810
2.772667	0.036363
2.773000	0.036609
2.773333	0.035720
2.773667	0.035675
2.774000	0.037112
2.774333	0.035564
2.774667	0.036625
2.775000	0.035912
2.775333	0.037371
2.775667	0.036048
2.776000	0.037209
2.776333	0.036500
2.776667	0.036744
2.777000	0.036808
2.777333	0.036499
2.777667	0.036866
2.778000	0.036592
2.778333	0.037039
2.778667	0.035559
2.779000	0.035760
2.779333	0.037149
2.779667	0.036809
2.780000	0.036537
2.780333	0.037170
2.780667	0.036268
2.781000	0.036069
2.781333	0.037370
2.781667	0.036922
2.782000	0.037170
2.782333	0.036724
2.782667	0.036492
2.783000	0.037620
2.783333	0.036754
2.783667	0.035957
2.784000	0.036280
2.784333	0.036964
2.784667	0.036704
2.785000	0.036734
2.785333	0.036053
2.785667	0.036874
2.786000	0.036582
2.786333	0.036603
2.786667	0.036260
2.787000	0.036015
2.787333	0.036421
2.787667	0.036714
2.788000	0.036266
2.788333	0.036927
2.788667	0.037012
2.789000	0.036666
2.789333	0.037052
2.789667	0.035825
2.790000	0.035812
2.790333	0.036385
2.790667	0.036836
2.791000	0.037509
2.791333	0.036027
2.791667	0.037839
2.792000	0.036617
2.792333	0.036670
2.792667	0.036278
2.793000	0.036584
2.793333	0.036917
2.793667	0.036635
2.794000	0.037091
2.794333	0.036655
2.794667	0.036269
2.795000	0.036329
2.795333	0.036815
2.795667	0.036967
2.796000	0.036335
2.796333	0.037378
2.796667	0.037128
2.797000	0.037522
2.797333	0.036808
2.797667	0.037019
2.798000	0.037992
2.798333	0.036491
2.798667	0.036495
2.799000	0.037299
2.799333	0.037748
2.799667	0.036889
2.800000	0.036814
2.800333	0.035993
2.800667	0.036949
2.801000	0.036582
2.801333	0.036671
2.801667	0.036480
2.802000	0.036638
2.802333	0.036171
2.802667	0.037694
2.803000	0.036889
2.803333	0.036680
2.803667	0.036208
2.804000	0.037673
2.804333	0.037637
2.804667	0.036035
2.805000	0.036742
2.805333	0.037092
2.805667	0.036967
2.806000	0.036707
2.806333	0.037553
2.806667	0.037470
2.807000	0.036421
2.807333	0.036431
2.807667	0.036201
2.808000	0.037482
2.808333	0.036613
2.808667	0.036360
2.809000	0.036216
2.809333	0.037128
2.809667	0.036492
2.810000	0.036823
2.810333	0.036938
2.810667	0.036643
2.811000	0.037228
2.811333	0.036985
2.811667	0.036366
2.812000	0.036080
2.812333	0.037350
2.812667	0.037374
2.813000	0.036259
2.813333	0.035967
2.813667	0.036343
2.814000	0.037250
2.814333	0.037486
2.814667	0.036213
2.815000	0.036990
2.815333	0.036884
2.815667	0.037392
2.816000	0.036308
2.816333	0.036512
2.816667	0.036834
2.817000	0.036460
2.817333	0.037224
2.817667	0.036486
2.818000	0.037520
2.818333	0.036403
2.818667	0.037306
2.819000	0.036614
2.819333	0.036541
2.819667	0.036780
2.820000	0.036751
2.820333	0.036049
2.820667	0.036518
2.821000	0.036621
2.821333	0.036558
2.821667	0.036448
2.822000	0.037136
2.822333	0.036933
2.822667	0.036468
2.823000	0.037166
2.823333	0.036572
2.823667	0.036969
2.824000	0.036283
2.824333	0.035609
2.824667	0.035766
2.825000	0.036642
2.825333	0.037222
2.825667	0.037295
2.826000	0.036398
2.826333	0.036738
2.826667	0.038140
2.827000	0.036768
2.827333	0.036904
2.827667	0.036222
2.828000	0.037380
2.828333	0.036645
2.828667	0.036863
2.829000	0.036682
2.829333	0.036949
2.829667	0.036083
2.830000	0.037252
2.830333	0.036907
2.830667	0.036377
2.831000	0.036201
2.831333	0.036658
2.831667	0.036116
2.832000	0.036834
2.832333	0.036631
2.832667	0.037591
2.833000	0.036096
2.833333	0.036535
2.833667	0.037012
2.834000	0.036307
2.834333	0.036515
2.834667	0.036711
2.835000	0.036826
2.835333	0.036958
2.835667	0.036489
2.836000	0.037356
2.836333	0.037520
2.836667	0.036960
2.837000	0.037076
2.837333	0.036571
2.837667	0.036486
2.838000	0.036126
2.838333	0.036781
2.838667	0.036364
2.839000	0.037418
2.839333	0.036604
2.839667	0.036709
2.840000	0.036279
2.840333	0.036997
2.840667	0.037281
2.841000	0.036997
2.841333	0.036916
2.841667	0.035635
2.842000	0.037400
2.842333	0.036518
2.842667	0.037430
2.843000	0.036596
2.843333	0.037648
2.843667	0.036377
2.844000	0.036738
2.844333	0.037000
2.844667	0.037302
2.845000	0.037653
2.845333	0.037068
2.845667	0.037481
2.846000	0.036336
2.846333	0.036756
2.846667	0.036198
2.847000	0.037457
2.847333	0.037119
2.847667	0.037064
2.848000	0.037849
2.848333	0.037710
2.848667	0.036572
2.849000	0.036666
2.849333	0.037276
2.849667	0.036448
2.850000	0.036562
2.850333	0.037338
2.850667	0.037294
2.851000	0.036599
2.851333	0.037643
2.851667	0.036964
2.852000	0.037934
2.852333	0.037486
2.852667	0.037075
2.853000	0.037361
2.853333	0.037890
2.853667	0.037814
2.854000	0.037056
2.854333	0.038096
2.854667	0.037393
2.855000	0.036658
2.855333	0.037086
2.855667	0.037458
2.856000	0.035940
2.856333	0.037120
2.856667	0.036174
2.857000	0.037489
2.857333	0.036039
2.857667	0.037037
2.858000	0.037607
2.858333	0.037151
2.858667	0.037866
2.859000	0.035638
2.859333	0.037249
2.859667	0.036756
2.860000	0.037353
2.860333	0.037766
2.860667	0.037421
2.861000	0.037147
2.861333	0.036411
2.861667	0.037275
2.862000	0.037842
2.862333	0.036075
2.862667	0.036996
2.863000	0.038023
2.863333	0.038088
2.863667	0.037681
2.864000	0.037898
2.864333	0.036799
2.864667	0.037149
2.865000	0.037201
2.865333	0.037486
2.865667	0.037822
2.866000	0.037182
2.866333	0.037364
2.866667	0.037885
2.867000	0.038363
2.867333	0.037681
2.867667	0.037536
2.868000	0.038003
2.868333	0.036711
2.868667	0.037069
2.869000	0.037940
2.869333	0.037680
2.869667	0.038038
2.870000	0.037203
2.870333	0.037650
2.870667	0.037319
2.871000	0.037247
2.871333	0.036711
2.871667	0.036902
2.872000	0.037576
2.872333	0.037937
2.872667	0.037828
2.873000	0.037722
2.873333	0.036642
2.873667	0.038433
2.874000	0.037180
2.874333	0.036426
2.874667	0.037426
2.875000	0.037781
2.875333	0.037941
2.875667	0.037133
2.876000	0.036879
2.876333	0.037703
2.876667	0.037332
2.877000	0.037904
2.877333	0.037355
2.877667	0.038148
2.878000	0.037678
2.878333	0.037566
2.878667	0.038245
2.879000	0.037364
2.879333	0.038102
2.879667	0.037067
2.880000	0.038267
2.880333	0.037384
2.880667	0.036775
2.881000	0.037519
2.881333	0.037195
2.881667	0.037564
2.882000	0.037025
2.882333	0.036511
2.882667	0.036816
2.883000	0.036819
2.883333	0.037465
2.883667	0.037479
2.884000	0.037572
2.884333	0.036334
2.884667	0.037607
2.885000	0.037323
2.885333	0.037118
2.885667	0.038218
2.886000	0.037528
2.886333	0.037385
2.886667	0.037846
2.887000	0.038430
2.887333	0.037416
2.887667	0.037212
2.888000	0.037751
2.888333	0.039099
2.888667	0.036947
2.889000	0.038402
2.889333	0.036608
2.889667	0.037502
2.890000	0.037082
2.890333	0.036709
2.890667	0.037538
2.891000	0.037854
2.891333	0.037655
2.891667	0.037436
2.892000	0.036524
2.892333	0.036947
2.892667	0.037710
2.893000	0.037851
2.893333	0.038517
2.893667	0.037336
2.894000	0.037818
2.894333	0.038426
2.894667	0.037556
2.895000	0.038177
2.895333	0.038001
2.895667	0.037880
2.896000	0.037917
2.896333	0.037831
2.896667	0.038271
2.897000	0.037586
2.897333	0.037743
2.897667	0.037235
2.898000	0.037077
2.898333	0.037174
2.898667	0.037825
2.899000	0.037384
2.899333	0.037858
2.899667	0.036946
2.900000	0.037090
2.900333	0.035987
2.900667	0.037685
2.901000	0.037079
2.901333	0.038046
2.901667	0.037451
2.902000	0.037484
2.902333	0.037518
2.902667	0.038537
2.903000	0.037733
2.903333	0.036849
2.903667	0.037500
2.904000	0.037141
2.904333	0.036822
2.904667	0.037089
2.905000	0.037747
2.905333	0.037695
2.905667	0.036918
2.906000	0.037290
2.906333	0.037958
2.906667	0.037515
2.907000	0.037374
2.907333	0.038582
2.907667	0.037967
2.908000	0.037826
2.908333	0.037065
2.908667	0.037117
2.909000	0.036849
2.909333	0.037147
2.909667	0.038806
2.910000	0.038053
2.910333	0.036941
2.910667	0.038236
2.911000	0.037591
2.911333	0.037374
2.911667	0.037656
2.912000	0.037365
2.912333	0.037467
2.912667	0.037368
2.913000	0.037133
2.913333	0.037708
2.913667	0.037093
2.914000	0.038374
2.914333	0.036928
2.914667	0.037897
2.915000	0.038356
2.915333	0.037394
2.915667	0.037521
2.916000	0.037483
2.916333	0.037441
2.916667	0.037892
2.917000	0.037083
2.917333	0.037133
2.917667	0.037478
2.918000	0.036733
2.918333	0.037486
2.918667	0.037032
2.919000	0.038205
2.919333	0.037781
2.919667	0.037396
2.920000	0.037384
2.920333	0.037463
2.920667	0.037695
2.921000	0.037530
2.921333	0.037706
2.921667	0.038296
2.922000	0.038159
2.922333	0.038400
2.922667	0.037799
2.923000	0.038189
2.923333	0.038447
2.923667	0.038534
2.924000	0.037479
2.924333	0.038459
2.924667	0.038089
2.925000	0.037350
2.925333	0.038229
2.925667	0.037879
2.926000	0.037504
2.926333	0.037557
2.926667	0.036732
2.927000	0.037601
2.927333	0.036909
2.927667	0.037496
2.928000	0.037391
2.928333	0.037756
2.928667	0.038384
2.929000	0.038446
2.929333	0.037437
2.929667	0.037681
2.930000	0.037714
2.930333	0.037284
2.930667	0.037468
2.931000	0.037563
2.931333	0.037959
2.931667	0.037292
2.932000	0.037967
2.932333	0.037392
2.932667	0.037538
2.933000	0.037520
2.933333	0.037526
2.933667	0.038296
2.934000	0.037870
2.934333	0.037365
2.934667	0.037376
2.935000	0.038303
2.935333	0.037757
2.935667	0.038105
2.936000	0.037348
2.936333	0.037743
2.936667	0.037850
2.937000	0.037511
2.937333	0.038522
2.937667	0.037537
2.938000	0.036902
2.938333	0.037862
2.938667	0.038181
2.939000	0.037265
2.939333	0.038831
2.939667	0.037615
2.940000	0.037433
2.940333	0.036942
2.940667	0.038627
2.941000	0.037994
2.941333	0.037458
2.941667	0.037895
2.942000	0.037890
2.942333	0.038156
2.942667	0.038016
2.943000	0.038673
2.943333	0.038729
2.943667	0.037822
2.944000	0.037754
2.944333	0.037474
2.944667	0.038077
2.945000	0.038204
2.945333	0.038207
2.945667	0.037517
2.946000	0.037961
2.946333	0.037113
2.946667	0.038333
2.947000	0.038890
2.947333	0.038032
2.947667	0.037850
2.948000	0.038866
2.948333	0.036686
2.948667	0.038091
2.949000	0.038840
2.949333	0.038250
2.949667	0.037444
2.950000	0.037577
2.950333	0.038464
2.950667	0.038473
2.951000	0.038652
2.951333	0.038531
2.951667	0.038376
2.952000	0.038822
2.952333	0.038752
2.952667	0.038250
2.953000	0.037839
2.953333	0.038509
2.953667	0.038296
2.954000	0.037850
2.954333	0.038421
2.954667	0.037191
2.955000	0.038737
2.955333	0.037974
2.955667	0.038583
2.956000	0.039364
2.956333	0.038642
2.956667	0.037715
2.957000	0.037660
2.957333	0.038583
2.957667	0.038744
2.958000	0.038606
2.958333	0.039297
2.958667	0.038217
2.959000	0.037938
2.959333	0.037968
2.959667	0.038810
2.960000	0.038089
2.960333	0.037717
2.960667	0.038454
2.961000	0.038055
2.961333	0.037101
2.961667	0.037827
2.962000	0.037215
2.962333	0.037367
2.962667	0.037449
2.963000	0.037703
2.963333	0.038452
2.963667	0.037132
2.964000	0.037683
2.964333	0.038386
2.964667	0.038199
2.965000	0.038095
2.965333	0.038853
2.965667	0.038969
2.966000	0.037982
2.966333	0.037457
2.966667	0.039085
2.967000	0.038661
2.967333	0.039461
2.967667	0.038799
2.968000	0.037943
2.968333	0.037748
2.968667	0.037904
2.969000	0.037016
2.969333	0.038353
2.969667	0.037598
2.970000	0.037045
2.970333	0.037540
2.970667	0.037700
2.971000	0.037652
2.971333	0.038079
2.971667	0.038239
2.972000	0.037278
2.972333	0.038704
2.972667	0.038780
2.973000	0.038308
2.973333	0.038643
2.973667	0.038568
2.974000	0.037894
2.974333	0.038138
2.974667	0.037881
2.975000	0.038220
2.975333	0.039141
2.975667	0.037943
2.976000	0.038646
2.976333	0.038067
2.976667	0.037180
2.977000	0.037767
2.977333	0.037247
2.977667	0.036743
2.978000	0.038238
2.978333	0.037091
2.978667	0.037692
2.979000	0.038258
2.979333	0.038569
2.979667	0.039664
2.980000	0.038549
2.980333	0.039893
2.980667	0.038921
2.981000	0.039157
2.981333	0.038280
2.981667	0.038974
2.982000	0.037389
2.982333	0.037923
2.982667	0.038848
2.983000	0.037772
2.983333	0.038034
2.983667	0.037781
2.984000	0.037629
2.984333	0.037883
2.984667	0.037629
2.985000	0.037630
2.985333	0.037507
2.985667	0.038392
2.986000	0.037934
2.986333	0.039307
2.986667	0.038427
2.987000	0.038111
2.987333	0.038739
2.987667	0.037670
2.988000	0.039412
2.988333	0.038499
2.988667	0.038266
2.989000	0.037436
2.989333	0.038758
2.989667	0.038169
2.990000	0.036440
2.990333	0.038573
2.990667	0.039042
2.991000	0.037780
2.991333	0.037827
2.991667	0.038263
2.992000	0.038506
2.992333	0.038068
2.992667	0.038027
2.993000	0.038740
2.993333	0.038685
2.993667	0.039057
2.994000	0.038787
2.994333	0.038730
2.994667	0.039545
2.995000	0.038531
2.995333	0.038487
2.995667	0.039124
2.996000	0.039145
2.996333	0.038555
2.996667	0.038961
2.997000	0.039014
2.997333	0.038575
2.997667	0.038900
2.998000	0.039453
2.998333	0.037681
2.998667	0.038093
2.999000	0.038685
2.999333	0.037891
2.999667	0.039047
3.000000	0.038935
