0.000333	0.031547
0.000667	0.031559
0.001000	0.031557
0.001333	0.031624
0.001667	0.031548
0.002000	0.031665
0.002333	0.031977
0.002667	0.031707
0.003000	0.031835
0.003333	0.031287
0.003667	0.031694
0.004000	0.031148
0.004333	0.031438
0.004667	0.030875
0.005000	0.030822
0.005333	0.031737
0.005667	0.030930
0.006000	0.031963
0.006333	0.031125
0.006667	0.031139
0.007000	0.031066
0.007333	0.030875
0.007667	0.031105
0.008000	0.031273
0.008333	0.030836
0.008667	0.031425
0.009000	0.030899
0.009333	0.031536
0.009667	0.030879
0.010000	0.030913
0.010333	0.031151
0.010667	0.031282
0.011000	0.031086
0.011333	0.030936
0.011667	0.031215
0.012000	0.031453
0.012333	0.031582
0.012667	0.031753
0.013000	0.030999
0.013333	0.031362
0.013667	0.030857
0.014000	0.031645
0.014333	0.031437
0.014667	0.031323
0.015000	0.031130
0.015333	0.031964
0.015667	0.031089
0.016000	0.031126
0.016333	0.031165
0.016667	0.030938
0.017000	0.031135
0.017333	0.031497
0.017667	0.030684
0.018000	0.031583
0.018333	0.031020
0.018667	0.030438
0.019000	0.030989
0.019333	0.031090
0.019667	0.031472
0.020000	0.030851
0.020333	0.031090
0.020667	0.030807
0.021000	0.031298
0.021333	0.031094
0.021667	0.031692
0.022000	0.030904
0.022333	0.031594
0.022667	0.031468
0.023000	0.031313
0.023333	0.031182
0.023667	0.031387
0.024000	0.030466
0.024333	0.031808
0.024667	0.031300
0.025000	0.031592
0.025333	0.032562
0.025667	0.035510
0.026000	0.059657
0.026333	0.085949
0.026667	0.083969
0.027000	0.078961
0.027333	0.074372
0.027667	0.070615
0.028000	0.068147
0.028333	0.065666
0.028667	0.064184
0.029000	0.068383
0.029333	0.087086
0.029667	0.102638
0.030000	0.100824
0.030333	0.095283
0.030667	0.090823
0.031000	0.087561
0.031333	0.082537
0.031667	0.080494
0.032000	0.078595
0.032333	0.076353
0.032667	0.073885
0.033000	0.071605
0.033333	0.070197
0.033667	0.067654
0.034000	0.066854
0.034333	0.065827
0.034667	0.063613
0.035000	0.062452
0.035333	0.061573
0.035667	0.060953
0.036000	0.059763
0.036333	0.059012
0.036667	0.057852
0.037000	0.057110
0.037333	0.056047
0.037667	0.056221
0.038000	0.054854
0.038333	0.054037
0.038667	0.054146
0.039000	0.053425
0.039333	0.052492
0.039667	0.052828
0.040000	0.051236
0.040333	0.051345
0.040667	0.050785
0.041000	0.050038
0.041333	0.049939
0.041667	0.048644
0.042000	0.048244
0.042333	0.048162
0.042667	0.048497
0.043000	0.047237
0.043333	0.047316
0.043667	0.046785
0.044000	0.046930
0.044333	0.046461
0.044667	0.045417
0.045000	0.046042
0.045333	0.045115
0.045667	0.045779
0.046000	0.044704
0.046333	0.044933
0.046667	0.044844
0.047000	0.043819
0.047333	0.043353
0.047667	0.043693
0.048000	0.043854
0.048333	0.043407
0.048667	0.043836
0.049000	0.043197
0.049333	0.042859
0.049667	0.041696
0.050000	0.042732
0.050333	0.042054
0.050667	0.041764
0.051000	0.042308
0.051333	0.041112
0.051667	0.040683
0.052000	0.041689
0.052333	0.041582
0.052667	0.041864
0.053000	0.041035
0.053333	0.040705
0.053667	0.040289
0.054000	0.040508
0.054333	0.039240
0.054667	0.040498
0.055000	0.039796
0.055333	0.040009
0.055667	0.039984
0.056000	0.039500
0.056333	0.040054
0.056667	0.039639
0.057000	0.039729
0.057333	0.039575
0.057667	0.039261
0.058000	0.039293
0.058333	0.038875
0.058667	0.037819
0.059000	0.039012
0.059333	0.038611
0.059667	0.038733
0.060000	0.038480
0.060333	0.038426
0.060667	0.038380
0.061000	0.037716
0.061333	0.037821
0.061667	0.037267
0.062000	0.037633
0.062333	0.037998
0.062667	0.037783
0.063000	0.037216
0.063333	0.037314
0.063667	0.037864
0.064000	0.037260
0.064333	0.036595
0.064667	0.037690
0.065000	0.038027
0.065333	0.037568
0.065667	0.036725
0.066000	0.037368
0.066333	0.036602
0.066667	0.036836
0.067000	0.036735
0.067333	0.036901
0.067667	0.036460
0.068000	0.035668
0.068333	0.036750
0.068667	0.035851
0.069000	0.036740
0.069333	0.036424
0.069667	0.035995
0.070000	0.035688
0.070333	0.036870
0.070667	0.035192
0.071000	0.034891
0.071333	0.035144
0.071667	0.035600
0.072000	0.035779
0.072333	0.035278
0.072667	0.035112
0.073000	0.035069
0.073333	0.035326
0.073667	0.035356
0.074000	0.035873
0.074333	0.035531
0.074667	0.035331
0.075000	0.035559
0.075333	0.035629
0.075667	0.035295
0.076000	0.035381
0.076333	0.035431
0.076667	0.035485
0.077000	0.035133
0.077333	0.035446
0.077667	0.035318
0.078000	0.035508
0.078333	0.034659
0.078667	0.035072
0.079000	0.034733
0.079333	0.034743
0.079667	0.034361
0.080000	0.034918
0.080333	0.034494
0.080667	0.033905
0.081000	0.034521
0.081333	0.034663
0.081667	0.035297
0.082000	0.034595
0.082333	0.034446
0.082667	0.034782
0.083000	0.034761
0.083333	0.034150
0.083667	0.034314
0.084000	0.034784
0.084333	0.034145
0.084667	0.034279
0.085000	0.034367
0.085333	0.034064
0.085667	0.034448
0.086000	0.034487
0.086333	0.034192
0.086667	0.034313
0.087000	0.033950
0.087333	0.033560
0.087667	0.033965
0.088000	0.033684
0.088333	0.034407
0.088667	0.033480
0.089000	0.033453
0.089333	0.033768
0.089667	0.033808
0.090000	0.033415
0.090333	0.033389
0.090667	0.033111
0.091000	0.033714
0.091333	0.034305
0.091667	0.033880
0.092000	0.033823
0.092333	0.033502
0.092667	0.033582
0.093000	0.033598
0.093333	0.033686
0.093667	0.032629
0.094000	0.032900
0.094333	0.032722
0.094667	0.033296
0.095000	0.033383
0.095333	0.033422
0.095667	0.033186
0.096000	0.033291
0.096333	0.032388
0.096667	0.033501
0.097000	0.033544
0.097333	0.033235
0.097667	0.032742
0.098000	0.032965
0.098333	0.033471
0.098667	0.032998
0.099000	0.032963
0.099333	0.032704
0.099667	0.033057
0.100000	0.033343
0.100333	0.032514
0.100667	0.033274
0.101000	0.033077
0.101333	0.032869
0.101667	0.032285
0.102000	0.032818
0.102333	0.033267
0.102667	0.032508
0.103000	0.032691
0.103333	0.033206
0.103667	0.033276
0.104000	0.032875
0.104333	0.032768
0.104667	0.032779
0.105000	0.032235
0.105333	0.032283
0.105667	0.032572
0.106000	0.033434
0.106333	0.032224
0.106667	0.032376
0.107000	0.032342
0.107333	0.033245
0.107667	0.032767
0.108000	0.032335
0.108333	0.032958
0.108667	0.031605
0.109000	0.031683
0.109333	0.031846
0.109667	0.032600
0.110000	0.031858
0.110333	0.032307
0.110667	0.032157
0.111000	0.032602
0.111333	0.032449
0.111667	0.031759
0.112000	0.032059
0.112333	0.032264
0.112667	0.032895
0.113000	0.032210
0.113333	0.031944
0.113667	0.031994
0.114000	0.031634
0.114333	0.031455
0.114667	0.031583
0.115000	0.032240
0.115333	0.031510
0.115667	0.031196
0.116000	0.031917
0.116333	0.032000
0.116667	0.032019
0.117000	0.031736
0.117333	0.031511
0.117667	0.031773
0.118000	0.031783
0.118333	0.031651
0.118667	0.032043
0.119000	0.031769
0.119333	0.031872
0.119667	0.032068
0.120000	0.031665
0.120333	0.031754
0.120667	0.031748
0.121000	0.031905
0.121333	0.031852
0.121667	0.031711
0.122000	0.031825
0.122333	0.031983
0.122667	0.032062
0.123000	0.031661
0.123333	0.031207
0.123667	0.031199
0.124000	0.031518
0.124333	0.031878
0.124667	0.031653
0.125000	0.032413
0.125333	0.031439
0.125667	0.031992
0.126000	0.031987
0.126333	0.031432
0.126667	0.031038
0.127000	0.031815
0.127333	0.031734
0.127667	0.031455
0.128000	0.031319
0.128333	0.031704
0.128667	0.030833
0.129000	0.030968
0.129333	0.032543
0.129667	0.031384
0.130000	0.031165
0.130333	0.031014
0.130667	0.030757
0.131000	0.032554
0.131333	0.036705
0.131667	0.060436
0.132000	0.085053
0.132333	0.083639
0.132667	0.078955
0.133000	0.073450
0.133333	0.071559
0.133667	0.069333
0.134000	0.067807
0.134333	0.067794
0.134667	0.075228
0.135000	0.095837
0.135333	0.102633
0.135667	0.098925
0.136000	0.094370
0.136333	0.089195
0.136667	0.085433
0.137000	0.081524
0.137333	0.080427
0.137667	0.078190
0.138000	0.076304
0.138333	0.073754
0.138667	0.071475
0.139000	0.070585
0.139333	0.068219
0.139667	0.067246
0.140000	0.065127
0.140333	0.064208
0.140667	0.063361
0.141000	0.061764
0.141333	0.061326
0.141667	0.060079
0.142000	0.058422
0.142333	0.057857
0.142667	0.057641
0.143000	0.056497
0.143333	0.056702
0.143667	0.055044
0.144000	0.054516
0.144333	0.053708
0.144667	0.052899
0.145000	0.052641
0.145333	0.052431
0.145667	0.051492
0.146000	0.050460
0.146333	0.050253
0.146667	0.050371
0.147000	0.049570
0.147333	0.049241
0.147667	0.048937
0.148000	0.049002
0.148333	0.047534
0.148667	0.047856
0.149000	0.047358
0.149333	0.047281
0.149667	0.046664
0.150000	0.046248
0.150333	0.046545
0.150667	0.046018
0.151000	0.044352
0.151333	0.044596
0.151667	0.044873
0.152000	0.044239
0.152333	0.044727
0.152667	0.044752
0.153000	0.043765
0.153333	0.043768
0.153667	0.044122
0.154000	0.043508
0.154333	0.043211
0.154667	0.043703
0.155000	0.042572
0.155333	0.042031
0.155667	0.042201
0.156000	0.042626
0.156333	0.041155
0.156667	0.041628
0.157000	0.041230
0.157333	0.040845
0.157667	0.041661
0.158000	0.040656
0.158333	0.040685
0.158667	0.041712
0.159000	0.040533
0.159333	0.040485
0.159667	0.040255
0.160000	0.040008
0.160333	0.039868
0.160667	0.039837
0.161000	0.040132
0.161333	0.039502
0.161667	0.040023
0.162000	0.039429
0.162333	0.039520
0.162667	0.039310
0.163000	0.039918
0.163333	0.038665
0.163667	0.039019
0.164000	0.039309
0.164333	0.039000
0.164667	0.038768
0.165000	0.038734
0.165333	0.038586
0.165667	0.038362
0.166000	0.037766
0.166333	0.038611
0.166667	0.037861
0.167000	0.037268
0.167333	0.038124
0.167667	0.037706
0.168000	0.038017
0.168333	0.037373
0.168667	0.038149
0.169000	0.037721
0.169333	0.037447
0.169667	0.037493
0.170000	0.038061
0.170333	0.038277
0.170667	0.037244
0.171000	0.037065
0.171333	0.036554
0.171667	0.037141
0.172000	0.036990
0.172333	0.037484
0.172667	0.037201
0.173000	0.037120
0.173333	0.037120
0.173667	0.037013
0.174000	0.036674
0.174333	0.036782
0.174667	0.036611
0.175000	0.036492
0.175333	0.036468
0.175667	0.036280
0.176000	0.035874
0.176333	0.036399
0.176667	0.036108
0.177000	0.035845
0.177333	0.036134
0.177667	0.035477
0.178000	0.035607
0.178333	0.036181
0.178667	0.035951
0.179000	0.035762
0.179333	0.036298
0.179667	0.035193
0.180000	0.035345
0.180333	0.035723
0.180667	0.034894
0.181000	0.035215
0.181333	0.035892
0.181667	0.035465
0.182000	0.035136
0.182333	0.034787
0.182667	0.034978
0.183000	0.035423
0.183333	0.035817
0.183667	0.035195
0.184000	0.035398
0.184333	0.034677
0.184667	0.034906
0.185000	0.034567
0.185333	0.035814
0.185667	0.035498
0.186000	0.034910
0.186333	0.035109
0.186667	0.034354
0.187000	0.035862
0.187333	0.034110
0.187667	0.034954
0.188000	0.034940
0.188333	0.035105
0.188667	0.034051
0.189000	0.034648
0.189333	0.034690
0.189667	0.033635
0.190000	0.034648
0.190333	0.034571
0.190667	0.034840
0.191000	0.035601
0.191333	0.035549
0.191667	0.034991
0.192000	0.033963
0.192333	0.035425
0.192667	0.034251
0.193000	0.034774
0.193333	0.034739
0.193667	0.033991
0.194000	0.034177
0.194333	0.035012
0.194667	0.033827
0.195000	0.033837
0.195333	0.034036
0.195667	0.034454
0.196000	0.033915
0.196333	0.033209
0.196667	0.033967
0.197000	0.033803
0.197333	0.034166
0.197667	0.034469
0.198000	0.033969
0.198333	0.033949
0.198667	0.033345
0.199000	0.033400
0.199333	0.033653
0.199667	0.034111
0.200000	0.034215
0.200333	0.033607
0.200667	0.033577
0.201000	0.033592
0.201333	0.033946
0.201667	0.033356
0.202000	0.032777
0.202333	0.033412
0.202667	0.033899
0.203000	0.033395
0.203333	0.033852
0.203667	0.032734
0.204000	0.033830
0.204333	0.033380
0.204667	0.033544
0.205000	0.033866
0.205333	0.033366
0.205667	0.033407
0.206000	0.033854
0.206333	0.033974
0.206667	0.033031
0.207000	0.033225
0.207333	0.033214
0.207667	0.032521
0.208000	0.033325
0.208333	0.031679
0.208667	0.033385
0.209000	0.033230
0.209333	0.032973
0.209667	0.033263
0.210000	0.032714
0.210333	0.033465
0.210667	0.033860
0.211000	0.033100
0.211333	0.032417
0.211667	0.033953
0.212000	0.033000
0.212333	0.032875
0.212667	0.033343
0.213000	0.033284
0.213333	0.032742
0.213667	0.032809
0.214000	0.032968
0.214333	0.033288
0.214667	0.033054
0.215000	0.032972
0.215333	0.032498
0.215667	0.032645
0.216000	0.032754
0.216333	0.032651
0.216667	0.032880
0.217000	0.033426
0.217333	0.032654
0.217667	0.032336
0.218000	0.032895
0.218333	0.031763
0.218667	0.031932
0.219000	0.032695
0.219333	0.032948
0.219667	0.032569
0.220000	0.032794
0.220333	0.032607
0.220667	0.032215
0.221000	0.032535
0.221333	0.032142
0.221667	0.032648
0.222000	0.032353
0.222333	0.032771
0.222667	0.032608
0.223000	0.032521
0.223333	0.031959
0.223667	0.031826
0.224000	0.032178
0.224333	0.032175
0.224667	0.032329
0.225000	0.032307
0.225333	0.032342
0.225667	0.032008
0.226000	0.031320
0.226333	0.032341
0.226667	0.032048
0.227000	0.032150
0.227333	0.032377
0.227667	0.032013
0.228000	0.032221
0.228333	0.032243
0.228667	0.032853
0.229000	0.032458
0.229333	0.032283
0.229667	0.031995
0.230000	0.031639
0.230333	0.031418
0.230667	0.032207
0.231000	0.031760
0.231333	0.031827
0.231667	0.031738
0.232000	0.031405
0.232333	0.032384
0.232667	0.032493
0.233000	0.032526
0.233333	0.032471
0.233667	0.032580
0.234000	0.031762
0.234333	0.033023
0.234667	0.031848
0.235000	0.031939
0.235333	0.032866
0.235667	0.031873
0.236000	0.031789
0.236333	0.032297
0.236667	0.031922
0.237000	0.032208
0.237333	0.032004
0.237667	0.031744
0.238000	0.032378
0.238333	0.031932
0.238667	0.031649
0.239000	0.032228
0.239333	0.031206
0.239667	0.031943
0.240000	0.031925
0.240333	0.031736
0.240667	0.031431
0.241000	0.032143
0.241333	0.032545
0.241667	0.031165
0.242000	0.032172
0.242333	0.031152
0.242667	0.031150
0.243000	0.031324
0.243333	0.031394
0.243667	0.031615
0.244000	0.032453
0.244333	0.031447
0.244667	0.031643
0.245000	0.031101
0.245333	0.031200
0.245667	0.032331
0.246000	0.031692
0.246333	0.031529
0.246667	0.031311
0.247000	0.031081
0.247333	0.031846
0.247667	0.031636
0.248000	0.031819
0.248333	0.031631
0.248667	0.030883
0.249000	0.031816
0.249333	0.031205
0.249667	0.031574
0.250000	0.031687
0.250333	0.031012
0.250667	0.031570
0.251000	0.031152
0.251333	0.031246
0.251667	0.031941
0.252000	0.032034
0.252333	0.031806
0.252667	0.032113
0.253000	0.031569
0.253333	0.031617
0.253667	0.031295
0.254000	0.031607
0.254333	0.031618
0.254667	0.030819
0.255000	0.031918
0.255333	0.031445
0.255667	0.031541
0.256000	0.032024
0.256333	0.031864
0.256667	0.031223
0.257000	0.031921
0.257333	0.031651
0.257667	0.032204
0.258000	0.031781
0.258333	0.031776
0.258667	0.032328
0.259000	0.031857
0.259333	0.031907
0.259667	0.032605
0.260000	0.032154
0.260333	0.032113
0.260667	0.032507
0.261000	0.032538
0.261333	0.031284
0.261667	0.031629
0.262000	0.031740
0.262333	0.031435
0.262667	0.031710
0.263000	0.032060
0.263333	0.032151
0.263667	0.031321
0.264000	0.032436
0.264333	0.032564
0.264667	0.032241
0.265000	0.031362
0.265333	0.032161
0.265667	0.032380
0.266000	0.031521
0.266333	0.032256
0.266667	0.032458
0.267000	0.032219
0.267333	0.031287
0.267667	0.032211
0.268000	0.031924
0.268333	0.032761
0.268667	0.035699
0.269000	0.059326
0.269333	0.087179
0.269667	0.086644
0.270000	0.081385
0.270333	0.078137
0.270667	0.077640
0.271000	0.076831
0.271333	0.082926
0.271667	0.095992
0.272000	0.103361
0.272333	0.100604
0.272667	0.096275
0.273000	0.091904
0.273333	0.088360
0.273667	0.084805
0.274000	0.082352
0.274333	0.080171
0.274667	0.076668
0.275000	0.075883
0.275333	0.073316
0.275667	0.071180
0.276000	0.069926
0.276333	0.067783
0.276667	0.067018
0.277000	0.066206
0.277333	0.065109
0.277667	0.063707
0.278000	0.063213
0.278333	0.061386
0.278667	0.060892
0.279000	0.060188
0.279333	0.059070
0.279667	0.058860
0.280000	0.057854
0.280333	0.057105
0.280667	0.056317
0.281000	0.055471
0.281333	0.054805
0.281667	0.054160
0.282000	0.053886
0.282333	0.052806
0.282667	0.053189
0.283000	0.052370
0.283333	0.051350
0.283667	0.051865
0.284000	0.051422
0.284333	0.050796
0.284667	0.050841
0.285000	0.050658
0.285333	0.050673
0.285667	0.050021
0.286000	0.049573
0.286333	0.048220
0.286667	0.049075
0.287000	0.048066
0.287333	0.048469
0.287667	0.048361
0.288000	0.048217
0.288333	0.046835
0.288667	0.047304
0.289000	0.047514
0.289333	0.046527
0.289667	0.046602
0.290000	0.045553
0.290333	0.045967
0.290667	0.045740
0.291000	0.045438
0.291333	0.045807
0.291667	0.045339
0.292000	0.045196
0.292333	0.044911
0.292667	0.044819
0.293000	0.044817
0.293333	0.044630
0.293667	0.043734
0.294000	0.044239
0.294333	0.044194
0.294667	0.043654
0.295000	0.043928
0.295333	0.044131
0.295667	0.042958
0.296000	0.043809
0.296333	0.042566
0.296667	0.042810
0.297000	0.042557
0.297333	0.043297
0.297667	0.042800
0.298000	0.042519
0.298333	0.042957
0.298667	0.042212
0.299000	0.041782
0.299333	0.042914
0.299667	0.041487
0.300000	0.041822
0.300333	0.042036
0.300667	0.041552
0.301000	0.041885
0.301333	0.041641
0.301667	0.041549
0.302000	0.041511
0.302333	0.041110
0.302667	0.040717
0.303000	0.040838
0.303333	0.042172
0.303667	0.041526
0.304000	0.040582
0.304333	0.040476
0.304667	0.040893
0.305000	0.040616
0.305333	0.040206
0.305667	0.040635
0.306000	0.040636
0.306333	0.040009
0.306667	0.040406
0.307000	0.040309
0.307333	0.039796
0.307667	0.039677
0.308000	0.040538
0.308333	0.039548
0.308667	0.039930
0.309000	0.039976
0.309333	0.039908
0.309667	0.040080
0.310000	0.039559
0.310333	0.040195
0.310667	0.039245
0.311000	0.039720
0.311333	0.040024
0.311667	0.039309
0.312000	0.039422
0.312333	0.039722
0.312667	0.039198
0.313000	0.039552
0.313333	0.039125
0.313667	0.039710
0.314000	0.038862
0.314333	0.039283
0.314667	0.038514
0.315000	0.038570
0.315333	0.039143
0.315667	0.038468
0.316000	0.038654
0.316333	0.039556
0.316667	0.038891
0.317000	0.038547
0.317333	0.038112
0.317667	0.038195
0.318000	0.037741
0.318333	0.038593
0.318667	0.037981
0.319000	0.038000
0.319333	0.037896
0.319667	0.038979
0.320000	0.038544
0.320333	0.038015
0.320667	0.038778
0.321000	0.038237
0.321333	0.038374
0.321667	0.038825
0.322000	0.038876
0.322333	0.037984
0.322667	0.037440
0.323000	0.037977
0.323333	0.037657
0.323667	0.037413
0.324000	0.037484
0.324333	0.038210
0.324667	0.037330
0.325000	0.037215
0.325333	0.037720
0.325667	0.037739
0.326000	0.037475
0.326333	0.037339
0.326667	0.037922
0.327000	0.037298
0.327333	0.037638
0.327667	0.038057
0.328000	0.037368
0.328333	0.037018
0.328667	0.037609
0.329000	0.037113
0.329333	0.037352
0.329667	0.037541
0.330000	0.037407
0.330333	0.037861
0.330667	0.037491
0.331000	0.037309
0.331333	0.037342
0.331667	0.036882
0.332000	0.036745
0.332333	0.037739
0.332667	0.036516
0.333000	0.036823
0.333333	0.037354
0.333667	0.036383
0.334000	0.036715
0.334333	0.036411
0.334667	0.036769
0.335000	0.035810
0.335333	0.036344
0.335667	0.036873
0.336000	0.037143
0.336333	0.036950
0.336667	0.036689
0.337000	0.036409
0.337333	0.036946
0.337667	0.036557
0.338000	0.036769
0.338333	0.036858
0.338667	0.036848
0.339000	0.036134
0.339333	0.037373
0.339667	0.036086
0.340000	0.036900
0.340333	0.036194
0.340667	0.036057
0.341000	0.036155
0.341333	0.035606
0.341667	0.036214
0.342000	0.036254
0.342333	0.035993
0.342667	0.036483
0.343000	0.036454
0.343333	0.036555
0.343667	0.036345
0.344000	0.036732
0.344333	0.036909
0.344667	0.035769
0.345000	0.035973
0.345333	0.036369
0.345667	0.035591
0.346000	0.036464
0.346333	0.036596
0.346667	0.036020
0.347000	0.035954
0.347333	0.036959
0.347667	0.035775
0.348000	0.036315
0.348333	0.035913
0.348667	0.035730
0.349000	0.035607
0.349333	0.035292
0.349667	0.035888
0.350000	0.035397
0.350333	0.036370
0.350667	0.036380
0.351000	0.035741
0.351333	0.036344
0.351667	0.035572
0.352000	0.036242
0.352333	0.036364
0.352667	0.035911
0.353000	0.035916
0.353333	0.035855
0.353667	0.035657
0.354000	0.035949
0.354333	0.035780
0.354667	0.035504
0.355000	0.035909
0.355333	0.036513
0.355667	0.036197
0.356000	0.035834
0.356333	0.035940
0.356667	0.035887
0.357000	0.035989
0.357333	0.035619
0.357667	0.034748
0.358000	0.035719
0.358333	0.035684
0.358667	0.036307
0.359000	0.035890
0.359333	0.035951
0.359667	0.035709
0.360000	0.035719
0.360333	0.035647
0.360667	0.035285
0.361000	0.036022
0.361333	0.034737
0.361667	0.035335
0.362000	0.036031
0.362333	0.035092
0.362667	0.035305
0.363000	0.034850
0.363333	0.035385
0.363667	0.035248
0.364000	0.035457
0.364333	0.035851
0.364667	0.035613
0.365000	0.035624
0.365333	0.035267
0.365667	0.036024
0.366000	0.035608
0.366333	0.035333
0.366667	0.035141
0.367000	0.035273
0.367333	0.035056
0.367667	0.034869
0.368000	0.034830
0.368333	0.035682
0.368667	0.035462
0.369000	0.034977
0.369333	0.034570
0.369667	0.035723
0.370000	0.035709
0.370333	0.035132
0.370667	0.034961
0.371000	0.034929
0.371333	0.035043
0.371667	0.035503
0.372000	0.035284
0.372333	0.034726
0.372667	0.035277
0.373000	0.034755
0.373333	0.035206
0.373667	0.034439
0.374000	0.035503
0.374333	0.034666
0.374667	0.035129
0.375000	0.035207
0.375333	0.034794
0.375667	0.035604
0.376000	0.034696
0.376333	0.034684
0.376667	0.035864
0.377000	0.034436
0.377333	0.035119
0.377667	0.035143
0.378000	0.035029
0.378333	0.035327
0.378667	0.034522
0.379000	0.034628
0.379333	0.035146
0.379667	0.034972
0.380000	0.034356
0.380333	0.035179
0.380667	0.034469
0.381000	0.034527
0.381333	0.034407
0.381667	0.035028
0.382000	0.035227
0.382333	0.035110
0.382667	0.034125
0.383000	0.034431
0.383333	0.033983
0.383667	0.034958
0.384000	0.035034
0.384333	0.034659
0.384667	0.034504
0.385000	0.034964
0.385333	0.035395
0.385667	0.034657
0.386000	0.034522
0.386333	0.034726
0.386667	0.034791
0.387000	0.034727
0.387333	0.034587
0.387667	0.035152
0.388000	0.034904
0.388333	0.034762
0.388667	0.035233
0.389000	0.034532
0.389333	0.035078
0.389667	0.035128
0.390000	0.035030
0.390333	0.035214
0.390667	0.034141
0.391000	0.034175
0.391333	0.034325
0.391667	0.034359
0.392000	0.034922
0.392333	0.033948
0.392667	0.034926
0.393000	0.034439
0.393333	0.034015
0.393667	0.034834
0.394000	0.034358
0.394333	0.034239
0.394667	0.033663
0.395000	0.034112
0.395333	0.034371
0.395667	0.034932
0.396000	0.033906
0.396333	0.034081
0.396667	0.034766
0.397000	0.034908
0.397333	0.034441
0.397667	0.034216
0.398000	0.033949
0.398333	0.034351
0.398667	0.033596
0.399000	0.034731
0.399333	0.034392
0.399667	0.034125
0.400000	0.034855
0.400333	0.033987
0.400667	0.034640
0.401000	0.034381
0.401333	0.034183
0.401667	0.033307
0.402000	0.033877
0.402333	0.034435
0.402667	0.034238
0.403000	0.034509
0.403333	0.034137
0.403667	0.034194
0.404000	0.034530
0.404333	0.034042
0.404667	0.034004
0.405000	0.033971
0.405333	0.034084
0.405667	0.034330
0.406000	0.034460
0.406333	0.033698
0.406667	0.033908
0.407000	0.034079
0.407333	0.033797
0.407667	0.034054
0.408000	0.033955
0.408333	0.033759
0.408667	0.034416
0.409000	0.034152
0.409333	0.033365
0.409667	0.034358
0.410000	0.033639
0.410333	0.034611
0.410667	0.034173
0.411000	0.034805
0.411333	0.033842
0.411667	0.033862
0.412000	0.034018
0.412333	0.033534
0.412667	0.034084
0.413000	0.033791
0.413333	0.034110
0.413667	0.034698
0.414000	0.034077
0.414333	0.034372
0.414667	0.034494
0.415000	0.033598
0.415333	0.034164
0.415667	0.033539
0.416000	0.033875
0.416333	0.033264
0.416667	0.034003
0.417000	0.033850
0.417333	0.033978
0.417667	0.034134
0.418000	0.033539
0.418333	0.033503
0.418667	0.033664
0.419000	0.034564
0.419333	0.033351
0.419667	0.033836
0.420000	0.034151
0.420333	0.033163
0.420667	0.034221
0.421000	0.033547
0.421333	0.033756
0.421667	0.033916
0.422000	0.034069
0.422333	0.034122
0.422667	0.033878
0.423000	0.033465
0.423333	0.034261
0.423667	0.033485
0.424000	0.033478
0.424333	0.033715
0.424667	0.033047
0.425000	0.033461
0.425333	0.032932
0.425667	0.033434
0.426000	0.033825
0.426333	0.033720
0.426667	0.033744
0.427000	0.033883
0.427333	0.033400
0.427667	0.033544
0.428000	0.033324
0.428333	0.033721
0.428667	0.033532
0.429000	0.033674
0.429333	0.033380
0.429667	0.033008
0.430000	0.033304
0.430333	0.033730
0.430667	0.033303
0.431000	0.033300
0.431333	0.034110
0.431667	0.033530
0.432000	0.033469
0.432333	0.033605
0.432667	0.033503
0.433000	0.033537
0.433333	0.033355
0.433667	0.033525
0.434000	0.033496
0.434333	0.033163
0.434667	0.033512
0.435000	0.033278
0.435333	0.033329
0.435667	0.034270
0.436000	0.033049
0.436333	0.032817
0.436667	0.032976
0.437000	0.034026
0.437333	0.033576
0.437667	0.032907
0.438000	0.033446
0.438333	0.033938
0.438667	0.032840
0.439000	0.033197
0.439333	0.032897
0.439667	0.033555
0.440000	0.032811
0.440333	0.033833
0.440667	0.032706
0.441000	0.032937
0.441333	0.033640
0.441667	0.032975
0.442000	0.032859
0.442333	0.033525
0.442667	0.032591
0.443000	0.033224
0.443333	0.033429
0.443667	0.032496
0.444000	0.032820
0.444333	0.032687
0.444667	0.033918
0.445000	0.033219
0.445333	0.033074
0.445667	0.033564
0.446000	0.032423
0.446333	0.032618
0.446667	0.033711
0.447000	0.033116
0.447333	0.033268
0.447667	0.032945
0.448000	0.033198
0.448333	0.033929
0.448667	0.050245
0.449000	0.081756
0.449333	0.085100
0.449667	0.080096
0.450000	0.075663
0.450333	0.072327
0.450667	0.069056
0.451000	0.065964
0.451333	0.064386
0.451667	0.062655
0.452000	0.060453
0.452333	0.059195
0.452667	0.057259
0.453000	0.056339
0.453333	0.055375
0.453667	0.054399
0.454000	0.053680
0.454333	0.052471
0.454667	0.052026
0.455000	0.050816
0.455333	0.050350
0.455667	0.049558
0.456000	0.048992
0.456333	0.048438
0.456667	0.047712
0.457000	0.047284
0.457333	0.046612
0.457667	0.046384
0.458000	0.045770
0.458333	0.046131
0.458667	0.044764
0.459000	0.044406
0.459333	0.044790
0.459667	0.043652
0.460000	0.043737
0.460333	0.044109
0.460667	0.043260
0.461000	0.043020
0.461333	0.042329
0.461667	0.042471
0.462000	0.042497
0.462333	0.041753
0.462667	0.041467
0.463000	0.041484
0.463333	0.041391
0.463667	0.040706
0.464000	0.041240
0.464333	0.040722
0.464667	0.040741
0.465000	0.040263
0.465333	0.040813
0.465667	0.040095
0.466000	0.039574
0.466333	0.038708
0.466667	0.039949
0.467000	0.039007
0.467333	0.039500
0.467667	0.038828
0.468000	0.040210
0.468333	0.039422
0.468667	0.038470
0.469000	0.038800
0.469333	0.038304
0.469667	0.038286
0.470000	0.038425
0.470333	0.038411
0.470667	0.038576
0.471000	0.038640
0.471333	0.038510
0.471667	0.037719
0.472000	0.037171
0.472333	0.037601
0.472667	0.037904
0.473000	0.037650
0.473333	0.036808
0.473667	0.037418
0.474000	0.037393
0.474333	0.036905
0.474667	0.037508
0.475000	0.037572
0.475333	0.036869
0.475667	0.036847
0.476000	0.037223
0.476333	0.036318
0.476667	0.037596
0.477000	0.036960
0.477333	0.036492
0.477667	0.037058
0.478000	0.036938
0.478333	0.037235
0.478667	0.036530
0.479000	0.036991
0.479333	0.036828
0.479667	0.036606
0.480000	0.036787
0.480333	0.037122
0.480667	0.036147
0.481000	0.038006
0.481333	0.039528
0.481667	0.051011
0.482000	0.079632
0.482333	0.089864
0.482667	0.084715
0.483000	0.079454
0.483333	0.075760
0.483667	0.073287
0.484000	0.071396
0.484333	0.069319
0.484667	0.069048
0.485000	0.067576
0.485333	0.066907
0.485667	0.064686
0.486000	0.064698
0.486333	0.062092
0.486667	0.061402
0.487000	0.060072
0.487333	0.058304
0.487667	0.057564
0.488000	0.056079
0.488333	0.055557
0.488667	0.054511
0.489000	0.054101
0.489333	0.053577
0.489667	0.052742
0.490000	0.052795
0.490333	0.051535
0.490667	0.051797
0.491000	0.050837
0.491333	0.050343
0.491667	0.048810
0.492000	0.049337
0.492333	0.048988
0.492667	0.047647
0.493000	0.048426
0.493333	0.047481
0.493667	0.047347
0.494000	0.046512
0.494333	0.046341
0.494667	0.046255
0.495000	0.045750
0.495333	0.045247
0.495667	0.045776
0.496000	0.044653
0.496333	0.045164
0.496667	0.045127
0.497000	0.044329
0.497333	0.044151
0.497667	0.044377
0.498000	0.044286
0.498333	0.043499
0.498667	0.043536
0.499000	0.043002
0.499333	0.042171
0.499667	0.042866
0.500000	0.042209
0.500333	0.043243
0.500667	0.042316
0.501000	0.042222
0.501333	0.041756
0.501667	0.041467
0.502000	0.041431
0.502333	0.041555
0.502667	0.040909
0.503000	0.040779
0.503333	0.040463
0.503667	0.040489
0.504000	0.041043
0.504333	0.040917
0.504667	0.039487
0.505000	0.040646
0.505333	0.040610
0.505667	0.040411
0.506000	0.040382
0.506333	0.039318
0.506667	0.040161
0.507000	0.040083
0.507333	0.040182
0.507667	0.040236
0.508000	0.039241
0.508333	0.039001
0.508667	0.039303
0.509000	0.038653
0.509333	0.039658
0.509667	0.038718
0.510000	0.038996
0.510333	0.039019
0.510667	0.039266
0.511000	0.038984
0.511333	0.038901
0.511667	0.038637
0.512000	0.038765
0.512333	0.038332
0.512667	0.038509
0.513000	0.038220
0.513333	0.038716
0.513667	0.037992
0.514000	0.037950
0.514333	0.038174
0.514667	0.037972
0.515000	0.038805
0.515333	0.037380
0.515667	0.038439
0.516000	0.038445
0.516333	0.037481
0.516667	0.038190
0.517000	0.037651
0.517333	0.037699
0.517667	0.037386
0.518000	0.037322
0.518333	0.037636
0.518667	0.037403
0.519000	0.037651
0.519333	0.037037
0.519667	0.037026
0.520000	0.037335
0.520333	0.037340
0.520667	0.037340
0.521000	0.036837
0.521333	0.037443
0.521667	0.036861
0.522000	0.036655
0.522333	0.037580
0.522667	0.037439
0.523000	0.037191
0.523333	0.037034
0.523667	0.037330
0.524000	0.036689
0.524333	0.037355
0.524667	0.036237
0.525000	0.036754
0.525333	0.037154
0.525667	0.037082
0.526000	0.036302
0.526333	0.036739
0.526667	0.036580
0.527000	0.037239
0.527333	0.036575
0.527667	0.037182
0.528000	0.036880
0.528333	0.037262
0.528667	0.036559
0.529000	0.035669
0.529333	0.036391
0.529667	0.036091
0.530000	0.036796
0.530333	0.036263
0.530667	0.036043
0.531000	0.036144
0.531333	0.036237
0.531667	0.036385
0.532000	0.036587
0.532333	0.036549
0.532667	0.036446
0.533000	0.035995
0.533333	0.036592
0.533667	0.035432
0.534000	0.036684
0.534333	0.035979
0.534667	0.036495
0.535000	0.035885
0.535333	0.035653
0.535667	0.036351
0.536000	0.036037
0.536333	0.035430
0.536667	0.036182
0.537000	0.036345
0.537333	0.036196
0.537667	0.036335
0.538000	0.035573
0.538333	0.036039
0.538667	0.035993
0.539000	0.035408
0.539333	0.035433
0.539667	0.035460
0.540000	0.036226
0.540333	0.035691
0.540667	0.035775
0.541000	0.035585
0.541333	0.035443
0.541667	0.035940
0.542000	0.035856
0.542333	0.035398
0.542667	0.035747
0.543000	0.034903
0.543333	0.035445
0.543667	0.035546
0.544000	0.034952
0.544333	0.034617
0.544667	0.035342
0.545000	0.035296
0.545333	0.035711
0.545667	0.034579
0.546000	0.035520
0.546333	0.034741
0.546667	0.035044
0.547000	0.034708
0.547333	0.034766
0.547667	0.035265
0.548000	0.035195
0.548333	0.035802
0.548667	0.035024
0.549000	0.035242
0.549333	0.035082
0.549667	0.034806
0.550000	0.035346
0.550333	0.035738
0.550667	0.035397
0.551000	0.035174
0.551333	0.035920
0.551667	0.035055
0.552000	0.034745
0.552333	0.034993
0.552667	0.034802
0.553000	0.035737
0.553333	0.034323
0.553667	0.034438
0.554000	0.035667
0.554333	0.034440
0.554667	0.035095
0.555000	0.034164
0.555333	0.035129
0.555667	0.035100
0.556000	0.035063
0.556333	0.034828
0.556667	0.035418
0.557000	0.035154
0.557333	0.035486
0.557667	0.034909
0.558000	0.034257
0.558333	0.034236
0.558667	0.034887
0.559000	0.035198
0.559333	0.034284
0.559667	0.034207
0.560000	0.035368
0.560333	0.034691
0.560667	0.034577
0.561000	0.035329
0.561333	0.035845
0.561667	0.039169
0.562000	0.058823
0.562333	0.086448
0.562667	0.086968
0.563000	0.082750
0.563333	0.078980
0.563667	0.076058
0.564000	0.073078
0.564333	0.071149
0.564667	0.068654
0.565000	0.066808
0.565333	0.064882
0.565667	0.063213
0.566000	0.061827
0.566333	0.060851
0.566667	0.059842
0.567000	0.058072
0.567333	0.057264
0.567667	0.056407
0.568000	0.055246
0.568333	0.054807
0.568667	0.053975
0.569000	0.052627
0.569333	0.051977
0.569667	0.051420
0.570000	0.051023
0.570333	0.051183
0.570667	0.050298
0.571000	0.050068
0.571333	0.048954
0.571667	0.048373
0.572000	0.048695
0.572333	0.048328
0.572667	0.047769
0.573000	0.047286
0.573333	0.046919
0.573667	0.047091
0.574000	0.046004
0.574333	0.046573
0.574667	0.045937
0.575000	0.045584
0.575333	0.045015
0.575667	0.045135
0.576000	0.044126
0.576333	0.044958
0.576667	0.044585
0.577000	0.044171
0.577333	0.043822
0.577667	0.044259
0.578000	0.043760
0.578333	0.043073
0.578667	0.043574
0.579000	0.042589
0.579333	0.043349
0.579667	0.042963
0.580000	0.041970
0.580333	0.041763
0.580667	0.041785
0.581000	0.042225
0.581333	0.041723
0.581667	0.041341
0.582000	0.041371
0.582333	0.041701
0.582667	0.041486
0.583000	0.040864
0.583333	0.041653
0.583667	0.040648
0.584000	0.040427
0.584333	0.041360
0.584667	0.041196
0.585000	0.040515
0.585333	0.039684
0.585667	0.039897
0.586000	0.040180
0.586333	0.040619
0.586667	0.040269
0.587000	0.040151
0.587333	0.039531
0.587667	0.039373
0.588000	0.039774
0.588333	0.040030
0.588667	0.040026
0.589000	0.039586
0.589333	0.039681
0.589667	0.039259
0.590000	0.039710
0.590333	0.039269
0.590667	0.038829
0.591000	0.038411
0.591333	0.039543
0.591667	0.038503
0.592000	0.038868
0.592333	0.039307
0.592667	0.038851
0.593000	0.038201
0.593333	0.038624
0.593667	0.039016
0.594000	0.038378
0.594333	0.039122
0.594667	0.038641
0.595000	0.038347
0.595333	0.038433
0.595667	0.037961
0.596000	0.038547
0.596333	0.037801
0.596667	0.037953
0.597000	0.038382
0.597333	0.038011
0.597667	0.038327
0.598000	0.037816
0.598333	0.037377
0.598667	0.037717
0.599000	0.037936
0.599333	0.037301
0.599667	0.037500
0.600000	0.036773
0.600333	0.036929
0.600667	0.037238
0.601000	0.036740
0.601333	0.037384
0.601667	0.036523
0.602000	0.036555
0.602333	0.036609
0.602667	0.037227
0.603000	0.036884
0.603333	0.036396
0.603667	0.036876
0.604000	0.036348
0.604333	0.036219
0.604667	0.036722
0.605000	0.036666
0.605333	0.036842
0.605667	0.037438
0.606000	0.035737
0.606333	0.037085
0.606667	0.036175
0.607000	0.037500
0.607333	0.036321
0.607667	0.036145
0.608000	0.036449
0.608333	0.036523
0.608667	0.036491
0.609000	0.035720
0.609333	0.035486
0.609667	0.036570
0.610000	0.036345
0.610333	0.036408
0.610667	0.035595
0.611000	0.036190
0.611333	0.035954
0.611667	0.035278
0.612000	0.036450
0.612333	0.036107
0.612667	0.035714
0.613000	0.036020
0.613333	0.035713
0.613667	0.035569
0.614000	0.035687
0.614333	0.035518
0.614667	0.035226
0.615000	0.035122
0.615333	0.036209
0.615667	0.035065
0.616000	0.035227
0.616333	0.035605
0.616667	0.035033
0.617000	0.035337
0.617333	0.035159
0.617667	0.035855
0.618000	0.035008
0.618333	0.035245
0.618667	0.034984
0.619000	0.035164
0.619333	0.036056
0.619667	0.035888
0.620000	0.035047
0.620333	0.035067
0.620667	0.035084
0.621000	0.034917
0.621333	0.034638
0.621667	0.035257
0.622000	0.034743
0.622333	0.034626
0.622667	0.035439
0.623000	0.034822
0.623333	0.035111
0.623667	0.033680
0.624000	0.034044
0.624333	0.034372
0.624667	0.034283
0.625000	0.034318
0.625333	0.035401
0.625667	0.034782
0.626000	0.034437
0.626333	0.034553
0.626667	0.034877
0.627000	0.035196
0.627333	0.034507
0.627667	0.034184
0.628000	0.034996
0.628333	0.034574
0.628667	0.034584
0.629000	0.034789
0.629333	0.034518
0.629667	0.034083
0.630000	0.034846
0.630333	0.034925
0.630667	0.034625
0.631000	0.034457
0.631333	0.034159
0.631667	0.033824
0.632000	0.034345
0.632333	0.034077
0.632667	0.034858
0.633000	0.034133
0.633333	0.034450
0.633667	0.034229
0.634000	0.033421
0.634333	0.033724
0.634667	0.033448
0.635000	0.034407
0.635333	0.033506
0.635667	0.034023
0.636000	0.034137
0.636333	0.033521
0.636667	0.034214
0.637000	0.033859
0.637333	0.033637
0.637667	0.033766
0.638000	0.033585
0.638333	0.033687
0.638667	0.033906
0.639000	0.033095
0.639333	0.033493
0.639667	0.033607
0.640000	0.033160
0.640333	0.034031
0.640667	0.033353
0.641000	0.033555
0.641333	0.033595
0.641667	0.033303
0.642000	0.033571
0.642333	0.032763
0.642667	0.033466
0.643000	0.033420
0.643333	0.032832
0.643667	0.033475
0.644000	0.032855
0.644333	0.032865
0.644667	0.033227
0.645000	0.033142
0.645333	0.033766
0.645667	0.033341
0.646000	0.034088
0.646333	0.033111
0.646667	0.033138
0.647000	0.032510
0.647333	0.032631
0.647667	0.033477
0.648000	0.032038
0.648333	0.032417
0.648667	0.032849
0.649000	0.032811
0.649333	0.033221
0.649667	0.032315
0.650000	0.033838
0.650333	0.032402
0.650667	0.033123
0.651000	0.032581
0.651333	0.033139
0.651667	0.032905
0.652000	0.032673
0.652333	0.033684
0.652667	0.033165
0.653000	0.033174
0.653333	0.032663
0.653667	0.033425
0.654000	0.033175
0.654333	0.032499
0.654667	0.031852
0.655000	0.032486
0.655333	0.032541
0.655667	0.032023
0.656000	0.032037
0.656333	0.032165
0.656667	0.032640
0.657000	0.031647
0.657333	0.032609
0.657667	0.031846
0.658000	0.032482
0.658333	0.033350
0.658667	0.032290
0.659000	0.032107
0.659333	0.032965
0.659667	0.032540
0.660000	0.032957
0.660333	0.032331
0.660667	0.032548
0.661000	0.032242
0.661333	0.032627
0.661667	0.032561
0.662000	0.032365
0.662333	0.033062
0.662667	0.031628
0.663000	0.032170
0.663333	0.031795
0.663667	0.031745
0.664000	0.032170
0.664333	0.032620
0.664667	0.032053
0.665000	0.032145
0.665333	0.032963
0.665667	0.031729
0.666000	0.032606
0.666333	0.032407
0.666667	0.032061
0.667000	0.032531
0.667333	0.032531
0.667667	0.032699
0.668000	0.032172
0.668333	0.032313
0.668667	0.032667
0.669000	0.031938
0.669333	0.032127
0.669667	0.032124
0.670000	0.032164
0.670333	0.031638
0.670667	0.032608
0.671000	0.032129
0.671333	0.032037
0.671667	0.032646
0.672000	0.032795
0.672333	0.032437
0.672667	0.031817
0.673000	0.032433
0.673333	0.031634
0.673667	0.032117
0.674000	0.032573
0.674333	0.031787
0.674667	0.031813
0.675000	0.032263
0.675333	0.032089
0.675667	0.031827
0.676000	0.031179
0.676333	0.031690
0.676667	0.031803
0.677000	0.031467
0.677333	0.032148
0.677667	0.031553
0.678000	0.031227
0.678333	0.032215
0.678667	0.031763
0.679000	0.031162
0.679333	0.032055
0.679667	0.031213
0.680000	0.032155
0.680333	0.031841
0.680667	0.034206
0.681000	0.053393
0.681333	0.081145
0.681667	0.083274
0.682000	0.077851
0.682333	0.073189
0.682667	0.070944
0.683000	0.069338
0.683333	0.074990
0.683667	0.089687
0.684000	0.100599
0.684333	0.100077
0.684667	0.095354
0.685000	0.091118
0.685333	0.087847
0.685667	0.083920
0.686000	0.079924
0.686333	0.077722
0.686667	0.075712
0.687000	0.073636
0.687333	0.071863
0.687667	0.069545
0.688000	0.068279
0.688333	0.066768
0.688667	0.064767
0.689000	0.064037
0.689333	0.062830
0.689667	0.061755
0.690000	0.060322
0.690333	0.059788
0.690667	0.059550
0.691000	0.058617
0.691333	0.057171
0.691667	0.056327
0.692000	0.055909
0.692333	0.054983
0.692667	0.053809
0.693000	0.054000
0.693333	0.053135
0.693667	0.052322
0.694000	0.052117
0.694333	0.052075
0.694667	0.050735
0.695000	0.051070
0.695333	0.049754
0.695667	0.049239
0.696000	0.048760
0.696333	0.048411
0.696667	0.047614
0.697000	0.047644
0.697333	0.047541
0.697667	0.047143
0.698000	0.047036
0.698333	0.045676
0.698667	0.046107
0.699000	0.045799
0.699333	0.046178
0.699667	0.045347
0.700000	0.045573
0.700333	0.044565
0.700667	0.044534
0.701000	0.043407
0.701333	0.044685
0.701667	0.043688
0.702000	0.043983
0.702333	0.043537
0.702667	0.043799
0.703000	0.042729
0.703333	0.042660
0.703667	0.042610
0.704000	0.042128
0.704333	0.041554
0.704667	0.041713
0.705000	0.041794
0.705333	0.042213
0.705667	0.041761
0.706000	0.041138
0.706333	0.041582
0.706667	0.041322
0.707000	0.041189
0.707333	0.040799
0.707667	0.040745
0.708000	0.040672
0.708333	0.040459
0.708667	0.040160
0.709000	0.040517
0.709333	0.039849
0.709667	0.039396
0.710000	0.040362
0.710333	0.039552
0.710667	0.039269
0.711000	0.039133
0.711333	0.039149
0.711667	0.038529
0.712000	0.038376
0.712333	0.037958
0.712667	0.038194
0.713000	0.038225
0.713333	0.039314
0.713667	0.038570
0.714000	0.038250
0.714333	0.038621
0.714667	0.038054
0.715000	0.038216
0.715333	0.037004
0.715667	0.038039
0.716000	0.038292
0.716333	0.038468
0.716667	0.037368
0.717000	0.037315
0.717333	0.036907
0.717667	0.036791
0.718000	0.037068
0.718333	0.037137
0.718667	0.036267
0.719000	0.037310
0.719333	0.037086
0.719667	0.036338
0.720000	0.036861
0.720333	0.036745
0.720667	0.036204
0.721000	0.036901
0.721333	0.036631
0.721667	0.036546
0.722000	0.036065
0.722333	0.036069
0.722667	0.036089
0.723000	0.035620
0.723333	0.035963
0.723667	0.035833
0.724000	0.036261
0.724333	0.035830
0.724667	0.037580
0.725000	0.041840
0.725333	0.059240
0.725667	0.085612
0.726000	0.088149
0.726333	0.083215
0.726667	0.078918
0.727000	0.074415
0.727333	0.072243
0.727667	0.069707
0.728000	0.067740
0.728333	0.065622
0.728667	0.063020
0.729000	0.062322
0.729333	0.060114
0.729667	0.059575
0.730000	0.057879
0.730333	0.056935
0.730667	0.055982
0.731000	0.055326
0.731333	0.054808
0.731667	0.053162
0.732000	0.052559
0.732333	0.052085
0.732667	0.051245
0.733000	0.050344
0.733333	0.050154
0.733667	0.049796
0.734000	0.049200
0.734333	0.048962
0.734667	0.048320
0.735000	0.047854
0.735333	0.047446
0.735667	0.046738
0.736000	0.046772
0.736333	0.046475
0.736667	0.045727
0.737000	0.044805
0.737333	0.045354
0.737667	0.044658
0.738000	0.044395
0.738333	0.044224
0.738667	0.043584
0.739000	0.044103
0.739333	0.043734
0.739667	0.043333
0.740000	0.042567
0.740333	0.042743
0.740667	0.042019
0.741000	0.042424
0.741333	0.041841
0.741667	0.041824
0.742000	0.041695
0.742333	0.041381
0.742667	0.040991
0.743000	0.040569
0.743333	0.040281
0.743667	0.040213
0.744000	0.040615
0.744333	0.040271
0.744667	0.039959
0.745000	0.040133
0.745333	0.040019
0.745667	0.039941
0.746000	0.039564
0.746333	0.039308
0.746667	0.039777
0.747000	0.039740
0.747333	0.038853
0.747667	0.039845
0.748000	0.038678
0.748333	0.038934
0.748667	0.038621
0.749000	0.038470
0.749333	0.038138
0.749667	0.038416
0.750000	0.038357
0.750333	0.037901
0.750667	0.037810
0.751000	0.038181
0.751333	0.037540
0.751667	0.037480
0.752000	0.037457
0.752333	0.038009
0.752667	0.037082
0.753000	0.037125
0.753333	0.037511
0.753667	0.036903
0.754000	0.036396
0.754333	0.037022
0.754667	0.036792
0.755000	0.037111
0.755333	0.037192
0.755667	0.036808
0.756000	0.036767
0.756333	0.036379
0.756667	0.036592
0.757000	0.036802
0.757333	0.036866
0.757667	0.036717
0.758000	0.035934
0.758333	0.036335
0.758667	0.036661
0.759000	0.035471
0.759333	0.035966
0.759667	0.035560
0.760000	0.035091
0.760333	0.035789
0.760667	0.035871
0.761000	0.035763
0.761333	0.035157
0.761667	0.035313
0.762000	0.035338
0.762333	0.035452
0.762667	0.035043
0.763000	0.035552
0.763333	0.035115
0.763667	0.035097
0.764000	0.034725
0.764333	0.035619
0.764667	0.035223
0.765000	0.035108
0.765333	0.034939
0.765667	0.034663
0.766000	0.035595
0.766333	0.034808
0.766667	0.034908
0.767000	0.034676
0.767333	0.035414
0.767667	0.034413
0.768000	0.034903
0.768333	0.034596
0.768667	0.034554
0.769000	0.034933
0.769333	0.034615
0.769667	0.034876
0.770000	0.035016
0.770333	0.034860
0.770667	0.034780
0.771000	0.034054
0.771333	0.034812
0.771667	0.034761
0.772000	0.034608
0.772333	0.034060
0.772667	0.033963
0.773000	0.034439
0.773333	0.034078
0.773667	0.033984
0.774000	0.034120
0.774333	0.033368
0.774667	0.034058
0.775000	0.035007
0.775333	0.033842
0.775667	0.034447
0.776000	0.033972
0.776333	0.033428
0.776667	0.033593
0.777000	0.033764
0.777333	0.034252
0.777667	0.033934
0.778000	0.033378
0.778333	0.033458
0.778667	0.033751
0.779000	0.033934
0.779333	0.033140
0.779667	0.033131
0.780000	0.033140
0.780333	0.033151
0.780667	0.033815
0.781000	0.033083
0.781333	0.034186
0.781667	0.033634
0.782000	0.033959
0.782333	0.033924
0.782667	0.033402
0.783000	0.033210
0.783333	0.033258
0.783667	0.033055
0.784000	0.032968
0.784333	0.032610
0.784667	0.033183
0.785000	0.032819
0.785333	0.033062
0.785667	0.033676
0.786000	0.032854
0.786333	0.032976
0.786667	0.033028
0.787000	0.033323
0.787333	0.033457
0.787667	0.033234
0.788000	0.033396
0.788333	0.033343
0.788667	0.032492
0.789000	0.033418
0.789333	0.032869
0.789667	0.032953
0.790000	0.033418
0.790333	0.033463
0.790667	0.033262
0.791000	0.033307
0.791333	0.033744
0.791667	0.033181
0.792000	0.032694
0.792333	0.032557
0.792667	0.032911
0.793000	0.032821
0.793333	0.032263
0.793667	0.032667
0.794000	0.032434
0.794333	0.032428
0.794667	0.032823
0.795000	0.032811
0.795333	0.032342
0.795667	0.033260
0.796000	0.032413
0.796333	0.032111
0.796667	0.032316
0.797000	0.033499
0.797333	0.032479
0.797667	0.032884
0.798000	0.032666
0.798333	0.033137
0.798667	0.031997
0.799000	0.032289
0.799333	0.032704
0.799667	0.032633
0.800000	0.032699
0.800333	0.032675
0.800667	0.033355
0.801000	0.032653
0.801333	0.033267
0.801667	0.033131
0.802000	0.032894
0.802333	0.033232
0.802667	0.033030
0.803000	0.032669
0.803333	0.033449
0.803667	0.033244
0.804000	0.032772
0.804333	0.033099
0.804667	0.032922
0.805000	0.032642
0.805333	0.032870
0.805667	0.032401
0.806000	0.031968
0.806333	0.033426
0.806667	0.032833
0.807000	0.032518
0.807333	0.032924
0.807667	0.032440
0.808000	0.032444
0.808333	0.032259
0.808667	0.032685
0.809000	0.032075
0.809333	0.032657
0.809667	0.032826
0.810000	0.033595
0.810333	0.037007
0.810667	0.060090
0.811000	0.083099
0.811333	0.082059
0.811667	0.078391
0.812000	0.075738
0.812333	0.073134
0.812667	0.073243
0.813000	0.080486
0.813333	0.092932
0.813667	0.101168
0.814000	0.099491
0.814333	0.094786
0.814667	0.091078
0.815000	0.086958
0.815333	0.083615
0.815667	0.081354
0.816000	0.079556
0.816333	0.076432
0.816667	0.074072
0.817000	0.073148
0.817333	0.071298
0.817667	0.069403
0.818000	0.068015
0.818333	0.066249
0.818667	0.064957
0.819000	0.063948
0.819333	0.062756
0.819667	0.061180
0.820000	0.060577
0.820333	0.060538
0.820667	0.058977
0.821000	0.058747
0.821333	0.057473
0.821667	0.056987
0.822000	0.056271
0.822333	0.055234
0.822667	0.054794
0.823000	0.054079
0.823333	0.053833
0.823667	0.053418
0.824000	0.053264
0.824333	0.051635
0.824667	0.052348
0.825000	0.051854
0.825333	0.050736
0.825667	0.050733
0.826000	0.050642
0.826333	0.049716
0.826667	0.048964
0.827000	0.048916
0.827333	0.048812
0.827667	0.048376
0.828000	0.047581
0.828333	0.047335
0.828667	0.047282
0.829000	0.046652
0.829333	0.046682
0.829667	0.047003
0.830000	0.046394
0.830333	0.045975
0.830667	0.046262
0.831000	0.045937
0.831333	0.047077
0.831667	0.045187
0.832000	0.045592
0.832333	0.045380
0.832667	0.045019
0.833000	0.045555
0.833333	0.044373
0.833667	0.044674
0.834000	0.044129
0.834333	0.043990
0.834667	0.043844
0.835000	0.043790
0.835333	0.042930
0.835667	0.043730
0.836000	0.043222
0.836333	0.043200
0.836667	0.043544
0.837000	0.042874
0.837333	0.042550
0.837667	0.042874
0.838000	0.042845
0.838333	0.042073
0.838667	0.041759
0.839000	0.042290
0.839333	0.041688
0.839667	0.041968
0.840000	0.041384
0.840333	0.041192
0.840667	0.041480
0.841000	0.041104
0.841333	0.041430
0.841667	0.041500
0.842000	0.041261
0.842333	0.041039
0.842667	0.040661
0.843000	0.040311
0.843333	0.041800
0.843667	0.040613
0.844000	0.041014
0.844333	0.041359
0.844667	0.040025
0.845000	0.040485
0.845333	0.041615
0.845667	0.040888
0.846000	0.040402
0.846333	0.039631
0.846667	0.040565
0.847000	0.040001
0.847333	0.039597
0.847667	0.040017
0.848000	0.039977
0.848333	0.039834
0.848667	0.039976
0.849000	0.040214
0.849333	0.039427
0.849667	0.040640
0.850000	0.039765
0.850333	0.039237
0.850667	0.039982
0.851000	0.039641
0.851333	0.040067
0.851667	0.039763
0.852000	0.039780
0.852333	0.039101
0.852667	0.039282
0.853000	0.039019
0.853333	0.039669
0.853667	0.039013
0.854000	0.039458
0.854333	0.039526
0.854667	0.038768
0.855000	0.039440
0.855333	0.038723
0.855667	0.038107
0.856000	0.039190
0.856333	0.039600
0.856667	0.039702
0.857000	0.038406
0.857333	0.038531
0.857667	0.038334
0.858000	0.038274
0.858333	0.037695
0.858667	0.037710
0.859000	0.037947
0.859333	0.038178
0.859667	0.037869
0.860000	0.038145
0.860333	0.038209
0.860667	0.038194
0.861000	0.038734
0.861333	0.038241
0.861667	0.038297
0.862000	0.038568
0.862333	0.037866
0.862667	0.038050
0.863000	0.037589
0.863333	0.037156
0.863667	0.037725
0.864000	0.038195
0.864333	0.037865
0.864667	0.037461
0.865000	0.038159
0.865333	0.037429
0.865667	0.036931
0.866000	0.037892
0.866333	0.037778
0.866667	0.037803
0.867000	0.037423
0.867333	0.037827
0.867667	0.036541
0.868000	0.036796
0.868333	0.037109
0.868667	0.037372
0.869000	0.036653
0.869333	0.036623
0.869667	0.036349
0.870000	0.037695
0.870333	0.036797
0.870667	0.036887
0.871000	0.037219
0.871333	0.037119
0.871667	0.037262
0.872000	0.036671
0.872333	0.037028
0.872667	0.036814
0.873000	0.036697
0.873333	0.036893
0.873667	0.036989
0.874000	0.036870
0.874333	0.036675
0.874667	0.036961
0.875000	0.036440
0.875333	0.036386
0.875667	0.035888
0.876000	0.036420
0.876333	0.036993
0.876667	0.036662
0.877000	0.036468
0.877333	0.035859
0.877667	0.036524
0.878000	0.036820
0.878333	0.037012
0.878667	0.036619
0.879000	0.036037
0.879333	0.036146
0.879667	0.036252
0.880000	0.035905
0.880333	0.036321
0.880667	0.036585
0.881000	0.036726
0.881333	0.036663
0.881667	0.035423
0.882000	0.036472
0.882333	0.035673
0.882667	0.036110
0.883000	0.035793
0.883333	0.035676
0.883667	0.036246
0.884000	0.035518
0.884333	0.036297
0.884667	0.035694
0.885000	0.036507
0.885333	0.035947
0.885667	0.035334
0.886000	0.035637
0.886333	0.035626
0.886667	0.036487
0.887000	0.036062
0.887333	0.035450
0.887667	0.036095
0.888000	0.035497
0.888333	0.036160
0.888667	0.035792
0.889000	0.036034
0.889333	0.035601
0.889667	0.035103
0.890000	0.035399
0.890333	0.035796
0.890667	0.036276
0.891000	0.035413
0.891333	0.035797
0.891667	0.035467
0.892000	0.035615
0.892333	0.035053
0.892667	0.035414
0.893000	0.035993
0.893333	0.034897
0.893667	0.035513
0.894000	0.035852
0.894333	0.035109
0.894667	0.035457
0.895000	0.036037
0.895333	0.035345
0.895667	0.035239
0.896000	0.035935
0.896333	0.035053
0.896667	0.035624
0.897000	0.035470
0.897333	0.035640
0.897667	0.035747
0.898000	0.035147
0.898333	0.034956
0.898667	0.034698
0.899000	0.035914
0.899333	0.034958
0.899667	0.035503
0.900000	0.035650
0.900333	0.035602
0.900667	0.035193
0.901000	0.035351
0.901333	0.035664
0.901667	0.035507
0.902000	0.035348
0.902333	0.035248
0.902667	0.034864
0.903000	0.034720
0.903333	0.034977
0.903667	0.035266
0.904000	0.035224
0.904333	0.035471
0.904667	0.035125
0.905000	0.035361
0.905333	0.034823
0.905667	0.035697
0.906000	0.034635
0.906333	0.035314
0.906667	0.035501
0.907000	0.035137
0.907333	0.034442
0.907667	0.035586
0.908000	0.035757
0.908333	0.034544
0.908667	0.034525
0.909000	0.035967
0.909333	0.034446
0.909667	0.035058
0.910000	0.035269
0.910333	0.035198
0.910667	0.035140
0.911000	0.034667
0.911333	0.035440
0.911667	0.034836
0.912000	0.034578
0.912333	0.034924
0.912667	0.034347
0.913000	0.035328
0.913333	0.035216
0.913667	0.035386
0.914000	0.035026
0.914333	0.034489
0.914667	0.034742
0.915000	0.035667
0.915333	0.034598
0.915667	0.034928
0.916000	0.034594
0.916333	0.035377
0.916667	0.034711
0.917000	0.035249
0.917333	0.035166
0.917667	0.035304
0.918000	0.034521
0.918333	0.035057
0.918667	0.035076
0.919000	0.034634
0.919333	0.035081
0.919667	0.035252
0.920000	0.035159
0.920333	0.035172
0.920667	0.034966
0.921000	0.036176
0.921333	0.035276
0.921667	0.035153
0.922000	0.035097
0.922333	0.034965
0.922667	0.035076
0.923000	0.035417
0.923333	0.034889
0.923667	0.035476
0.924000	0.035427
0.924333	0.035370
0.924667	0.034933
0.925000	0.035447
0.925333	0.035581
0.925667	0.034993
0.926000	0.034302
0.926333	0.035339
0.926667	0.035151
0.927000	0.034896
0.927333	0.034620
0.927667	0.035629
0.928000	0.035316
0.928333	0.035206
0.928667	0.034995
0.929000	0.034971
0.929333	0.035700
0.929667	0.034650
0.930000	0.035210
0.930333	0.035801
0.930667	0.034410
0.931000	0.034709
0.931333	0.035070
0.931667	0.035142
0.932000	0.035083
0.932333	0.034832
0.932667	0.034953
0.933000	0.034798
0.933333	0.035411
0.933667	0.035247
0.934000	0.035318
0.934333	0.034440
0.934667	0.035077
0.935000	0.035386
0.935333	0.035613
0.935667	0.035669
0.936000	0.034965
0.936333	0.035458
0.936667	0.035156
0.937000	0.034572
0.937333	0.033761
0.937667	0.034730
0.938000	0.034494
0.938333	0.035407
0.938667	0.035367
0.939000	0.035322
0.939333	0.035132
0.939667	0.035292
0.940000	0.035402
0.940333	0.034113
0.940667	0.034746
0.941000	0.035308
0.941333	0.035864
0.941667	0.035729
0.942000	0.036283
0.942333	0.034986
0.942667	0.034896
0.943000	0.035619
0.943333	0.034627
0.943667	0.036008
0.944000	0.035598
0.944333	0.035052
0.944667	0.035071
0.945000	0.035656
0.945333	0.035238
0.945667	0.035393
0.946000	0.035933
0.946333	0.035086
0.946667	0.034956
0.947000	0.035133
0.947333	0.034903
0.947667	0.035566
0.948000	0.035288
0.948333	0.035071
0.948667	0.034404
0.949000	0.035438
0.949333	0.035443
0.949667	0.035233
0.950000	0.035664
0.950333	0.035552
0.950667	0.034959
0.951000	0.035526
0.951333	0.034891
0.951667	0.034384
0.952000	0.035736
0.952333	0.034936
0.952667	0.034798
0.953000	0.035215
0.953333	0.034430
0.953667	0.035426
0.954000	0.034015
0.954333	0.035271
0.954667	0.034835
0.955000	0.035399
0.955333	0.035834
0.955667	0.035559
0.956000	0.034783
0.956333	0.034133
0.956667	0.035445
0.957000	0.035450
0.957333	0.035198
0.957667	0.035181
0.958000	0.035426
0.958333	0.035552
0.958667	0.034872
0.959000	0.034728
0.959333	0.034380
0.959667	0.035284
0.960000	0.035060
0.960333	0.035186
0.960667	0.035384
0.961000	0.034875
0.961333	0.034712
0.961667	0.034151
0.962000	0.034429
0.962333	0.034862
0.962667	0.034998
0.963000	0.034439
0.963333	0.035573
0.963667	0.035002
0.964000	0.035089
0.964333	0.034551
0.964667	0.034370
0.965000	0.033857
0.965333	0.034375
0.965667	0.034336
0.966000	0.034635
0.966333	0.034849
0.966667	0.034778
0.967000	0.034023
0.967333	0.034781
0.967667	0.034485
0.968000	0.034553
0.968333	0.034669
0.968667	0.034154
0.969000	0.034882
0.969333	0.035075
0.969667	0.033862
0.970000	0.034322
0.970333	0.034323
0.970667	0.034632
0.971000	0.033888
0.971333	0.035043
0.971667	0.034367
0.972000	0.034732
0.972333	0.033569
0.972667	0.034792
0.973000	0.034288
0.973333	0.034095
0.973667	0.034004
0.974000	0.034322
0.974333	0.034674
0.974667	0.034356
0.975000	0.033690
0.975333	0.034493
0.975667	0.033482
0.976000	0.034907
0.976333	0.034281
0.976667	0.034686
0.977000	0.034944
0.977333	0.034001
0.977667	0.034352
0.978000	0.034300
0.978333	0.035078
0.978667	0.034387
0.979000	0.034834
0.979333	0.033866
0.979667	0.034169
0.980000	0.034867
0.980333	0.033753
0.980667	0.034745
0.981000	0.033850
0.981333	0.034355
0.981667	0.034281
0.982000	0.034094
0.982333	0.033915
0.982667	0.034670
0.983000	0.034517
0.983333	0.034399
0.983667	0.034085
0.984000	0.034187
0.984333	0.033981
0.984667	0.034254
0.985000	0.033770
0.985333	0.034409
0.985667	0.035127
0.986000	0.034035
0.986333	0.035571
0.986667	0.038548
0.987000	0.057806
0.987333	0.086956
0.987667	0.086341
0.988000	0.081919
0.988333	0.077188
0.988667	0.074566
0.989000	0.072258
0.989333	0.069289
0.989667	0.066397
0.990000	0.064491
0.990333	0.062275
0.990667	0.062644
0.991000	0.061037
0.991333	0.059399
0.991667	0.058118
0.992000	0.057251
0.992333	0.056261
0.992667	0.054787
0.993000	0.054067
0.993333	0.053053
0.993667	0.053648
0.994000	0.052092
0.994333	0.051381
0.994667	0.050902
0.995000	0.049957
0.995333	0.049907
0.995667	0.049290
0.996000	0.049009
0.996333	0.048604
0.996667	0.047435
0.997000	0.047599
0.997333	0.047200
0.997667	0.047141
0.998000	0.046131
0.998333	0.046069
0.998667	0.046844
0.999000	0.045590
0.999333	0.045550
0.999667	0.044940
1.000000	0.045256
1.000333	0.037584
1.000667	0.037370
1.001000	0.036642
1.001333	0.037309
1.001667	0.036577
1.002000	0.037229
1.002333	0.037505
1.002667	0.037038
1.003000	0.036051
1.003333	0.036602
1.003667	0.037498
1.004000	0.037038
1.004333	0.037832
1.004667	0.036909
1.005000	0.037177
1.005333	0.036778
1.005667	0.036887
1.006000	0.037030
1.006333	0.036676
1.006667	0.037202
1.007000	0.036756
1.007333	0.037169
1.007667	0.036851
1.008000	0.036916
1.008333	0.036769
1.008667	0.036421
1.009000	0.036088
1.009333	0.035891
1.009667	0.036606
1.010000	0.037288
1.010333	0.036328
1.010667	0.036625
1.011000	0.036041
1.011333	0.036667
1.011667	0.035987
1.012000	0.036455
1.012333	0.036727
1.012667	0.036277
1.013000	0.036394
1.013333	0.036169
1.013667	0.036320
1.014000	0.036081
1.014333	0.036137
1.014667	0.036702
1.015000	0.035924
1.015333	0.035984
1.015667	0.036157
1.016000	0.036415
1.016333	0.036128
1.016667	0.036678
1.017000	0.036061
1.017333	0.035821
1.017667	0.036248
1.018000	0.036057
1.018333	0.035475
1.018667	0.035380
1.019000	0.035817
1.019333	0.035812
1.019667	0.035293
1.020000	0.036155
1.020333	0.036292
1.020667	0.035951
1.021000	0.035456
1.021333	0.035933
1.021667	0.035929
1.022000	0.035465
1.022333	0.035469
1.022667	0.035182
1.023000	0.036106
1.023333	0.036043
1.023667	0.036026
1.024000	0.035470
1.024333	0.035295
1.024667	0.035818
1.025000	0.035746
1.025333	0.035541
1.025667	0.034971
1.026000	0.035122
1.026333	0.035462
1.026667	0.035180
1.027000	0.036006
1.027333	0.036043
1.027667	0.035282
1.028000	0.035185
1.028333	0.035066
1.028667	0.035615
1.029000	0.035648
1.029333	0.035019
1.029667	0.036110
1.030000	0.035242
1.030333	0.036231
1.030667	0.035036
1.031000	0.035016
1.031333	0.035171
1.031667	0.035401
1.032000	0.035162
1.032333	0.035055
1.032667	0.035644
1.033000	0.035658
1.033333	0.035574
1.033667	0.035124
1.034000	0.035322
1.034333	0.035075
1.034667	0.035491
1.035000	0.035389
1.035333	0.034617
1.035667	0.035959
1.036000	0.035241
1.036333	0.035952
1.036667	0.035882
1.037000	0.034849
1.037333	0.035077
1.037667	0.035015
1.038000	0.035500
1.038333	0.035062
1.038667	0.035071
1.039000	0.035034
1.039333	0.034794
1.039667	0.035991
1.040000	0.035019
1.040333	0.035333
1.040667	0.035271
1.041000	0.035376
1.041333	0.035289
1.041667	0.034717
1.042000	0.035181
1.042333	0.035471
1.042667	0.035271
1.043000	0.035486
1.043333	0.034693
1.043667	0.034679
1.044000	0.034728
1.044333	0.035483
1.044667	0.035117
1.045000	0.034825
1.045333	0.035005
1.045667	0.035342
1.046000	0.035033
1.046333	0.034707
1.046667	0.034312
1.047000	0.035472
1.047333	0.034440
1.047667	0.034457
1.048000	0.034289
1.048333	0.034746
1.048667	0.035013
1.049000	0.033994
1.049333	0.035046
1.049667	0.034541
1.050000	0.034617
1.050333	0.034904
1.050667	0.034135
1.051000	0.034740
1.051333	0.034528
1.051667	0.034424
1.052000	0.034039
1.052333	0.034640
1.052667	0.034375
1.053000	0.034664
1.053333	0.034333
1.053667	0.034102
1.054000	0.034900
1.054333	0.034969
1.054667	0.034909
1.055000	0.034850
1.055333	0.034433
1.055667	0.034091
1.056000	0.033620
1.056333	0.034300
1.056667	0.034003
1.057000	0.034377
1.057333	0.034571
1.057667	0.034171
1.058000	0.034204
1.058333	0.033647
1.058667	0.034020
1.059000	0.034060
1.059333	0.034444
1.059667	0.034569
1.060000	0.033798
1.060333	0.034007
1.060667	0.034122
1.061000	0.034159
1.061333	0.033650
1.061667	0.034728
1.062000	0.034404
1.062333	0.033514
1.062667	0.034493
1.063000	0.034078
1.063333	0.033483
1.063667	0.033932
1.064000	0.033952
1.064333	0.033824
1.064667	0.034422
1.065000	0.033570
1.065333	0.034679
1.065667	0.034156
1.066000	0.034311
1.066333	0.034529
1.066667	0.035077
1.067000	0.034400
1.067333	0.033635
1.067667	0.034028
1.068000	0.034111
1.068333	0.033806
1.068667	0.034462
1.069000	0.033351
1.069333	0.034366
1.069667	0.034186
1.070000	0.034203
1.070333	0.033576
1.070667	0.033735
1.071000	0.033760
1.071333	0.034612
1.071667	0.034317
1.072000	0.034006
1.072333	0.033935
1.072667	0.034865
1.073000	0.034354
1.073333	0.034411
1.073667	0.034714
1.074000	0.033526
1.074333	0.034557
1.074667	0.034658
1.075000	0.034421
1.075333	0.034466
1.075667	0.034572
1.076000	0.034569
1.076333	0.033993
1.076667	0.033269
1.077000	0.034257
1.077333	0.041230
1.077667	0.070307
1.078000	0.087775
1.078333	0.084644
1.078667	0.080077
1.079000	0.075978
1.079333	0.074401
1.079667	0.077870
1.080000	0.086749
1.080333	0.097748
1.080667	0.101109
1.081000	0.096753
1.081333	0.092995
1.081667	0.089054
1.082000	0.086040
1.082333	0.082898
1.082667	0.079104
1.083000	0.078802
1.083333	0.076068
1.083667	0.074130
1.084000	0.072425
1.084333	0.071013
1.084667	0.068534
1.085000	0.067299
1.085333	0.065929
1.085667	0.065504
1.086000	0.063814
1.086333	0.063503
1.086667	0.062386
1.087000	0.061151
1.087333	0.060805
1.087667	0.059552
1.088000	0.059192
1.088333	0.057829
1.088667	0.057377
1.089000	0.056101
1.089333	0.056171
1.089667	0.056168
1.090000	0.055645
1.090333	0.054602
1.090667	0.053693
1.091000	0.053393
1.091333	0.052901
1.091667	0.051637
1.092000	0.051681
1.092333	0.051174
1.092667	0.051120
1.093000	0.050460
1.093333	0.050929
1.093667	0.050065
1.094000	0.049219
1.094333	0.049101
1.094667	0.048952
1.095000	0.048423
1.095333	0.048943
1.095667	0.048308
1.096000	0.047329
1.096333	0.047771
1.096667	0.047607
1.097000	0.048046
1.097333	0.046961
1.097667	0.045959
1.098000	0.046998
1.098333	0.046214
1.098667	0.045245
1.099000	0.046307
1.099333	0.045648
1.099667	0.044859
1.100000	0.045388
1.100333	0.045381
1.100667	0.044807
1.101000	0.044181
1.101333	0.044076
1.101667	0.044531
1.102000	0.044832
1.102333	0.043921
1.102667	0.044524
1.103000	0.043119
1.103333	0.043555
1.103667	0.043322
1.104000	0.043025
1.104333	0.043079
1.104667	0.042587
1.105000	0.043228
1.105333	0.042371
1.105667	0.043002
1.106000	0.042949
1.106333	0.042539
1.106667	0.042898
1.107000	0.042426
1.107333	0.041832
1.107667	0.042690
1.108000	0.042757
1.108333	0.041940
1.108667	0.042144
1.109000	0.041173
1.109333	0.042156
1.109667	0.041741
1.110000	0.041302
1.110333	0.041089
1.110667	0.040629
1.111000	0.041435
1.111333	0.040546
1.111667	0.041455
1.112000	0.040603
1.112333	0.040441
1.112667	0.040676
1.113000	0.040502
1.113333	0.040419
1.113667	0.039610
1.114000	0.040037
1.114333	0.039973
1.114667	0.039954
1.115000	0.039579
1.115333	0.040174
1.115667	0.039870
1.116000	0.039685
1.116333	0.040306
1.116667	0.040217
1.117000	0.040197
1.117333	0.039586
1.117667	0.039976
1.118000	0.039891
1.118333	0.039607
1.118667	0.039566
1.119000	0.039302
1.119333	0.039761
1.119667	0.038866
1.120000	0.038908
1.120333	0.039702
1.120667	0.038964
1.121000	0.038832
1.121333	0.039064
1.121667	0.038676
1.122000	0.038673
1.122333	0.038824
1.122667	0.038905
1.123000	0.039499
1.123333	0.038402
1.123667	0.038189
1.124000	0.038776
1.124333	0.038955
1.124667	0.038388
1.125000	0.038183
1.125333	0.038713
1.125667	0.038613
1.126000	0.038285
1.126333	0.038184
1.126667	0.039669
1.127000	0.038508
1.127333	0.038547
1.127667	0.037938
1.128000	0.038044
1.128333	0.038209
1.128667	0.038239
1.129000	0.037565
1.129333	0.038064
1.129667	0.037611
1.130000	0.037956
1.130333	0.038430
1.130667	0.037751
1.131000	0.037503
1.131333	0.037620
1.131667	0.038317
1.132000	0.037911
1.132333	0.037551
1.132667	0.038441
1.133000	0.037380
1.133333	0.037485
1.133667	0.037541
1.134000	0.037661
1.134333	0.037010
1.134667	0.036167
1.135000	0.037226
1.135333	0.036992
1.135667	0.037022
1.136000	0.036893
1.136333	0.036558
1.136667	0.036954
1.137000	0.037298
1.137333	0.036762
1.137667	0.037130
1.138000	0.036712
1.138333	0.037108
1.138667	0.037722
1.139000	0.037193
1.139333	0.037028
1.139667	0.037620
1.140000	0.036822
1.140333	0.037230
1.140667	0.037180
1.141000	0.036897
1.141333	0.036904
1.141667	0.036795
1.142000	0.036001
1.142333	0.037305
1.142667	0.036761
1.143000	0.036559
1.143333	0.037064
1.143667	0.036024
1.144000	0.036949
1.144333	0.036368
1.144667	0.036456
1.145000	0.036582
1.145333	0.036579
1.145667	0.036985
1.146000	0.036247
1.146333	0.036095
1.146667	0.036425
1.147000	0.036510
1.147333	0.036166
1.147667	0.036461
1.148000	0.036898
1.148333	0.036003
1.148667	0.036531
1.149000	0.036760
1.149333	0.035892
1.149667	0.035809
1.150000	0.036457
1.150333	0.036382
1.150667	0.036416
1.151000	0.035637
1.151333	0.036147
1.151667	0.036462
1.152000	0.035743
1.152333	0.035516
1.152667	0.036079
1.153000	0.036009
1.153333	0.035650
1.153667	0.036168
1.154000	0.036245
1.154333	0.035530
1.154667	0.035692
1.155000	0.035739
1.155333	0.035760
1.155667	0.036210
1.156000	0.035212
1.156333	0.035520
1.156667	0.035590
1.157000	0.035573
1.157333	0.036001
1.157667	0.035547
1.158000	0.035705
1.158333	0.035772
1.158667	0.035800
1.159000	0.034766
1.159333	0.035151
1.159667	0.035663
1.160000	0.035426
1.160333	0.035260
1.160667	0.035900
1.161000	0.035794
1.161333	0.035558
1.161667	0.035913
1.162000	0.035606
1.162333	0.035751
1.162667	0.034680
1.163000	0.034945
1.163333	0.035309
1.163667	0.035151
1.164000	0.035096
1.164333	0.035316
1.164667	0.035458
1.165000	0.035565
1.165333	0.035293
1.165667	0.035774
1.166000	0.035889
1.166333	0.035458
1.166667	0.035332
1.167000	0.035535
1.167333	0.035024
1.167667	0.035064
1.168000	0.035345
1.168333	0.034796
1.168667	0.035279
1.169000	0.034422
1.169333	0.035411
1.169667	0.035605
1.170000	0.035371
1.170333	0.035545
1.170667	0.035579
1.171000	0.035374
1.171333	0.034705
1.171667	0.035379
1.172000	0.035204
1.172333	0.034771
1.172667	0.034875
1.173000	0.034618
1.173333	0.035814
1.173667	0.034933
1.174000	0.035202
1.174333	0.035182
1.174667	0.034879
1.175000	0.034885
1.175333	0.035276
1.175667	0.035445
1.176000	0.035293
1.176333	0.035261
1.176667	0.034830
1.177000	0.034841
1.177333	0.034921
1.177667	0.034416
1.178000	0.034644
1.178333	0.035055
1.178667	0.035686
1.179000	0.035111
1.179333	0.034866
1.179667	0.034693
1.180000	0.034718
1.180333	0.034669
1.180667	0.035785
1.181000	0.034730
1.181333	0.034748
1.181667	0.034991
1.182000	0.034399
1.182333	0.034490
1.182667	0.034316
1.183000	0.034664
1.183333	0.034090
1.183667	0.033936
1.184000	0.034821
1.184333	0.034588
1.184667	0.035157
1.185000	0.035052
1.185333	0.034760
1.185667	0.034175
1.186000	0.034421
1.186333	0.034980
1.186667	0.035053
1.187000	0.034681
1.187333	0.034626
1.187667	0.034639
1.188000	0.034651
1.188333	0.034678
1.188667	0.034324
1.189000	0.034393
1.189333	0.034522
1.189667	0.034630
1.190000	0.035267
1.190333	0.034255
1.190667	0.034524
1.191000	0.034501
1.191333	0.034837
1.191667	0.034801
1.192000	0.034510
1.192333	0.034492
1.192667	0.034799
1.193000	0.034618
1.193333	0.034569
1.193667	0.034174
1.194000	0.034496
1.194333	0.034498
1.194667	0.034295
1.195000	0.035568
1.195333	0.038638
1.195667	0.060221
1.196000	0.087031
1.196333	0.086579
1.196667	0.081707
1.197000	0.076774
1.197333	0.074159
1.197667	0.071121
1.198000	0.068499
1.198333	0.067928
1.198667	0.065329
1.199000	0.062371
1.199333	0.061233
1.199667	0.060311
1.200000	0.059515
1.200333	0.057253
1.200667	0.056277
1.201000	0.055560
1.201333	0.055372
1.201667	0.054646
1.202000	0.054057
1.202333	0.052592
1.202667	0.051779
1.203000	0.051458
1.203333	0.050199
1.203667	0.050180
1.204000	0.049785
1.204333	0.049236
1.204667	0.048708
1.205000	0.048235
1.205333	0.048169
1.205667	0.046888
1.206000	0.046501
1.206333	0.047474
1.206667	0.045771
1.207000	0.046715
1.207333	0.045452
1.207667	0.045758
1.208000	0.044358
1.208333	0.045521
1.208667	0.043940
1.209000	0.044467
1.209333	0.043488
1.209667	0.044454
1.210000	0.043459
1.210333	0.042781
1.210667	0.043730
1.211000	0.042938
1.211333	0.042797
1.211667	0.042473
1.212000	0.042588
1.212333	0.042115
1.212667	0.042206
1.213000	0.042306
1.213333	0.041980
1.213667	0.041964
1.214000	0.041600
1.214333	0.041980
1.214667	0.041447
1.215000	0.041388
1.215333	0.040606
1.215667	0.040662
1.216000	0.040356
1.216333	0.041554
1.216667	0.040580
1.217000	0.040420
1.217333	0.040455
1.217667	0.041164
1.218000	0.040227
1.218333	0.039796
1.218667	0.040070
1.219000	0.039664
1.219333	0.039021
1.219667	0.039708
1.220000	0.039899
1.220333	0.039425
1.220667	0.039241
1.221000	0.039233
1.221333	0.039348
1.221667	0.039290
1.222000	0.039017
1.222333	0.038359
1.222667	0.039449
1.223000	0.038597
1.223333	0.039522
1.223667	0.039113
1.224000	0.038528
1.224333	0.038480
1.224667	0.038601
1.225000	0.038513
1.225333	0.038359
1.225667	0.038324
1.226000	0.038503
1.226333	0.038134
1.226667	0.037687
1.227000	0.037747
1.227333	0.038075
1.227667	0.038171
1.228000	0.038378
1.228333	0.038140
1.228667	0.037480
1.229000	0.038429
1.229333	0.037484
1.229667	0.038219
1.230000	0.037471
1.230333	0.037615
1.230667	0.037792
1.231000	0.036978
1.231333	0.037331
1.231667	0.037129
1.232000	0.037661
1.232333	0.038001
1.232667	0.036886
1.233000	0.036921
1.233333	0.037385
1.233667	0.037416
1.234000	0.036905
1.234333	0.037009
1.234667	0.037421
1.235000	0.036448
1.235333	0.037068
1.235667	0.037278
1.236000	0.036731
1.236333	0.037025
1.236667	0.036953
1.237000	0.036279
1.237333	0.036357
1.237667	0.037478
1.238000	0.036943
1.238333	0.036065
1.238667	0.037071
1.239000	0.037243
1.239333	0.036208
1.239667	0.036665
1.240000	0.036675
1.240333	0.036557
1.240667	0.036211
1.241000	0.036171
1.241333	0.036690
1.241667	0.036960
1.242000	0.036943
1.242333	0.036522
1.242667	0.035625
1.243000	0.036602
1.243333	0.036151
1.243667	0.036180
1.244000	0.036420
1.244333	0.036801
1.244667	0.036766
1.245000	0.036638
1.245333	0.036051
1.245667	0.035783
1.246000	0.036457
1.246333	0.035929
1.246667	0.036149
1.247000	0.035749
1.247333	0.035536
1.247667	0.035651
1.248000	0.035883
1.248333	0.035868
1.248667	0.036111
1.249000	0.035530
1.249333	0.035919
1.249667	0.035755
1.250000	0.035289
1.250333	0.035735
1.250667	0.035429
1.251000	0.035625
1.251333	0.035768
1.251667	0.035948
1.252000	0.035746
1.252333	0.035283
1.252667	0.036079
1.253000	0.035451
1.253333	0.036332
1.253667	0.036527
1.254000	0.035809
1.254333	0.035572
1.254667	0.035028
1.255000	0.035597
1.255333	0.036184
1.255667	0.035760
1.256000	0.035208
1.256333	0.036196
1.256667	0.035890
1.257000	0.035213
1.257333	0.035484
1.257667	0.035625
1.258000	0.034225
1.258333	0.035548
1.258667	0.036061
1.259000	0.034846
1.259333	0.035053
1.259667	0.036456
1.260000	0.036312
1.260333	0.035283
1.260667	0.035098
1.261000	0.035391
1.261333	0.035153
1.261667	0.035493
1.262000	0.035528
1.262333	0.034081
1.262667	0.035249
1.263000	0.035398
1.263333	0.035540
1.263667	0.035114
1.264000	0.035709
1.264333	0.035280
1.264667	0.035276
1.265000	0.035694
1.265333	0.035223
1.265667	0.034347
1.266000	0.035035
1.266333	0.035152
1.266667	0.035435
1.267000	0.035332
1.267333	0.034613
1.267667	0.035794
1.268000	0.035595
1.268333	0.035080
1.268667	0.035376
1.269000	0.035374
1.269333	0.035277
1.269667	0.034940
1.270000	0.035160
1.270333	0.035772
1.270667	0.035108
1.271000	0.035230
1.271333	0.034607
1.271667	0.035254
1.272000	0.034626
1.272333	0.035034
1.272667	0.035425
1.273000	0.035176
1.273333	0.034923
1.273667	0.034893
1.274000	0.034933
1.274333	0.035549
1.274667	0.035426
1.275000	0.035057
1.275333	0.035091
1.275667	0.035409
1.276000	0.034819
1.276333	0.035191
1.276667	0.034558
1.277000	0.034992
1.277333	0.035473
1.277667	0.034989
1.278000	0.035119
1.278333	0.035002
1.278667	0.035595
1.279000	0.035198
1.279333	0.035198
1.279667	0.035492
1.280000	0.035411
1.280333	0.034890
1.280667	0.035423
1.281000	0.034680
1.281333	0.034835
1.281667	0.035206
1.282000	0.035098
1.282333	0.034981
1.282667	0.035554
1.283000	0.035210
1.283333	0.034970
1.283667	0.035177
1.284000	0.035180
1.284333	0.034236
1.284667	0.034330
1.285000	0.034108
1.285333	0.034916
1.285667	0.034674
1.286000	0.034743
1.286333	0.034750
1.286667	0.034745
1.287000	0.034587
1.287333	0.033972
1.287667	0.034997
1.288000	0.035464
1.288333	0.034779
1.288667	0.034679
1.289000	0.034973
1.289333	0.035118
1.289667	0.035266
1.290000	0.034928
1.290333	0.034554
1.290667	0.034590
1.291000	0.034642
1.291333	0.034448
1.291667	0.035022
1.292000	0.035011
1.292333	0.034959
1.292667	0.034535
1.293000	0.035343
1.293333	0.034911
1.293667	0.034896
1.294000	0.035050
1.294333	0.035352
1.294667	0.035302
1.295000	0.034768
1.295333	0.035369
1.295667	0.034437
1.296000	0.034649
1.296333	0.034684
1.296667	0.034434
1.297000	0.035073
1.297333	0.034285
1.297667	0.034380
1.298000	0.034752
1.298333	0.034638
1.298667	0.034135
1.299000	0.035181
1.299333	0.034755
1.299667	0.034551
1.300000	0.034528
1.300333	0.034918
1.300667	0.035206
1.301000	0.035001
1.301333	0.034664
1.301667	0.035724
1.302000	0.034986
1.302333	0.035141
1.302667	0.035232
1.303000	0.034900
1.303333	0.034583
1.303667	0.035071
1.304000	0.035281
1.304333	0.034685
1.304667	0.035295
1.305000	0.034450
1.305333	0.035335
1.305667	0.034555
1.306000	0.034587
1.306333	0.034800
1.306667	0.034598
1.307000	0.035044
1.307333	0.035438
1.307667	0.034519
1.308000	0.035115
1.308333	0.034878
1.308667	0.035228
1.309000	0.035237
1.309333	0.034110
1.309667	0.034120
1.310000	0.034822
1.310333	0.034645
1.310667	0.034745
1.311000	0.035190
1.311333	0.034380
1.311667	0.034969
1.312000	0.035095
1.312333	0.034395
1.312667	0.033687
1.313000	0.034617
1.313333	0.035181
1.313667	0.035307
1.314000	0.035298
1.314333	0.035266
1.314667	0.035141
1.315000	0.034521
1.315333	0.035406
1.315667	0.035106
1.316000	0.034192
1.316333	0.035615
1.316667	0.034520
1.317000	0.034438
1.317333	0.034848
1.317667	0.034705
1.318000	0.035368
1.318333	0.034134
1.318667	0.035030
1.319000	0.034770
1.319333	0.035290
1.319667	0.034877
1.320000	0.034696
1.320333	0.035113
1.320667	0.035164
1.321000	0.034937
1.321333	0.034637
1.321667	0.034348
1.322000	0.034449
1.322333	0.035568
1.322667	0.034803
1.323000	0.034801
1.323333	0.034803
1.323667	0.034979
1.324000	0.035238
1.324333	0.035668
1.324667	0.034785
1.325000	0.035338
1.325333	0.034337
1.325667	0.035301
1.326000	0.034484
1.326333	0.035033
1.326667	0.034965
1.327000	0.034835
1.327333	0.034655
1.327667	0.035432
1.328000	0.034707
1.328333	0.035102
1.328667	0.035281
1.329000	0.034884
1.329333	0.034985
1.329667	0.034726
1.330000	0.034926
1.330333	0.034976
1.330667	0.034847
1.331000	0.034970
1.331333	0.034344
1.331667	0.034676
1.332000	0.035085
1.332333	0.034450
1.332667	0.034869
1.333000	0.035223
1.333333	0.035106
1.333667	0.034769
1.334000	0.035123
1.334333	0.035102
1.334667	0.036046
1.335000	0.034466
1.335333	0.035229
1.335667	0.034647
1.336000	0.036076
1.336333	0.035106
1.336667	0.035171
1.337000	0.035536
1.337333	0.034998
1.337667	0.034583
1.338000	0.034878
1.338333	0.034908
1.338667	0.034429
1.339000	0.034711
1.339333	0.035056
1.339667	0.035134
1.340000	0.035216
1.340333	0.035214
1.340667	0.034926
1.341000	0.034645
1.341333	0.034445
1.341667	0.035135
1.342000	0.034840
1.342333	0.034622
1.342667	0.035479
1.343000	0.034766
1.343333	0.035246
1.343667	0.035621
1.344000	0.035575
1.344333	0.035466
1.344667	0.034893
1.345000	0.034739
1.345333	0.035047
1.345667	0.034954
1.346000	0.034563
1.346333	0.035079
1.346667	0.035353
1.347000	0.034503
1.347333	0.035185
1.347667	0.035802
1.348000	0.035848
1.348333	0.034961
1.348667	0.035737
1.349000	0.035933
1.349333	0.035735
1.349667	0.034953
1.350000	0.035141
1.350333	0.034571
1.350667	0.035108
1.351000	0.036074
1.351333	0.035277
1.351667	0.035188
1.352000	0.035235
1.352333	0.034425
1.352667	0.034905
1.353000	0.034533
1.353333	0.035634
1.353667	0.035833
1.354000	0.035679
1.354333	0.035189
1.354667	0.034840
1.355000	0.035150
1.355333	0.035468
1.355667	0.035527
1.356000	0.035623
1.356333	0.035005
1.356667	0.035205
1.357000	0.035117
1.357333	0.035470
1.357667	0.035496
1.358000	0.036008
1.358333	0.035652
1.358667	0.036452
1.359000	0.035135
1.359333	0.035343
1.359667	0.034635
1.360000	0.035555
1.360333	0.035470
1.360667	0.035590
1.361000	0.035989
1.361333	0.035591
1.361667	0.035683
1.362000	0.035429
1.362333	0.035195
1.362667	0.035279
1.363000	0.035165
1.363333	0.035277
1.363667	0.034753
1.364000	0.035490
1.364333	0.035392
1.364667	0.035385
1.365000	0.035389
1.365333	0.035561
1.365667	0.035201
1.366000	0.035181
1.366333	0.035481
1.366667	0.035875
1.367000	0.034944
1.367333	0.036040
1.367667	0.035272
1.368000	0.035895
1.368333	0.034640
1.368667	0.035214
1.369000	0.035687
1.369333	0.036515
1.369667	0.036084
1.370000	0.034427
1.370333	0.035198
1.370667	0.035714
1.371000	0.035779
1.371333	0.035956
1.371667	0.035010
1.372000	0.035799
1.372333	0.036236
1.372667	0.035966
1.373000	0.035560
1.373333	0.035501
1.373667	0.035668
1.374000	0.035958
1.374333	0.035883
1.374667	0.036196
1.375000	0.035862
1.375333	0.035680
1.375667	0.036550
1.376000	0.036430
1.376333	0.035866
1.376667	0.035992
1.377000	0.035818
1.377333	0.036246
1.377667	0.035906
1.378000	0.036336
1.378333	0.036052
1.378667	0.036323
1.379000	0.035645
1.379333	0.035520
1.379667	0.035724
1.380000	0.036211
1.380333	0.035434
1.380667	0.035568
1.381000	0.036408
1.381333	0.036834
1.381667	0.036761
1.382000	0.036416
1.382333	0.036682
1.382667	0.036606
1.383000	0.036405
1.383333	0.036236
1.383667	0.036928
1.384000	0.036589
1.384333	0.036451
1.384667	0.036628
1.385000	0.037115
1.385333	0.036861
1.385667	0.036543
1.386000	0.036192
1.386333	0.036422
1.386667	0.036368
1.387000	0.035486
1.387333	0.035774
1.387667	0.035936
1.388000	0.036974
1.388333	0.036123
1.388667	0.035759
1.389000	0.036209
1.389333	0.036171
1.389667	0.036635
1.390000	0.036138
1.390333	0.036170
1.390667	0.036669
1.391000	0.036332
1.391333	0.036308
1.391667	0.035902
1.392000	0.035621
1.392333	0.036718
1.392667	0.036729
1.393000	0.036277
1.393333	0.036934
1.393667	0.035796
1.394000	0.037980
1.394333	0.041099
1.394667	0.065843
1.395000	0.089152
1.395333	0.087039
1.395667	0.083148
1.396000	0.077041
1.396333	0.073742
1.396667	0.072829
1.397000	0.072007
1.397333	0.077208
1.397667	0.094642
1.398000	0.105534
1.398333	0.104953
1.398667	0.099601
1.399000	0.095159
1.399333	0.092311
1.399667	0.089652
1.400000	0.087080
1.400333	0.084350
1.400667	0.082563
1.401000	0.080984
1.401333	0.078416
1.401667	0.076918
1.402000	0.074468
1.402333	0.073332
1.402667	0.071531
1.403000	0.070317
1.403333	0.070152
1.403667	0.068223
1.404000	0.067111
1.404333	0.065578
1.404667	0.065278
1.405000	0.064150
1.405333	0.063679
1.405667	0.063320
1.406000	0.063007
1.406333	0.060472
1.406667	0.060185
1.407000	0.060052
1.407333	0.059726
1.407667	0.058920
1.408000	0.058154
1.408333	0.058094
1.408667	0.057266
1.409000	0.055948
1.409333	0.056658
1.409667	0.056506
1.410000	0.056458
1.410333	0.055786
1.410667	0.054185
1.411000	0.054846
1.411333	0.053981
1.411667	0.053678
1.412000	0.053413
1.412333	0.052897
1.412667	0.053397
1.413000	0.052641
1.413333	0.052645
1.413667	0.052308
1.414000	0.051824
1.414333	0.050786
1.414667	0.050953
1.415000	0.050646
1.415333	0.050399
1.415667	0.050041
1.416000	0.049918
1.416333	0.050130
1.416667	0.050306
1.417000	0.049520
1.417333	0.049278
1.417667	0.048852
1.418000	0.049295
1.418333	0.049534
1.418667	0.049673
1.419000	0.048399
1.419333	0.048957
1.419667	0.048698
1.420000	0.047895
1.420333	0.048279
1.420667	0.047666
1.421000	0.048476
1.421333	0.048427
1.421667	0.047512
1.422000	0.047075
1.422333	0.047336
1.422667	0.047023
1.423000	0.047263
1.423333	0.047440
1.423667	0.046780
1.424000	0.046415
1.424333	0.047219
1.424667	0.046358
1.425000	0.046159
1.425333	0.046512
1.425667	0.046297
1.426000	0.045894
1.426333	0.045744
1.426667	0.045811
1.427000	0.045947
1.427333	0.045834
1.427667	0.045661
1.428000	0.044738
1.428333	0.045172
1.428667	0.045519
1.429000	0.044738
1.429333	0.045168
1.429667	0.045256
1.430000	0.045170
1.430333	0.045141
1.430667	0.045025
1.431000	0.045187
1.431333	0.044433
1.431667	0.044897
1.432000	0.045172
1.432333	0.044628
1.432667	0.044281
1.433000	0.044783
1.433333	0.043396
1.433667	0.044638
1.434000	0.044110
1.434333	0.043409
1.434667	0.043524
1.435000	0.044641
1.435333	0.043847
1.435667	0.043641
1.436000	0.043963
1.436333	0.043258
1.436667	0.043168
1.437000	0.044053
1.437333	0.044219
1.437667	0.043247
1.438000	0.043899
1.438333	0.043354
1.438667	0.043534
1.439000	0.043024
1.439333	0.042513
1.439667	0.043390
1.440000	0.042723
1.440333	0.043602
1.440667	0.043028
1.441000	0.042551
1.441333	0.043176
1.441667	0.042758
1.442000	0.042754
1.442333	0.043406
1.442667	0.043244
1.443000	0.042934
1.443333	0.042477
1.443667	0.042693
1.444000	0.043004
1.444333	0.042159
1.444667	0.042184
1.445000	0.042224
1.445333	0.042543
1.445667	0.042739
1.446000	0.041881
1.446333	0.042361
1.446667	0.042188
1.447000	0.042449
1.447333	0.041508
1.447667	0.041918
1.448000	0.042314
1.448333	0.042081
1.448667	0.042386
1.449000	0.041564
1.449333	0.042142
1.449667	0.042472
1.450000	0.042391
1.450333	0.041841
1.450667	0.041502
1.451000	0.041017
1.451333	0.041827
1.451667	0.041760
1.452000	0.041900
1.452333	0.041151
1.452667	0.041940
1.453000	0.041309
1.453333	0.041813
1.453667	0.042095
1.454000	0.042099
1.454333	0.042035
1.454667	0.042106
1.455000	0.040856
1.455333	0.040844
1.455667	0.042020
1.456000	0.040850
1.456333	0.040745
1.456667	0.041634
1.457000	0.041477
1.457333	0.041410
1.457667	0.041030
1.458000	0.041447
1.458333	0.041213
1.458667	0.040402
1.459000	0.040783
1.459333	0.040592
1.459667	0.041396
1.460000	0.041213
1.460333	0.041678
1.460667	0.041575
1.461000	0.041344
1.461333	0.041045
1.461667	0.040943
1.462000	0.041629
1.462333	0.040448
1.462667	0.040173
1.463000	0.041140
1.463333	0.040988
1.463667	0.041029
1.464000	0.039822
1.464333	0.041826
1.464667	0.040454
1.465000	0.040500
1.465333	0.040433
1.465667	0.039946
1.466000	0.040140
1.466333	0.040648
1.466667	0.041026
1.467000	0.040800
1.467333	0.040753
1.467667	0.040726
1.468000	0.041066
1.468333	0.040949
1.468667	0.040726
1.469000	0.040519
1.469333	0.040712
1.469667	0.040521
1.470000	0.041287
1.470333	0.040312
1.470667	0.041283
1.471000	0.041389
1.471333	0.040197
1.471667	0.040062
1.472000	0.040344
1.472333	0.040820
1.472667	0.040653
1.473000	0.040216
1.473333	0.040567
1.473667	0.039616
1.474000	0.040149
1.474333	0.040393
1.474667	0.040135
1.475000	0.039995
1.475333	0.040230
1.475667	0.040753
1.476000	0.040721
1.476333	0.040059
1.476667	0.040073
1.477000	0.040030
1.477333	0.040577
1.477667	0.039641
1.478000	0.039434
1.478333	0.039961
1.478667	0.039557
1.479000	0.039509
1.479333	0.039867
1.479667	0.040277
1.480000	0.039741
1.480333	0.039498
1.480667	0.039514
1.481000	0.040134
1.481333	0.039941
1.481667	0.039901
1.482000	0.039968
1.482333	0.039796
1.482667	0.040249
1.483000	0.039710
1.483333	0.040042
1.483667	0.039365
1.484000	0.039221
1.484333	0.039676
1.484667	0.039201
1.485000	0.039679
1.485333	0.038864
1.485667	0.038945
1.486000	0.039643
1.486333	0.039443
1.486667	0.039016
1.487000	0.039598
1.487333	0.039145
1.487667	0.039156
1.488000	0.038925
1.488333	0.039285
1.488667	0.039295
1.489000	0.039998
1.489333	0.038901
1.489667	0.038837
1.490000	0.039270
1.490333	0.039338
1.490667	0.039167
1.491000	0.039506
1.491333	0.039087
1.491667	0.038902
1.492000	0.038724
1.492333	0.039338
1.492667	0.038538
1.493000	0.038692
1.493333	0.038776
1.493667	0.039465
1.494000	0.039583
1.494333	0.039231
1.494667	0.038993
1.495000	0.038725
1.495333	0.039068
1.495667	0.038628
1.496000	0.039530
1.496333	0.039031
1.496667	0.039629
1.497000	0.039269
1.497333	0.038963
1.497667	0.039393
1.498000	0.038909
1.498333	0.039072
1.498667	0.039012
1.499000	0.039061
1.499333	0.039549
1.499667	0.038636
1.500000	0.038093
1.500333	0.038297
1.500667	0.039003
1.501000	0.038232
1.501333	0.038258
1.501667	0.038197
1.502000	0.038695
1.502333	0.038434
1.502667	0.038721
1.503000	0.038463
1.503333	0.037888
1.503667	0.038667
1.504000	0.038381
1.504333	0.038509
1.504667	0.038272
1.505000	0.038234
1.505333	0.038163
1.505667	0.038623
1.506000	0.038167
1.506333	0.037720
1.506667	0.037863
1.507000	0.038584
1.507333	0.037675
1.507667	0.038213
1.508000	0.037735
1.508333	0.037949
1.508667	0.038186
1.509000	0.037614
1.509333	0.038359
1.509667	0.037719
1.510000	0.037842
1.510333	0.037951
1.510667	0.037486
1.511000	0.037762
1.511333	0.038238
1.511667	0.037638
1.512000	0.036992
1.512333	0.036621
1.512667	0.037398
1.513000	0.038166
1.513333	0.037046
1.513667	0.037974
1.514000	0.038262
1.514333	0.037845
1.514667	0.037550
1.515000	0.037893
1.515333	0.037540
1.515667	0.037571
1.516000	0.037219
1.516333	0.037778
1.516667	0.038234
1.517000	0.037871
1.517333	0.037578
1.517667	0.037244
1.518000	0.037985
1.518333	0.037641
1.518667	0.038794
1.519000	0.037454
1.519333	0.038065
1.519667	0.037750
1.520000	0.037747
1.520333	0.037135
1.520667	0.037325
1.521000	0.037479
1.521333	0.037631
1.521667	0.036718
1.522000	0.037191
1.522333	0.037531
1.522667	0.038062
1.523000	0.037039
1.523333	0.037750
1.523667	0.037589
1.524000	0.037071
1.524333	0.037327
1.524667	0.037535
1.525000	0.037005
1.525333	0.037146
1.525667	0.037221
1.526000	0.038232
1.526333	0.038020
1.526667	0.037826
1.527000	0.037467
1.527333	0.037318
1.527667	0.037137
1.528000	0.037511
1.528333	0.037983
1.528667	0.038102
1.529000	0.037288
1.529333	0.037459
1.529667	0.037795
1.530000	0.038252
1.530333	0.037619
1.530667	0.036542
1.531000	0.036856
1.531333	0.037161
1.531667	0.036425
1.532000	0.037189
1.532333	0.037505
1.532667	0.037541
1.533000	0.037323
1.533333	0.037523
1.533667	0.037511
1.534000	0.037236
1.534333	0.037246
1.534667	0.036688
1.535000	0.036707
1.535333	0.036701
1.535667	0.037253
1.536000	0.036048
1.536333	0.037368
1.536667	0.037485
1.537000	0.037273
1.537333	0.036769
1.537667	0.036409
1.538000	0.037687
1.538333	0.036470
1.538667	0.037114
1.539000	0.036501
1.539333	0.036744
1.539667	0.036668
1.540000	0.037007
1.540333	0.036850
1.540667	0.036107
1.541000	0.036320
1.541333	0.037152
1.541667	0.037160
1.542000	0.037195
1.542333	0.036745
1.542667	0.036352
1.543000	0.036278
1.543333	0.036621
1.543667	0.036406
1.544000	0.036368
1.544333	0.036702
1.544667	0.036375
1.545000	0.037111
1.545333	0.036730
1.545667	0.036506
1.546000	0.038273
1.546333	0.056012
1.546667	0.084867
1.547000	0.088506
1.547333	0.084403
1.547667	0.080476
1.548000	0.077099
1.548333	0.077742
1.548667	0.081860
1.549000	0.092700
1.549333	0.104922
1.549667	0.105964
1.550000	0.102616
1.550333	0.098662
1.550667	0.095320
1.551000	0.091901
1.551333	0.088323
1.551667	0.085851
1.552000	0.082848
1.552333	0.080535
1.552667	0.079579
1.553000	0.076677
1.553333	0.075530
1.553667	0.073622
1.554000	0.071729
1.554333	0.070711
1.554667	0.069902
1.555000	0.068426
1.555333	0.067422
1.555667	0.065916
1.556000	0.065150
1.556333	0.064189
1.556667	0.063356
1.557000	0.061981
1.557333	0.061928
1.557667	0.060884
1.558000	0.060310
1.558333	0.059680
1.558667	0.059230
1.559000	0.059263
1.559333	0.057710
1.559667	0.057890
1.560000	0.056754
1.560333	0.056161
1.560667	0.055510
1.561000	0.055881
1.561333	0.054686
1.561667	0.055095
1.562000	0.053411
1.562333	0.053940
1.562667	0.052578
1.563000	0.052978
1.563333	0.053607
1.563667	0.052885
1.564000	0.051878
1.564333	0.051791
1.564667	0.050999
1.565000	0.051092
1.565333	0.051407
1.565667	0.050869
1.566000	0.049772
1.566333	0.050023
1.566667	0.049599
1.567000	0.049907
1.567333	0.049932
1.567667	0.048991
1.568000	0.048720
1.568333	0.048792
1.568667	0.048432
1.569000	0.048246
1.569333	0.047728
1.569667	0.048570
1.570000	0.047635
1.570333	0.047990
1.570667	0.047671
1.571000	0.047099
1.571333	0.047505
1.571667	0.047334
1.572000	0.046900
1.572333	0.047149
1.572667	0.046850
1.573000	0.046503
1.573333	0.046692
1.573667	0.045418
1.574000	0.046846
1.574333	0.045720
1.574667	0.045128
1.575000	0.045655
1.575333	0.045837
1.575667	0.045101
1.576000	0.045263
1.576333	0.044505
1.576667	0.043871
1.577000	0.044630
1.577333	0.045077
1.577667	0.044576
1.578000	0.045003
1.578333	0.043685
1.578667	0.044138
1.579000	0.044336
1.579333	0.043689
1.579667	0.043805
1.580000	0.043298
1.580333	0.043690
1.580667	0.043507
1.581000	0.043213
1.581333	0.043312
1.581667	0.043590
1.582000	0.042401
1.582333	0.042260
1.582667	0.043401
1.583000	0.043118
1.583333	0.042440
1.583667	0.043298
1.584000	0.043106
1.584333	0.042722
1.584667	0.043764
1.585000	0.042671
1.585333	0.042794
1.585667	0.041891
1.586000	0.041898
1.586333	0.042613
1.586667	0.041361
1.587000	0.041774
1.587333	0.041147
1.587667	0.042538
1.588000	0.041688
1.588333	0.041744
1.588667	0.041650
1.589000	0.041883
1.589333	0.041547
1.589667	0.042022
1.590000	0.041547
1.590333	0.040662
1.590667	0.041432
1.591000	0.041317
1.591333	0.042160
1.591667	0.040878
1.592000	0.040624
1.592333	0.042213
1.592667	0.041127
1.593000	0.040894
1.593333	0.041851
1.593667	0.040552
1.594000	0.040330
1.594333	0.040989
1.594667	0.040935
1.595000	0.040022
1.595333	0.040809
1.595667	0.040821
1.596000	0.040035
1.596333	0.040707
1.596667	0.040427
1.597000	0.040640
1.597333	0.039540
1.597667	0.040380
1.598000	0.040158
1.598333	0.040113
1.598667	0.040477
1.599000	0.039523
1.599333	0.040274
1.599667	0.039726
1.600000	0.039273
1.600333	0.039881
1.600667	0.039711
1.601000	0.040266
1.601333	0.039659
1.601667	0.039761
1.602000	0.039380
1.602333	0.039958
1.602667	0.039961
1.603000	0.039823
1.603333	0.039292
1.603667	0.039523
1.604000	0.039508
1.604333	0.038968
1.604667	0.039610
1.605000	0.039318
1.605333	0.039416
1.605667	0.038962
1.606000	0.039184
1.606333	0.038655
1.606667	0.039305
1.607000	0.039173
1.607333	0.038387
1.607667	0.038244
1.608000	0.039042
1.608333	0.038420
1.608667	0.038719
1.609000	0.038561
1.609333	0.038751
1.609667	0.038505
1.610000	0.038788
1.610333	0.038818
1.610667	0.038782
1.611000	0.038627
1.611333	0.038879
1.611667	0.038182
1.612000	0.038492
1.612333	0.038298
1.612667	0.039115
1.613000	0.038988
1.613333	0.038638
1.613667	0.038604
1.614000	0.038286
1.614333	0.038806
1.614667	0.038153
1.615000	0.038028
1.615333	0.039087
1.615667	0.038296
1.616000	0.038082
1.616333	0.037500
1.616667	0.038413
1.617000	0.038166
1.617333	0.037781
1.617667	0.038057
1.618000	0.038251
1.618333	0.037674
1.618667	0.038494
1.619000	0.037721
1.619333	0.037679
1.619667	0.038480
1.620000	0.037962
1.620333	0.038490
1.620667	0.037710
1.621000	0.037766
1.621333	0.037432
1.621667	0.037012
1.622000	0.038074
1.622333	0.037450
1.622667	0.037167
1.623000	0.037778
1.623333	0.037581
1.623667	0.037289
1.624000	0.036673
1.624333	0.036840
1.624667	0.037060
1.625000	0.038122
1.625333	0.037634
1.625667	0.037600
1.626000	0.037679
1.626333	0.037475
1.626667	0.036744
1.627000	0.037283
1.627333	0.037056
1.627667	0.037745
1.628000	0.037297
1.628333	0.037173
1.628667	0.037222
1.629000	0.037540
1.629333	0.037064
1.629667	0.037512
1.630000	0.037568
1.630333	0.037819
1.630667	0.037267
1.631000	0.037202
1.631333	0.037727
1.631667	0.037359
1.632000	0.037315
1.632333	0.037208
1.632667	0.037055
1.633000	0.036544
1.633333	0.037337
1.633667	0.037389
1.634000	0.036827
1.634333	0.037699
1.634667	0.037232
1.635000	0.037014
1.635333	0.036855
1.635667	0.036953
1.636000	0.036773
1.636333	0.036843
1.636667	0.036967
1.637000	0.037468
1.637333	0.036519
1.637667	0.035822
1.638000	0.037114
1.638333	0.036469
1.638667	0.036419
1.639000	0.036451
1.639333	0.036344
1.639667	0.036649
1.640000	0.036811
1.640333	0.036208
1.640667	0.036029
1.641000	0.036324
1.641333	0.036545
1.641667	0.035997
1.642000	0.036815
1.642333	0.036631
1.642667	0.036266
1.643000	0.036324
1.643333	0.035949
1.643667	0.036318
1.644000	0.035743
1.644333	0.036144
1.644667	0.036503
1.645000	0.035852
1.645333	0.035875
1.645667	0.036097
1.646000	0.036575
1.646333	0.036089
1.646667	0.036004
1.647000	0.035917
1.647333	0.036712
1.647667	0.036359
1.648000	0.035785
1.648333	0.036284
1.648667	0.036552
1.649000	0.035914
1.649333	0.036356
1.649667	0.036320
1.650000	0.036375
1.650333	0.035135
1.650667	0.036260
1.651000	0.036074
1.651333	0.036097
1.651667	0.036022
1.652000	0.036564
1.652333	0.035948
1.652667	0.036588
1.653000	0.035824
1.653333	0.035352
1.653667	0.035490
1.654000	0.035395
1.654333	0.035502
1.654667	0.035203
1.655000	0.035743
1.655333	0.036030
1.655667	0.035577
1.656000	0.036042
1.656333	0.035809
1.656667	0.035511
1.657000	0.035663
1.657333	0.035961
1.657667	0.035821
1.658000	0.035203
1.658333	0.035704
1.658667	0.035188
1.659000	0.036030
1.659333	0.035266
1.659667	0.035531
1.660000	0.035557
1.660333	0.035958
1.660667	0.035428
1.661000	0.035292
1.661333	0.035222
1.661667	0.035648
1.662000	0.034884
1.662333	0.035040
1.662667	0.035137
1.663000	0.034690
1.663333	0.035751
1.663667	0.035393
1.664000	0.035011
1.664333	0.035327
1.664667	0.035237
1.665000	0.035743
1.665333	0.035825
1.665667	0.035383
1.666000	0.035042
1.666333	0.035123
1.666667	0.035254
1.667000	0.035305
1.667333	0.035177
1.667667	0.035140
1.668000	0.035235
1.668333	0.035013
1.668667	0.034389
1.669000	0.035141
1.669333	0.035352
1.669667	0.034990
1.670000	0.034473
1.670333	0.034758
1.670667	0.035330
1.671000	0.035071
1.671333	0.034810
1.671667	0.035106
1.672000	0.035216
1.672333	0.034492
1.672667	0.034337
1.673000	0.034564
1.673333	0.034909
1.673667	0.034882
1.674000	0.033971
1.674333	0.034396
1.674667	0.035095
1.675000	0.034802
1.675333	0.034890
1.675667	0.034669
1.676000	0.034941
1.676333	0.034542
1.676667	0.034516
1.677000	0.034468
1.677333	0.035445
1.677667	0.034706
1.678000	0.034457
1.678333	0.035445
1.678667	0.034222
1.679000	0.034511
1.679333	0.033872
1.679667	0.034760
1.680000	0.034607
1.680333	0.033933
1.680667	0.034652
1.681000	0.034368
1.681333	0.034616
1.681667	0.033923
1.682000	0.034614
1.682333	0.033935
1.682667	0.034410
1.683000	0.033826
1.683333	0.034686
1.683667	0.034248
1.684000	0.034180
1.684333	0.034751
1.684667	0.035165
1.685000	0.033545
1.685333	0.034650
1.685667	0.034653
1.686000	0.033670
1.686333	0.034104
1.686667	0.034396
1.687000	0.033928
1.687333	0.034617
1.687667	0.033881
1.688000	0.034406
1.688333	0.034381
1.688667	0.034656
1.689000	0.033875
1.689333	0.034700
1.689667	0.034008
1.690000	0.034043
1.690333	0.034111
1.690667	0.034264
1.691000	0.034491
1.691333	0.033565
1.691667	0.033480
1.692000	0.033960
1.692333	0.033815
1.692667	0.033653
1.693000	0.033649
1.693333	0.034013
1.693667	0.033830
1.694000	0.034760
1.694333	0.033873
1.694667	0.033937
1.695000	0.034079
1.695333	0.033536
1.695667	0.033977
1.696000	0.033531
1.696333	0.034124
1.696667	0.034057
1.697000	0.034151
1.697333	0.033819
1.697667	0.034085
1.698000	0.034274
1.698333	0.034341
1.698667	0.033841
1.699000	0.033255
1.699333	0.034057
1.699667	0.034322
1.700000	0.034026
1.700333	0.033264
1.700667	0.033599
1.701000	0.034062
1.701333	0.033579
1.701667	0.033934
1.702000	0.034007
1.702333	0.034296
1.702667	0.033471
1.703000	0.033577
1.703333	0.033560
1.703667	0.033272
1.704000	0.034070
1.704333	0.034073
1.704667	0.032785
1.705000	0.033997
1.705333	0.034426
1.705667	0.033253
1.706000	0.034145
1.706333	0.034032
1.706667	0.033204
1.707000	0.032757
1.707333	0.032851
1.707667	0.033634
1.708000	0.033077
1.708333	0.033803
1.708667	0.033433
1.709000	0.033706
1.709333	0.033468
1.709667	0.033122
1.710000	0.034320
1.710333	0.033477
1.710667	0.033632
1.711000	0.033704
1.711333	0.033290
1.711667	0.033765
1.712000	0.032718
1.712333	0.033185
1.712667	0.033522
1.713000	0.033287
1.713333	0.033594
1.713667	0.032632
1.714000	0.033344
1.714333	0.033080
1.714667	0.033396
1.715000	0.032588
1.715333	0.033158
1.715667	0.032987
1.716000	0.033528
1.716333	0.032829
1.716667	0.033766
1.717000	0.033397
1.717333	0.032378
1.717667	0.033217
1.718000	0.033681
1.718333	0.032430
1.718667	0.032704
1.719000	0.033574
1.719333	0.033010
1.719667	0.033030
1.720000	0.033817
1.720333	0.034371
1.720667	0.033222
1.721000	0.033225
1.721333	0.033701
1.721667	0.032877
1.722000	0.032715
1.722333	0.032402
1.722667	0.033531
1.723000	0.033165
1.723333	0.032122
1.723667	0.033138
1.724000	0.032679
1.724333	0.032619
1.724667	0.033389
1.725000	0.033397
1.725333	0.033522
1.725667	0.032380
1.726000	0.033332
1.726333	0.033808
1.726667	0.033476
1.727000	0.033243
1.727333	0.032985
1.727667	0.033509
1.728000	0.033429
1.728333	0.032052
1.728667	0.032737
1.729000	0.032211
1.729333	0.033263
1.729667	0.032913
1.730000	0.033234
1.730333	0.032886
1.730667	0.033241
1.731000	0.032972
1.731333	0.033209
1.731667	0.033268
1.732000	0.033424
1.732333	0.032814
1.732667	0.032292
1.733000	0.033316
1.733333	0.034207
1.733667	0.033006
1.734000	0.033372
1.734333	0.033879
1.734667	0.033337
1.735000	0.033471
1.735333	0.033464
1.735667	0.033028
1.736000	0.032895
1.736333	0.033276
1.736667	0.033243
1.737000	0.033265
1.737333	0.033552
1.737667	0.033719
1.738000	0.033188
1.738333	0.033079
1.738667	0.033612
1.739000	0.033175
1.739333	0.033383
1.739667	0.033254
1.740000	0.033533
1.740333	0.032525
1.740667	0.033151
1.741000	0.033394
1.741333	0.033454
1.741667	0.032886
1.742000	0.032889
1.742333	0.033347
1.742667	0.033752
1.743000	0.032849
1.743333	0.033482
1.743667	0.033222
1.744000	0.033002
1.744333	0.033396
1.744667	0.034152
1.745000	0.033432
1.745333	0.033525
1.745667	0.032540
1.746000	0.033049
1.746333	0.032743
1.746667	0.033473
1.747000	0.033179
1.747333	0.033095
1.747667	0.033320
1.748000	0.033041
1.748333	0.033658
1.748667	0.033327
1.749000	0.033002
1.749333	0.033259
1.749667	0.033356
1.750000	0.033030
1.750333	0.033430
1.750667	0.033343
1.751000	0.032876
1.751333	0.032781
1.751667	0.033443
1.752000	0.033051
1.752333	0.033591
1.752667	0.033341
1.753000	0.033360
1.753333	0.034342
1.753667	0.033136
1.754000	0.033874
1.754333	0.033956
1.754667	0.033594
1.755000	0.033741
1.755333	0.033337
1.755667	0.033232
1.756000	0.033753
1.756333	0.032859
1.756667	0.033294
1.757000	0.033374
1.757333	0.033371
1.757667	0.033471
1.758000	0.032945
1.758333	0.033682
1.758667	0.033598
1.759000	0.033295
1.759333	0.033571
1.759667	0.033317
1.760000	0.033894
1.760333	0.033451
1.760667	0.033694
1.761000	0.033022
1.761333	0.033516
1.761667	0.033030
1.762000	0.033176
1.762333	0.033208
1.762667	0.032743
1.763000	0.033324
1.763333	0.033748
1.763667	0.034253
1.764000	0.034168
1.764333	0.032949
1.764667	0.034251
1.765000	0.034126
1.765333	0.033954
1.765667	0.033471
1.766000	0.033684
1.766333	0.034183
1.766667	0.033188
1.767000	0.033747
1.767333	0.033826
1.767667	0.033993
1.768000	0.033360
1.768333	0.033658
1.768667	0.033492
1.769000	0.033785
1.769333	0.034271
1.769667	0.033530
1.770000	0.033833
1.770333	0.034183
1.770667	0.033730
1.771000	0.033975
1.771333	0.034167
1.771667	0.034193
1.772000	0.033758
1.772333	0.033945
1.772667	0.033789
1.773000	0.033822
1.773333	0.033882
1.773667	0.033709
1.774000	0.032514
1.774333	0.034065
1.774667	0.033460
1.775000	0.033970
1.775333	0.034046
1.775667	0.034438
1.776000	0.034206
1.776333	0.033956
1.776667	0.034261
1.777000	0.034279
1.777333	0.032798
1.777667	0.034072
1.778000	0.033763
1.778333	0.034540
1.778667	0.033787
1.779000	0.033787
1.779333	0.033636
1.779667	0.034258
1.780000	0.034654
1.780333	0.034232
1.780667	0.033504
1.781000	0.035171
1.781333	0.034501
1.781667	0.034216
1.782000	0.034573
1.782333	0.033968
1.782667	0.034757
1.783000	0.034532
1.783333	0.034425
1.783667	0.034278
1.784000	0.034361
1.784333	0.034520
1.784667	0.034596
1.785000	0.034298
1.785333	0.035422
1.785667	0.033886
1.786000	0.034498
1.786333	0.034391
1.786667	0.034617
1.787000	0.034978
1.787333	0.033893
1.787667	0.035109
1.788000	0.034325
1.788333	0.034631
1.788667	0.034166
1.789000	0.034494
1.789333	0.035054
1.789667	0.034502
1.790000	0.035102
1.790333	0.033573
1.790667	0.033922
1.791000	0.034272
1.791333	0.034435
1.791667	0.035163
1.792000	0.034476
1.792333	0.035005
1.792667	0.034873
1.793000	0.034256
1.793333	0.034667
1.793667	0.034905
1.794000	0.035372
1.794333	0.035035
1.794667	0.034257
1.795000	0.033912
1.795333	0.034600
1.795667	0.034660
1.796000	0.033978
1.796333	0.034396
1.796667	0.034642
1.797000	0.035126
1.797333	0.034584
1.797667	0.034942
1.798000	0.034846
1.798333	0.034882
1.798667	0.034881
1.799000	0.034406
1.799333	0.034633
1.799667	0.034646
1.800000	0.034935
1.800333	0.034435
1.800667	0.034956
1.801000	0.034618
1.801333	0.034531
1.801667	0.034654
1.802000	0.035398
1.802333	0.034055
1.802667	0.034698
1.803000	0.035313
1.803333	0.034511
1.803667	0.034979
1.804000	0.034907
1.804333	0.035298
1.804667	0.034462
1.805000	0.035124
1.805333	0.035041
1.805667	0.034763
1.806000	0.035425
1.806333	0.034895
1.806667	0.034068
1.807000	0.034615
1.807333	0.034272
1.807667	0.034002
1.808000	0.034768
1.808333	0.034700
1.808667	0.034682
1.809000	0.035018
1.809333	0.034743
1.809667	0.034665
1.810000	0.035259
1.810333	0.034134
1.810667	0.034785
1.811000	0.034545
1.811333	0.035613
1.811667	0.034443
1.812000	0.034346
1.812333	0.034797
1.812667	0.034918
1.813000	0.034947
1.813333	0.034658
1.813667	0.034590
1.814000	0.034806
1.814333	0.034846
1.814667	0.034658
1.815000	0.035233
1.815333	0.034928
1.815667	0.033987
1.816000	0.034555
1.816333	0.034808
1.816667	0.034897
1.817000	0.034693
1.817333	0.034267
1.817667	0.035284
1.818000	0.034151
1.818333	0.035225
1.818667	0.034765
1.819000	0.034914
1.819333	0.034493
1.819667	0.035495
1.820000	0.034629
1.820333	0.035160
1.820667	0.034646
1.821000	0.034284
1.821333	0.035185
1.821667	0.034595
1.822000	0.035158
1.822333	0.035301
1.822667	0.035304
1.823000	0.034721
1.823333	0.035173
1.823667	0.035181
1.824000	0.035026
1.824333	0.034944
1.824667	0.035138
1.825000	0.034464
1.825333	0.034931
1.825667	0.034887
1.826000	0.035195
1.826333	0.034887
1.826667	0.034541
1.827000	0.035354
1.827333	0.034893
1.827667	0.035054
1.828000	0.036262
1.828333	0.034937
1.828667	0.034584
1.829000	0.034683
1.829333	0.034547
1.829667	0.035040
1.830000	0.034429
1.830333	0.035299
1.830667	0.034990
1.831000	0.035553
1.831333	0.035807
1.831667	0.034781
1.832000	0.035375
1.832333	0.035024
1.832667	0.035968
1.833000	0.035120
1.833333	0.034902
1.833667	0.035323
1.834000	0.034918
1.834333	0.036099
1.834667	0.035033
1.835000	0.035609
1.835333	0.035396
1.835667	0.035506
1.836000	0.035158
1.836333	0.035495
1.836667	0.034089
1.837000	0.034871
1.837333	0.035298
1.837667	0.035703
1.838000	0.035494
1.838333	0.035004
1.838667	0.035358
1.839000	0.035630
1.839333	0.034799
1.839667	0.035724
1.840000	0.034569
1.840333	0.035859
1.840667	0.035453
1.841000	0.035444
1.841333	0.035197
1.841667	0.035282
1.842000	0.035316
1.842333	0.034902
1.842667	0.035367
1.843000	0.035549
1.843333	0.035437
1.843667	0.035567
1.844000	0.035973
1.844333	0.035586
1.844667	0.035958
1.845000	0.035294
1.845333	0.035856
1.845667	0.035274
1.846000	0.035145
1.846333	0.036199
1.846667	0.036211
1.847000	0.035953
1.847333	0.035523
1.847667	0.035139
1.848000	0.035937
1.848333	0.035770
1.848667	0.035908
1.849000	0.035687
1.849333	0.035245
1.849667	0.035366
1.850000	0.035937
1.850333	0.034993
1.850667	0.036141
1.851000	0.035791
1.851333	0.036489
1.851667	0.035961
1.852000	0.034896
1.852333	0.035641
1.852667	0.036644
1.853000	0.035711
1.853333	0.036136
1.853667	0.035553
1.854000	0.036223
1.854333	0.035681
1.854667	0.036377
1.855000	0.035877
1.855333	0.035721
1.855667	0.035552
1.856000	0.036174
1.856333	0.035669
1.856667	0.036053
1.857000	0.035967
1.857333	0.035404
1.857667	0.035872
1.858000	0.035594
1.858333	0.036534
1.858667	0.036658
1.859000	0.035877
1.859333	0.036751
1.859667	0.035866
1.860000	0.035919
1.860333	0.036265
1.860667	0.036254
1.861000	0.036404
1.861333	0.035733
1.861667	0.036614
1.862000	0.036139
1.862333	0.036252
1.862667	0.036888
1.863000	0.036463
1.863333	0.036604
1.863667	0.036935
1.864000	0.036573
1.864333	0.036633
1.864667	0.037305
1.865000	0.036003
1.865333	0.036454
1.865667	0.036587
1.866000	0.037252
1.866333	0.037153
1.866667	0.036959
1.867000	0.037570
1.867333	0.036180
1.867667	0.036503
1.868000	0.036298
1.868333	0.036305
1.868667	0.036530
1.869000	0.036782
1.869333	0.036500
1.869667	0.037156
1.870000	0.036108
1.870333	0.037691
1.870667	0.036776
1.871000	0.036955
1.871333	0.036878
1.871667	0.036289
1.872000	0.037588
1.872333	0.037179
1.872667	0.037005
1.873000	0.036297
1.873333	0.036773
1.873667	0.036434
1.874000	0.037306
1.874333	0.037309
1.874667	0.036842
1.875000	0.036739
1.875333	0.036852
1.875667	0.037415
1.876000	0.037172
1.876333	0.036356
1.876667	0.036932
1.877000	0.036721
1.877333	0.036528
1.877667	0.037565
1.878000	0.037784
1.878333	0.037419
1.878667	0.037592
1.879000	0.037399
1.879333	0.037079
1.879667	0.037446
1.880000	0.037113
1.880333	0.037385
1.880667	0.037205
1.881000	0.037292
1.881333	0.036747
1.881667	0.037576
1.882000	0.037462
1.882333	0.038013
1.882667	0.036604
1.883000	0.037351
1.883333	0.038106
1.883667	0.037597
1.884000	0.037214
1.884333	0.038449
1.884667	0.037814
1.885000	0.037143
1.885333	0.037311
1.885667	0.037114
1.886000	0.037234
1.886333	0.036934
1.886667	0.037342
1.887000	0.037385
1.887333	0.037098
1.887667	0.038102
1.888000	0.037697
1.888333	0.037185
1.888667	0.037969
1.889000	0.037820
1.889333	0.036939
1.889667	0.037819
1.890000	0.037848
1.890333	0.037724
1.890667	0.038501
1.891000	0.037415
1.891333	0.037051
1.891667	0.037405
1.892000	0.038193
1.892333	0.038392
1.892667	0.038186
1.893000	0.037681
1.893333	0.038075
1.893667	0.038007
1.894000	0.037814
1.894333	0.038435
1.894667	0.037489
1.895000	0.037917
1.895333	0.038033
1.895667	0.037340
1.896000	0.037111
1.896333	0.038317
1.896667	0.038153
1.897000	0.037016
1.897333	0.037586
1.897667	0.037481
1.898000	0.037269
1.898333	0.037008
1.898667	0.037875
1.899000	0.037987
1.899333	0.037446
1.899667	0.037130
1.900000	0.037926
1.900333	0.040769
1.900667	0.061227
1.901000	0.089826
1.901333	0.090664
1.901667	0.086949
1.902000	0.081950
1.902333	0.080213
1.902667	0.078870
1.903000	0.082081
1.903333	0.092143
1.903667	0.105416
1.904000	0.107998
1.904333	0.103932
1.904667	0.099835
1.905000	0.095307
1.905333	0.091928
1.905667	0.089624
1.906000	0.085842
1.906333	0.083604
1.906667	0.081248
1.907000	0.079947
1.907333	0.077446
1.907667	0.076170
1.908000	0.073773
1.908333	0.072344
1.908667	0.071807
1.909000	0.070437
1.909333	0.069344
1.909667	0.068424
1.910000	0.067147
1.910333	0.066278
1.910667	0.065347
1.911000	0.065034
1.911333	0.064028
1.911667	0.063309
1.912000	0.062452
1.912333	0.061154
1.912667	0.061249
1.913000	0.059599
1.913333	0.059169
1.913667	0.059672
1.914000	0.058422
1.914333	0.057698
1.914667	0.057735
1.915000	0.056823
1.915333	0.056688
1.915667	0.055739
1.916000	0.056007
1.916333	0.055869
1.916667	0.054713
1.917000	0.054731
1.917333	0.053530
1.917667	0.054201
1.918000	0.053555
1.918333	0.053165
1.918667	0.052618
1.919000	0.052010
1.919333	0.052397
1.919667	0.051611
1.920000	0.051587
1.920333	0.051983
1.920667	0.051109
1.921000	0.050781
1.921333	0.051488
1.921667	0.050139
1.922000	0.050305
1.922333	0.050011
1.922667	0.049344
1.923000	0.049540
1.923333	0.049723
1.923667	0.049799
1.924000	0.048377
1.924333	0.048883
1.924667	0.048806
1.925000	0.048895
1.925333	0.047567
1.925667	0.048831
1.926000	0.048382
1.926333	0.047930
1.926667	0.048017
1.927000	0.047565
1.927333	0.048049
1.927667	0.046996
1.928000	0.047292
1.928333	0.047248
1.928667	0.046772
1.929000	0.046701
1.929333	0.046484
1.929667	0.046438
1.930000	0.045695
1.930333	0.045855
1.930667	0.045425
1.931000	0.045262
1.931333	0.045346
1.931667	0.045727
1.932000	0.045046
1.932333	0.045100
1.932667	0.045625
1.933000	0.045057
1.933333	0.044607
1.933667	0.044430
1.934000	0.044965
1.934333	0.045136
1.934667	0.044663
1.935000	0.044612
1.935333	0.044755
1.935667	0.044674
1.936000	0.044126
1.936333	0.044251
1.936667	0.044321
1.937000	0.044246
1.937333	0.042869
1.937667	0.043388
1.938000	0.043881
1.938333	0.043514
1.938667	0.043332
1.939000	0.043249
1.939333	0.044118
1.939667	0.043042
1.940000	0.044049
1.940333	0.043251
1.940667	0.042966
1.941000	0.042927
1.941333	0.043631
1.941667	0.042805
1.942000	0.042856
1.942333	0.042049
1.942667	0.043245
1.943000	0.042113
1.943333	0.042650
1.943667	0.043297
1.944000	0.042221
1.944333	0.042574
1.944667	0.041083
1.945000	0.041908
1.945333	0.041673
1.945667	0.042320
1.946000	0.041899
1.946333	0.042642
1.946667	0.042187
1.947000	0.042028
1.947333	0.042078
1.947667	0.042404
1.948000	0.040788
1.948333	0.041674
1.948667	0.042330
1.949000	0.041884
1.949333	0.042471
1.949667	0.041523
1.950000	0.041219
1.950333	0.041348
1.950667	0.041243
1.951000	0.040887
1.951333	0.041170
1.951667	0.040929
1.952000	0.041229
1.952333	0.041876
1.952667	0.040928
1.953000	0.041092
1.953333	0.041933
1.953667	0.041691
1.954000	0.041650
1.954333	0.040711
1.954667	0.040441
1.955000	0.039801
1.955333	0.040790
1.955667	0.040960
1.956000	0.039975
1.956333	0.040752
1.956667	0.040878
1.957000	0.041076
1.957333	0.041188
1.957667	0.040986
1.958000	0.040521
1.958333	0.040788
1.958667	0.040850
1.959000	0.040768
1.959333	0.040405
1.959667	0.040411
1.960000	0.040362
1.960333	0.040369
1.960667	0.040032
1.961000	0.039906
1.961333	0.040265
1.961667	0.039774
1.962000	0.040728
1.962333	0.039232
1.962667	0.040279
1.963000	0.040375
1.963333	0.039739
1.963667	0.040005
1.964000	0.038939
1.964333	0.040041
1.964667	0.039781
1.965000	0.039507
1.965333	0.038994
1.965667	0.039418
1.966000	0.038963
1.966333	0.039279
1.966667	0.039485
1.967000	0.039765
1.967333	0.039226
1.967667	0.039252
1.968000	0.038721
1.968333	0.039578
1.968667	0.039885
1.969000	0.038981
1.969333	0.039310
1.969667	0.039309
1.970000	0.039216
1.970333	0.038670
1.970667	0.039188
1.971000	0.038336
1.971333	0.038704
1.971667	0.039282
1.972000	0.039064
1.972333	0.038933
1.972667	0.038532
1.973000	0.039376
1.973333	0.038371
1.973667	0.038594
1.974000	0.038747
1.974333	0.039413
1.974667	0.038946
1.975000	0.039117
1.975333	0.038193
1.975667	0.038767
1.976000	0.038019
1.976333	0.038014
1.976667	0.037747
1.977000	0.037993
1.977333	0.039002
1.977667	0.038340
1.978000	0.039089
1.978333	0.038777
1.978667	0.037715
1.979000	0.038248
1.979333	0.038454
1.979667	0.038153
1.980000	0.038834
1.980333	0.037741
1.980667	0.038167
1.981000	0.037496
1.981333	0.038203
1.981667	0.038065
1.982000	0.038384
1.982333	0.037785
1.982667	0.037648
1.983000	0.038142
1.983333	0.038092
1.983667	0.038205
1.984000	0.037267
1.984333	0.037732
1.984667	0.037808
1.985000	0.037051
1.985333	0.037145
1.985667	0.038272
1.986000	0.037600
1.986333	0.037805
1.986667	0.037287
1.987000	0.037323
1.987333	0.036860
1.987667	0.037286
1.988000	0.037053
1.988333	0.037034
1.988667	0.037151
1.989000	0.037334
1.989333	0.036948
1.989667	0.037402
1.990000	0.036480
1.990333	0.037345
1.990667	0.037294
1.991000	0.036809
1.991333	0.037214
1.991667	0.037710
1.992000	0.036951
1.992333	0.036575
1.992667	0.036958
1.993000	0.037139
1.993333	0.037190
1.993667	0.036858
1.994000	0.037068
1.994333	0.036589
1.994667	0.036531
1.995000	0.036751
1.995333	0.036409
1.995667	0.036753
1.996000	0.035979
1.996333	0.036427
1.996667	0.036188
1.997000	0.036037
1.997333	0.036221
1.997667	0.036282
1.998000	0.035961
1.998333	0.036718
1.998667	0.035757
1.999000	0.037120
1.999333	0.036389
1.999667	0.036210
2.000000	0.036286
2.000333	0.051432
2.000667	0.051356
2.001000	0.051222
2.001333	0.050903
2.001667	0.050461
2.002000	0.050580
2.002333	0.050069
2.002667	0.050529
2.003000	0.049690
2.003333	0.049474
2.003667	0.049649
2.004000	0.049444
2.004333	0.048855
2.004667	0.048981
2.005000	0.048614
2.005333	0.049426
2.005667	0.048867
2.006000	0.048826
2.006333	0.048173
2.006667	0.048584
2.007000	0.047970
2.007333	0.047498
2.007667	0.047360
2.008000	0.047967
2.008333	0.046838
2.008667	0.047099
2.009000	0.047473
2.009333	0.046547
2.009667	0.046646
2.010000	0.047091
2.010333	0.047180
2.010667	0.046144
2.011000	0.046615
2.011333	0.046848
2.011667	0.046707
2.012000	0.046379
2.012333	0.045454
2.012667	0.045995
2.013000	0.046158
2.013333	0.045586
2.013667	0.045793
2.014000	0.046168
2.014333	0.045898
2.014667	0.045785
2.015000	0.045030
2.015333	0.044167
2.015667	0.045022
2.016000	0.044956
2.016333	0.045356
2.016667	0.045175
2.017000	0.044891
2.017333	0.045338
2.017667	0.045654
2.018000	0.045339
2.018333	0.044758
2.018667	0.045126
2.019000	0.044781
2.019333	0.044517
2.019667	0.044048
2.020000	0.044424
2.020333	0.044139
2.020667	0.044831
2.021000	0.045215
2.021333	0.044404
2.021667	0.044652
2.022000	0.042783
2.022333	0.044572
2.022667	0.044955
2.023000	0.044199
2.023333	0.043862
2.023667	0.044055
2.024000	0.043430
2.024333	0.043414
2.024667	0.044036
2.025000	0.043630
2.025333	0.044057
2.025667	0.044354
2.026000	0.043756
2.026333	0.043844
2.026667	0.043686
2.027000	0.043057
2.027333	0.043172
2.027667	0.043815
2.028000	0.043086
2.028333	0.043300
2.028667	0.043630
2.029000	0.042504
2.029333	0.041878
2.029667	0.042650
2.030000	0.042717
2.030333	0.042587
2.030667	0.042491
2.031000	0.042091
2.031333	0.042321
2.031667	0.042783
2.032000	0.042966
2.032333	0.042913
2.032667	0.042015
2.033000	0.042382
2.033333	0.042467
2.033667	0.042299
2.034000	0.041827
2.034333	0.042025
2.034667	0.042022
2.035000	0.041782
2.035333	0.041935
2.035667	0.042014
2.036000	0.041650
2.036333	0.042024
2.036667	0.041980
2.037000	0.041471
2.037333	0.041829
2.037667	0.042115
2.038000	0.041388
2.038333	0.042144
2.038667	0.041745
2.039000	0.041920
2.039333	0.041554
2.039667	0.041158
2.040000	0.041116
2.040333	0.041466
2.040667	0.041270
2.041000	0.041267
2.041333	0.040787
2.041667	0.041249
2.042000	0.041173
2.042333	0.041540
2.042667	0.040650
2.043000	0.040319
2.043333	0.039981
2.043667	0.040800
2.044000	0.041026
2.044333	0.040812
2.044667	0.040714
2.045000	0.040335
2.045333	0.041048
2.045667	0.040344
2.046000	0.040680
2.046333	0.041544
2.046667	0.039951
2.047000	0.040672
2.047333	0.039895
2.047667	0.040055
2.048000	0.039535
2.048333	0.040118
2.048667	0.039598
2.049000	0.039323
2.049333	0.039213
2.049667	0.039982
2.050000	0.039717
2.050333	0.039594
2.050667	0.039159
2.051000	0.039723
2.051333	0.040073
2.051667	0.040216
2.052000	0.039244
2.052333	0.039908
2.052667	0.039475
2.053000	0.039017
2.053333	0.039270
2.053667	0.039612
2.054000	0.039798
2.054333	0.039756
2.054667	0.038768
2.055000	0.039409
2.055333	0.039523
2.055667	0.039144
2.056000	0.039564
2.056333	0.038893
2.056667	0.039417
2.057000	0.038618
2.057333	0.039571
2.057667	0.039166
2.058000	0.039062
2.058333	0.039053
2.058667	0.038718
2.059000	0.039378
2.059333	0.039182
2.059667	0.039165
2.060000	0.038862
2.060333	0.039070
2.060667	0.038880
2.061000	0.039016
2.061333	0.038503
2.061667	0.038872
2.062000	0.039077
2.062333	0.038506
2.062667	0.038957
2.063000	0.038442
2.063333	0.038462
2.063667	0.038658
2.064000	0.038977
2.064333	0.038960
2.064667	0.038448
2.065000	0.038308
2.065333	0.038271
2.065667	0.038585
2.066000	0.038187
2.066333	0.038151
2.066667	0.038912
2.067000	0.037605
2.067333	0.038411
2.067667	0.038246
2.068000	0.038969
2.068333	0.038135
2.068667	0.038303
2.069000	0.037955
2.069333	0.038037
2.069667	0.038692
2.070000	0.037520
2.070333	0.037980
2.070667	0.038136
2.071000	0.037379
2.071333	0.038005
2.071667	0.038103
2.072000	0.037497
2.072333	0.038061
2.072667	0.038278
2.073000	0.037910
2.073333	0.037663
2.073667	0.037738
2.074000	0.037867
2.074333	0.037920
2.074667	0.037538
2.075000	0.037933
2.075333	0.037557
2.075667	0.037383
2.076000	0.037847
2.076333	0.037498
2.076667	0.037741
2.077000	0.037106
2.077333	0.036920
2.077667	0.037647
2.078000	0.036863
2.078333	0.037719
2.078667	0.037933
2.079000	0.037159
2.079333	0.037632
2.079667	0.037054
2.080000	0.036956
2.080333	0.037304
2.080667	0.037119
2.081000	0.038191
2.081333	0.037807
2.081667	0.037352
2.082000	0.037560
2.082333	0.037311
2.082667	0.036790
2.083000	0.037583
2.083333	0.037191
2.083667	0.037236
2.084000	0.037154
2.084333	0.038022
2.084667	0.037088
2.085000	0.037431
2.085333	0.037260
2.085667	0.036996
2.086000	0.037285
2.086333	0.037160
2.086667	0.036800
2.087000	0.036483
2.087333	0.037527
2.087667	0.037169
2.088000	0.036419
2.088333	0.036373
2.088667	0.036547
2.089000	0.037178
2.089333	0.036777
2.089667	0.037313
2.090000	0.036635
2.090333	0.036555
2.090667	0.037311
2.091000	0.036916
2.091333	0.036657
2.091667	0.036961
2.092000	0.036522
2.092333	0.036690
2.092667	0.037155
2.093000	0.036458
2.093333	0.036719
2.093667	0.036478
2.094000	0.036722
2.094333	0.037392
2.094667	0.036983
2.095000	0.036625
2.095333	0.036720
2.095667	0.036754
2.096000	0.036782
2.096333	0.036703
2.096667	0.036523
2.097000	0.037193
2.097333	0.035950
2.097667	0.036301
2.098000	0.037315
2.098333	0.037222
2.098667	0.037199
2.099000	0.037292
2.099333	0.036748
2.099667	0.036816
2.100000	0.036534
2.100333	0.036454
2.100667	0.036453
2.101000	0.036650
2.101333	0.036789
2.101667	0.036351
2.102000	0.036051
2.102333	0.036443
2.102667	0.036309
2.103000	0.036748
2.103333	0.036545
2.103667	0.037029
2.104000	0.036375
2.104333	0.036911
2.104667	0.036894
2.105000	0.035865
2.105333	0.036116
2.105667	0.036673
2.106000	0.036691
2.106333	0.036185
2.106667	0.036644
2.107000	0.036239
2.107333	0.036424
2.107667	0.036804
2.108000	0.036160
2.108333	0.036458
2.108667	0.036512
2.109000	0.036700
2.109333	0.036312
2.109667	0.036688
2.110000	0.036230
2.110333	0.036070
2.110667	0.036335
2.111000	0.035480
2.111333	0.036395
2.111667	0.036032
2.112000	0.035759
2.112333	0.036168
2.112667	0.036117
2.113000	0.035894
2.113333	0.036565
2.113667	0.036393
2.114000	0.036408
2.114333	0.035644
2.114667	0.036138
2.115000	0.036157
2.115333	0.036294
2.115667	0.035620
2.116000	0.036168
2.116333	0.035710
2.116667	0.036074
2.117000	0.036162
2.117333	0.036525
2.117667	0.035427
2.118000	0.036206
2.118333	0.036168
2.118667	0.035678
2.119000	0.035999
2.119333	0.036455
2.119667	0.036076
2.120000	0.035654
2.120333	0.035468
2.120667	0.035461
2.121000	0.035916
2.121333	0.035283
2.121667	0.036387
2.122000	0.035679
2.122333	0.035995
2.122667	0.035638
2.123000	0.035535
2.123333	0.034985
2.123667	0.035336
2.124000	0.035744
2.124333	0.035533
2.124667	0.036012
2.125000	0.035747
2.125333	0.035233
2.125667	0.036233
2.126000	0.036320
2.126333	0.035474
2.126667	0.035141
2.127000	0.035505
2.127333	0.036231
2.127667	0.036103
2.128000	0.035859
2.128333	0.035348
2.128667	0.035268
2.129000	0.035007
2.129333	0.036492
2.129667	0.035769
2.130000	0.034816
2.130333	0.035450
2.130667	0.035911
2.131000	0.035928
2.131333	0.036162
2.131667	0.035538
2.132000	0.035832
2.132333	0.035795
2.132667	0.035897
2.133000	0.035709
2.133333	0.036424
2.133667	0.036089
2.134000	0.036568
2.134333	0.035590
2.134667	0.035792
2.135000	0.035966
2.135333	0.035664
2.135667	0.035592
2.136000	0.035813
2.136333	0.035560
2.136667	0.036016
2.137000	0.035745
2.137333	0.035665
2.137667	0.035756
2.138000	0.036013
2.138333	0.035142
2.138667	0.035548
2.139000	0.035486
2.139333	0.035336
2.139667	0.035658
2.140000	0.035212
2.140333	0.035339
2.140667	0.035140
2.141000	0.036482
2.141333	0.035017
2.141667	0.035307
2.142000	0.035699
2.142333	0.035083
2.142667	0.035026
2.143000	0.034958
2.143333	0.034242
2.143667	0.034973
2.144000	0.035149
2.144333	0.035062
2.144667	0.035067
2.145000	0.034889
2.145333	0.034405
2.145667	0.035064
2.146000	0.034941
2.146333	0.035130
2.146667	0.034977
2.147000	0.035424
2.147333	0.035059
2.147667	0.035196
2.148000	0.035294
2.148333	0.035121
2.148667	0.035692
2.149000	0.035003
2.149333	0.034745
2.149667	0.035321
2.150000	0.034612
2.150333	0.035095
2.150667	0.035142
2.151000	0.034592
2.151333	0.035044
2.151667	0.035350
2.152000	0.035659
2.152333	0.035542
2.152667	0.034786
2.153000	0.035731
2.153333	0.034356
2.153667	0.034731
2.154000	0.034648
2.154333	0.034514
2.154667	0.034577
2.155000	0.035358
2.155333	0.035127
2.155667	0.035076
2.156000	0.035748
2.156333	0.035258
2.156667	0.034760
2.157000	0.035135
2.157333	0.035707
2.157667	0.034999
2.158000	0.035488
2.158333	0.035019
2.158667	0.035523
2.159000	0.034615
2.159333	0.034933
2.159667	0.034949
2.160000	0.034421
2.160333	0.035288
2.160667	0.036023
2.161000	0.034621
2.161333	0.034032
2.161667	0.034478
2.162000	0.035069
2.162333	0.034308
2.162667	0.034058
2.163000	0.034689
2.163333	0.035349
2.163667	0.034747
2.164000	0.034962
2.164333	0.035131
2.164667	0.034923
2.165000	0.034742
2.165333	0.034978
2.165667	0.035017
2.166000	0.034328
2.166333	0.034657
2.166667	0.035083
2.167000	0.034763
2.167333	0.034913
2.167667	0.034862
2.168000	0.034389
2.168333	0.034069
2.168667	0.035260
2.169000	0.034320
2.169333	0.034936
2.169667	0.034759
2.170000	0.034316
2.170333	0.034590
2.170667	0.035087
2.171000	0.034594
2.171333	0.034717
2.171667	0.034720
2.172000	0.035431
2.172333	0.034678
2.172667	0.034169
2.173000	0.034875
2.173333	0.034964
2.173667	0.034602
2.174000	0.033595
2.174333	0.034547
2.174667	0.034754
2.175000	0.034650
2.175333	0.033749
2.175667	0.034220
2.176000	0.034273
2.176333	0.035004
2.176667	0.034062
2.177000	0.034188
2.177333	0.033984
2.177667	0.035018
2.178000	0.034456
2.178333	0.034009
2.178667	0.034297
2.179000	0.033792
2.179333	0.034800
2.179667	0.034119
2.180000	0.033931
2.180333	0.034105
2.180667	0.034679
2.181000	0.034222
2.181333	0.034593
2.181667	0.034392
2.182000	0.034388
2.182333	0.033906
2.182667	0.034324
2.183000	0.033847
2.183333	0.034154
2.183667	0.034052
2.184000	0.033912
2.184333	0.034348
2.184667	0.033955
2.185000	0.034490
2.185333	0.034460
2.185667	0.034224
2.186000	0.035203
2.186333	0.034632
2.186667	0.034476
2.187000	0.034858
2.187333	0.034146
2.187667	0.034236
2.188000	0.034081
2.188333	0.033808
2.188667	0.034646
2.189000	0.034925
2.189333	0.034869
2.189667	0.034465
2.190000	0.034307
2.190333	0.034618
2.190667	0.034075
2.191000	0.034846
2.191333	0.034317
2.191667	0.034616
2.192000	0.034280
2.192333	0.034195
2.192667	0.033835
2.193000	0.033677
2.193333	0.034530
2.193667	0.034629
2.194000	0.034390
2.194333	0.034634
2.194667	0.034187
2.195000	0.034769
2.195333	0.034077
2.195667	0.033321
2.196000	0.034524
2.196333	0.033990
2.196667	0.034573
2.197000	0.034017
2.197333	0.034277
2.197667	0.034308
2.198000	0.034110
2.198333	0.034789
2.198667	0.034186
2.199000	0.034129
2.199333	0.034278
2.199667	0.034159
2.200000	0.034059
2.200333	0.034022
2.200667	0.034349
2.201000	0.034150
2.201333	0.034303
2.201667	0.034489
2.202000	0.034033
2.202333	0.033872
2.202667	0.033952
2.203000	0.034441
2.203333	0.034595
2.203667	0.034204
2.204000	0.034040
2.204333	0.034295
2.204667	0.034714
2.205000	0.033515
2.205333	0.034374
2.205667	0.034276
2.206000	0.034002
2.206333	0.034069
2.206667	0.034267
2.207000	0.033425
2.207333	0.033552
2.207667	0.034237
2.208000	0.033617
2.208333	0.034323
2.208667	0.033358
2.209000	0.034469
2.209333	0.033537
2.209667	0.033837
2.210000	0.034135
2.210333	0.034189
2.210667	0.034133
2.211000	0.033815
2.211333	0.033593
2.211667	0.033670
2.212000	0.034356
2.212333	0.033188
2.212667	0.033811
2.213000	0.034017
2.213333	0.033568
2.213667	0.033636
2.214000	0.033516
2.214333	0.034388
2.214667	0.034070
2.215000	0.033034
2.215333	0.033318
2.215667	0.034748
2.216000	0.033754
2.216333	0.034004
2.216667	0.034477
2.217000	0.035599
2.217333	0.048267
2.217667	0.075261
2.218000	0.081906
2.218333	0.077029
2.218667	0.073943
2.219000	0.071725
2.219333	0.071628
2.219667	0.074870
2.220000	0.087406
2.220333	0.097962
2.220667	0.096205
2.221000	0.092452
2.221333	0.087388
2.221667	0.084057
2.222000	0.080988
2.222333	0.078262
2.222667	0.076009
2.223000	0.073894
2.223333	0.072022
2.223667	0.071397
2.224000	0.068282
2.224333	0.067272
2.224667	0.066051
2.225000	0.064610
2.225333	0.062480
2.225667	0.062700
2.226000	0.060984
2.226333	0.059788
2.226667	0.059556
2.227000	0.058738
2.227333	0.057128
2.227667	0.057132
2.228000	0.056505
2.228333	0.056469
2.228667	0.055660
2.229000	0.054352
2.229333	0.054749
2.229667	0.053498
2.230000	0.052932
2.230333	0.052446
2.230667	0.051964
2.231000	0.051610
2.231333	0.051635
2.231667	0.051508
2.232000	0.050807
2.232333	0.049745
2.232667	0.049453
2.233000	0.049469
2.233333	0.048212
2.233667	0.048609
2.234000	0.047718
2.234333	0.048203
2.234667	0.047922
2.235000	0.048237
2.235333	0.047541
2.235667	0.047434
2.236000	0.046314
2.236333	0.046440
2.236667	0.047022
2.237000	0.046483
2.237333	0.045736
2.237667	0.045882
2.238000	0.045129
2.238333	0.045213
2.238667	0.044931
2.239000	0.044777
2.239333	0.043997
2.239667	0.044176
2.240000	0.045098
2.240333	0.044133
2.240667	0.043737
2.241000	0.043406
2.241333	0.043934
2.241667	0.043050
2.242000	0.043041
2.242333	0.043572
2.242667	0.043477
2.243000	0.043060
2.243333	0.043232
2.243667	0.042358
2.244000	0.041739
2.244333	0.042552
2.244667	0.042642
2.245000	0.042071
2.245333	0.041411
2.245667	0.041939
2.246000	0.041751
2.246333	0.042231
2.246667	0.041637
2.247000	0.041209
2.247333	0.041881
2.247667	0.041224
2.248000	0.040967
2.248333	0.041433
2.248667	0.042074
2.249000	0.040415
2.249333	0.041675
2.249667	0.040538
2.250000	0.040537
2.250333	0.041310
2.250667	0.040849
2.251000	0.040068
2.251333	0.040405
2.251667	0.040371
2.252000	0.039836
2.252333	0.040884
2.252667	0.041036
2.253000	0.040938
2.253333	0.039464
2.253667	0.040526
2.254000	0.040281
2.254333	0.040515
2.254667	0.039842
2.255000	0.039504
2.255333	0.039392
2.255667	0.039772
2.256000	0.039712
2.256333	0.039503
2.256667	0.039552
2.257000	0.038881
2.257333	0.039383
2.257667	0.039014
2.258000	0.039431
2.258333	0.039003
2.258667	0.038891
2.259000	0.038914
2.259333	0.038769
2.259667	0.038908
2.260000	0.038817
2.260333	0.038034
2.260667	0.038032
2.261000	0.038755
2.261333	0.038573
2.261667	0.038676
2.262000	0.038588
2.262333	0.037976
2.262667	0.038433
2.263000	0.038594
2.263333	0.038531
2.263667	0.037887
2.264000	0.037992
2.264333	0.038808
2.264667	0.038063
2.265000	0.038488
2.265333	0.038630
2.265667	0.037926
2.266000	0.038081
2.266333	0.037486
2.266667	0.037807
2.267000	0.037775
2.267333	0.038579
2.267667	0.037421
2.268000	0.037714
2.268333	0.037733
2.268667	0.037355
2.269000	0.037443
2.269333	0.037385
2.269667	0.038258
2.270000	0.037081
2.270333	0.037194
2.270667	0.037612
2.271000	0.037377
2.271333	0.038106
2.271667	0.037649
2.272000	0.037862
2.272333	0.037280
2.272667	0.037840
2.273000	0.038083
2.273333	0.037919
2.273667	0.038146
2.274000	0.037371
2.274333	0.037155
2.274667	0.037300
2.275000	0.036883
2.275333	0.037098
2.275667	0.037040
2.276000	0.037126
2.276333	0.037001
2.276667	0.037098
2.277000	0.036881
2.277333	0.037219
2.277667	0.036621
2.278000	0.036588
2.278333	0.037669
2.278667	0.036256
2.279000	0.037227
2.279333	0.037476
2.279667	0.037349
2.280000	0.036941
2.280333	0.036208
2.280667	0.036590
2.281000	0.036482
2.281333	0.036710
2.281667	0.036706
2.282000	0.037189
2.282333	0.036462
2.282667	0.035945
2.283000	0.036236
2.283333	0.035510
2.283667	0.036251
2.284000	0.036540
2.284333	0.036387
2.284667	0.035905
2.285000	0.036013
2.285333	0.036482
2.285667	0.036368
2.286000	0.035770
2.286333	0.036942
2.286667	0.036346
2.287000	0.036477
2.287333	0.035978
2.287667	0.036476
2.288000	0.036311
2.288333	0.036004
2.288667	0.035943
2.289000	0.036144
2.289333	0.036296
2.289667	0.036414
2.290000	0.036751
2.290333	0.036795
2.290667	0.035467
2.291000	0.036087
2.291333	0.036082
2.291667	0.035690
2.292000	0.036001
2.292333	0.035776
2.292667	0.036099
2.293000	0.035721
2.293333	0.035175
2.293667	0.036215
2.294000	0.035897
2.294333	0.035576
2.294667	0.036927
2.295000	0.035700
2.295333	0.036933
2.295667	0.035978
2.296000	0.036021
2.296333	0.036016
2.296667	0.035113
2.297000	0.035536
2.297333	0.035530
2.297667	0.035818
2.298000	0.035600
2.298333	0.035422
2.298667	0.035487
2.299000	0.035382
2.299333	0.035681
2.299667	0.035258
2.300000	0.035705
2.300333	0.035565
2.300667	0.034586
2.301000	0.035284
2.301333	0.036088
2.301667	0.035989
2.302000	0.035652
2.302333	0.035734
2.302667	0.035063
2.303000	0.035637
2.303333	0.035541
2.303667	0.035504
2.304000	0.035428
2.304333	0.035095
2.304667	0.035572
2.305000	0.036126
2.305333	0.035630
2.305667	0.035267
2.306000	0.035615
2.306333	0.035107
2.306667	0.034869
2.307000	0.035767
2.307333	0.036175
2.307667	0.039429
2.308000	0.057105
2.308333	0.081788
2.308667	0.082566
2.309000	0.079780
2.309333	0.075455
2.309667	0.072587
2.310000	0.069430
2.310333	0.066459
2.310667	0.064942
2.311000	0.063688
2.311333	0.062100
2.311667	0.061204
2.312000	0.059839
2.312333	0.058182
2.312667	0.057394
2.313000	0.056424
2.313333	0.055627
2.313667	0.054010
2.314000	0.053657
2.314333	0.052795
2.314667	0.051390
2.315000	0.051321
2.315333	0.050928
2.315667	0.050961
2.316000	0.049908
2.316333	0.049077
2.316667	0.049229
2.317000	0.048265
2.317333	0.047973
2.317667	0.047601
2.318000	0.047391
2.318333	0.046928
2.318667	0.047310
2.319000	0.046185
2.319333	0.045653
2.319667	0.045637
2.320000	0.044913
2.320333	0.044645
2.320667	0.043945
2.321000	0.045135
2.321333	0.044023
2.321667	0.043913
2.322000	0.043586
2.322333	0.043430
2.322667	0.043488
2.323000	0.043092
2.323333	0.042850
2.323667	0.042106
2.324000	0.042264
2.324333	0.041973
2.324667	0.041754
2.325000	0.041964
2.325333	0.041941
2.325667	0.041765
2.326000	0.041900
2.326333	0.040796
2.326667	0.041798
2.327000	0.041538
2.327333	0.040689
2.327667	0.040047
2.328000	0.040459
2.328333	0.040934
2.328667	0.040783
2.329000	0.040478
2.329333	0.040637
2.329667	0.040516
2.330000	0.040063
2.330333	0.040382
2.330667	0.040006
2.331000	0.040764
2.331333	0.039965
2.331667	0.039588
2.332000	0.039479
2.332333	0.039670
2.332667	0.039945
2.333000	0.039973
2.333333	0.039705
2.333667	0.039312
2.334000	0.039160
2.334333	0.039586
2.334667	0.038941
2.335000	0.038817
2.335333	0.038597
2.335667	0.038756
2.336000	0.038445
2.336333	0.038690
2.336667	0.038553
2.337000	0.039342
2.337333	0.038568
2.337667	0.038046
2.338000	0.038317
2.338333	0.038719
2.338667	0.038133
2.339000	0.037948
2.339333	0.037985
2.339667	0.038256
2.340000	0.037578
2.340333	0.038211
2.340667	0.038293
2.341000	0.038123
2.341333	0.037575
2.341667	0.038179
2.342000	0.037160
2.342333	0.037570
2.342667	0.038281
2.343000	0.037134
2.343333	0.037514
2.343667	0.037644
2.344000	0.037908
2.344333	0.037172
2.344667	0.036991
2.345000	0.038340
2.345333	0.036903
2.345667	0.037615
2.346000	0.037603
2.346333	0.037394
2.346667	0.036425
2.347000	0.037765
2.347333	0.036713
2.347667	0.037210
2.348000	0.036508
2.348333	0.037296
2.348667	0.036726
2.349000	0.036498
2.349333	0.037625
2.349667	0.036714
2.350000	0.036437
2.350333	0.037059
2.350667	0.036384
2.351000	0.036794
2.351333	0.036453
2.351667	0.036705
2.352000	0.036441
2.352333	0.036134
2.352667	0.036087
2.353000	0.036698
2.353333	0.035188
2.353667	0.036273
2.354000	0.037200
2.354333	0.036084
2.354667	0.036258
2.355000	0.035332
2.355333	0.035906
2.355667	0.035796
2.356000	0.035723
2.356333	0.036368
2.356667	0.036035
2.357000	0.035819
2.357333	0.036233
2.357667	0.035698
2.358000	0.035449
2.358333	0.035918
2.358667	0.036073
2.359000	0.035540
2.359333	0.035672
2.359667	0.035353
2.360000	0.035393
2.360333	0.035466
2.360667	0.035864
2.361000	0.035030
2.361333	0.035528
2.361667	0.035900
2.362000	0.035484
2.362333	0.034793
2.362667	0.035158
2.363000	0.036060
2.363333	0.034620
2.363667	0.035685
2.364000	0.035402
2.364333	0.035495
2.364667	0.035449
2.365000	0.035181
2.365333	0.035289
2.365667	0.034837
2.366000	0.034854
2.366333	0.034811
2.366667	0.035210
2.367000	0.034648
2.367333	0.035233
2.367667	0.035210
2.368000	0.034695
2.368333	0.034814
2.368667	0.034218
2.369000	0.034991
2.369333	0.035067
2.369667	0.034894
2.370000	0.035694
2.370333	0.034988
2.370667	0.033851
2.371000	0.034472
2.371333	0.035221
2.371667	0.034194
2.372000	0.033875
2.372333	0.034919
2.372667	0.034516
2.373000	0.034926
2.373333	0.034059
2.373667	0.034748
2.374000	0.034632
2.374333	0.034085
2.374667	0.034318
2.375000	0.034516
2.375333	0.034963
2.375667	0.034506
2.376000	0.034285
2.376333	0.035050
2.376667	0.034450
2.377000	0.035193
2.377333	0.034490
2.377667	0.034566
2.378000	0.034109
2.378333	0.034968
2.378667	0.034526
2.379000	0.033452
2.379333	0.034134
2.379667	0.034296
2.380000	0.033722
2.380333	0.033659
2.380667	0.034251
2.381000	0.034136
2.381333	0.033020
2.381667	0.033106
2.382000	0.033703
2.382333	0.034198
2.382667	0.034736
2.383000	0.034396
2.383333	0.034154
2.383667	0.033880
2.384000	0.033232
2.384333	0.034348
2.384667	0.033692
2.385000	0.034094
2.385333	0.033963
2.385667	0.034010
2.386000	0.033602
2.386333	0.033813
2.386667	0.034022
2.387000	0.033853
2.387333	0.033560
2.387667	0.033474
2.388000	0.033385
2.388333	0.033546
2.388667	0.033686
2.389000	0.034678
2.389333	0.033515
2.389667	0.034234
2.390000	0.033681
2.390333	0.033191
2.390667	0.033419
2.391000	0.033763
2.391333	0.033444
2.391667	0.034057
2.392000	0.033195
2.392333	0.034338
2.392667	0.033393
2.393000	0.033950
2.393333	0.033807
2.393667	0.033778
2.394000	0.033967
2.394333	0.033065
2.394667	0.033373
2.395000	0.033478
2.395333	0.033881
2.395667	0.033567
2.396000	0.033571
2.396333	0.033523
2.396667	0.032448
2.397000	0.033436
2.397333	0.033498
2.397667	0.033576
2.398000	0.033581
2.398333	0.034333
2.398667	0.034315
2.399000	0.033348
2.399333	0.033984
2.399667	0.033481
2.400000	0.033568
2.400333	0.033771
2.400667	0.033701
2.401000	0.033611
2.401333	0.033844
2.401667	0.033381
2.402000	0.033293
2.402333	0.032884
2.402667	0.033683
2.403000	0.033205
2.403333	0.032956
2.403667	0.033235
2.404000	0.033925
2.404333	0.033198
2.404667	0.033453
2.405000	0.033085
2.405333	0.033735
2.405667	0.033080
2.406000	0.032802
2.406333	0.033172
2.406667	0.033847
2.407000	0.033130
2.407333	0.033139
2.407667	0.033385
2.408000	0.033681
2.408333	0.033367
2.408667	0.033647
2.409000	0.033105
2.409333	0.033890
2.409667	0.032861
2.410000	0.033035
2.410333	0.033055
2.410667	0.033268
2.411000	0.032806
2.411333	0.032982
2.411667	0.033231
2.412000	0.032894
2.412333	0.033280
2.412667	0.033400
2.413000	0.033456
2.413333	0.033174
2.413667	0.032426
2.414000	0.032452
2.414333	0.033239
2.414667	0.032778
2.415000	0.033050
2.415333	0.032422
2.415667	0.032371
2.416000	0.032866
2.416333	0.032387
2.416667	0.032884
2.417000	0.033227
2.417333	0.032703
2.417667	0.032101
2.418000	0.033068
2.418333	0.032540
2.418667	0.033244
2.419000	0.032506
2.419333	0.032701
2.419667	0.033003
2.420000	0.033097
2.420333	0.033195
2.420667	0.034080
2.421000	0.046160
2.421333	0.071635
2.421667	0.082859
2.422000	0.079345
2.422333	0.076053
2.422667	0.072379
2.423000	0.072532
2.423333	0.077507
2.423667	0.086158
2.424000	0.093946
2.424333	0.093537
2.424667	0.088935
2.425000	0.085272
2.425333	0.081784
2.425667	0.078301
2.426000	0.075920
2.426333	0.074105
2.426667	0.072066
2.427000	0.070390
2.427333	0.068745
2.427667	0.066627
2.428000	0.065768
2.428333	0.064390
2.428667	0.063420
2.429000	0.061995
2.429333	0.061402
2.429667	0.059636
2.430000	0.059220
2.430333	0.057748
2.430667	0.057086
2.431000	0.056426
2.431333	0.056663
2.431667	0.055774
2.432000	0.054795
2.432333	0.054684
2.432667	0.053687
2.433000	0.052712
2.433333	0.051531
2.433667	0.052228
2.434000	0.051125
2.434333	0.051363
2.434667	0.050838
2.435000	0.049546
2.435333	0.049220
2.435667	0.048966
2.436000	0.048629
2.436333	0.047717
2.436667	0.047870
2.437000	0.047922
2.437333	0.047632
2.437667	0.047245
2.438000	0.046806
2.438333	0.046450
2.438667	0.046758
2.439000	0.046412
2.439333	0.046036
2.439667	0.046543
2.440000	0.045138
2.440333	0.045456
2.440667	0.044638
2.441000	0.044275
2.441333	0.044399
2.441667	0.044089
2.442000	0.044365
2.442333	0.043844
2.442667	0.043749
2.443000	0.043501
2.443333	0.043643
2.443667	0.043323
2.444000	0.043366
2.444333	0.043412
2.444667	0.042393
2.445000	0.042582
2.445333	0.043161
2.445667	0.042384
2.446000	0.041576
2.446333	0.042683
2.446667	0.042237
2.447000	0.041934
2.447333	0.042264
2.447667	0.042435
2.448000	0.041484
2.448333	0.041240
2.448667	0.040911
2.449000	0.041473
2.449333	0.040926
2.449667	0.041330
2.450000	0.040548
2.450333	0.039921
2.450667	0.039723
2.451000	0.041157
2.451333	0.040129
2.451667	0.040049
2.452000	0.039897
2.452333	0.040300
2.452667	0.039851
2.453000	0.040200
2.453333	0.040264
2.453667	0.039028
2.454000	0.039792
2.454333	0.039170
2.454667	0.039026
2.455000	0.038986
2.455333	0.039179
2.455667	0.039408
2.456000	0.038789
2.456333	0.038905
2.456667	0.039053
2.457000	0.038550
2.457333	0.038662
2.457667	0.039233
2.458000	0.038614
2.458333	0.038904
2.458667	0.038977
2.459000	0.038206
2.459333	0.038914
2.459667	0.038044
2.460000	0.037845
2.460333	0.037789
2.460667	0.038299
2.461000	0.038505
2.461333	0.038316
2.461667	0.037791
2.462000	0.037736
2.462333	0.037691
2.462667	0.037920
2.463000	0.038216
2.463333	0.037985
2.463667	0.037440
2.464000	0.038147
2.464333	0.037435
2.464667	0.037091
2.465000	0.038224
2.465333	0.037789
2.465667	0.037606
2.466000	0.037220
2.466333	0.037875
2.466667	0.038038
2.467000	0.037179
2.467333	0.036874
2.467667	0.036824
2.468000	0.037121
2.468333	0.037155
2.468667	0.036944
2.469000	0.036834
2.469333	0.037348
2.469667	0.036433
2.470000	0.036720
2.470333	0.036998
2.470667	0.036707
2.471000	0.035748
2.471333	0.036875
2.471667	0.037503
2.472000	0.036138
2.472333	0.036786
2.472667	0.036327
2.473000	0.036827
2.473333	0.035812
2.473667	0.037384
2.474000	0.036350
2.474333	0.036178
2.474667	0.036556
2.475000	0.036511
2.475333	0.035543
2.475667	0.036481
2.476000	0.036356
2.476333	0.036112
2.476667	0.036496
2.477000	0.035846
2.477333	0.035706
2.477667	0.036443
2.478000	0.035247
2.478333	0.035116
2.478667	0.035784
2.479000	0.035847
2.479333	0.035536
2.479667	0.035937
2.480000	0.035870
2.480333	0.035203
2.480667	0.035410
2.481000	0.035664
2.481333	0.035852
2.481667	0.035911
2.482000	0.035493
2.482333	0.035311
2.482667	0.035179
2.483000	0.035676
2.483333	0.035800
2.483667	0.034751
2.484000	0.035163
2.484333	0.035336
2.484667	0.035186
2.485000	0.035554
2.485333	0.035302
2.485667	0.035193
2.486000	0.035509
2.486333	0.035518
2.486667	0.035323
2.487000	0.035580
2.487333	0.035304
2.487667	0.035571
2.488000	0.035074
2.488333	0.035570
2.488667	0.035361
2.489000	0.035137
2.489333	0.035479
2.489667	0.034997
2.490000	0.035404
2.490333	0.034967
2.490667	0.034817
2.491000	0.035096
2.491333	0.035143
2.491667	0.035286
2.492000	0.035629
2.492333	0.034828
2.492667	0.034419
2.493000	0.034972
2.493333	0.035119
2.493667	0.034863
2.494000	0.035085
2.494333	0.034601
2.494667	0.034717
2.495000	0.035200
2.495333	0.034103
2.495667	0.035106
2.496000	0.035310
2.496333	0.034647
2.496667	0.035133
2.497000	0.034808
2.497333	0.034957
2.497667	0.034682
2.498000	0.034364
2.498333	0.035407
2.498667	0.034416
2.499000	0.035407
2.499333	0.034229
2.499667	0.034527
2.500000	0.034384
2.500333	0.034631
2.500667	0.034764
2.501000	0.033940
2.501333	0.034674
2.501667	0.034466
2.502000	0.035498
2.502333	0.034462
2.502667	0.034622
2.503000	0.034391
2.503333	0.034875
2.503667	0.034898
2.504000	0.035059
2.504333	0.034459
2.504667	0.034957
2.505000	0.034630
2.505333	0.034653
2.505667	0.034144
2.506000	0.034903
2.506333	0.034870
2.506667	0.034127
2.507000	0.034459
2.507333	0.034253
2.507667	0.034869
2.508000	0.034381
2.508333	0.034498
2.508667	0.034000
2.509000	0.033956
2.509333	0.034280
2.509667	0.034384
2.510000	0.033909
2.510333	0.034504
2.510667	0.034114
2.511000	0.034594
2.511333	0.034370
2.511667	0.033405
2.512000	0.034163
2.512333	0.034875
2.512667	0.035002
2.513000	0.034145
2.513333	0.034864
2.513667	0.034425
2.514000	0.034590
2.514333	0.034015
2.514667	0.034568
2.515000	0.034695
2.515333	0.034136
2.515667	0.034017
2.516000	0.034711
2.516333	0.034284
2.516667	0.034064
2.517000	0.034095
2.517333	0.034410
2.517667	0.033785
2.518000	0.034084
2.518333	0.034789
2.518667	0.034011
2.519000	0.034400
2.519333	0.033785
2.519667	0.034482
2.520000	0.034106
2.520333	0.034217
2.520667	0.033506
2.521000	0.034912
2.521333	0.034572
2.521667	0.034010
2.522000	0.033810
2.522333	0.033830
2.522667	0.034190
2.523000	0.034239
2.523333	0.034082
2.523667	0.034091
2.524000	0.034389
2.524333	0.033615
2.524667	0.033643
2.525000	0.033712
2.525333	0.034161
2.525667	0.034053
2.526000	0.033769
2.526333	0.033863
2.526667	0.034014
2.527000	0.034239
2.527333	0.034255
2.527667	0.033724
2.528000	0.034342
2.528333	0.034563
2.528667	0.034051
2.529000	0.034029
2.529333	0.034264
2.529667	0.034110
2.530000	0.034482
2.530333	0.034061
2.530667	0.034158
2.531000	0.034135
2.531333	0.034203
2.531667	0.034230
2.532000	0.033149
2.532333	0.034021
2.532667	0.034254
2.533000	0.033332
2.533333	0.034796
2.533667	0.034666
2.534000	0.033353
2.534333	0.034337
2.534667	0.034512
2.535000	0.033967
2.535333	0.033753
2.535667	0.033577
2.536000	0.033927
2.536333	0.034453
2.536667	0.033754
2.537000	0.034086
2.537333	0.034423
2.537667	0.033878
2.538000	0.034229
2.538333	0.033822
2.538667	0.035079
2.539000	0.033374
2.539333	0.034099
2.539667	0.033964
2.540000	0.034623
2.540333	0.032963
2.540667	0.033617
2.541000	0.033530
2.541333	0.034337
2.541667	0.033776
2.542000	0.034335
2.542333	0.034420
2.542667	0.034085
2.543000	0.034529
2.543333	0.034061
2.543667	0.034314
2.544000	0.033468
2.544333	0.034460
2.544667	0.034415
2.545000	0.034282
2.545333	0.038630
2.545667	0.057224
2.546000	0.080125
2.546333	0.080757
2.546667	0.074439
2.547000	0.072226
2.547333	0.068899
2.547667	0.067656
2.548000	0.067394
2.548333	0.072493
2.548667	0.087539
2.549000	0.099101
2.549333	0.098771
2.549667	0.095006
2.550000	0.091287
2.550333	0.087196
2.550667	0.084486
2.551000	0.081458
2.551333	0.078947
2.551667	0.076375
2.552000	0.074110
2.552333	0.071699
2.552667	0.070693
2.553000	0.069184
2.553333	0.067347
2.553667	0.066500
2.554000	0.065050
2.554333	0.064370
2.554667	0.062283
2.555000	0.061978
2.555333	0.060739
2.555667	0.060169
2.556000	0.058905
2.556333	0.058544
2.556667	0.058788
2.557000	0.057685
2.557333	0.056131
2.557667	0.055752
2.558000	0.055649
2.558333	0.054802
2.558667	0.054383
2.559000	0.053725
2.559333	0.053786
2.559667	0.053576
2.560000	0.052139
2.560333	0.051656
2.560667	0.051654
2.561000	0.051235
2.561333	0.050918
2.561667	0.050774
2.562000	0.049438
2.562333	0.049572
2.562667	0.048923
2.563000	0.048510
2.563333	0.049264
2.563667	0.048348
2.564000	0.048715
2.564333	0.048138
2.564667	0.048344
2.565000	0.047536
2.565333	0.047516
2.565667	0.047148
2.566000	0.047196
2.566333	0.046849
2.566667	0.046234
2.567000	0.046132
2.567333	0.045851
2.567667	0.045877
2.568000	0.045461
2.568333	0.045444
2.568667	0.045142
2.569000	0.044987
2.569333	0.044368
2.569667	0.044823
2.570000	0.044734
2.570333	0.044259
2.570667	0.044108
2.571000	0.044471
2.571333	0.044081
2.571667	0.044619
2.572000	0.044132
2.572333	0.043468
2.572667	0.044056
2.573000	0.043365
2.573333	0.043065
2.573667	0.042585
2.574000	0.042996
2.574333	0.043321
2.574667	0.043582
2.575000	0.042317
2.575333	0.042535
2.575667	0.042376
2.576000	0.042448
2.576333	0.042082
2.576667	0.042748
2.577000	0.041902
2.577333	0.042047
2.577667	0.042240
2.578000	0.041336
2.578333	0.041510
2.578667	0.040273
2.579000	0.040795
2.579333	0.041251
2.579667	0.041714
2.580000	0.041174
2.580333	0.040442
2.580667	0.041220
2.581000	0.040803
2.581333	0.041547
2.581667	0.041151
2.582000	0.040501
2.582333	0.041363
2.582667	0.040174
2.583000	0.040880
2.583333	0.041401
2.583667	0.041239
2.584000	0.041566
2.584333	0.040400
2.584667	0.040039
2.585000	0.040271
2.585333	0.040871
2.585667	0.040398
2.586000	0.040772
2.586333	0.040143
2.586667	0.040086
2.587000	0.040839
2.587333	0.040167
2.587667	0.040030
2.588000	0.039914
2.588333	0.039742
2.588667	0.040113
2.589000	0.039126
2.589333	0.039798
2.589667	0.039752
2.590000	0.039531
2.590333	0.039744
2.590667	0.040197
2.591000	0.039487
2.591333	0.039543
2.591667	0.039990
2.592000	0.038840
2.592333	0.039211
2.592667	0.039198
2.593000	0.039258
2.593333	0.039615
2.593667	0.039394
2.594000	0.039326
2.594333	0.038736
2.594667	0.038761
2.595000	0.038597
2.595333	0.038372
2.595667	0.038775
2.596000	0.038231
2.596333	0.039109
2.596667	0.038633
2.597000	0.038099
2.597333	0.038866
2.597667	0.038662
2.598000	0.037940
2.598333	0.038358
2.598667	0.038877
2.599000	0.038968
2.599333	0.038641
2.599667	0.039046
2.600000	0.039139
2.600333	0.039008
2.600667	0.037945
2.601000	0.039017
2.601333	0.038579
2.601667	0.037802
2.602000	0.039035
2.602333	0.038083
2.602667	0.038235
2.603000	0.038022
2.603333	0.038181
2.603667	0.038078
2.604000	0.038339
2.604333	0.038140
2.604667	0.037920
2.605000	0.038077
2.605333	0.038245
2.605667	0.037928
2.606000	0.038221
2.606333	0.038001
2.606667	0.038048
2.607000	0.038349
2.607333	0.037823
2.607667	0.037825
2.608000	0.037067
2.608333	0.037446
2.608667	0.038073
2.609000	0.037787
2.609333	0.037879
2.609667	0.037809
2.610000	0.037258
2.610333	0.037653
2.610667	0.037756
2.611000	0.037901
2.611333	0.037665
2.611667	0.038538
2.612000	0.037674
2.612333	0.037458
2.612667	0.037871
2.613000	0.037612
2.613333	0.037416
2.613667	0.037357
2.614000	0.037547
2.614333	0.036736
2.614667	0.037818
2.615000	0.037387
2.615333	0.037700
2.615667	0.036559
2.616000	0.037173
2.616333	0.037366
2.616667	0.037452
2.617000	0.037114
2.617333	0.036598
2.617667	0.037666
2.618000	0.037131
2.618333	0.036887
2.618667	0.037577
2.619000	0.037494
2.619333	0.037206
2.619667	0.037490
2.620000	0.037152
2.620333	0.036807
2.620667	0.037343
2.621000	0.036644
2.621333	0.036821
2.621667	0.036983
2.622000	0.036882
2.622333	0.036501
2.622667	0.037298
2.623000	0.037268
2.623333	0.037163
2.623667	0.036555
2.624000	0.036832
2.624333	0.037587
2.624667	0.037302
2.625000	0.036641
2.625333	0.036780
2.625667	0.036706
2.626000	0.036842
2.626333	0.037026
2.626667	0.036605
2.627000	0.036374
2.627333	0.036504
2.627667	0.037070
2.628000	0.036077
2.628333	0.037066
2.628667	0.039081
2.629000	0.050845
2.629333	0.076217
2.629667	0.084743
2.630000	0.081465
2.630333	0.076093
2.630667	0.073270
2.631000	0.070734
2.631333	0.068659
2.631667	0.066816
2.632000	0.064780
2.632333	0.063662
2.632667	0.062676
2.633000	0.060607
2.633333	0.058782
2.633667	0.058494
2.634000	0.057344
2.634333	0.056537
2.634667	0.056411
2.635000	0.055545
2.635333	0.053660
2.635667	0.053765
2.636000	0.052257
2.636333	0.052792
2.636667	0.051394
2.637000	0.051103
2.637333	0.050069
2.637667	0.049892
2.638000	0.050242
2.638333	0.049149
2.638667	0.049255
2.639000	0.048893
2.639333	0.048482
2.639667	0.047918
2.640000	0.047898
2.640333	0.046981
2.640667	0.047159
2.641000	0.047214
2.641333	0.046912
2.641667	0.045558
2.642000	0.046360
2.642333	0.045989
2.642667	0.045310
2.643000	0.045391
2.643333	0.045551
2.643667	0.044861
2.644000	0.044318
2.644333	0.044902
2.644667	0.044631
2.645000	0.043960
2.645333	0.044244
2.645667	0.044617
2.646000	0.044014
2.646333	0.043064
2.646667	0.043376
2.647000	0.043621
2.647333	0.042829
2.647667	0.043345
2.648000	0.043414
2.648333	0.043001
2.648667	0.042905
2.649000	0.042089
2.649333	0.042373
2.649667	0.042747
2.650000	0.042157
2.650333	0.042387
2.650667	0.041832
2.651000	0.042324
2.651333	0.042094
2.651667	0.041586
2.652000	0.042149
2.652333	0.042254
2.652667	0.041422
2.653000	0.041823
2.653333	0.040885
2.653667	0.041678
2.654000	0.041108
2.654333	0.041618
2.654667	0.040869
2.655000	0.041026
2.655333	0.041692
2.655667	0.041220
2.656000	0.041065
2.656333	0.041298
2.656667	0.041010
2.657000	0.041055
2.657333	0.039957
2.657667	0.041099
2.658000	0.040448
2.658333	0.040783
2.658667	0.040595
2.659000	0.040314
2.659333	0.040396
2.659667	0.039896
2.660000	0.040770
2.660333	0.040041
2.660667	0.039934
2.661000	0.039964
2.661333	0.040312
2.661667	0.039526
2.662000	0.039623
2.662333	0.039164
2.662667	0.039625
2.663000	0.040252
2.663333	0.039445
2.663667	0.039557
2.664000	0.039472
2.664333	0.039580
2.664667	0.039252
2.665000	0.040090
2.665333	0.040143
2.665667	0.039404
2.666000	0.039511
2.666333	0.038793
2.666667	0.038881
2.667000	0.038931
2.667333	0.039113
2.667667	0.040012
2.668000	0.039471
2.668333	0.039268
2.668667	0.039665
2.669000	0.039042
2.669333	0.039250
2.669667	0.039118
2.670000	0.038992
2.670333	0.039215
2.670667	0.039387
2.671000	0.039169
2.671333	0.039400
2.671667	0.038714
2.672000	0.039439
2.672333	0.039159
2.672667	0.038557
2.673000	0.038062
2.673333	0.038647
2.673667	0.038959
2.674000	0.039192
2.674333	0.039537
2.674667	0.039103
2.675000	0.039272
2.675333	0.038093
2.675667	0.038890
2.676000	0.038865
2.676333	0.038269
2.676667	0.038063
2.677000	0.038154
2.677333	0.039019
2.677667	0.038467
2.678000	0.038005
2.678333	0.039217
2.678667	0.038720
2.679000	0.038768
2.679333	0.038419
2.679667	0.038882
2.680000	0.038143
2.680333	0.037890
2.680667	0.038941
2.681000	0.038395
2.681333	0.038771
2.681667	0.037933
2.682000	0.038126
2.682333	0.038680
2.682667	0.037987
2.683000	0.038083
2.683333	0.038607
2.683667	0.038515
2.684000	0.038611
2.684333	0.038723
2.684667	0.037958
2.685000	0.039005
2.685333	0.038997
2.685667	0.038333
2.686000	0.038484
2.686333	0.038369
2.686667	0.038189
2.687000	0.038883
2.687333	0.037872
2.687667	0.037903
2.688000	0.037766
2.688333	0.038505
2.688667	0.038296
2.689000	0.037514
2.689333	0.038567
2.689667	0.037868
2.690000	0.037738
2.690333	0.038407
2.690667	0.038863
2.691000	0.038227
2.691333	0.038154
2.691667	0.038519
2.692000	0.037885
2.692333	0.038167
2.692667	0.038056
2.693000	0.037610
2.693333	0.037911
2.693667	0.037973
2.694000	0.037902
2.694333	0.038368
2.694667	0.038502
2.695000	0.037958
2.695333	0.038141
2.695667	0.038043
2.696000	0.038348
2.696333	0.038477
2.696667	0.037830
2.697000	0.037969
2.697333	0.038419
2.697667	0.037782
2.698000	0.037912
2.698333	0.037702
2.698667	0.038077
2.699000	0.037732
2.699333	0.037852
2.699667	0.038338
2.700000	0.037913
2.700333	0.037544
2.700667	0.037604
2.701000	0.038013
2.701333	0.037523
2.701667	0.038437
2.702000	0.038011
2.702333	0.038133
2.702667	0.038014
2.703000	0.037327
2.703333	0.037611
2.703667	0.038483
2.704000	0.038253
2.704333	0.037609
2.704667	0.038351
2.705000	0.038211
2.705333	0.037930
2.705667	0.038484
2.706000	0.038270
2.706333	0.039086
2.706667	0.038170
2.707000	0.038253
2.707333	0.038035
2.707667	0.038063
2.708000	0.037739
2.708333	0.038242
2.708667	0.038024
2.709000	0.037776
2.709333	0.038753
2.709667	0.038057
2.710000	0.038035
2.710333	0.036790
2.710667	0.037720
2.711000	0.037842
2.711333	0.038173
2.711667	0.038160
2.712000	0.037974
2.712333	0.038166
2.712667	0.037411
2.713000	0.037982
2.713333	0.038044
2.713667	0.038035
2.714000	0.038012
2.714333	0.037950
2.714667	0.037712
2.715000	0.037736
2.715333	0.037830
2.715667	0.037823
2.716000	0.037678
2.716333	0.038621
2.716667	0.038109
2.717000	0.037549
2.717333	0.038124
2.717667	0.037552
2.718000	0.037705
2.718333	0.037340
2.718667	0.037699
2.719000	0.037226
2.719333	0.037711
2.719667	0.038281
2.720000	0.038224
2.720333	0.037904
2.720667	0.037627
2.721000	0.037836
2.721333	0.037775
2.721667	0.037932
2.722000	0.036938
2.722333	0.037883
2.722667	0.037992
2.723000	0.038346
2.723333	0.038191
2.723667	0.038190
2.724000	0.037127
2.724333	0.038055
2.724667	0.037267
2.725000	0.037702
2.725333	0.037874
2.725667	0.037848
2.726000	0.038203
2.726333	0.038058
2.726667	0.037739
2.727000	0.036887
2.727333	0.038062
2.727667	0.037728
2.728000	0.037669
2.728333	0.038255
2.728667	0.037952
2.729000	0.037268
2.729333	0.037544
2.729667	0.037670
2.730000	0.038048
2.730333	0.037629
2.730667	0.038082
2.731000	0.038640
2.731333	0.037748
2.731667	0.038260
2.732000	0.038589
2.732333	0.037682
2.732667	0.037955
2.733000	0.037925
2.733333	0.038174
2.733667	0.037456
2.734000	0.037191
2.734333	0.038002
2.734667	0.037171
2.735000	0.037556
2.735333	0.037658
2.735667	0.037720
2.736000	0.037848
2.736333	0.037663
2.736667	0.037989
2.737000	0.037078
2.737333	0.037589
2.737667	0.037482
2.738000	0.037208
2.738333	0.038249
2.738667	0.037719
2.739000	0.037360
2.739333	0.037212
2.739667	0.037909
2.740000	0.038027
2.740333	0.038517
2.740667	0.038053
2.741000	0.037452
2.741333	0.037113
2.741667	0.037256
2.742000	0.037313
2.742333	0.037204
2.742667	0.037630
2.743000	0.036978
2.743333	0.037516
2.743667	0.037924
2.744000	0.038277
2.744333	0.037612
2.744667	0.037789
2.745000	0.037686
2.745333	0.036877
2.745667	0.037660
2.746000	0.037472
2.746333	0.037702
2.746667	0.037154
2.747000	0.037679
2.747333	0.037109
2.747667	0.037764
2.748000	0.037867
2.748333	0.038084
2.748667	0.038240
2.749000	0.037594
2.749333	0.037917
2.749667	0.037696
2.750000	0.037210
2.750333	0.036910
2.750667	0.038064
2.751000	0.037294
2.751333	0.038141
2.751667	0.036921
2.752000	0.038419
2.752333	0.037294
2.752667	0.037253
2.753000	0.037314
2.753333	0.037478
2.753667	0.037359
2.754000	0.038127
2.754333	0.038006
2.754667	0.038137
2.755000	0.038186
2.755333	0.037559
2.755667	0.037586
2.756000	0.037210
2.756333	0.037286
2.756667	0.037832
2.757000	0.037225
2.757333	0.038215
2.757667	0.037972
2.758000	0.037548
2.758333	0.037724
2.758667	0.037968
2.759000	0.037321
2.759333	0.037991
2.759667	0.038454
2.760000	0.037669
2.760333	0.037497
2.760667	0.037681
2.761000	0.037544
2.761333	0.037495
2.761667	0.037145
2.762000	0.036507
2.762333	0.037795
2.762667	0.037226
2.763000	0.037024
2.763333	0.037448
2.763667	0.038005
2.764000	0.037597
2.764333	0.037610
2.764667	0.037603
2.765000	0.037688
2.765333	0.038325
2.765667	0.037397
2.766000	0.036734
2.766333	0.037413
2.766667	0.037299
2.767000	0.037582
2.767333	0.037438
2.767667	0.037144
2.768000	0.036820
2.768333	0.036970
2.768667	0.037495
2.769000	0.037235
2.769333	0.037280
2.769667	0.036669
2.770000	0.038183
2.770333	0.037336
2.770667	0.037259
2.771000	0.037684
2.771333	0.037156
2.771667	0.037855
2.772000	0.037388
2.772333	0.037982
2.772667	0.037187
2.773000	0.037800
2.773333	0.037146
2.773667	0.036686
2.774000	0.037664
2.774333	0.036763
2.774667	0.037756
2.775000	0.037874
2.775333	0.037653
2.775667	0.036829
2.776000	0.037388
2.776333	0.037230
2.776667	0.037186
2.777000	0.036714
2.777333	0.037189
2.777667	0.037702
2.778000	0.036737
2.778333	0.037337
2.778667	0.036936
2.779000	0.037158
2.779333	0.036795
2.779667	0.036619
2.780000	0.036575
2.780333	0.036545
2.780667	0.036859
2.781000	0.036891
2.781333	0.037656
2.781667	0.037111
2.782000	0.037496
2.782333	0.036807
2.782667	0.037714
2.783000	0.036495
2.783333	0.036760
2.783667	0.037165
2.784000	0.037009
2.784333	0.036836
2.784667	0.036840
2.785000	0.038073
2.785333	0.036624
2.785667	0.036905
2.786000	0.036379
2.786333	0.036342
2.786667	0.036415
2.787000	0.037997
2.787333	0.037255
2.787667	0.036668
2.788000	0.037155
2.788333	0.036642
2.788667	0.037024
2.789000	0.036219
2.789333	0.036524
2.789667	0.036547
2.790000	0.036866
2.790333	0.037009
2.790667	0.036834
2.791000	0.037031
2.791333	0.037537
2.791667	0.036751
2.792000	0.037759
2.792333	0.037504
2.792667	0.037457
2.793000	0.037614
2.793333	0.036564
2.793667	0.036626
2.794000	0.037388
2.794333	0.037314
2.794667	0.036861
2.795000	0.037081
2.795333	0.036958
2.795667	0.035837
2.796000	0.036675
2.796333	0.036461
2.796667	0.036540
2.797000	0.036597
2.797333	0.037197
2.797667	0.036658
2.798000	0.036157
2.798333	0.036133
2.798667	0.037060
2.799000	0.036376
2.799333	0.036974
2.799667	0.037233
2.800000	0.036926
2.800333	0.036951
2.800667	0.037032
2.801000	0.037121
2.801333	0.037319
2.801667	0.036689
2.802000	0.036242
2.802333	0.037244
2.802667	0.036549
2.803000	0.036191
2.803333	0.037183
2.803667	0.036131
2.804000	0.036720
2.804333	0.036294
2.804667	0.036785
2.805000	0.036975
2.805333	0.037578
2.805667	0.037751
2.806000	0.037160
2.806333	0.037424
2.806667	0.036974
2.807000	0.036342
2.807333	0.036852
2.807667	0.038016
2.808000	0.036995
2.808333	0.037924
2.808667	0.036986
2.809000	0.037665
2.809333	0.036861
2.809667	0.036953
2.810000	0.036773
2.810333	0.037216
2.810667	0.036763
2.811000	0.036558
2.811333	0.036755
2.811667	0.036398
2.812000	0.037048
2.812333	0.037576
2.812667	0.036776
2.813000	0.036902
2.813333	0.036359
2.813667	0.036389
2.814000	0.036581
2.814333	0.035731
2.814667	0.036034
2.815000	0.036639
2.815333	0.037257
2.815667	0.036538
2.816000	0.036822
2.816333	0.037435
2.816667	0.037159
2.817000	0.037287
2.817333	0.037391
2.817667	0.037440
2.818000	0.036768
2.818333	0.037417
2.818667	0.036995
2.819000	0.037090
2.819333	0.037163
2.819667	0.037394
2.820000	0.037040
2.820333	0.036711
2.820667	0.036582
2.821000	0.036871
2.821333	0.036832
2.821667	0.036564
2.822000	0.037030
2.822333	0.037087
2.822667	0.037243
2.823000	0.036791
2.823333	0.037001
2.823667	0.036382
2.824000	0.036471
2.824333	0.036871
2.824667	0.037075
2.825000	0.036441
2.825333	0.035889
2.825667	0.036829
2.826000	0.036578
2.826333	0.036396
2.826667	0.036808
2.827000	0.036840
2.827333	0.036676
2.827667	0.036971
2.828000	0.037207
2.828333	0.036707
2.828667	0.036861
2.829000	0.037189
2.829333	0.036761
2.829667	0.036932
2.830000	0.036529
2.830333	0.037332
2.830667	0.037189
2.831000	0.036747
2.831333	0.036507
2.831667	0.037282
2.832000	0.036931
2.832333	0.036832
2.832667	0.036899
2.833000	0.036521
2.833333	0.036677
2.833667	0.036745
2.834000	0.036572
2.834333	0.036983
2.834667	0.036504
2.835000	0.036718
2.835333	0.036476
2.835667	0.036840
2.836000	0.037091
2.836333	0.036959
2.836667	0.036614
2.837000	0.036834
2.837333	0.036353
2.837667	0.038104
2.838000	0.037646
2.838333	0.036953
2.838667	0.037524
2.839000	0.036680
2.839333	0.037316
2.839667	0.037266
2.840000	0.037093
2.840333	0.037553
2.840667	0.037346
2.841000	0.036963
2.841333	0.036992
2.841667	0.036839
2.842000	0.036866
2.842333	0.037102
2.842667	0.037236
2.843000	0.036448
2.843333	0.036707
2.843667	0.036750
2.844000	0.036171
2.844333	0.037426
2.844667	0.036574
2.845000	0.037095
2.845333	0.036361
2.845667	0.036755
2.846000	0.037352
2.846333	0.037207
2.846667	0.037116
2.847000	0.036691
2.847333	0.037139
2.847667	0.037311
2.848000	0.037552
2.848333	0.037116
2.848667	0.037440
2.849000	0.036725
2.849333	0.036518
2.849667	0.036681
2.850000	0.037155
2.850333	0.037248
2.850667	0.036812
2.851000	0.037184
2.851333	0.037281
2.851667	0.037682
2.852000	0.037170
2.852333	0.037357
2.852667	0.037113
2.853000	0.036773
2.853333	0.037264
2.853667	0.037144
2.854000	0.036748
2.854333	0.036380
2.854667	0.037249
2.855000	0.036812
2.855333	0.037136
2.855667	0.037029
2.856000	0.037564
2.856333	0.037190
2.856667	0.036879
2.857000	0.037462
2.857333	0.037621
2.857667	0.037043
2.858000	0.037104
2.858333	0.037698
2.858667	0.037429
2.859000	0.037453
2.859333	0.037269
2.859667	0.036772
2.860000	0.037028
2.860333	0.037164
2.860667	0.037071
2.861000	0.037296
2.861333	0.037579
2.861667	0.036990
2.862000	0.036699
2.862333	0.037707
2.862667	0.037566
2.863000	0.036950
2.863333	0.036830
2.863667	0.036517
2.864000	0.036836
2.864333	0.036659
2.864667	0.037425
2.865000	0.036881
2.865333	0.037460
2.865667	0.037135
2.866000	0.037178
2.866333	0.037162
2.866667	0.036787
2.867000	0.036881
2.867333	0.036672
2.867667	0.037338
2.868000	0.036656
2.868333	0.037115
2.868667	0.038027
2.869000	0.037325
2.869333	0.037455
2.869667	0.037498
2.870000	0.037787
2.870333	0.037239
2.870667	0.037475
2.871000	0.037251
2.871333	0.037457
2.871667	0.037690
2.872000	0.037497
2.872333	0.037482
2.872667	0.037831
2.873000	0.037602
2.873333	0.037409
2.873667	0.037932
2.874000	0.037239
2.874333	0.037549
2.874667	0.036965
2.875000	0.037583
2.875333	0.037504
2.875667	0.037454
2.876000	0.037270
2.876333	0.038236
2.876667	0.037464
2.877000	0.037314
2.877333	0.038092
2.877667	0.037088
2.878000	0.037641
2.878333	0.037383
2.878667	0.037342
2.879000	0.037343
2.879333	0.037366
2.879667	0.037408
2.880000	0.037053
2.880333	0.037098
2.880667	0.038085
2.881000	0.037160
2.881333	0.037065
2.881667	0.037713
2.882000	0.038032
2.882333	0.036473
2.882667	0.037801
2.883000	0.038105
2.883333	0.036845
2.883667	0.037096
2.884000	0.037375
2.884333	0.037044
2.884667	0.037281
2.885000	0.036754
2.885333	0.037517
2.885667	0.037973
2.886000	0.037530
2.886333	0.037521
2.886667	0.037855
2.887000	0.036835
2.887333	0.037185
2.887667	0.037852
2.888000	0.037302
2.888333	0.037480
2.888667	0.037621
2.889000	0.037544
2.889333	0.036500
2.889667	0.037714
2.890000	0.037594
2.890333	0.037036
2.890667	0.037307
2.891000	0.037339
2.891333	0.037523
2.891667	0.037601
2.892000	0.037266
2.892333	0.037387
2.892667	0.037379
2.893000	0.037299
2.893333	0.037784
2.893667	0.037535
2.894000	0.037589
2.894333	0.037097
2.894667	0.037595
2.895000	0.037598
2.895333	0.037485
2.895667	0.037297
2.896000	0.037766
2.896333	0.037101
2.896667	0.037794
2.897000	0.037386
2.897333	0.037960
2.897667	0.037635
2.898000	0.037648
2.898333	0.037946
2.898667	0.038309
2.899000	0.038053
2.899333	0.037164
2.899667	0.037280
2.900000	0.037575
2.900333	0.037296
2.900667	0.036296
2.901000	0.037925
2.901333	0.038164
2.901667	0.036760
2.902000	0.037052
2.902333	0.037428
2.902667	0.037476
2.903000	0.037503
2.903333	0.037628
2.903667	0.036877
2.904000	0.037184
2.904333	0.037801
2.904667	0.037643
2.905000	0.037092
2.905333	0.037773
2.905667	0.038313
2.906000	0.038027
2.906333	0.037080
2.906667	0.037261
2.907000	0.037689
2.907333	0.037403
2.907667	0.037222
2.908000	0.037593
2.908333	0.037140
2.908667	0.037245
2.909000	0.037998
2.909333	0.037524
2.909667	0.037969
2.910000	0.037876
2.910333	0.037978
2.910667	0.037149
2.911000	0.037855
2.911333	0.037275
2.911667	0.037364
2.912000	0.037374
2.912333	0.037401
2.912667	0.036677
2.913000	0.037310
2.913333	0.037784
2.913667	0.037704
2.914000	0.037559
2.914333	0.037107
2.914667	0.037844
2.915000	0.037588
2.915333	0.037501
2.915667	0.037602
2.916000	0.037613
2.916333	0.037592
2.916667	0.038040
2.917000	0.036893
2.917333	0.037874
2.917667	0.037671
2.918000	0.037913
2.918333	0.038014
2.918667	0.037869
2.919000	0.038370
2.919333	0.037818
2.919667	0.037460
2.920000	0.037426
2.920333	0.038155
2.920667	0.038008
2.921000	0.037401
2.921333	0.037039
2.921667	0.038436
2.922000	0.037508
2.922333	0.037922
2.922667	0.037231
2.923000	0.037443
2.923333	0.038065
2.923667	0.037619
2.924000	0.037449
2.924333	0.037752
2.924667	0.037360
2.925000	0.038506
2.925333	0.037728
2.925667	0.038378
2.926000	0.038148
2.926333	0.037834
2.926667	0.037885
2.927000	0.038128
2.927333	0.037763
2.927667	0.038188
2.928000	0.037695
2.928333	0.037726
2.928667	0.037544
2.929000	0.037850
2.929333	0.037803
2.929667	0.037821
2.930000	0.037830
2.930333	0.038335
2.930667	0.038061
2.931000	0.037639
2.931333	0.037866
2.931667	0.038408
2.932000	0.037811
2.932333	0.037630
2.932667	0.037263
2.933000	0.037872
2.933333	0.037952
2.933667	0.036948
2.934000	0.037727
2.934333	0.037887
2.934667	0.036847
2.935000	0.038092
2.935333	0.038503
2.935667	0.038229
2.936000	0.037583
2.936333	0.038346
2.936667	0.038270
2.937000	0.037047
2.937333	0.037523
2.937667	0.038092
2.938000	0.037641
2.938333	0.037853
2.938667	0.037828
2.939000	0.037795
2.939333	0.038056
2.939667	0.038252
2.940000	0.037725
2.940333	0.036851
2.940667	0.037767
2.941000	0.037908
2.941333	0.037080
2.941667	0.037622
2.942000	0.037736
2.942333	0.038175
2.942667	0.037354
2.943000	0.036979
2.943333	0.037431
2.943667	0.037446
2.944000	0.037717
2.944333	0.037693
2.944667	0.038670
2.945000	0.037789
2.945333	0.037570
2.945667	0.038543
2.946000	0.037581
2.946333	0.038388
2.946667	0.037557
2.947000	0.037162
2.947333	0.037500
2.947667	0.037438
2.948000	0.037730
2.948333	0.038169
2.948667	0.037653
2.949000	0.037818
2.949333	0.037253
2.949667	0.038166
2.950000	0.037741
2.950333	0.038449
2.950667	0.037382
2.951000	0.037938
2.951333	0.037849
2.951667	0.037741
2.952000	0.037129
2.952333	0.037050
2.952667	0.037490
2.953000	0.037276
2.953333	0.037437
2.953667	0.036880
2.954000	0.037185
2.954333	0.037872
2.954667	0.038101
2.955000	0.037532
2.955333	0.037762
2.955667	0.038080
2.956000	0.043348
2.956333	0.067764
2.956667	0.087070
2.957000	0.085446
2.957333	0.081390
2.957667	0.077317
2.958000	0.073621
2.958333	0.070907
2.958667	0.069577
2.959000	0.067791
2.959333	0.065782
2.959667	0.064682
2.960000	0.063556
2.960333	0.062291
2.960667	0.061366
2.961000	0.060093
2.961333	0.059450
2.961667	0.057252
2.962000	0.057088
2.962333	0.056693
2.962667	0.055598
2.963000	0.054612
2.963333	0.054423
2.963667	0.053416
2.964000	0.052816
2.964333	0.052205
2.964667	0.052123
2.965000	0.051467
2.965333	0.051090
2.965667	0.050879
2.966000	0.050754
2.966333	0.049632
2.966667	0.049072
2.967000	0.048987
2.967333	0.049144
2.967667	0.048937
2.968000	0.048346
2.968333	0.049090
2.968667	0.047818
2.969000	0.047472
2.969333	0.046876
2.969667	0.048293
2.970000	0.047028
2.970333	0.047041
2.970667	0.046379
2.971000	0.046967
2.971333	0.045550
2.971667	0.046540
2.972000	0.045755
2.972333	0.045995
2.972667	0.045094
2.973000	0.045353
2.973333	0.045304
2.973667	0.045017
2.974000	0.045010
2.974333	0.045190
2.974667	0.044749
2.975000	0.044392
2.975333	0.044766
2.975667	0.044635
2.976000	0.044473
2.976333	0.044018
2.976667	0.044074
2.977000	0.044688
2.977333	0.043983
2.977667	0.044029
2.978000	0.043870
2.978333	0.044095
2.978667	0.043154
2.979000	0.043155
2.979333	0.043786
2.979667	0.043009
2.980000	0.042886
2.980333	0.043548
2.980667	0.043249
2.981000	0.043489
2.981333	0.043591
2.981667	0.043585
2.982000	0.043162
2.982333	0.042941
2.982667	0.043245
2.983000	0.042970
2.983333	0.043370
2.983667	0.041145
2.984000	0.042428
2.984333	0.042728
2.984667	0.042136
2.985000	0.041504
2.985333	0.042290
2.985667	0.041709
2.986000	0.042113
2.986333	0.041282
2.986667	0.042260
2.987000	0.041680
2.987333	0.041987
2.987667	0.042393
2.988000	0.041841
2.988333	0.041756
2.988667	0.041584
2.989000	0.041517
2.989333	0.041678
2.989667	0.041249
2.990000	0.041191
2.990333	0.041591
2.990667	0.041436
2.991000	0.040598
2.991333	0.041082
2.991667	0.040938
2.992000	0.040884
2.992333	0.040746
2.992667	0.041315
2.993000	0.040988
2.993333	0.041078
2.993667	0.040588
2.994000	0.041478
2.994333	0.041691
2.994667	0.041768
2.995000	0.041349
2.995333	0.041440
2.995667	0.041504
2.996000	0.040899
2.996333	0.040771
2.996667	0.040848
2.997000	0.040882
2.997333	0.040203
2.997667	0.040729
2.998000	0.040196
2.998333	0.040674
2.998667	0.041138
2.999000	0.039802
2.999333	0.040251
2.999667	0.039794
3.000000	0.039247
